Name,Team,BABIP,GB/FB,LD%,GB%,FB%,IFFB%,HR/FB,IFH,IFH%,BUH,BUH%,Pull%,Cent%,Oppo%,Soft%,Med%,Hard%,NameASCII,PlayerId,MLBAMID
"Jarrett Parker","LAA",0,1,0,0.5,0.5,0,0,0,0,0,0,0.25,0.25,0.5,0,0.25,0.75,"Jarrett Parker",11624,592620
"Nick Plummer","NYM",0.285714285,0.666666666,0.444444444,0.222222222,0.333333333,0,0.666666666,0,0,0,0,0.44444444,0.44444444,0.11111111,0.11111111,0.22222222,0.66666667,"Nick Plummer",18690,663911
"Ryan Aguilar","LAA",0.333333333,0.5,0.333333333,0.222222222,0.444444444,0,0,0,0,0,0,0.55555556,0.33333333,0.11111111,0.11111111,0.22222222,0.66666667,"Ryan Aguilar",19967,666922
"Mark Trumbo","BAL",0.25,2,0.25,0.5,0.25,0,0,0,0,0,0,0.375,0.5,0.125,0.125,0.25,0.625,"Mark Trumbo",6876,444432
"Ryan Court","SEA",0,1,0.2,0.4,0.4,0,0.5,0,0,0,0,0.4,0,0.6,0.4,0,0.6,"Ryan Court",12268,606956
"Nick Ciuffo","- - -",0.285714285,0.666666666,0.166666666,0.333333333,0.5,0,0,0,0,1,1,0.42857143,0.28571429,0.28571429,0.14285714,0.28571429,0.57142857,"Nick Ciuffo",16291,624419
"Maximo Acosta","MIA",0.208333333,1.166666666,0.037037037,0.518518518,0.444444444,0,0.25,1,0.071428571,0,0,0.48148148,0.37037037,0.14814815,0.14814815,0.2962963,0.55555556,"Maximo Acosta",27963,691185
"Carter Jensen","KCR",0.393939393,1.25,0.25,0.416666666,0.333333333,0,0.25,0,0,0,0,0.47222222,0.30555556,0.22222222,0.05555556,0.38888889,0.55555556,"Carter Jensen",29478,695600
"Peter Bourjos","LAA",0.153846153,0.571428571,0.153846153,0.307692307,0.538461538,0,0,0,0,0,0,0.38461538,0.38461538,0.23076923,0,0.46153846,0.53846154,"Peter Bourjos",2578,488721
"Kevin Kramer","PIT",0.285714285,0.666666666,0.285714285,0.285714285,0.428571428,0.222222222,0,0,0,0,0,0.23809524,0.47619048,0.28571429,0.19047619,0.28571429,0.52380952,"Kevin Kramer",17689,596012
"Jose Lobatón","CHC",0,2,0.25,0.5,0.25,0,0,0,0,0,0,0.5,0,0.5,0,0.5,0.5,"Jose Lobaton",4243,446653
"Ryan Flaherty","CLE",0.272727272,3,0.272727272,0.545454545,0.181818181,0.5,0,0,0,0,0,0.58333333,0.33333333,0.08333333,0.08333333,0.41666667,0.5,"Ryan Flaherty",7888,475247
"Taylor Davis","CHC",0.222222222,3,0.2,0.6,0.2,0,0.5,0,0,0,0,0.4,0.2,0.4,0.1,0.4,0.5,"Taylor Davis",12782,543089
"Alex Young","ARI",0.25,4,0,1,0,0,0,1,0.25,0,0,0,0.5,0.5,0.5,0,0.5,"Alex Young",18333,622065
"Bryce Eldridge","SFG",0.214285714,1,0,0.5,0.5,0,0,0,0,0,0,0.42857143,0.42857143,0.14285714,0.07142857,0.42857143,0.5,"Bryce Eldridge",33390,805811
"Luken Baker","STL",0.211538461,0.8,0.166666666,0.37037037,0.462962962,0.2,0.08,1,0.05,0,0,0.44444444,0.31481481,0.24074074,0.12962963,0.38888889,0.48148148,"Luken Baker",21497,663609
"Logan Forsythe","- - -",0.302631578,1.346153846,0.227848101,0.443037974,0.329113924,0.076923076,0.115384615,5,0.071428571,0,0,0.44936709,0.3164557,0.23417722,0.14556962,0.37341772,0.48101266,"Logan Forsythe",7185,523253
"Tim Federowicz","TEX",0.157894736,0.5,0.217391304,0.260869565,0.52173913,0.25,0.333333333,1,0.166666666,0,0,0.73913043,0.17391304,0.08695652,0.17391304,0.34782609,0.47826087,"Tim Federowicz",8609,543148
"Miguel Sanó","- - -",0.283292978,0.834123222,0.185263157,0.370526315,0.444210526,0.127962085,0.293838862,9,0.051136363,0,0,0.52,0.27789474,0.20210526,0.12842105,0.39368421,0.47789474,"Miguel Sano",12164,593934
"Aaron Judge","NYY",0.348474095,0.840707964,0.226765799,0.353159851,0.420074349,0.053097345,0.302359882,39,0.068421052,0,0,0.4039653,0.35254027,0.24349442,0.08983891,0.43246592,0.47769517,"Aaron Judge",15640,592450
"Tyler Flowers","ATL",0.380597014,1.270833333,0.248275862,0.420689655,0.331034482,0.145833333,0.229166666,6,0.098360655,0,0,0.42758621,0.37931034,0.19310345,0.13793103,0.3862069,0.47586207,"Tyler Flowers",9134,452095
"Roman Anthony","BOS",0.389830508,1.538461538,0.18852459,0.491803278,0.319672131,0.025641025,0.102564102,2,0.033333333,0,0,0.43442623,0.35245902,0.21311475,0.05737705,0.46721311,0.47540984,"Roman Anthony",31812,701350
"Justin Smoak","- - -",0.215517241,0.861111111,0.21484375,0.36328125,0.421875,0.074074074,0.222222222,2,0.021505376,0,0,0.51953125,0.30859375,0.171875,0.1171875,0.41015625,0.47265625,"Justin Smoak",9054,475253
"Alex Avila","- - -",0.302325581,1.525,0.273381294,0.43884892,0.287769784,0.025,0.25,3,0.049180327,0,0,0.45,0.36428571,0.18571429,0.08571429,0.44285714,0.47142857,"Alex Avila",7476,488671
"Dalton Rushing","LAD",0.316666666,0.75,0.234375,0.328125,0.4375,0.142857142,0.142857142,4,0.19047619,0,0,0.53125,0.265625,0.203125,0.203125,0.328125,0.46875,"Dalton Rushing",31382,687221
"Nick Kurtz","ATH",0.427672955,0.986666666,0.198924731,0.397849462,0.403225806,0.026666666,0.36,3,0.04054054,0,0,0.37096774,0.38709677,0.24193548,0.05913978,0.47311828,0.46774194,"Nick Kurtz",35110,701762
"DJ Peters","- - -",0.268292682,0.708333333,0.108695652,0.369565217,0.52173913,0.0625,0.208333333,4,0.117647058,0,0,0.44565217,0.31521739,0.23913043,0.20652174,0.32608696,0.4673913,"DJ Peters",19348,656847
"Jason Castro","- - -",0.302040816,0.885714285,0.261194029,0.347014925,0.391791044,0.028571428,0.219047619,7,0.075268817,0,0,0.42379182,0.33457249,0.24163569,0.0929368,0.44237918,0.46468401,"Jason Castro",8722,488771
"Gordon Beckham","DET",0.302752293,0.954545454,0.252173913,0.365217391,0.382608695,0.136363636,0.136363636,3,0.071428571,0,0,0.53043478,0.24347826,0.22608696,0.16521739,0.37391304,0.46086957,"Gordon Beckham",9015,493596
"Sean Bouchard","COL",0.34065934,1.393939393,0.168421052,0.484210526,0.347368421,0.03030303,0.121212121,3,0.065217391,0,0,0.41666667,0.36458333,0.21875,0.10416667,0.4375,0.45833333,"Sean Bouchard",21270,656248
"Logan Morrison","- - -",0.21875,0.8125,0.171428571,0.371428571,0.457142857,0.125,0.1875,0,0,0,0,0.28571429,0.54285714,0.17142857,0.17142857,0.37142857,0.45714286,"Logan Morrison",9205,489149
"Rece Hinds","CIN",0.310344827,0.875,0.142857142,0.4,0.457142857,0,0.375,2,0.142857142,0,0,0.57142857,0.22857143,0.2,0.05714286,0.48571429,0.45714286,"Rece Hinds",27493,677956
"Eric Thames","- - -",0.315789473,0.848,0.206185567,0.364261168,0.429553264,0.088,0.2,5,0.047169811,0,0,0.43298969,0.34707904,0.21993127,0.14089347,0.40206186,0.45704467,"Eric Thames",3711,519346
"Shin-Soo Choo","TEX",0.341853035,1.417475728,0.243161094,0.443768996,0.313069908,0.029126213,0.213592233,4,0.02739726,3,0.5,0.3880597,0.37313433,0.23880597,0.11641791,0.42686567,0.45671642,"Shin-Soo Choo",3174,425783
"Chris Iannetta","COL",0.333333333,1.277777777,0.254545454,0.418181818,0.327272727,0,0.222222222,1,0.04347826,0,0,0.41818182,0.4,0.18181818,0.18181818,0.36363636,0.45454545,"Chris Iannetta",8267,455104
"Ryan Fitzgerald","MIN",0.25,0.7,0.19047619,0.333333333,0.476190476,0,0.2,0,0,0,0,0.45454545,0.31818182,0.22727273,0.22727273,0.31818182,0.45454545,"Ryan Fitzgerald",24622,680837
"Curtis Granderson","MIA",0.205882352,0.75,0.222222222,0.333333333,0.444444444,0.075,0.1375,1,0.016666666,1,1,0.46961326,0.24309392,0.28729282,0.09944751,0.44751381,0.45303867,"Curtis Granderson",4747,434158
"Shohei Ohtani","- - -",0.322446143,0.981424148,0.21133703,0.390634627,0.398028342,0.040247678,0.292569659,39,0.061514195,2,0.4,0.40786241,0.35257985,0.23955774,0.08968059,0.46068796,0.44963145,"Shohei Ohtani",19755,660271
"Gunnar Henderson","BAL",0.332977588,1.462732919,0.214073339,0.46679881,0.319127849,0.04968944,0.223602484,27,0.05732484,0,0,0.39048563,0.3617443,0.24777007,0.10109019,0.45193261,0.44697721,"Gunnar Henderson",26289,683002
"Domingo Santana","- - -",0.341880341,1.547945205,0.253012048,0.453815261,0.29317269,0.01369863,0.205479452,7,0.061946902,0,0,0.43373494,0.3373494,0.22891566,0.14457831,0.40963855,0.44578313,"Domingo Santana",10348,570267
"Matt Wieters","STL",0.243243243,1.225,0.245762711,0.415254237,0.33898305,0.05,0.175,1,0.020408163,0,0,0.38655462,0.34453782,0.26890756,0.12605042,0.42857143,0.44537815,"Matt Wieters",4298,446308
"Howie Kendrick","WSN",0.341880341,1.638888888,0.224489795,0.481632653,0.293877551,0.027777777,0.152777777,4,0.033898305,0,0,0.33061224,0.38367347,0.28571429,0.13061224,0.4244898,0.44489796,"Howie Kendrick",4229,435062
"Yordan Alvarez","HOU",0.300618921,0.729020979,0.208166533,0.333867093,0.457966373,0.043706293,0.208041958,19,0.045563549,1,1,0.3968,0.3568,0.2464,0.1088,0.4528,0.4384,"Yordan Alvarez",19556,670541
"Jake Lamb","- - -",0.250773993,0.963235294,0.21238938,0.386430678,0.401179941,0.095588235,0.125,8,0.061068702,0,0,0.42058824,0.36764706,0.21176471,0.12941176,0.43235294,0.43823529,"Jake Lamb",13329,571875
"Corey Seager","- - -",0.302385557,1.027734976,0.210557888,0.400119976,0.389322135,0.021571648,0.178736517,26,0.038980509,0,0,0.40491902,0.35032993,0.24475105,0.09118176,0.47090582,0.43791242,"Corey Seager",13624,608369
"Jon Lester","- - -",0.352941176,2.222222222,0.194444444,0.555555555,0.25,0,0.222222222,0,0,0,0,0.43243243,0.37837838,0.18918919,0.18918919,0.37837838,0.43243243,"Jon Lester",4930,452657
"Fernando Tatis Jr.","SDP",0.318485523,1.441478439,0.188395904,0.479180887,0.332423208,0.086242299,0.248459958,57,0.081196581,2,0.5,0.42137509,0.36078965,0.21783526,0.13478557,0.43430905,0.43090538,"Fernando Tatis Jr.",19709,665487
"Khris Davis","- - -",0.245614035,1.058823529,0.186046511,0.418604651,0.395348837,0.092436974,0.134453781,6,0.047619047,0,0,0.3986711,0.3820598,0.2192691,0.12624585,0.44518272,0.42857143,"Khris Davis",9112,501981
"Jameson Taillon","- - -",0.333333333,2,0,0.666666666,0.333333333,0,0,0,0,0,0,0.14285714,0.28571429,0.57142857,0.28571429,0.28571429,0.42857143,"Jameson Taillon",11674,592791
"Andrew Young","ARI",0.28,0.833333333,0.214285714,0.357142857,0.428571428,0,0.25,0,0,0,0,0.25,0.46428571,0.28571429,0.07142857,0.5,0.42857143,"Andrew Young",19521,670370
"Khalil Lee","NYM",0.166666666,2,0.142857142,0.571428571,0.285714285,0,0.5,0,0,0,0,0.42857143,0.28571429,0.28571429,0.14285714,0.42857143,0.42857143,"Khalil Lee",19952,666137
"Blaine Crim","- - -",0.25,0.692307692,0.214285714,0.321428571,0.464285714,0.153846153,0.307692307,0,0,0,0,0.28571429,0.53571429,0.17857143,0.14285714,0.42857143,0.42857143,"Blaine Crim",25714,688760
"James Wood","WSN",0.359133126,1.943820224,0.251428571,0.494285714,0.254285714,0.02247191,0.303370786,10,0.057803468,0,0,0.33142857,0.40285714,0.26571429,0.10285714,0.46857143,0.42857143,"James Wood",29518,695578
"Chad Stevens","LAA",0.333333333,5,0,0.833333333,0.166666666,0,0,0,0,0,0,0.57142857,0.42857143,0,0.14285714,0.42857143,0.42857143,"Chad Stevens",29614,677060
"Rafael Devers","- - -",0.316961736,0.98828125,0.200104766,0.397590361,0.402304871,0.09765625,0.213541666,37,0.048748353,2,0.4,0.40229885,0.35214211,0.24555904,0.13793103,0.43364681,0.42842215,"Rafael Devers",17350,646240
"Dom Nuñez","- - -",0.255033557,0.65,0.16981132,0.327044025,0.503144654,0.075,0.125,0,0,0,0,0.4591195,0.37106918,0.16981132,0.1509434,0.42138365,0.42767296,"Dom Nunez",15055,624513
"Oneil Cruz","PIT",0.327102803,1.268774703,0.170520231,0.463872832,0.365606936,0.086956521,0.197628458,16,0.049844236,0,0,0.40028902,0.35693642,0.24277457,0.11705202,0.4566474,0.42630058,"Oneil Cruz",21711,665833
"Jay Bruce","- - -",0.196428571,0.664,0.171314741,0.33067729,0.498007968,0.056,0.216,6,0.072289156,0,0,0.46215139,0.29482072,0.24302789,0.15139442,0.42231076,0.42629482,"Jay Bruce",9892,457803
"Bryce Harper","PHI",0.316666666,1.001661129,0.223081882,0.388781431,0.388136686,0.048172757,0.209302325,31,0.051409618,7,0.4375,0.3720485,0.34588385,0.28206765,0.11040204,0.46330568,0.42629228,"Bryce Harper",11579,547180
"Ronald Acuña Jr.","ATL",0.339918256,1.189236111,0.208908406,0.429736511,0.361355081,0.076388888,0.21875,64,0.093430656,0,0,0.40401506,0.35821832,0.23776662,0.13864492,0.43538269,0.4259724,"Ronald Acuna Jr.",18401,660670
"David Freese","LAD",0.390243902,1.538461538,0.29787234,0.425531914,0.276595744,0.076923076,0.461538461,0,0,0,0,0.34042553,0.14893617,0.5106383,0.12765957,0.44680851,0.42553191,"David Freese",9549,501896
"Michael Toglia","COL",0.277472527,0.924050632,0.226463104,0.371501272,0.402035623,0.031645569,0.183544303,4,0.02739726,0,0,0.41221374,0.35368957,0.23409669,0.13486005,0.44020356,0.42493639,"Michael Toglia",25845,669911
"Colson Montgomery","CHW",0.270833333,0.631578947,0.17699115,0.31858407,0.504424778,0.087719298,0.298245614,4,0.111111111,0,0,0.52212389,0.32743363,0.15044248,0.16814159,0.40707965,0.42477876,"Colson Montgomery",29712,695657
"Ryan McMahon","- - -",0.317186463,1.238351254,0.223741454,0.429459291,0.346799254,0.028673835,0.189964157,34,0.049204052,1,0.25,0.36019839,0.36391816,0.27588345,0.09913259,0.47707559,0.42379182,"Ryan McMahon",15112,641857
"Trayce Thompson","- - -",0.360655737,0.683333333,0.262773722,0.299270072,0.437956204,0.066666666,0.25,4,0.097560975,0,0,0.49635036,0.28467153,0.2189781,0.11678832,0.45985401,0.42335766,"Trayce Thompson",9952,572204
"Madison Bumgarner","- - -",0.4,1,0.238095238,0.38095238,0.38095238,0,0.125,0,0,0,0,0.65384615,0.11538462,0.23076923,0.07692308,0.5,0.42307692,"Madison Bumgarner",5524,518516
"Ryan Zimmerman","WSN",0.236842105,1.53030303,0.169154228,0.502487562,0.328358208,0.121212121,0.166666666,6,0.05940594,0,0,0.39303483,0.39800995,0.20895522,0.17412935,0.40298507,0.42288557,"Ryan Zimmerman",4220,475582
"Ryan Braun","MIL",0.316546762,1.4,0.221843003,0.453924914,0.324232081,0.126315789,0.189473684,14,0.105263157,1,0.333333333,0.41554054,0.34797297,0.23648649,0.1722973,0.40540541,0.4222973,"Ryan Braun",3410,460075
"Anthony Seigler","MIL",0.227272727,1.818181818,0.279069767,0.465116279,0.255813953,0,0,0,0,0,0,0.35555556,0.35555556,0.28888889,0.06666667,0.51111111,0.42222222,"Anthony Seigler",23802,678011
"Kyle Schwarber","- - -",0.244060475,0.773841961,0.176470588,0.359266287,0.464263124,0.107629427,0.267029972,16,0.028169014,4,1,0.49274448,0.30851735,0.19873817,0.14384858,0.4340694,0.42208202,"Kyle Schwarber",16478,656941
"Franmil Reyes","- - -",0.299450549,1.408088235,0.18125,0.47875,0.34,0.099264705,0.264705882,27,0.070496083,0,0,0.40375,0.34875,0.2475,0.1525,0.42625,0.42125,"Franmil Reyes",14566,614177
"Matt Olson","- - -",0.294632438,0.86,0.205552589,0.367325146,0.427122263,0.09875,0.2075,28,0.040697674,4,0.571428571,0.41755319,0.33617021,0.2462766,0.1356383,0.44361702,0.42074468,"Matt Olson",14344,621566
"Grant McCray","SFG",0.3125,1.347826086,0.181818181,0.469696969,0.348484848,0.04347826,0.173913043,3,0.096774193,0,0,0.42028986,0.34782609,0.23188406,0.14492754,0.43478261,0.42028986,"Grant McCray",25690,687529
"Ben Rice","NYY",0.264957264,0.898089171,0.207446808,0.375,0.417553191,0.076433121,0.159235668,3,0.021276595,0,0,0.45744681,0.32978723,0.21276596,0.13031915,0.44946809,0.42021277,"Ben Rice",29576,700250
"Juan Soto","- - -",0.300609756,1.367909238,0.184709821,0.470982142,0.344308035,0.064829821,0.262560777,39,0.04620853,5,0.454545454,0.37936772,0.39267887,0.22795341,0.14032169,0.43982252,0.4198558,"Juan Soto",20123,665742
"Tyler Austin","- - -",0.178571428,1,0.133333333,0.433333333,0.433333333,0,0.23076923,0,0,0,0,0.35483871,0.32258065,0.32258065,0.09677419,0.48387097,0.41935484,"Tyler Austin",11850,592122
"Everson Pereira","- - -",0.225806451,1.238095238,0.241935483,0.419354838,0.338709677,0.142857142,0,2,0.076923076,0,0,0.4516129,0.32258065,0.22580645,0.16129032,0.41935484,0.41935484,"Everson Pereira",23695,677592
"Jasson Domínguez","NYY",0.331932773,1.202127659,0.181818181,0.446640316,0.371541501,0.09574468,0.159574468,7,0.061946902,0,0,0.40711462,0.35968379,0.23320158,0.13833992,0.44268775,0.41897233,"Jasson Dominguez",28080,691176
"Giancarlo Stanton","NYY",0.279821627,1.085,0.174257425,0.42970297,0.396039603,0.1375,0.2825,20,0.046082949,0,0,0.4049505,0.35148515,0.24356436,0.18316832,0.3980198,0.41881188,"Giancarlo Stanton",4949,519317
"Eric Stamets","CLE",0.083333333,0.5,0.25,0.25,0.5,0.333333333,0,0,0,0,0,0.66666667,0.16666667,0.16666667,0.33333333,0.25,0.41666667,"Eric Stamets",13795,608715
"Trey Cabbage","- - -",0.346666666,1.56,0.168831168,0.506493506,0.324675324,0.04,0.08,1,0.025641025,0,0,0.35064935,0.41558442,0.23376623,0.11688312,0.46753247,0.41558442,"Trey Cabbage",21078,663550
"Gregory Polanco","PIT",0.257961783,0.758169934,0.192192192,0.348348348,0.459459459,0.08496732,0.137254901,5,0.043103448,1,0.5,0.46567164,0.32238806,0.2119403,0.16716418,0.41791045,0.41492537,"Gregory Polanco",12907,570256
"Carlos Gómez","NYM",0.25,0.9375,0.114285714,0.428571428,0.457142857,0.125,0.1875,2,0.133333333,0,0,0.43902439,0.26829268,0.29268293,0.19512195,0.3902439,0.41463415,"Carlos Gomez",4881,460576
"Lucas Duda","KCR",0.222222222,0.551724137,0.224137931,0.275862068,0.5,0.24137931,0.137931034,1,0.0625,0,0,0.39655172,0.27586207,0.32758621,0.18965517,0.39655172,0.4137931,"Lucas Duda",2502,446263
"Jonathan Aranda","TBR",0.351063829,1.121621621,0.213032581,0.4160401,0.370927318,0.06081081,0.155405405,6,0.036144578,0,0,0.45363409,0.3358396,0.21052632,0.11278195,0.47368421,0.41353383,"Jonathan Aranda",21837,666018
"Justin Williams","STL",0.21875,2.058823529,0.235294117,0.514705882,0.25,0,0.235294117,1,0.028571428,0,0,0.33823529,0.45588235,0.20588235,0.11764706,0.47058824,0.41176471,"Justin Williams",15490,642211
"Denzer Guzman","LAA",0.4,0.625,0.235294117,0.294117647,0.470588235,0.25,0.25,0,0,0,0,0.35294118,0.52941176,0.11764706,0.23529412,0.35294118,0.41176471,"Denzer Guzman",28816,694203
"Sal Stewart","CIN",0.266666666,0.857142857,0.235294117,0.352941176,0.411764705,0.071428571,0.285714285,3,0.25,0,0,0.47058824,0.29411765,0.23529412,0.05882353,0.52941176,0.41176471,"Sal Stewart",31505,701398
"Hunter Goodman","COL",0.294710327,0.945054945,0.170960187,0.402810304,0.426229508,0.148351648,0.164835164,17,0.098837209,0,0,0.48946136,0.33255269,0.17798595,0.16159251,0.42857143,0.40983607,"Hunter Goodman",29715,696100
"J.D. Martinez","- - -",0.32127031,1.060661764,0.221527777,0.400694444,0.377777777,0.058823529,0.158088235,35,0.060658578,0,0,0.36041667,0.3625,0.27708333,0.11111111,0.47916667,0.40972222,"J.D. Martinez",6184,502110
"Scott Kingery","- - -",0.290780141,0.94117647,0.222222222,0.377104377,0.4006734,0.151260504,0.12605042,14,0.125,0,0,0.4295302,0.35234899,0.21812081,0.16107383,0.4295302,0.40939597,"Scott Kingery",17975,664068
"Hanley Ramirez","CLE",0.2,1.142857142,0.318181818,0.363636363,0.318181818,0,0.285714285,1,0.125,0,0,0.40909091,0.36363636,0.22727273,0.13636364,0.45454545,0.40909091,"Hanley Ramirez",8001,434670
"Addison Barger","TOR",0.264781491,0.982352941,0.189903846,0.401442307,0.408653846,0.152941176,0.158823529,4,0.023952095,0,0,0.44951923,0.31971154,0.23076923,0.17548077,0.41586538,0.40865385,"Addison Barger",24598,680718
"Mike Trout","LAA",0.307855626,0.503584229,0.221706864,0.260667903,0.517625231,0.100358422,0.243727598,22,0.078291814,0,0,0.40723562,0.32374768,0.2690167,0.14749536,0.44434137,0.40816327,"Mike Trout",10155,545361
"Derek Dietrich","- - -",0.178160919,0.680851063,0.18556701,0.329896907,0.484536082,0.170212765,0.234042553,2,0.03125,1,0.5,0.42346939,0.31122449,0.26530612,0.22959184,0.3622449,0.40816327,"Derek Dietrich",10542,518618
"Grayson Greiner","- - -",0.293413173,1.333333333,0.190751445,0.462427745,0.346820809,0.166666666,0.1,2,0.025,0,0,0.39655172,0.33908046,0.26436782,0.18965517,0.40229885,0.40804598,"Grayson Greiner",17062,606988
"Brian McCann","ATL",0.269841269,1.162162162,0.2,0.43,0.37,0.135135135,0.162162162,2,0.023255813,1,1,0.50746269,0.31343284,0.17910448,0.1840796,0.4079602,0.4079602,"Brian McCann",4810,435263
"Pablo Sandoval","- - -",0.264367816,1.419354838,0.187725631,0.476534296,0.335740072,0.096774193,0.17204301,10,0.075757575,0,0,0.28776978,0.41726619,0.29496403,0.17625899,0.41726619,0.40647482,"Pablo Sandoval",5409,467055
"Christian Yelich","MIL",0.340704906,1.855813953,0.204147764,0.517174335,0.2786779,0.041860465,0.239534883,39,0.04887218,4,0.571428571,0.35225806,0.37419355,0.27354839,0.14064516,0.45290323,0.40645161,"Christian Yelich",11477,592885
"Sam Huff","- - -",0.348314606,1.8,0.270833333,0.46875,0.260416666,0,0.28,1,0.022222222,0,0,0.46875,0.28125,0.25,0.125,0.46875,0.40625,"Sam Huff",22209,669087
"Adrian Del Castillo","ARI",0.368932038,0.660377358,0.2,0.318181818,0.481818181,0.037735849,0.150943396,1,0.028571428,0,0,0.43243243,0.30630631,0.26126126,0.14414414,0.45045045,0.40540541,"Adrian Del Castillo",29554,680728
"Marcell Ozuna","- - -",0.294750158,0.958152958,0.211962833,0.385598141,0.402439024,0.089466089,0.203463203,34,0.051204819,0,0,0.45238095,0.32288037,0.22473868,0.14692218,0.44831591,0.4047619,"Marcell Ozuna",10324,542303
"Bobby Bradley","CLE",0.282258064,1.078431372,0.220588235,0.404411764,0.375,0.078431372,0.235294117,2,0.036363636,0,0,0.41176471,0.31617647,0.27205882,0.11029412,0.48529412,0.40441176,"Bobby Bradley",17278,656252
"Ji Man Choi","- - -",0.292647058,1.141762452,0.228965517,0.411034482,0.36,0.103448275,0.17624521,9,0.030201342,0,0,0.44352617,0.32231405,0.23415978,0.12121212,0.47520661,0.40358127,"Ji Man Choi",5452,596847
"Max Muncy","LAD",0.259792166,0.688854489,0.204230488,0.324580598,0.471188913,0.07739938,0.190402476,28,0.062921348,3,1,0.49344978,0.30203785,0.20451237,0.12299854,0.47379913,0.40320233,"Max Muncy",13301,571970
"Danny Santana","- - -",0.311036789,0.9921875,0.208074534,0.394409937,0.397515527,0.046875,0.1796875,8,0.062992125,0,0,0.42857143,0.32298137,0.2484472,0.13664596,0.46273292,0.40062112,"Danny Santana",10322,542454
"Caleb Joseph","- - -",0.214285714,0.846153846,0.172413793,0.379310344,0.448275862,0.153846153,0.076923076,1,0.09090909,0,0,0.43333333,0.33333333,0.23333333,0.1,0.5,0.4,"Caleb Joseph",7087,543376
"Justin Bour","LAA",0.181818181,1.117647058,0.152941176,0.447058823,0.4,0.117647058,0.235294117,2,0.052631578,0,0,0.41176471,0.35294118,0.23529412,0.18823529,0.41176471,0.4,"Justin Bour",9744,571506
"Tyler Naquin","- - -",0.332810047,1.179916317,0.214177978,0.425339366,0.360482654,0.096234309,0.154811715,16,0.056737588,5,0.416666666,0.41333333,0.32148148,0.26518519,0.1362963,0.4637037,0.4,"Tyler Naquin",13359,571980
"Brian O'Keefe","SEA",0.2,0.8,0.1,0.4,0.5,0.2,0,1,0.25,0,0,0.5,0.5,0,0.1,0.5,0.4,"Brian O'Keefe",16680,657247
"Keston Hiura","- - -",0.337662337,1.049382716,0.224299065,0.397196261,0.378504672,0.080246913,0.265432098,10,0.058823529,0,0,0.36976744,0.34883721,0.28139535,0.17674419,0.42325581,0.4,"Keston Hiura",20003,669374
"Mark Contreras","MIN",0.111111111,1,0.133333333,0.433333333,0.433333333,0.23076923,0.23076923,1,0.076923076,0,0,0.5,0.23333333,0.26666667,0.2,0.4,0.4,"Mark Contreras",20122,676628
"Huascar Ynoa","ATL",0.307692307,1.4,0.2,0.466666666,0.333333333,0.2,0.4,1,0.142857142,0,0,0.46666667,0.26666667,0.26666667,0.2,0.4,0.4,"Huascar Ynoa",20468,660623
"Luis Vázquez","- - -",0.2,1.833333333,0.15,0.55,0.3,0.166666666,0,1,0.09090909,0,0,0.3,0.3,0.4,0.2,0.4,0.4,"Luis Vazquez",23442,676679
"Logan Driscoll","TBR",0.166666666,3.4,0.12,0.68,0.2,0.2,0.2,3,0.176470588,0,0,0.68,0.24,0.08,0.24,0.36,0.4,"Logan Driscoll",25475,686482
"Kyle Stowers","- - -",0.347826086,1,0.229946524,0.385026737,0.385026737,0.0625,0.201388888,11,0.076388888,0,0,0.44266667,0.33066667,0.22666667,0.152,0.448,0.4,"Kyle Stowers",26151,669065
"Brice Matthews","HOU",0.214285714,0.545454545,0.055555555,0.333333333,0.611111111,0.181818181,0.363636363,3,0.5,0,0,0.5,0.4,0.1,0.2,0.4,0.4,"Brice Matthews",33280,694728
"Joc Pederson","- - -",0.262793914,0.874269005,0.177677998,0.383579217,0.438742783,0.097953216,0.181286549,38,0.06354515,7,0.583333333,0.4462126,0.35327817,0.20050923,0.14258434,0.45767027,0.39974539,"Joc Pederson",11899,592626
"Evan Longoria","- - -",0.278418451,1.158995815,0.20123839,0.428792569,0.36996904,0.071129707,0.163179916,21,0.075812274,0,0,0.40402477,0.36842105,0.22755418,0.11609907,0.48452012,0.3993808,"Evan Longoria",9368,446334
"Mike Zunino","- - -",0.204968944,0.837349397,0.138418079,0.392655367,0.468926553,0.186746987,0.192771084,4,0.028776978,0,0,0.50564972,0.30225989,0.1920904,0.21751412,0.38418079,0.39830508,"Mike Zunino",13265,572287
"Yasiel Puig","- - -",0.303333333,0.916030534,0.213166144,0.376175548,0.410658307,0.114503816,0.145038167,15,0.125,0,0,0.36677116,0.35109718,0.28213166,0.19749216,0.40438871,0.39811912,"Yasiel Puig",14225,624577
"Freddie Freeman","- - -",0.347404172,1.045801526,0.266088544,0.375171154,0.358740301,0.035623409,0.165394402,29,0.035279805,0,0,0.38977636,0.33226837,0.27795527,0.10725696,0.49475126,0.39799178,"Freddie Freeman",5361,518692
"Manny Machado","SDP",0.301850972,1.015555555,0.18945487,0.408400357,0.402144772,0.131111111,0.147777777,55,0.060175054,0,0,0.38883929,0.37053571,0.240625,0.15491071,0.44732143,0.39776786,"Manny Machado",11493,592518
"Jedd Gyorko","- - -",0.268292682,0.864864864,0.21590909,0.363636363,0.420454545,0.189189189,0.162162162,3,0.09375,0,0,0.45454545,0.31818182,0.22727273,0.25,0.35227273,0.39772727,"Jedd Gyorko",10816,576397
"Luke Voit","- - -",0.324840764,1.099601593,0.234011627,0.40116279,0.364825581,0.035856573,0.239043824,12,0.04347826,0,0,0.50872093,0.30377907,0.1875,0.14389535,0.45930233,0.39680233,"Luke Voit",14811,572228
"Hunter Pence","- - -",0.294964028,1.365384615,0.174496644,0.476510067,0.348993288,0.057692307,0.192307692,8,0.112676056,0,0,0.31543624,0.36912752,0.31543624,0.18791946,0.41610738,0.39597315,"Hunter Pence",8252,452254
"Nelson Cruz","- - -",0.31016731,1.26,0.193816884,0.449464922,0.356718192,0.126666666,0.213333333,24,0.063492063,0,0,0.39239001,0.34244946,0.26516052,0.16052319,0.44351962,0.39595719,"Nelson Cruz",2434,443558
"Joey Votto","CIN",0.267772511,0.87368421,0.22355507,0.362050163,0.414394765,0.042105263,0.192105263,17,0.051204819,0,0,0.4351145,0.33369684,0.23118866,0.10250818,0.50163577,0.39585605,"Joey Votto",4314,458015
"Chris Herrmann","OAK",0.304347826,2.777777777,0.276595744,0.531914893,0.191489361,0,0.111111111,1,0.04,0,0,0.27083333,0.45833333,0.27083333,0.14583333,0.45833333,0.39583333,"Chris Herrmann",9284,543302
"Vladimir Guerrero Jr.","TOR",0.311461067,1.382211538,0.184697655,0.473056355,0.342245989,0.100961538,0.174278846,64,0.055652173,0,0,0.39942411,0.35993418,0.24064171,0.15096668,0.45331139,0.39572193,"Vladimir Guerrero Jr.",19611,665489
"Chris Davis","BAL",0.265432098,1.047619047,0.25,0.38372093,0.366279069,0.047619047,0.158730158,2,0.03030303,0,0,0.40697674,0.37209302,0.22093023,0.12790698,0.47674419,0.39534884,"Chris Davis",9272,448801
"Jorge Soler","- - -",0.278254649,0.998397435,0.175809649,0.411764705,0.412425644,0.120192307,0.185897435,32,0.051364365,0,0,0.48248513,0.3172505,0.20026438,0.15003305,0.45472571,0.39524124,"Jorge Soler",14221,624585
"Kole Calhoun","- - -",0.269284712,0.907894736,0.239842726,0.361730013,0.39842726,0.088815789,0.171052631,7,0.025362318,1,0.5,0.50588235,0.31372549,0.18039216,0.14117647,0.46405229,0.39477124,"Kole Calhoun",11200,594777
"Neil Walker","- - -",0.328947368,1.324324324,0.27118644,0.415254237,0.313559322,0.04054054,0.108108108,3,0.030612244,0,0,0.41525424,0.33050847,0.25423729,0.14830508,0.45762712,0.3940678,"Neil Walker",7539,435522
"Adolis García","TEX",0.289434523,0.914378029,0.179930795,0.391695501,0.428373702,0.093699515,0.164781906,49,0.086572438,0,0,0.39972337,0.34716459,0.25311203,0.1266436,0.47958478,0.39377163,"Adolis Garcia",19287,666969
"Edwin Rios","- - -",0.253731343,1.153846153,0.253333333,0.4,0.346666666,0.038461538,0.307692307,1,0.016666666,0,0,0.45333333,0.32,0.22666667,0.12666667,0.48,0.39333333,"Edwin Rios",18316,621458
"Nolan Jones","- - -",0.341897233,1.088541666,0.233269598,0.39961759,0.36711281,0.0625,0.114583333,15,0.071770334,2,0.333333333,0.35727788,0.36672968,0.27599244,0.12665406,0.48015123,0.39319471,"Nolan Jones",20529,666134
"Niko Kavadas","LAA",0.264150943,0.303030303,0.232142857,0.178571428,0.589285714,0.09090909,0.09090909,0,0,0,0,0.41071429,0.26785714,0.32142857,0.125,0.48214286,0.39285714,"Niko Kavadas",29782,694359
"John Hicks","- - -",0.25,0.934210526,0.16,0.405714285,0.434285714,0.184210526,0.157894736,4,0.056338028,0,0,0.46590909,0.31818182,0.21590909,0.21590909,0.39204545,0.39204545,"John Hicks",12547,543308
"Kyle Seager","SEA",0.23183391,0.681506849,0.201626016,0.323577235,0.474796747,0.065068493,0.136986301,14,0.070351758,3,1,0.38834951,0.35436893,0.25728155,0.12135922,0.48705502,0.39158576,"Kyle Seager",9785,572122
"George Valera","CLE",0.333333333,1.111111111,0.173913043,0.434782608,0.391304347,0,0.222222222,0,0,0,0,0.34782609,0.39130435,0.26086957,0.13043478,0.47826087,0.39130435,"George Valera",22541,671655
"Josh Donaldson","- - -",0.273137697,1.083333333,0.185924369,0.423319327,0.390756302,0.115591397,0.177419354,22,0.05459057,0,0,0.46428571,0.32142857,0.21428571,0.14495798,0.46428571,0.3907563,"Josh Donaldson",5038,518626
"Ronny Rodríguez","DET",0.242857142,0.966666666,0.186206896,0.4,0.413793103,0.2,0.183333333,2,0.034482758,3,0.5,0.57615894,0.26490066,0.1589404,0.17880795,0.43046358,0.39072848,"Ronny Rodriguez",11875,500135
"Jordan Westburg","BAL",0.307228915,1.129353233,0.183206106,0.433206106,0.383587786,0.119402985,0.134328358,21,0.092511013,1,1,0.40380952,0.38285714,0.21333333,0.14857143,0.46095238,0.39047619,"Jordan Westburg",27815,676059
"Tyler Soderstrom","OAK",0.291925465,1.56626506,0.171206225,0.505836575,0.322957198,0.06626506,0.192771084,8,0.03076923,1,1,0.3631068,0.38640777,0.25048544,0.12038835,0.48932039,0.39029126,"Tyler Soderstrom",27467,691016
"Austin Meadows","- - -",0.288922155,0.678362573,0.202777777,0.322222222,0.475,0.099415204,0.152046783,9,0.038793103,0,0,0.42777778,0.34583333,0.22638889,0.15,0.45972222,0.39027778,"Austin Meadows",15672,640457
"Ian Desmond","COL",0.301136363,1.87755102,0.220994475,0.508287292,0.270718232,0.081632653,0.122448979,2,0.02173913,0,0,0.31868132,0.34065934,0.34065934,0.17032967,0.43956044,0.39010989,"Ian Desmond",6885,435622
"Kevin Cron","ARI",0.193548387,1.076923076,0.25,0.388888888,0.361111111,0.076923076,0.384615384,0,0,0,0,0.38888889,0.27777778,0.33333333,0.16666667,0.44444444,0.38888889,"Kevin Cron",16211,605196
"Jung Ho Kang","PIT",0.153846153,0.966666666,0.180555555,0.402777777,0.416666666,0.166666666,0.233333333,1,0.034482758,0,0,0.55555556,0.29166667,0.15277778,0.13888889,0.47222222,0.38888889,"Jung Ho Kang",17182,628356
"Victor Mesa Jr.","MIA",0.166666666,0.666666666,0.166666666,0.333333333,0.5,0,0,0,0,0,0,0.44444444,0.33333333,0.22222222,0,0.61111111,0.38888889,"Victor Mesa Jr.",25999,683748
"Matt Wallner","MIN",0.323863636,0.642487046,0.199494949,0.313131313,0.487373737,0.14507772,0.227979274,10,0.080645161,0,0,0.51262626,0.28787879,0.19949495,0.19949495,0.41161616,0.38888889,"Matt Wallner",26466,670242
"Brandon Dixon","- - -",0.328703703,0.810526315,0.248908296,0.336244541,0.414847161,0.157894736,0.136842105,3,0.038961038,0,0,0.34061135,0.39737991,0.26200873,0.17467249,0.43668122,0.38864629,"Brandon Dixon",15214,641525
"Teoscar Hernández","- - -",0.325538461,1.234349919,0.204571428,0.439428571,0.356,0.077046548,0.202247191,66,0.085825747,0,0,0.40833809,0.35122787,0.24043404,0.13755708,0.47431507,0.38812785,"Teoscar Hernandez",13066,606192
"Christian Walker","- - -",0.283667621,0.906716417,0.183271177,0.388385721,0.4283431,0.115671641,0.164179104,48,0.065843621,0,0,0.4160895,0.34842834,0.23548215,0.15876399,0.45338306,0.38785296,"Christian Walker",13419,572233
"Robinson Canó","- - -",0.285714285,1.557377049,0.23902439,0.463414634,0.297560975,0.073770491,0.147540983,9,0.047368421,0,0,0.38780488,0.36097561,0.25121951,0.17804878,0.43414634,0.38780488,"Robinson Cano",3269,429664
"Austin Riley","ATL",0.32447466,0.989660265,0.227194492,0.384394721,0.388410786,0.090103397,0.186115214,50,0.074626865,0,0,0.40849111,0.35800344,0.23350545,0.15481651,0.45756881,0.38761468,"Austin Riley",18360,663586
"Eloy Jiménez","- - -",0.312144212,1.578947368,0.176106194,0.504424778,0.319469026,0.113573407,0.210526315,37,0.06491228,0,0,0.41769912,0.35044248,0.23185841,0.14690265,0.46548673,0.38761062,"Eloy Jimenez",17484,650391
"Brandon Lowe","TBR",0.299444003,0.862847222,0.219636363,0.361454545,0.41890909,0.067708333,0.206597222,24,0.048289738,3,1,0.45500726,0.33671988,0.20827286,0.1371553,0.47532656,0.38751814,"Brandon Lowe",18882,664040
"Kendrys Morales","- - -",0.213114754,1.81081081,0.161290322,0.54032258,0.298387096,0.054054054,0.054054054,1,0.014925373,0,0,0.41129032,0.33870968,0.25,0.12903226,0.48387097,0.38709677,"Kendrys Morales",8610,434778
"Joey Gallo","- - -",0.245980707,0.530997304,0.193181818,0.279829545,0.526988636,0.123989218,0.239892183,11,0.055837563,4,0.571428571,0.5302391,0.26722925,0.20253165,0.16315049,0.45007032,0.38677918,"Joey Gallo",14128,608336
"Tim Beckham","- - -",0.258992805,1.186440677,0.14,0.466666666,0.393333333,0.06779661,0.186440677,5,0.071428571,0,0,0.48,0.3,0.22,0.2,0.41333333,0.38666667,"Tim Beckham",7949,542921
"Jake Burger","- - -",0.297730307,1.161290322,0.171817058,0.444993819,0.383189122,0.141935483,0.193548387,26,0.072222222,0,0,0.42962963,0.3691358,0.20123457,0.18271605,0.4308642,0.38641975,"Jake Burger",22275,669394
"Austin Dean","- - -",0.263157894,1.382352941,0.19,0.47,0.34,0.088235294,0.147058823,2,0.042553191,0,0,0.36633663,0.32673267,0.30693069,0.15841584,0.45544554,0.38613861,"Austin Dean",18288,621573
"Brandon Belt","- - -",0.316625916,0.560465116,0.228735632,0.277011494,0.494252873,0.058139534,0.169767441,11,0.045643153,16,0.761904761,0.4365881,0.31200898,0.25140292,0.13804714,0.47586981,0.38608305,"Brandon Belt",10264,474832
"Salvador Perez","KCR",0.289790741,0.83218707,0.215085444,0.35651149,0.428403064,0.08528198,0.165061898,35,0.057851239,0,0,0.4702416,0.31290513,0.21685327,0.13906895,0.4749558,0.38597525,"Salvador Perez",7304,521692
"MJ Melendez","KCR",0.25930851,0.835227272,0.188442211,0.369346733,0.442211055,0.085227272,0.125,16,0.054421768,0,0,0.4798995,0.31155779,0.20854271,0.11432161,0.5,0.38567839,"MJ Melendez",22197,669004
"Edwin Encarnación","- - -",0.23183391,0.636942675,0.194357366,0.313479623,0.492163009,0.191082802,0.191082802,7,0.07,0,0,0.52037618,0.26959248,0.21003135,0.20062696,0.4137931,0.38557994,"Edwin Encarnacion",2151,429665
"Josh VanMeter","- - -",0.254424778,0.819512195,0.202991452,0.358974358,0.438034188,0.068292682,0.087804878,7,0.041666666,2,1,0.4106383,0.36808511,0.2212766,0.12978723,0.48510638,0.38510638,"Josh VanMeter",15170,642165
"Beau Taylor","- - -",0.130434782,3.2,0.16,0.64,0.2,0.2,0.4,1,0.0625,0,0,0.38461538,0.38461538,0.23076923,0.03846154,0.57692308,0.38461538,"Beau Taylor",12384,607333
"Matt Strahm","SDP",0.666666666,3,0.555555555,0.333333333,0.111111111,0,0,0,0,0,0,0.07692308,0.38461538,0.53846154,0.07692308,0.53846154,0.38461538,"Matt Strahm",13799,621381
"Justin Foscue","TEX",0.076923076,0.5,0.076923076,0.307692307,0.615384615,0.125,0,1,0.25,0,0,0.61538462,0.23076923,0.15384615,0.15384615,0.46153846,0.38461538,"Justin Foscue",27501,679822
"Bob Seymour","TBR",0.289473684,1.583333333,0.205128205,0.487179487,0.307692307,0.166666666,0.083333333,1,0.052631578,0,0,0.38461538,0.33333333,0.28205128,0.17948718,0.43589744,0.38461538,"Bob Seymour",30028,676044
"Jac Caglianone","KCR",0.166666666,1.19047619,0.178571428,0.446428571,0.375,0.071428571,0.095238095,1,0.02,0,0,0.40178571,0.39285714,0.20535714,0.1875,0.42857143,0.38392857,"Jac Caglianone",35041,695506
"Dominic Canzone","- - -",0.280453257,1.131034482,0.182539682,0.433862433,0.383597883,0.062068965,0.165517241,9,0.054878048,0,0,0.42857143,0.35714286,0.21428571,0.14285714,0.47354497,0.38359788,"Dominic Canzone",26438,686527
"Byron Buxton","MIN",0.285857572,0.693609022,0.18090909,0.335454545,0.483636363,0.135338345,0.195488721,40,0.108401084,0,0,0.5294651,0.29555757,0.17497733,0.16591115,0.4505893,0.38349955,"Byron Buxton",14161,621439
"Phillip Ervin","- - -",0.296,1.106382978,0.2265625,0.40625,0.3671875,0.106382978,0.063829787,2,0.038461538,0,0,0.4140625,0.328125,0.2578125,0.15625,0.4609375,0.3828125,"Phillip Ervin",14738,640447
"Mookie Betts","- - -",0.288144072,0.68463886,0.22326454,0.315666041,0.461069418,0.088504577,0.135300101,46,0.068350668,0,0,0.44230769,0.34474672,0.21294559,0.12101313,0.4967167,0.38227017,"Mookie Betts",13611,605141
"Scott Heineman","- - -",0.226415094,1.6875,0.218181818,0.49090909,0.29090909,0.125,0.125,1,0.037037037,0,0,0.41818182,0.29090909,0.29090909,0.16363636,0.45454545,0.38181818,"Scott Heineman",14453,595981
"Logan O'Hoppe","LAA",0.289007092,0.932270916,0.199669966,0.386138613,0.414191419,0.095617529,0.167330677,17,0.072649572,0,0,0.46710526,0.31907895,0.21381579,0.13157895,0.48684211,0.38157895,"Logan O'Hoppe",24729,681351
"Yoán Moncada","- - -",0.329341317,1.113333333,0.228084415,0.406655844,0.36525974,0.077777777,0.146666666,24,0.047904191,2,0.4,0.42037187,0.33144705,0.24818108,0.12449475,0.49474535,0.3807599,"Yoan Moncada",17232,660162
"Michael Brantley","HOU",0.338888888,1.329966329,0.256713211,0.424274973,0.319011815,0.047138047,0.117845117,10,0.025316455,3,0.75,0.40427807,0.34010695,0.25561497,0.1197861,0.49946524,0.38074866,"Michael Brantley",4106,488726
"Nick Gordon","- - -",0.303602058,1.325,0.228855721,0.43946932,0.331674958,0.025,0.105,14,0.052830188,0,0,0.42504119,0.3476112,0.22734761,0.09060956,0.52883031,0.38056013,"Nick Gordon",16337,624503
"Tommy Pham","- - -",0.298835705,1.667355371,0.195638629,0.502803738,0.301557632,0.092975206,0.123966942,56,0.069392812,0,0,0.38169365,0.36737235,0.250934,0.1494396,0.47011208,0.38044832,"Tommy Pham",2967,502054
"Patrick Wisdom","- - -",0.256351039,0.613545816,0.161490683,0.318840579,0.519668737,0.151394422,0.207171314,14,0.09090909,1,0.25,0.50102669,0.30390144,0.19507187,0.18275154,0.43737166,0.3798768,"Patrick Wisdom",13602,621550
"Jerar Encarnacion","- - -",0.242424242,1.636363636,0.194444444,0.5,0.305555555,0.03030303,0.272727272,4,0.074074074,0,0,0.42592593,0.30555556,0.26851852,0.08333333,0.53703704,0.37962963,"Jerar Encarnacion",21871,666464
"Adam Jones","ARI",0.29317269,1.175257731,0.188461538,0.438461538,0.373076923,0.154639175,0.12371134,7,0.061403508,0,0,0.42528736,0.348659,0.22605364,0.1954023,0.42528736,0.37931034,"Adam Jones",6368,430945
"Brian O'Grady","- - -",0.226415094,0.46875,0.175438596,0.263157894,0.561403508,0.0625,0.125,1,0.066666666,0,0,0.44827586,0.39655172,0.15517241,0.18965517,0.43103448,0.37931034,"Brian O'Grady",16729,657434
"Nick Markakis","ATL",0.310734463,1.558823529,0.282967032,0.436813186,0.28021978,0.049019607,0.098039215,9,0.056603773,0,0,0.34065934,0.36538462,0.29395604,0.16208791,0.45879121,0.37912088,"Nick Markakis",5930,455976
"Alex Kirilloff","MIN",0.316702819,1.363057324,0.231884057,0.443064182,0.325051759,0.01910828,0.140127388,8,0.037383177,0,0,0.36853002,0.37681159,0.25465839,0.10766046,0.51345756,0.37888199,"Alex Kirilloff",20325,666135
"Brad Miller","- - -",0.283730158,1.114285714,0.180811808,0.431734317,0.387453874,0.114285714,0.195238095,14,0.059829059,1,0.333333333,0.36880734,0.37431193,0.25688073,0.1412844,0.48073394,0.37798165,"Brad Miller",12775,543543
"Jason Kipnis","- - -",0.284722222,0.801470588,0.186046511,0.362126245,0.451827242,0.117647058,0.125,9,0.082568807,4,0.666666666,0.43648208,0.3257329,0.23778502,0.13680782,0.48534202,0.37785016,"Jason Kipnis",9776,543401
"Brooks Baldwin","CHW",0.307339449,0.828282828,0.199115044,0.362831858,0.438053097,0.121212121,0.121212121,7,0.085365853,1,0.142857142,0.46781116,0.31330472,0.21888412,0.14592275,0.47639485,0.3776824,"Brooks Baldwin",31394,681460
"Corbin Carroll","ARI",0.303296703,0.880095923,0.193415637,0.377572016,0.429012345,0.158273381,0.148681055,28,0.076294277,0,0,0.41975309,0.3281893,0.25205761,0.16872428,0.4537037,0.37757202,"Corbin Carroll",25878,682998
"Kevan Smith","- - -",0.272108843,2.59375,0.238410596,0.549668874,0.211920529,0,0.125,2,0.024096385,0,0,0.39072848,0.33112583,0.2781457,0.13907285,0.48344371,0.37748344,"Kevan Smith",12284,607345
"Willson Contreras","- - -",0.302843966,1.485838779,0.180904522,0.489590811,0.329504666,0.108932461,0.202614379,37,0.054252199,1,0.5,0.39641577,0.34910394,0.25448029,0.16917563,0.45376344,0.37706093,"Willson Contreras",11609,575929
"Trevor Story","- - -",0.323977546,0.928832116,0.201661631,0.384441087,0.41389728,0.111313868,0.144160583,41,0.080550098,1,0.333333333,0.37226827,0.35116805,0.27656368,0.1507159,0.47249435,0.37678975,"Trevor Story",12564,596115
"Colton Cowser","BAL",0.288944723,1.172839506,0.177570093,0.443925233,0.378504672,0.018518518,0.185185185,6,0.031578947,0,0,0.43457944,0.31074766,0.2546729,0.0771028,0.54672897,0.37616822,"Colton Cowser",29591,681297
"Wil Myers","- - -",0.33681073,1.2,0.208633093,0.431654676,0.35971223,0.112,0.148,31,0.103333333,7,0.466666666,0.44788732,0.32394366,0.22816901,0.17887324,0.44507042,0.37605634,"Wil Myers",10047,571976
"Anthony Rendon","- - -",0.2956621,0.793611793,0.198682766,0.354555433,0.4467618,0.113022113,0.085995085,14,0.043343653,0,0,0.38419319,0.34467618,0.27113063,0.1492865,0.47530187,0.37541164,"Anthony Rendon",12861,543685
"Jesús Sánchez","- - -",0.304889741,1.448753462,0.199275362,0.473731884,0.326992753,0.119113573,0.177285318,16,0.030592734,0,0,0.4005425,0.33092224,0.26853526,0.14556962,0.47920434,0.37522604,"Jesus Sanchez",19913,660821
"Hernán Pérez","- - -",0.276315789,1.64,0.164556962,0.518987341,0.316455696,0.08,0.12,2,0.048780487,0,0,0.35,0.3375,0.3125,0.1875,0.4375,0.375,"Hernan Perez",5751,541650
"Cristhian Adames","SFG",0.625,6,0.25,0.75,0,0,0,0,0,0,0,0.375,0.5,0.125,0,0.625,0.375,"Cristhian Adames",6013,542436
"Jacob Wilson","HOU",0.25,0.75,0.125,0.375,0.5,0.5,0,0,0,0,0,0.25,0.375,0.375,0.5,0.125,0.375,"Jacob Wilson",13254,607111
"Chris Shaw","SFG",0,3,0,0.75,0.25,0,0,0,0,0,0,0.75,0.125,0.125,0,0.625,0.375,"Chris Shaw",17738,622046
"Peyton Burdick","MIA",0.288888888,0.809523809,0.191489361,0.361702127,0.44680851,0.142857142,0.142857142,1,0.058823529,0,0,0.4375,0.3125,0.25,0.1875,0.4375,0.375,"Peyton Burdick",25459,680814
"Gage Workman","- - -",0.375,2.5,0.125,0.625,0.25,0,0,0,0,0,0,0.375,0.5,0.125,0,0.625,0.375,"Gage Workman",27573,669398
"Yanquiel Fernández","COL",0.285714285,1.4375,0.113636363,0.522727272,0.363636363,0.0625,0.125,1,0.02173913,0,0,0.52272727,0.28409091,0.19318182,0.15909091,0.46590909,0.375,"Yanquiel Fernandez",28552,692585
"Jacob Melton","HOU",0.28125,4.8,0.09375,0.75,0.15625,0,0,1,0.041666666,0,0,0.5,0.28125,0.21875,0.21875,0.40625,0.375,"Jacob Melton",31661,689200
"Jared Walsh","- - -",0.329914529,1.151515151,0.208598726,0.423566878,0.367834394,0.099567099,0.194805194,8,0.030075187,2,1,0.41587302,0.34126984,0.24285714,0.15714286,0.46825397,0.37460317,"Jared Walsh",18607,665120
"Lars Nootbaar","STL",0.271367521,1.127320954,0.178278688,0.435450819,0.386270491,0.084880636,0.129973474,15,0.035294117,6,0.5,0.37246964,0.37854251,0.24898785,0.1437247,0.48178138,0.37449393,"Lars Nootbaar",21454,663457
"Max Kepler","- - -",0.251923076,0.833787465,0.19013237,0.368231046,0.441636582,0.084468664,0.140326975,45,0.073529411,0,0,0.45552885,0.31189904,0.23257212,0.14723558,0.47836538,0.37439904,"Max Kepler",12144,596146
"Matt Chapman","- - -",0.284919653,0.804187192,0.158045977,0.375287356,0.466666666,0.166256157,0.150246305,59,0.09035222,0,0,0.42298851,0.35172414,0.22528736,0.17413793,0.45172414,0.37413793,"Matt Chapman",16505,656305
"Paul Goldschmidt","- - -",0.318987341,1.06758448,0.209947393,0.407938785,0.382113821,0.091364205,0.145181476,66,0.077373974,0,0,0.37063606,0.35485414,0.2745098,0.13534194,0.4916308,0.37302726,"Paul Goldschmidt",9218,502671
"Pete Alonso","NYM",0.276955602,0.925591882,0.178846153,0.394711538,0.426442307,0.105975197,0.21307779,41,0.049939098,0,0,0.43221154,0.32067308,0.24711538,0.15192308,0.47548077,0.37259615,"Pete Alonso",19251,624413
"Trevor Larnach","MIN",0.305764411,1.057228915,0.192671394,0.414893617,0.392434988,0.048192771,0.144578313,17,0.048433048,0,0,0.42907801,0.33687943,0.23404255,0.10874704,0.51891253,0.37234043,"Trevor Larnach",21501,663616
"Ketel Marte","ARI",0.296385542,1.2256,0.201033888,0.439977024,0.358989086,0.0864,0.1472,34,0.044386422,8,0.727272727,0.44349315,0.3510274,0.20547945,0.13755708,0.49086758,0.37157534,"Ketel Marte",13613,606466
"Jaylin Davis","- - -",0.303030303,2.5,0.2,0.571428571,0.228571428,0,0.25,1,0.05,0,0,0.25714286,0.48571429,0.25714286,0.17142857,0.45714286,0.37142857,"Jaylin Davis",19552,664041
"Josh Jung","TEX",0.323873121,1.059574468,0.231746031,0.395238095,0.373015873,0.089361702,0.131914893,18,0.072289156,0,0,0.36190476,0.41269841,0.22539683,0.11587302,0.51269841,0.37142857,"Josh Jung",26299,673962
"Vinnie Pasquantino","KCR",0.27173913,0.838297872,0.191011235,0.368913857,0.440074906,0.09787234,0.125531914,15,0.038071065,2,0.5,0.45802239,0.32929104,0.21268657,0.13432836,0.49440299,0.37126866,"Vinnie Pasquantino",27676,686469
"Zack Collins","- - -",0.266304347,0.659090909,0.243523316,0.300518134,0.455958549,0.056818181,0.113636363,3,0.051724137,0,0,0.45360825,0.29896907,0.24742268,0.14948454,0.47938144,0.37113402,"Zack Collins",19181,641470
"Gary Sánchez","- - -",0.244158878,0.892420537,0.173076923,0.389957264,0.436965811,0.132029339,0.198044009,17,0.046575342,0,0,0.52136752,0.30769231,0.17094017,0.17307692,0.45619658,0.3707265,"Gary Sanchez",11442,596142
"Elly De La Cruz","CIN",0.358725761,1.659388646,0.20703125,0.494791666,0.298177083,0.056768558,0.205240174,20,0.052631578,1,1,0.42262679,0.3420026,0.23537061,0.1053316,0.52405722,0.37061118,"Elly De La Cruz",26668,682829
"Daniel Vogelbach","- - -",0.277310924,1.016997167,0.21238938,0.397123893,0.390486725,0.065155807,0.201133144,11,0.030640668,0,0,0.39823009,0.36836283,0.23340708,0.13827434,0.49115044,0.37057522,"Daniel Vogelbach",14130,596129
"Brent Rooker","- - -",0.313309776,0.80195599,0.208378088,0.352309344,0.439312567,0.083129584,0.200488997,17,0.051829268,0,0,0.42320086,0.34479055,0.23200859,0.14285714,0.48657358,0.37056928,"Brent Rooker",19627,667670
"Michael Harris II","ATL",0.312912346,1.559077809,0.202872531,0.485637342,0.311490125,0.06628242,0.161383285,27,0.049907578,2,0.333333333,0.37053571,0.375,0.25446429,0.16964286,0.45982143,0.37053571,"Michael Harris II",25931,671739
"Junior Caminero","TBR",0.270783847,1.142857142,0.150326797,0.453159041,0.396514161,0.148351648,0.208791208,19,0.091346153,0,0,0.46840959,0.34640523,0.18518519,0.17647059,0.45315904,0.37037037,"Junior Caminero",28163,691406
"Bryan Holaday","- - -",0.315789473,1.620689655,0.232323232,0.474747474,0.292929292,0.24137931,0.137931034,6,0.127659574,0,0,0.51,0.31,0.18,0.18,0.45,0.37,"Bryan Holaday",11287,592407
"Nomar Mazara","- - -",0.316,1.408284023,0.215799614,0.458574181,0.325626204,0.100591715,0.112426035,8,0.033613445,0,0,0.34489403,0.33526012,0.31984586,0.16377649,0.46628131,0.3699422,"Nomar Mazara",14553,608577
"Jackson Merrill","SDP",0.337890625,0.808695652,0.233885819,0.342541436,0.423572744,0.052173913,0.14347826,12,0.064516129,2,0.333333333,0.36065574,0.38069217,0.25865209,0.10564663,0.52459016,0.36976321,"Jackson Merrill",29490,701538
"Zack Cozart","LAA",0.152173913,0.85,0.195652173,0.369565217,0.434782608,0.2,0,0,0,0,0,0.65217391,0.26086957,0.08695652,0.19565217,0.43478261,0.36956522,"Zack Cozart",2616,446359
"Cal Raleigh","SEA",0.254822335,0.565674255,0.184306569,0.294708029,0.520985401,0.113835376,0.194395796,26,0.080495356,0,0,0.51277372,0.27463504,0.21259124,0.17883212,0.45164234,0.36952555,"Cal Raleigh",21534,663728
"Connor Norby","- - -",0.336244541,1.126436781,0.232365145,0.406639004,0.36099585,0.057471264,0.137931034,10,0.102040816,0,0,0.49377593,0.26970954,0.23651452,0.12863071,0.50207469,0.36929461,"Connor Norby",29592,681393
"Michael Conforto","- - -",0.279106858,1.04238921,0.205397301,0.405547226,0.389055472,0.078998073,0.157996146,18,0.033271719,1,0.5,0.3989521,0.34206587,0.25898204,0.14981273,0.48089888,0.36928839,"Michael Conforto",16376,624424
"Ryan O'Hearn","- - -",0.29531722,1.135658914,0.206051873,0.422190201,0.371757925,0.060077519,0.127906976,32,0.054607508,1,0.5,0.38848921,0.35611511,0.25539568,0.11654676,0.51438849,0.36906475,"Ryan O'Hearn",16442,656811
"Dawel Lugo","DET",0.280487804,1.765957446,0.226190476,0.494047619,0.279761904,0.042553191,0.106382978,4,0.048192771,0,0,0.30952381,0.38095238,0.30952381,0.14285714,0.48809524,0.36904762,"Dawel Lugo",14713,608475
"Niko Goodrum","- - -",0.268948655,1.012345679,0.24009324,0.382284382,0.377622377,0.067901234,0.129629629,11,0.06707317,0,0,0.44083527,0.31786543,0.2412993,0.14617169,0.48491879,0.36890951,"Niko Goodrum",12092,592348
"Josh Bell","- - -",0.290102389,1.514900662,0.185522788,0.490616621,0.323860589,0.057947019,0.177152317,44,0.048087431,0,0,0.42091153,0.33672922,0.24235925,0.14423592,0.48686327,0.3689008,"Josh Bell",13145,605137
"Mickey Moniak","- - -",0.313617606,0.722222222,0.201030927,0.335051546,0.463917525,0.113888888,0.147222222,19,0.073076923,2,0.4,0.48271447,0.29577465,0.22151088,0.15492958,0.47631242,0.368758,"Mickey Moniak",19956,666160
"Eugenio Suárez","- - -",0.28125,0.724792408,0.208061002,0.332788671,0.459150326,0.087781731,0.204033214,37,0.060556464,0,0,0.50054466,0.28976035,0.20969499,0.15849673,0.47276688,0.36873638,"Eugenio Suarez",12552,553993
"Justin Upton","- - -",0.256329113,0.919463087,0.156342182,0.404129793,0.439528023,0.161073825,0.154362416,10,0.0729927,0,0,0.45132743,0.33038348,0.21828909,0.20353982,0.42772861,0.36873156,"Justin Upton",5222,457708
"Mark Reynolds","COL",0.25,0.666666666,0.342105263,0.263157894,0.394736842,0.266666666,0.133333333,0,0,0,0,0.44736842,0.23684211,0.31578947,0.26315789,0.36842105,0.36842105,"Mark Reynolds",7619,448602
"Johneshwy Fargas","- - -",0.421052631,2,0.294117647,0.470588235,0.235294117,0,0,0,0,0,0,0.52631579,0.31578947,0.15789474,0.05263158,0.57894737,0.36842105,"Johneshwy Fargas",16446,641561
"Ronny Mauricio","NYM",0.357142857,1.166666666,0.218045112,0.421052631,0.360902255,0.166666666,0.145833333,1,0.017857142,0,0,0.5112782,0.29323308,0.19548872,0.13533835,0.4962406,0.36842105,"Ronny Mauricio",23698,677595
"Asdrúbal Cabrera","- - -",0.278586278,0.969072164,0.236,0.376,0.388,0.108247422,0.12371134,5,0.026595744,5,1,0.51683168,0.2950495,0.18811881,0.15643564,0.47524752,0.36831683,"Asdrubal Cabrera",4962,452678
"Warming Bernabel","COL",0.285714285,1.233333333,0.229885057,0.425287356,0.344827586,0.166666666,0.1,3,0.081081081,0,0,0.49425287,0.33333333,0.17241379,0.20689655,0.42528736,0.36781609,"Warming Bernabel",26536,682653
"Rowdy Tellez","- - -",0.247005988,0.862179487,0.192494788,0.373870743,0.433634468,0.112179487,0.165064102,21,0.039033457,0,0,0.39819319,0.35927728,0.24252953,0.16261293,0.46977067,0.3676164,"Rowdy Tellez",15679,642133
"Kyle Tucker","- - -",0.299079754,0.75609756,0.223580158,0.334291876,0.442127965,0.061788617,0.147967479,18,0.038709677,2,0.4,0.44484241,0.33882521,0.21633238,0.1217765,0.51074499,0.36747851,"Kyle Tucker",18345,663656
"Matt Carpenter","- - -",0.271755725,0.591463414,0.234604105,0.284457478,0.480938416,0.070121951,0.115853658,11,0.05670103,8,0.666666666,0.49135447,0.28674352,0.22190202,0.12680115,0.50576369,0.36743516,"Matt Carpenter",8090,572761
"Charles Leblanc","- - -",0.373333333,1,0.29113924,0.354430379,0.354430379,0.178571428,0.142857142,2,0.071428571,0,0,0.49367089,0.2278481,0.27848101,0.16455696,0.46835443,0.36708861,"Charles Leblanc",19813,641779
"Seth Brown","OAK",0.281449893,0.756465517,0.189860834,0.34890656,0.461232604,0.090517241,0.148706896,11,0.031339031,1,0.5,0.42261905,0.35218254,0.22519841,0.16468254,0.46825397,0.36706349,"Seth Brown",18171,664913
"Brian Goodwin","- - -",0.3175,0.723756906,0.264150943,0.308962264,0.426886792,0.099447513,0.138121546,7,0.053435114,1,1,0.42823529,0.34588235,0.22588235,0.14588235,0.48705882,0.36705882,"Brian Goodwin",12858,571718
"Jordan Walker","STL",0.321888412,1.346590909,0.148453608,0.488659793,0.362886597,0.085227272,0.107954545,12,0.050632911,0,0,0.40206186,0.38350515,0.21443299,0.16907216,0.46391753,0.36701031,"Jordan Walker",27475,691023
"Albert Pujols","- - -",0.220198675,1.081712062,0.157480314,0.437795275,0.404724409,0.132295719,0.120622568,9,0.0323741,0,0,0.51968504,0.29606299,0.18425197,0.2,0.43307087,0.36692913,"Albert Pujols",1177,405395
"Tyler Saladino","MIL",0.172413793,3,0.172413793,0.620689655,0.206896551,0.166666666,0.166666666,2,0.111111111,0,0,0.63333333,0.23333333,0.13333333,0.33333333,0.3,0.36666667,"Tyler Saladino",10807,573135
"Abraham Almonte","- - -",0.288888888,1.207547169,0.176056338,0.450704225,0.373239436,0.094339622,0.132075471,5,0.078125,0,0,0.42957746,0.35915493,0.21126761,0.11267606,0.52112676,0.36619718,"Abraham Almonte",5486,501659
"Brandon Marsh","- - -",0.377682403,1.15339233,0.245867768,0.403925619,0.350206611,0.032448377,0.12979351,18,0.046035805,6,0.6,0.36298569,0.34253579,0.29447853,0.08179959,0.55214724,0.36605317,"Brandon Marsh",20202,669016
"Adalberto Mondesi","KCR",0.352459016,1.322580645,0.188732394,0.46197183,0.349295774,0.137096774,0.088709677,12,0.073170731,10,0.357142857,0.46214099,0.33159269,0.20626632,0.16971279,0.46475196,0.36553525,"Adalberto Mondesi",13769,609275
"Matt Adams","- - -",0.27748691,0.642857142,0.222222222,0.304347826,0.473429951,0.142857142,0.173469387,5,0.079365079,1,1,0.47596154,0.30769231,0.21634615,0.18269231,0.45192308,0.36538462,"Matt Adams",9393,571431
"Will Benson","- - -",0.330472103,0.842857142,0.224448897,0.354709418,0.420841683,0.071428571,0.161904761,7,0.039548022,0,0,0.43912176,0.35728543,0.20359281,0.13373253,0.500998,0.36526946,"Will Benson",21853,666181
"Julio Rodríguez","SEA",0.324022346,1.341880341,0.179640718,0.47005988,0.350299401,0.094017094,0.177350427,74,0.117834394,0,0,0.40943114,0.35404192,0.23652695,0.14520958,0.48952096,0.36526946,"Julio Rodriguez",23697,677594
"Samuel Basallo","BAL",0.2,1.2,0.126984126,0.476190476,0.396825396,0.04,0.12,0,0,0,0,0.47619048,0.17460317,0.34920635,0.0952381,0.53968254,0.36507937,"Samuel Basallo",28824,694212
"Jack Suwinski","PIT",0.250889679,0.731707317,0.185245901,0.344262295,0.470491803,0.094076655,0.170731707,13,0.061904761,0,0,0.44844517,0.32405892,0.22749591,0.15548282,0.47954173,0.36497545,"Jack Suwinski",22244,669261
"Jarren Duran","BOS",0.350444225,1.117346938,0.207258834,0.418338108,0.374403056,0.086734693,0.107142857,24,0.05479452,2,0.25,0.37725118,0.3535545,0.26919431,0.14691943,0.48815166,0.36492891,"Jarren Duran",24617,680776
"Matt Kemp","- - -",0.242857142,1.111111111,0.229729729,0.405405405,0.364864864,0.074074074,0.148148148,1,0.033333333,0,0,0.45945946,0.32432432,0.21621622,0.17567568,0.45945946,0.36486486,"Matt Kemp",5631,461314
"Stephen Vogt","- - -",0.235565819,0.565957446,0.187637969,0.293598233,0.518763796,0.068085106,0.093617021,4,0.030075187,0,0,0.43076923,0.35824176,0.21098901,0.12527473,0.50989011,0.36483516,"Stephen Vogt",5000,519390
"C.J. Cron","- - -",0.292682926,1.044502617,0.193181818,0.412190082,0.394628099,0.096858638,0.172774869,23,0.05764411,0,0,0.39049587,0.36983471,0.23966942,0.17975207,0.45557851,0.36466942,"C.J. Cron",12546,543068
"Chance Sisco","- - -",0.285714285,0.986301369,0.240837696,0.37696335,0.382198952,0.04109589,0.136986301,1,0.013888888,0,0,0.4375,0.3125,0.25,0.13020833,0.50520833,0.36458333,"Chance Sisco",15694,642082
"Mike Yastrzemski","- - -",0.287292817,0.661643835,0.20874103,0.315068493,0.476190476,0.110958904,0.14109589,24,0.04968944,15,0.652173913,0.44794344,0.32647815,0.22557841,0.15488432,0.48071979,0.36439589,"Mike Yastrzemski",14854,573262
"Alek Thomas","ARI",0.29434954,1.990610328,0.1875,0.540816326,0.271683673,0.07511737,0.112676056,35,0.082547169,0,0,0.39163498,0.36501901,0.24334601,0.15842839,0.47782003,0.36375158,"Alek Thomas",23792,677950
"Carlos Pérez","OAK",0.176470588,0.875,0.166666666,0.388888888,0.444444444,0.25,0.125,2,0.095238095,0,0,0.65454545,0.18181818,0.16363636,0.25454545,0.38181818,0.36363636,"Carlos Perez",10642,542208
"Yoenis Cespedes","NYM",0.333333333,1,0.272727272,0.363636363,0.363636363,0.25,0.5,0,0,0,0,0.90909091,0.09090909,0,0.27272727,0.36363636,0.36363636,"Yoenis Cespedes",13110,493316
"Michael Lorenzen","CIN",0.285714285,3.5,0.181818181,0.636363636,0.181818181,0,0.25,0,0,0,0,0.45454545,0.22727273,0.31818182,0,0.63636364,0.36363636,"Michael Lorenzen",14843,547179
"Zack Godley","- - -",0.333333333,0,0.125,0,0.875,0,0,0,0,0,0,0.09090909,0.27272727,0.63636364,0.18181818,0.45454545,0.36363636,"Zack Godley",14862,643327
"Jermaine Palacios","MIN",0.210526315,1.428571428,0.19047619,0.476190476,0.333333333,0,0.285714285,0,0,0,0,0.31818182,0.5,0.18181818,0.18181818,0.45454545,0.36363636,"Jermaine Palacios",18371,650339
"Yadiel Hernandez","WSN",0.3115727,2.02173913,0.210227272,0.52840909,0.261363636,0.02173913,0.163043478,8,0.043010752,0,0,0.33806818,0.39488636,0.26704545,0.11363636,0.52272727,0.36363636,"Yadiel Hernandez",19334,628450
"Franchy Cordero","- - -",0.297709923,1.315217391,0.219780219,0.443223443,0.336996336,0.054347826,0.152173913,8,0.066115702,2,0.4,0.42086331,0.3381295,0.24100719,0.14748201,0.48920863,0.36330935,"Franchy Cordero",14567,614173
"Jorge Alfaro","- - -",0.338403041,2.056338028,0.203669724,0.535779816,0.260550458,0.035211267,0.133802816,26,0.089041095,0,0,0.31009174,0.36513761,0.32477064,0.17798165,0.4587156,0.36330275,"Jorge Alfaro",12180,595751
"Brenton Doyle","COL",0.293948126,1.249056603,0.173370319,0.459084604,0.367545076,0.079245283,0.128301886,25,0.0755287,3,0.214285714,0.40544218,0.35510204,0.23945578,0.14557823,0.49115646,0.36326531,"Brenton Doyle",25479,686668
"Isan Díaz","- - -",0.244444444,1.04347826,0.186147186,0.415584415,0.398268398,0.097826086,0.086956521,4,0.041666666,1,0.333333333,0.43589744,0.29487179,0.26923077,0.15811966,0.47863248,0.36324786,"Isan Diaz",17922,656371
"Brian Dozier","- - -",0.257142857,0.78,0.201793721,0.349775784,0.448430493,0.18,0.13,4,0.051282051,0,0,0.52466368,0.27802691,0.19730942,0.19282511,0.44394619,0.3632287,"Brian Dozier",9810,572821
"Danny Jansen","- - -",0.244444444,0.715277777,0.1875,0.338815789,0.47368421,0.157407407,0.134259259,20,0.064724919,0,0,0.53326063,0.29661941,0.17011996,0.18865867,0.44820065,0.36314068,"Danny Jansen",16535,643376
"Ryon Healy","- - -",0.263157894,0.851063829,0.147058823,0.392156862,0.460784313,0.170212765,0.14893617,3,0.075,0,0,0.48039216,0.26470588,0.25490196,0.18627451,0.45098039,0.3627451,"Ryon Healy",15447,592387
"Ben Gamel","- - -",0.313880126,1.175675675,0.262595419,0.398473282,0.338931297,0.036036036,0.112612612,12,0.045977011,3,0.75,0.36722307,0.38088012,0.25189681,0.14112291,0.49620637,0.36267071,"Ben Gamel",12160,592325
"Christopher Morel","- - -",0.297413793,1.154639175,0.159517426,0.450402144,0.390080428,0.130584192,0.18556701,31,0.092261904,1,0.142857142,0.48472776,0.35192563,0.16334661,0.18061089,0.45683931,0.3625498,"Christopher Morel",21897,666624
"William Contreras","- - -",0.31031543,1.709762532,0.167072181,0.525547445,0.307380373,0.084432717,0.160949868,52,0.080246913,0,0,0.38249595,0.36628849,0.25121556,0.14424635,0.49351702,0.36223663,"William Contreras",20503,661388
"Jake Cave","- - -",0.312803889,1.344497607,0.239130434,0.436335403,0.324534161,0.014354066,0.133971291,17,0.06049822,0,0,0.35139319,0.37616099,0.27244582,0.1006192,0.5371517,0.3622291,"Jake Cave",14477,595909
"Stephen Piscotty","OAK",0.261111111,1.226277372,0.197368421,0.442105263,0.360526315,0.05839416,0.145985401,9,0.053571428,0,0,0.38582677,0.37532808,0.23884514,0.13385827,0.50393701,0.36220472,"Stephen Piscotty",13367,572039
"Tyler Locklear","- - -",0.285714285,1.5,0.137931034,0.517241379,0.344827586,0.15,0.1,1,0.033333333,0,0,0.43103448,0.32758621,0.24137931,0.18965517,0.44827586,0.36206897,"Tyler Locklear",31396,682988
"Brian Anderson","- - -",0.309963099,1.457746478,0.182669789,0.484777517,0.332552693,0.077464788,0.144366197,26,0.062801932,0,0,0.37470726,0.35714286,0.26814988,0.16978923,0.46838407,0.3618267,"Brian Anderson",18289,605119
"Jackson Chourio","MIL",0.294827586,1.255605381,0.174055829,0.459770114,0.366174055,0.071748878,0.143497757,35,0.125,1,0.2,0.36807818,0.38436482,0.247557,0.16938111,0.46905537,0.36156352,"Jackson Chourio",28806,694192
"Matt Joyce","- - -",0.322175732,1.021978021,0.258064516,0.375,0.366935483,0.065934065,0.109890109,8,0.086021505,1,1,0.45381526,0.31726908,0.22891566,0.14056225,0.49799197,0.36144578,"Matt Joyce",3353,459964
"Will Smith","LAD",0.287701317,0.722801788,0.208761122,0.331964407,0.459274469,0.064083457,0.141579731,35,0.072164948,0,0,0.36618754,0.38261465,0.25119781,0.1266256,0.5119781,0.3613963,"Will Smith",19197,669257
"Ronald Guzmán","- - -",0.305389221,1.25,0.3,0.388888888,0.311111111,0.107142857,0.232142857,4,0.057142857,0,0,0.42222222,0.31111111,0.26666667,0.17222222,0.46666667,0.36111111,"Ronald Guzman",14388,608597
"David Dahl","- - -",0.323204419,1.212121212,0.235602094,0.418848167,0.345549738,0.045454545,0.151515151,2,0.0125,0,0,0.3974026,0.35844156,0.24415584,0.12987013,0.50909091,0.36103896,"David Dahl",13744,621311
"Stone Garrett","- - -",0.376344086,0.942857142,0.298969072,0.340206185,0.360824742,0.171428571,0.114285714,5,0.151515151,0,0,0.32989691,0.3814433,0.28865979,0.15463918,0.48453608,0.36082474,"Stone Garrett",19273,656448
"Tyler O'Neill","- - -",0.299229922,0.931873479,0.19308943,0.389227642,0.417682926,0.153284671,0.182481751,45,0.117493472,0,0,0.43495935,0.33231707,0.23272358,0.17276423,0.46646341,0.36077236,"Tyler O'Neill",15711,641933
"Paul DeJong","- - -",0.266039349,0.794642857,0.197284345,0.355431309,0.447284345,0.128571428,0.146428571,23,0.051685393,0,0,0.45367412,0.3186901,0.22763578,0.18530351,0.45447284,0.36022364,"Paul DeJong",18015,657557
"Alex Dickerson","- - -",0.291169451,0.88172043,0.217002237,0.36689038,0.416107382,0.112903225,0.150537634,7,0.042682926,0,0,0.43400447,0.31319911,0.25279642,0.17225951,0.46756152,0.36017897,"Alex Dickerson",12649,543105
"Jazz Chisholm Jr.","- - -",0.307533539,1.08029197,0.176300578,0.427745664,0.395953757,0.07055961,0.214111922,33,0.074324324,13,0.65,0.45085066,0.34310019,0.20604915,0.13988658,0.5,0.36011342,"Jazz Chisholm Jr.",20454,665862
"Michael Busch","- - -",0.301369863,0.953307392,0.208201892,0.386435331,0.405362776,0.062256809,0.20233463,10,0.040816326,1,0.5,0.44025157,0.31918239,0.24056604,0.11006289,0.52987421,0.36006289,"Michael Busch",26319,683737
"JT Riddle","- - -",0.20661157,2.027777777,0.128,0.584,0.288,0.111111111,0.111111111,2,0.02739726,0,0,0.528,0.312,0.16,0.136,0.504,0.36,"JT Riddle",17642,595375
"David Hensley","- - -",0.265306122,2.9,0.22,0.58,0.2,0,0.1,3,0.103448275,0,0,0.3,0.3,0.4,0.16,0.48,0.36,"David Hensley",25111,682073
"Shea Langeliers","OAK",0.257894736,0.773195876,0.165048543,0.364077669,0.470873786,0.159793814,0.164948453,19,0.063333333,0,0,0.46909091,0.33212121,0.19878788,0.18909091,0.45090909,0.36,"Shea Langeliers",25816,669127
"Mike Moustakas","- - -",0.263906856,0.689393939,0.190072639,0.330508474,0.479418886,0.184343434,0.138888888,17,0.062271062,1,0.5,0.40942029,0.32246377,0.26811594,0.22705314,0.41304348,0.35990338,"Mike Moustakas",4892,519058
"Alex Verdugo","- - -",0.302892796,1.365415986,0.203296703,0.459890109,0.336813186,0.055464926,0.09624796,31,0.037037037,1,1,0.38571429,0.35549451,0.25879121,0.13461538,0.50549451,0.35989011,"Alex Verdugo",17027,657077
"Carlos Narváez","- - -",0.298507462,1.170731707,0.160377358,0.452830188,0.386792452,0.073170731,0.134146341,4,0.041666666,0,0,0.38317757,0.3271028,0.28971963,0.12616822,0.51401869,0.35981308,"Carlos Narvaez",19722,665966
"Cameron Maybin","- - -",0.355029585,1.421052631,0.21590909,0.460227272,0.323863636,0.175438596,0.157894736,12,0.148148148,0,0,0.41011236,0.38202247,0.20786517,0.15730337,0.48314607,0.35955056,"Cameron Maybin",5223,457727
"Seiya Suzuki","CHC",0.336734693,0.895691609,0.200764818,0.377629063,0.421606118,0.095238095,0.149659863,39,0.098734177,0,0,0.37858509,0.38718929,0.23422562,0.15678776,0.48374761,0.35946463,"Seiya Suzuki",30116,673548
"Wilyer Abreu","BOS",0.322105263,0.616279069,0.185546875,0.310546875,0.50390625,0.096899224,0.143410852,8,0.050314465,0,0,0.47265625,0.28125,0.24609375,0.140625,0.5,0.359375,"Wilyer Abreu",23772,677800
"Agustín Ramírez","MIA",0.252459016,1.369369369,0.178125,0.475,0.346875,0.126126126,0.135135135,7,0.046052631,0,0,0.434375,0.325,0.240625,0.23125,0.409375,0.359375,"Agustin Ramirez",26546,682663
"José A. Martínez","- - -",0.306666666,2.142857142,0.234782608,0.52173913,0.24347826,0.017857142,0.107142857,5,0.041666666,0,0,0.29437229,0.43722944,0.26839827,0.15584416,0.48484848,0.35930736,"Jose A. Martinez",7996,500874
"Roberto Pérez","- - -",0.261484098,1.806818181,0.173913043,0.531772575,0.294314381,0.056818181,0.227272727,3,0.018867924,2,0.2,0.34304207,0.38187702,0.27508091,0.18770227,0.45307443,0.3592233,"Roberto Perez",2900,547379
"Nick Hundley","OAK",0.289473684,0.7,0.128205128,0.358974358,0.512820512,0.2,0.05,0,0,0,0,0.35897436,0.28205128,0.35897436,0.28205128,0.35897436,0.35897436,"Nick Hundley",3376,460026
"Jordy Mercer","- - -",0.289215686,1.164556962,0.193396226,0.433962264,0.372641509,0.101265822,0.101265822,9,0.097826086,0,0,0.39150943,0.38207547,0.22641509,0.24528302,0.39622642,0.35849057,"Jordy Mercer",6547,474568
"Carlos Correa","- - -",0.315355329,1.335115864,0.21179302,0.450661853,0.337545126,0.117647058,0.156862745,55,0.073431241,0,0,0.39313666,0.35460566,0.25225768,0.17037929,0.47140277,0.35821794,"Carlos Correa",14162,621043
"Taylor Ward","LAA",0.281121187,0.782905982,0.195216049,0.353395061,0.451388888,0.068376068,0.145299145,28,0.061135371,0,0,0.37644342,0.3456505,0.27790608,0.11624326,0.52578907,0.35796767,"Taylor Ward",17548,621493
"Emmanuel Rivera","- - -",0.291417165,1.520958083,0.184108527,0.492248062,0.32364341,0.059880239,0.089820359,5,0.019685039,0,0,0.34042553,0.38297872,0.27659574,0.12765957,0.51450677,0.35783366,"Emmanuel Rivera",19890,656896
"Francisco Cervelli","- - -",0.288461538,1.219512195,0.157407407,0.462962962,0.379629629,0.073170731,0.097560975,3,0.06,0,0,0.44036697,0.29357798,0.26605505,0.11926606,0.52293578,0.35779817,"Francisco Cervelli",5275,465041
"Rhys Hoskins","- - -",0.270434782,0.68034188,0.207896857,0.320709105,0.471394037,0.14017094,0.155555555,30,0.075376884,0,0,0.47542305,0.3199033,0.20467365,0.15471394,0.48751007,0.35777599,"Rhys Hoskins",16472,656555
"Josh Naylor","- - -",0.290020093,1.291592128,0.187182741,0.458121827,0.354695431,0.089445438,0.150268336,29,0.040166204,1,1,0.42422321,0.36461636,0.21116043,0.15409004,0.48826886,0.35764109,"Josh Naylor",18839,647304
"José Abreu","- - -",0.307228915,1.453488372,0.196190476,0.476190476,0.327619047,0.075581395,0.156976744,37,0.049333333,0,0,0.38222222,0.36190476,0.25587302,0.14857143,0.49396825,0.35746032,"Jose Abreu",15676,547989
"Yasmani Grandal","- - -",0.258358662,1.167095115,0.190201729,0.436119116,0.373679154,0.100257069,0.149100257,16,0.03524229,2,0.333333333,0.42120344,0.35721108,0.22158548,0.15472779,0.48806113,0.35721108,"Yasmani Grandal",11368,518735
"Sean Rodríguez","- - -",0.27027027,1,0.243243243,0.378378378,0.378378378,0.142857142,0.071428571,1,0.071428571,0,0,0.4047619,0.33333333,0.26190476,0.23809524,0.4047619,0.35714286,"Sean Rodriguez",6589,446481
"José Devers","MIA",0.321428571,2,0.357142857,0.428571428,0.214285714,0.333333333,0,1,0.083333333,0,0,0.39285714,0.42857143,0.17857143,0.25,0.39285714,0.35714286,"Jose Devers",20540,672701
"Sam Hilliard","- - -",0.29787234,1.164473684,0.181592039,0.440298507,0.378109452,0.111842105,0.197368421,9,0.050847457,3,0.428571428,0.400978,0.39364303,0.20537897,0.17848411,0.46454768,0.35696822,"Sam Hilliard",17954,656541
"Jonathan Lucroy","- - -",0.261904761,1.45614035,0.190751445,0.479768786,0.329479768,0.122807017,0.087719298,3,0.036144578,0,0,0.40229885,0.40229885,0.1954023,0.17816092,0.46551724,0.35632184,"Jonathan Lucroy",7870,518960
"Ramón Laureano","- - -",0.300917431,1.022222222,0.215517241,0.396551724,0.387931034,0.093333333,0.157777777,44,0.095652173,0,0,0.43115318,0.33476764,0.23407917,0.16179002,0.48192771,0.35628227,"Ramon Laureano",17128,657656
"Yandy Díaz","TBR",0.319380733,1.967935871,0.178135405,0.544950055,0.276914539,0.104208416,0.116232464,74,0.075356415,0,0,0.29356271,0.40066593,0.30577137,0.15260821,0.49112098,0.35627081,"Yandy Diaz",16578,650490
"Ian Happ","CHC",0.298784388,1.027522935,0.206937799,0.401913875,0.391148325,0.065749235,0.168195718,41,0.061011904,1,1,0.40466228,0.34130305,0.25403467,0.1356844,0.50806934,0.35624626,"Ian Happ",17919,664023
"Bryan Reynolds","PIT",0.319644839,1.198156682,0.248818897,0.409448818,0.341732283,0.032258064,0.161290322,38,0.048717948,1,1,0.41133263,0.34365163,0.24501574,0.12486884,0.51888772,0.35624344,"Bryan Reynolds",19326,668804
"Isaac Collins","MIL",0.349726775,1.322033898,0.26344086,0.419354838,0.317204301,0.118644067,0.084745762,5,0.064102564,2,0.4,0.39790576,0.36649215,0.23560209,0.17277487,0.47120419,0.35602094,"Isaac Collins",25477,686555
"Nolan Gorman","STL",0.289099526,0.602373887,0.22077922,0.292929292,0.486291486,0.083086053,0.181008902,9,0.044334975,1,1,0.43948127,0.33717579,0.22334294,0.14409222,0.5,0.35590778,"Nolan Gorman",22263,669357
"Jarred Kelenic","- - -",0.283653846,0.954887218,0.216867469,0.38253012,0.400602409,0.093984962,0.154135338,12,0.047244094,0,0,0.40990991,0.37087087,0.21921922,0.15165165,0.49249249,0.35585586,"Jarred Kelenic",22558,672284
"Manny Piña","- - -",0.168831168,0.866666666,0.156626506,0.391566265,0.451807228,0.04,0.16,2,0.03076923,0,0,0.42771084,0.3373494,0.23493976,0.15662651,0.48795181,0.35542169,"Manny Pina",2829,444489
"Riley Greene","DET",0.345579793,1.235294117,0.229455709,0.425827107,0.344717182,0.021671826,0.204334365,17,0.042606516,0,0,0.41515475,0.33511206,0.24973319,0.11099253,0.53361793,0.35538954,"Riley Greene",25976,682985
"Meibrys Viloria","- - -",0.279661016,2,0.153846153,0.564102564,0.282051282,0.03030303,0.06060606,3,0.045454545,1,0.25,0.33057851,0.40495868,0.26446281,0.19008264,0.45454545,0.3553719,"Meibrys Viloria",17109,650619
"Tyler White","- - -",0.333333333,1.257142857,0.261682242,0.411214953,0.327102803,0.057142857,0.057142857,2,0.045454545,0,0,0.42056075,0.35514019,0.22429907,0.14018692,0.5046729,0.35514019,"Tyler White",15564,643603
"David Peralta","- - -",0.314181818,1.503340757,0.209563994,0.474683544,0.315752461,0.102449888,0.10467706,36,0.053333333,0,0,0.37974684,0.37201125,0.24824191,0.1511955,0.49367089,0.35513361,"David Peralta",2136,444482
"JaCoby Jones","DET",0.32034632,1.261904761,0.224489795,0.432653061,0.342857142,0.059523809,0.178571428,11,0.103773584,0,0,0.41632653,0.33469388,0.24897959,0.11836735,0.52653061,0.35510204,"JaCoby Jones",14818,592444
"Bryan De La Cruz","- - -",0.297297297,1.163690476,0.222459893,0.418181818,0.359358288,0.074404761,0.139880952,26,0.066496163,0,0,0.41283422,0.34117647,0.2459893,0.12941176,0.51550802,0.35508021,"Bryan De La Cruz",19600,650559
"Alejandro Kirk","TOR",0.279069767,1.414141414,0.201336675,0.467836257,0.330827067,0.106060606,0.09090909,27,0.048214285,0,0,0.31411863,0.40350877,0.2823726,0.14619883,0.49874687,0.3550543,"Alejandro Kirk",22581,672386
"Bobby Witt Jr.","KCR",0.316312997,0.848011363,0.183301946,0.374764595,0.441933458,0.115056818,0.12215909,59,0.09882747,1,0.5,0.34984326,0.37115987,0.27899687,0.15673981,0.48840125,0.35485893,"Bobby Witt Jr.",25764,677951
"J.C. Escarra","NYY",0.183333333,1.428571428,0.177419354,0.483870967,0.338709677,0.238095238,0.095238095,0,0,0,0,0.46774194,0.30645161,0.22580645,0.19354839,0.4516129,0.35483871,"J.C. Escarra",20084,641555
"Iván Herrera","STL",0.346153846,1.747663551,0.220159151,0.49602122,0.283819628,0.093457943,0.121495327,8,0.042780748,0,0,0.37037037,0.33862434,0.29100529,0.15873016,0.48677249,0.35449735,"Ivan Herrera",20599,671056
"Mitch Garver","- - -",0.256923076,0.738872403,0.17580872,0.35021097,0.473980309,0.12462908,0.181008902,13,0.052208835,0,0,0.52461322,0.29254571,0.18284107,0.17299578,0.47257384,0.35443038,"Mitch Garver",15161,641598
"George Springer","- - -",0.29471316,1.165487977,0.199267782,0.430962343,0.369769874,0.110325318,0.189533239,61,0.074029126,0,0,0.43485086,0.34327577,0.22187336,0.16902145,0.47671376,0.35426478,"George Springer",12856,543807
"Brandon Nimmo","NYM",0.298941798,1.208828522,0.182788944,0.44723618,0.369974874,0.079796264,0.147707979,44,0.061797752,5,0.416666666,0.36097257,0.35099751,0.28802993,0.15461347,0.49189526,0.35349127,"Brandon Nimmo",12927,607043
"Anthony Santander","- - -",0.246744791,0.609988109,0.179393939,0.31090909,0.509696969,0.189060642,0.139120095,20,0.038986354,1,0.2,0.45740181,0.31782477,0.22477341,0.20302115,0.44350453,0.35347432,"Anthony Santander",14551,623993
"DJ Stewart","- - -",0.246943765,0.753554502,0.162895927,0.359728506,0.477375565,0.180094786,0.17535545,6,0.037735849,3,0.6,0.50111857,0.3064877,0.19239374,0.22818792,0.41834452,0.35346756,"DJ Stewart",17766,621466
"Hunter Renfroe","- - -",0.259529602,0.896258503,0.157854984,0.398036253,0.444108761,0.147959183,0.156462585,25,0.04743833,1,0.333333333,0.50565185,0.2976639,0.19668425,0.19969857,0.44687265,0.35342879,"Hunter Renfroe",15464,592669
"Phillip Evans","PIT",0.255813953,2,0.142857142,0.571428571,0.285714285,0.210526315,0.105263157,4,0.052631578,0,0,0.39097744,0.37593985,0.23308271,0.2406015,0.40601504,0.35338346,"Phillip Evans",12950,595943
"Mitch Moreland","- - -",0.269230769,1.096969696,0.185882352,0.425882352,0.388235294,0.072727272,0.212121212,2,0.011049723,0,0,0.46117647,0.32,0.21882353,0.11058824,0.53647059,0.35294118,"Mitch Moreland",3086,519048
"Cory Spangenberg","MIL",0.36,4.571428571,0.1875,0.666666666,0.145833333,0.142857142,0.142857142,5,0.15625,1,0.333333333,0.47058824,0.29411765,0.23529412,0.2745098,0.37254902,0.35294118,"Cory Spangenberg",12294,605486
"Max Moroff","- - -",0.266666666,0.375,0.3125,0.1875,0.5,0.25,0.125,0,0,0,0,0.47058824,0.29411765,0.23529412,0.11764706,0.52941176,0.35294118,"Max Moroff",14556,621559
"Nick Dini","KCR",0.2,0.333333333,0.25,0.1875,0.5625,0.111111111,0.111111111,0,0,0,0,0.23529412,0.47058824,0.29411765,0.29411765,0.35294118,0.35294118,"Nick Dini",18206,664926
"Elehuris Montero","COL",0.310580204,0.868613138,0.163398692,0.388888888,0.447712418,0.08759124,0.09489051,14,0.117647058,0,0,0.40522876,0.37908497,0.21568627,0.16993464,0.47712418,0.35294118,"Elehuris Montero",20543,660707
"Daniel Schneemann","CLE",0.263157894,1.214285714,0.17699115,0.451327433,0.371681415,0.047619047,0.126984126,8,0.052287581,0,0,0.45294118,0.33823529,0.20882353,0.12352941,0.52352941,0.35294118,"Daniel Schneemann",25180,682177
"J.T. Realmuto","PHI",0.314720812,1.175895765,0.197115384,0.43389423,0.368990384,0.096091205,0.143322475,67,0.092797783,0,0,0.40745192,0.33533654,0.25721154,0.15264423,0.49459135,0.35276442,"J.T. Realmuto",11739,592663
"Kerry Carpenter","DET",0.322857142,0.832335329,0.197903014,0.364351245,0.43774574,0.098802395,0.188622754,8,0.028776978,0,0,0.45216252,0.33813893,0.20969856,0.1231979,0.5242464,0.3525557,"Kerry Carpenter",25961,681481
"Mike Ford","- - -",0.225806451,0.862857142,0.185,0.3775,0.4375,0.12,0.16,3,0.019867549,0,0,0.4625,0.3575,0.18,0.185,0.4625,0.3525,"Mike Ford",15585,645801
"Rougned Odor","- - -",0.230974632,0.686684073,0.178117048,0.334605597,0.487277353,0.146214099,0.138381201,13,0.049429657,11,0.647058823,0.45952677,0.33748443,0.20298879,0.17932752,0.46824408,0.35242839,"Rougned Odor",12282,596059
"Bo Bichette","TOR",0.34200542,1.575601374,0.222106901,0.475869226,0.302023871,0.06185567,0.14089347,57,0.062159214,0,0,0.28697457,0.36844837,0.34457706,0.1380384,0.50960042,0.35236118,"Bo Bichette",19612,666182
"Alexander Canario","- - -",0.369047619,1.366666666,0.193181818,0.46590909,0.34090909,0.066666666,0.133333333,4,0.097560975,0,0,0.35227273,0.44318182,0.20454545,0.20454545,0.44318182,0.35227273,"Alexander Canario",22842,672744
"Ryan Noda","- - -",0.322709163,0.885714285,0.235521235,0.359073359,0.405405405,0.104761904,0.114285714,6,0.064516129,1,0.2,0.46590909,0.3030303,0.23106061,0.14015152,0.50757576,0.35227273,"Ryan Noda",23312,676116
"Austin Wells","NYY",0.244444444,0.740088105,0.175365344,0.350730688,0.473903966,0.114537444,0.140969162,7,0.041666666,3,0.75,0.39130435,0.32712215,0.2815735,0.1573499,0.49068323,0.35196687,"Austin Wells",27562,669224
"AJ Pollock","- - -",0.286458333,1.124590163,0.195031055,0.426086956,0.378881987,0.111475409,0.127868852,30,0.087463556,0,0,0.4448575,0.3197026,0.2354399,0.16232962,0.48574969,0.35192069,"AJ Pollock",9256,572041
"Colin Moran","- - -",0.326013513,1.537234042,0.230645161,0.466129032,0.303225806,0.09574468,0.170212765,9,0.031141868,2,0.5,0.4141252,0.34189406,0.24398074,0.13483146,0.51364366,0.35152488,"Colin Moran",16909,592567
"Willy Adames","- - -",0.303297997,0.914552736,0.214246575,0.375342465,0.410410958,0.094793057,0.172229639,58,0.084671532,0,0,0.45185996,0.33752735,0.21061269,0.16684902,0.48194748,0.3512035,"Willy Adames",15986,642715
"Hunter Dozier","KCR",0.2956621,0.911917098,0.19956616,0.381778741,0.418655097,0.113989637,0.121761658,26,0.073863636,0,0,0.41820152,0.34994583,0.23185265,0.16359697,0.48537378,0.35102925,"Hunter Dozier",15117,641531
"David Bote","CHC",0.305288461,1.44137931,0.191780821,0.477168949,0.331050228,0.117241379,0.151724137,15,0.071770334,0,0,0.39635535,0.35079727,0.25284738,0.17084282,0.47835991,0.35079727,"David Bote",14593,623520
"Francisco Lindor","- - -",0.294117647,0.925531914,0.218705035,0.375539568,0.405755395,0.09929078,0.147754137,37,0.04725415,7,0.4375,0.4355069,0.3407901,0.223703,0.14136126,0.5078534,0.35078534,"Francisco Lindor",12916,596019
"Oliver Dunn","MIL",0.337837837,2.235294117,0.246575342,0.520547945,0.232876712,0.117647058,0.058823529,4,0.105263157,0,0,0.46753247,0.36363636,0.16883117,0.16883117,0.48051948,0.35064935,"Oliver Dunn",26295,686554
"Nathaniel Lowe","- - -",0.326832548,1.39453125,0.218112244,0.455357142,0.326530612,0.0703125,0.16015625,43,0.060224089,0,0,0.31867431,0.38304653,0.29827916,0.15168897,0.49776928,0.35054175,"Nathaniel Lowe",19566,663993
"Andre Lipcius","DET",0.263157894,0.777777777,0.2,0.35,0.45,0,0.111111111,0,0,0,0,0.35,0.3,0.35,0.1,0.55,0.35,"Andre Lipcius",25822,686531
"Jorge Polanco","- - -",0.283926218,0.771306818,0.223536737,0.338107098,0.438356164,0.07528409,0.142045454,32,0.05893186,8,0.470588235,0.47319778,0.30499076,0.22181146,0.15033888,0.49969193,0.34996919,"Jorge Polanco",13152,593871
"Starlin Castro","- - -",0.279338842,1.51231527,0.181380417,0.492776886,0.325842696,0.073891625,0.08866995,18,0.058631921,0,0,0.39967897,0.36276083,0.23756019,0.17495987,0.47512039,0.34991974,"Starlin Castro",4579,516770
"Dexter Fowler","- - -",0.310679611,0.968,0.247706422,0.370030581,0.382262996,0.064,0.152,7,0.057851239,1,0.5,0.443769,0.34346505,0.21276596,0.17629179,0.47416413,0.34954407,"Dexter Fowler",4062,451594
"Skye Bolt","- - -",0.205128205,1.72,0.160493827,0.530864197,0.308641975,0.04,0.16,1,0.023255813,1,0.5,0.46987952,0.3253012,0.20481928,0.08433735,0.56626506,0.34939759,"Skye Bolt",17723,621450
"Alex Gordon","KCR",0.290398126,1.430656934,0.234482758,0.450574712,0.314942528,0.05109489,0.102189781,14,0.071428571,2,0.333333333,0.42176871,0.36281179,0.2154195,0.15419501,0.49659864,0.34920635,"Alex Gordon",5209,460086
"Eddie Rosario","- - -",0.260504201,0.840531561,0.202303815,0.364290856,0.433405327,0.096345514,0.141196013,23,0.045454545,4,0.666666666,0.4688172,0.32401434,0.20716846,0.14982079,0.50107527,0.34910394,"Eddie Rosario",12155,592696
"Mitch Haniger","- - -",0.270448548,0.908045977,0.184275184,0.388206388,0.427518427,0.112068965,0.16091954,13,0.04113924,0,0,0.45454545,0.32309582,0.22235872,0.18304668,0.46805897,0.34889435,"Mitch Haniger",14274,571745
"Nick Castellanos","- - -",0.312082262,1.025641025,0.231517509,0.389105058,0.379377431,0.056410256,0.142307692,52,0.065,0,0,0.40077821,0.34533074,0.25389105,0.13472763,0.51653696,0.34873541,"Nick Castellanos",11737,592206
"Randal Grichuk","- - -",0.274385408,1.10940499,0.174305033,0.434259954,0.391435011,0.151631477,0.134357005,50,0.08650519,0,0,0.44853494,0.31630353,0.23516153,0.18106687,0.47032307,0.34861007,"Randal Grichuk",10243,545341
"James Outman","- - -",0.289719626,0.751592356,0.216524216,0.336182336,0.447293447,0.121019108,0.203821656,11,0.093220338,1,0.5,0.48725212,0.30311615,0.20963173,0.16430595,0.48725212,0.34844193,"James Outman",24770,681546
"Cheslor Cuthbert","KCR",0.264367816,1.098591549,0.162921348,0.438202247,0.398876404,0.225352112,0.056338028,4,0.051282051,0,0,0.41011236,0.34831461,0.24157303,0.20786517,0.44382022,0.34831461,"Cheslor Cuthbert",10473,596144
"Diego Castillo","- - -",0.218390804,1.25,0.191011235,0.449438202,0.359550561,0,0.0625,1,0.025,0,0,0.40449438,0.37078652,0.2247191,0.1011236,0.5505618,0.34831461,"Diego Castillo",19906,660636
"Willie Calhoun","- - -",0.253856942,0.922829581,0.196236559,0.385752688,0.418010752,0.147909967,0.099678456,11,0.038327526,0,0,0.42876344,0.37365591,0.19758065,0.14919355,0.50268817,0.34811828,"Willie Calhoun",17838,641432
"Yairo Muñoz","- - -",0.301282051,1.977272727,0.18125,0.54375,0.275,0.159090909,0.113636363,8,0.091954022,0,0,0.41614907,0.31677019,0.26708075,0.20496894,0.44720497,0.34782609,"Yairo Munoz",16313,622168
"Blake Rutherford","WSN",0.173913043,2.666666666,0.04347826,0.695652173,0.260869565,0,0,1,0.0625,0,0,0.47826087,0.34782609,0.17391304,0.13043478,0.52173913,0.34782609,"Blake Rutherford",19957,666164
"Zach Cole","HOU",0.368421052,1,0.181818181,0.409090909,0.409090909,0,0.444444444,0,0,0,0,0.43478261,0.43478261,0.13043478,0.04347826,0.60869565,0.34782609,"Zach Cole",31583,805904
"Dansby Swanson","- - -",0.304526748,1.106217616,0.206054687,0.416992187,0.376953125,0.090673575,0.137305699,77,0.090163934,1,0.2,0.4354603,0.34632245,0.21821724,0.13589868,0.51631758,0.34778373,"Dansby Swanson",18314,621020
"Justin Turner","- - -",0.305019305,0.834080717,0.242124768,0.344657195,0.413218035,0.095665171,0.100149476,25,0.044802867,0,0,0.37901235,0.34814815,0.27283951,0.13395062,0.51851852,0.34753086,"Justin Turner",5235,457759
"Jordan Beck","COL",0.328445747,1.341666666,0.194842406,0.461318051,0.343839541,0.083333333,0.108333333,15,0.093167701,3,0.6,0.40112994,0.38418079,0.21468927,0.16384181,0.48870056,0.34745763,"Jordan Beck",31431,687597
"Wyatt Langford","TEX",0.297597042,0.957446808,0.188712522,0.396825396,0.414462081,0.123404255,0.110638297,17,0.075555555,0,0,0.47619048,0.30335097,0.22045855,0.17283951,0.47971781,0.34744268,"Wyatt Langford",33333,694671
"Gabriel Arias","CLE",0.321867321,1.770491803,0.197149643,0.513064133,0.289786223,0.106557377,0.139344262,14,0.064814814,2,0.4,0.37089202,0.36619718,0.2629108,0.15962441,0.49295775,0.34741784,"Gabriel Arias",22563,672356
"Marwin Gonzalez","- - -",0.25527831,1.202072538,0.210037174,0.431226765,0.358736059,0.150259067,0.119170984,8,0.034482758,2,0.222222222,0.43510055,0.34003656,0.22486289,0.16636197,0.48628885,0.34734918,"Marwin Gonzalez",5497,503556
"Scooter Gennett","- - -",0.338028169,1.363636363,0.267605633,0.422535211,0.309859154,0.045454545,0.045454545,1,0.033333333,0,0,0.44444444,0.40277778,0.15277778,0.11111111,0.54166667,0.34722222,"Scooter Gennett",10339,571697
"José Marmolejos","SEA",0.223214285,0.759259259,0.214876033,0.338842975,0.446280991,0.129629629,0.166666666,2,0.048780487,0,0,0.39669421,0.3553719,0.24793388,0.14876033,0.50413223,0.34710744,"Jose Marmolejos",15767,592530
"J.D. Davis","- - -",0.347885402,1.854460093,0.21548387,0.509677419,0.274838709,0.07511737,0.197183098,36,0.09113924,0,0,0.36516129,0.37032258,0.26451613,0.13935484,0.51354839,0.34709677,"J.D. Davis",16219,605204
"Randy Arozarena","- - -",0.310589907,1.345419847,0.168470906,0.47699594,0.354533152,0.141221374,0.141221374,82,0.116312056,0,0,0.41120864,0.3679946,0.22079676,0.16610398,0.48683322,0.3470628,"Randy Arozarena",19290,668227
"Daulton Varsho","- - -",0.244122965,0.655986509,0.169204737,0.329103214,0.501692047,0.153456998,0.151770657,19,0.048843187,9,0.529411764,0.49291076,0.29524604,0.2118432,0.19683069,0.45621351,0.3469558,"Daulton Varsho",19918,662139
"Kyle Manzardo","CLE",0.28362573,0.561497326,0.206521739,0.285326086,0.508152173,0.07486631,0.144385026,5,0.047619047,1,1,0.41734417,0.34417344,0.23848238,0.14092141,0.51219512,0.34688347,"Kyle Manzardo",29794,700932
"Kyle McCann","OAK",0.385714285,1.142857142,0.2,0.426666666,0.373333333,0.071428571,0.178571428,1,0.03125,0,0,0.4,0.34666667,0.25333333,0.16,0.49333333,0.34666667,"Kyle McCann",25575,668832
"Luke Raley","- - -",0.32037037,1.073913043,0.155752212,0.437168141,0.407079646,0.117391304,0.191304347,15,0.060728744,14,0.583333333,0.45500849,0.31748727,0.22750424,0.15959253,0.49405772,0.34634975,"Luke Raley",19354,670042
"Zack Gelof","OAK",0.330845771,1.132075471,0.209790209,0.419580419,0.37062937,0.094339622,0.188679245,15,0.083333333,2,0.285714285,0.47018349,0.33715596,0.19266055,0.11238532,0.5412844,0.34633028,"Zack Gelof",29766,680869
"Mark Vientos","NYM",0.271578947,1.182795698,0.210116731,0.428015564,0.361867704,0.086021505,0.209677419,12,0.054545454,0,0,0.38132296,0.41439689,0.20428016,0.14396887,0.50972763,0.3463035,"Mark Vientos",22184,668901
"Trey Mancini","- - -",0.312217194,1.397435897,0.198285101,0.467309753,0.334405144,0.096153846,0.157051282,31,0.071100917,0,0,0.36977492,0.36012862,0.27009646,0.16184352,0.49196141,0.34619507,"Trey Mancini",15149,641820
"Corban Joseph","- - -",0.156862745,1.2,0.153846153,0.461538461,0.384615384,0.05,0.05,0,0,0,0,0.34615385,0.38461538,0.26923077,0.13461538,0.51923077,0.34615385,"Corban Joseph",5503,543377
"Jason Martin","- - -",0.278350515,1.236842105,0.166666666,0.460784313,0.372549019,0.105263157,0.157894736,0,0,0,0,0.43269231,0.40384615,0.16346154,0.16346154,0.49038462,0.34615385,"Jason Martin",16429,641829
"Riley Adams","- - -",0.3125,1.568181818,0.207017543,0.484210526,0.308771929,0.136363636,0.147727272,4,0.028985507,0,0,0.3986014,0.30769231,0.29370629,0.15734266,0.4965035,0.34615385,"Riley Adams",19864,656180
"Ezequiel Tovar","COL",0.327669902,0.918604651,0.228971962,0.369158878,0.401869158,0.075581395,0.098837209,24,0.075949367,1,0.071428571,0.36436782,0.36896552,0.26666667,0.13333333,0.52068966,0.34597701,"Ezequiel Tovar",24064,678662
"Luis Torrens","- - -",0.293181818,1.915966386,0.230598669,0.505543237,0.263858093,0.075630252,0.100840336,9,0.039473684,0,0,0.34361233,0.42070485,0.23568282,0.13436123,0.51982379,0.34581498,"Luis Torrens",15905,620443
"René Pinto","TBR",0.30927835,0.909090909,0.207547169,0.37735849,0.415094339,0.068181818,0.204545454,2,0.05,0,0,0.40186916,0.34579439,0.25233645,0.10280374,0.55140187,0.34579439,"Rene Pinto",19859,650907
"Jesse Winker","- - -",0.295960428,1.151111111,0.243158717,0.405003909,0.351837372,0.1,0.155555555,12,0.023166023,1,0.166666666,0.41089494,0.34319066,0.2459144,0.17976654,0.47470817,0.34552529,"Jesse Winker",13590,608385
"Lawrence Butler","OAK",0.295190713,1.120833333,0.203442879,0.420970266,0.375586854,0.0625,0.158333333,14,0.052044609,1,0.25,0.32970451,0.37325039,0.2970451,0.14463453,0.51010886,0.34525661,"Lawrence Butler",22542,671732
"LaMonte Wade Jr.","- - -",0.281524926,0.778481012,0.214352283,0.343895619,0.441752096,0.107594936,0.11392405,17,0.04607046,3,0.333333333,0.43622921,0.33456562,0.22920518,0.1480111,0.50693802,0.34505088,"LaMonte Wade Jr.",18126,664774
"Darick Hall","PHI",0.289719626,0.833333333,0.24137931,0.344827586,0.413793103,0.104166666,0.1875,3,0.075,0,0,0.39655172,0.3362069,0.26724138,0.13793103,0.51724138,0.34482759,"Darick Hall",19717,669742
"David Villar","SFG",0.207547169,0.903846153,0.146551724,0.405172413,0.448275862,0.057692307,0.192307692,2,0.042553191,0,0,0.42241379,0.42241379,0.15517241,0.17241379,0.48275862,0.34482759,"David Villar",24782,681584
"Kyle Teel","CHW",0.363013698,0.966101694,0.241830065,0.372549019,0.385620915,0.016949152,0.13559322,1,0.017543859,1,1,0.42857143,0.33766234,0.23376623,0.07142857,0.58441558,0.34415584,"Kyle Teel",33549,691019
"Otto Kemp","PHI",0.303370786,1.171428571,0.173913043,0.445652173,0.380434782,0.028571428,0.114285714,3,0.073170731,1,1,0.51612903,0.27956989,0.20430108,0.06451613,0.59139785,0.34408602,"Otto Kemp",31792,805249
"Richard Urena","TOR",0.387096774,1.3,0.233333333,0.433333333,0.333333333,0.2,0,1,0.076923076,0,0,0.4375,0.28125,0.28125,0.21875,0.4375,0.34375,"Richard Urena",16411,620446
"Jared Young","- - -",0.206896551,0.793103448,0.1875,0.359375,0.453125,0.172413793,0.206896551,3,0.130434782,0,0,0.46875,0.28125,0.25,0.203125,0.453125,0.34375,"Jared Young",20404,676724
"Kyle Higashioka","- - -",0.259016393,0.775862068,0.204018547,0.347758887,0.448222565,0.14137931,0.14137931,11,0.048888888,0,0,0.50992366,0.29618321,0.19389313,0.14656489,0.50992366,0.34351145,"Kyle Higashioka",5517,543309
"Brady House","WSN",0.307692307,1.422222222,0.186567164,0.47761194,0.335820895,0.022222222,0.088888888,4,0.0625,0,0,0.32835821,0.37313433,0.29850746,0.15671642,0.5,0.34328358,"Brady House",29993,691781
"Brett Phillips","- - -",0.276515151,0.74015748,0.221830985,0.330985915,0.447183098,0.078740157,0.188976377,5,0.053191489,1,0.125,0.42808219,0.35616438,0.21575342,0.14041096,0.51712329,0.34246575,"Brett Phillips",14735,621433
"CJ Kayfus","CLE",0.289855072,0.892857142,0.263888888,0.347222222,0.388888888,0,0.107142857,0,0,0,0,0.36986301,0.30136986,0.32876712,0.04109589,0.61643836,0.34246575,"CJ Kayfus",33704,692216
"Andruw Monasterio","MIL",0.324110671,0.798165137,0.234375,0.33984375,0.42578125,0.100917431,0.036697247,10,0.114942528,0,0,0.38910506,0.35019455,0.26070039,0.13618677,0.52140078,0.34241245,"Andruw Monasterio",19455,655316
"Carlos González","- - -",0.301369863,2.05,0.186666666,0.546666666,0.266666666,0.1,0.15,1,0.024390243,1,1,0.36842105,0.38157895,0.25,0.25,0.40789474,0.34210526,"Carlos Gonzalez",7287,471865
"Leonys Martin","CLE",0.269230769,0.936170212,0.157407407,0.407407407,0.435185185,0.212765957,0.170212765,1,0.022727272,1,0.166666666,0.40350877,0.3245614,0.27192982,0.18421053,0.47368421,0.34210526,"Leonys Martin",11846,547982
"Cody Bellinger","- - -",0.268115942,0.722699386,0.204081632,0.333900226,0.46201814,0.10184049,0.141104294,46,0.078098471,3,0.428571428,0.45849802,0.32749859,0.21400339,0.15406321,0.50395034,0.34198646,"Cody Bellinger",15998,641355
"Christin Stewart","DET",0.266159695,0.680327868,0.254545454,0.301818181,0.443636363,0.090163934,0.098360655,1,0.012048192,0,0,0.43272727,0.33090909,0.23636364,0.15636364,0.50181818,0.34181818,"Christin Stewart",17714,621514
"Alex Bregman","- - -",0.274779735,0.794252873,0.188247529,0.359334373,0.452418096,0.12183908,0.122988505,35,0.05065123,0,0,0.44877795,0.34685387,0.20436817,0.15132605,0.50702028,0.34165367,"Alex Bregman",17678,608324
"Eric Wagaman","- - -",0.287769784,1.205882352,0.207746478,0.433098591,0.359154929,0.088235294,0.058823529,12,0.097560975,0,0,0.39084507,0.38028169,0.22887324,0.1584507,0.5,0.3415493,"Eric Wagaman",23395,676572
"Adam Eaton","- - -",0.296875,1.126126126,0.201353637,0.423011844,0.375634517,0.072072072,0.099099099,21,0.084,5,0.277777777,0.34646962,0.35303777,0.30049261,0.18883415,0.46962233,0.34154351,"Adam Eaton",11205,594809
"Buster Posey","SFG",0.320093457,1.775,0.255033557,0.476510067,0.268456375,0.033333333,0.158333333,8,0.037558685,0,0,0.35044643,0.38616071,0.26339286,0.140625,0.51785714,0.34151786,"Buster Posey",9166,457763
"Sean Murphy","- - -",0.270080321,1.20460358,0.186792452,0.444339622,0.368867924,0.10230179,0.163682864,25,0.053078556,0,0,0.45943396,0.33490566,0.20566038,0.16320755,0.49528302,0.34150943,"Sean Murphy",19352,669221
"Freddy Galvis","- - -",0.2734375,1.047169811,0.19330855,0.412639405,0.394052044,0.094339622,0.155660377,9,0.04054054,4,0.4,0.44160584,0.31386861,0.24452555,0.17518248,0.48357664,0.34124088,"Freddy Galvis",6609,520471
"Jeremiah Jackson","BAL",0.357142857,1.551724137,0.159090909,0.511363636,0.329545454,0.103448275,0.137931034,6,0.133333333,0,0,0.38636364,0.38636364,0.22727273,0.11363636,0.54545455,0.34090909,"Jeremiah Jackson",22239,669236
"Marco Luciano","SFG",0.295454545,1.0625,0.25,0.386363636,0.363636363,0,0,0,0,0,0,0.25,0.29545455,0.45454545,0.25,0.40909091,0.34090909,"Marco Luciano",25616,682617
"Sergio Alcántara","- - -",0.285046728,1.083333333,0.208144796,0.411764705,0.380090497,0.083333333,0.107142857,5,0.054945054,1,0.2,0.38938053,0.34070796,0.2699115,0.12389381,0.53539823,0.34070796,"Sergio Alcantara",16417,642727
"Tommy La Stella","- - -",0.27858293,1.102880658,0.207751937,0.415503875,0.376744186,0.0781893,0.111111111,9,0.033582089,1,0.25,0.403698,0.36363636,0.23266564,0.13405239,0.52542373,0.34052388,"Tommy La Stella",12371,600303
"Willie MacIver","ATH",0.239130434,1.642857142,0.212765957,0.489361702,0.29787234,0.071428571,0.071428571,0,0,0,0,0.31914894,0.36170213,0.31914894,0.12765957,0.53191489,0.34042553,"Willie MacIver",24641,680862
"Marcus Semien","- - -",0.263620386,0.793198529,0.192132505,0.357349896,0.450517598,0.11305147,0.12867647,72,0.083429895,0,0,0.48013245,0.30836093,0.21150662,0.16853002,0.49109731,0.34037267,"Marcus Semien",12533,543760
"Travis d'Arnaud","- - -",0.286141575,1.154241645,0.207939508,0.424385633,0.367674858,0.120822622,0.141388174,14,0.0311804,0,0,0.39319471,0.33459357,0.27221172,0.1529745,0.50708215,0.33994334,"Travis d'Arnaud",7739,518595
"Pavin Smith","ARI",0.299479166,1.183391003,0.219059405,0.423267326,0.357673267,0.096885813,0.141868512,17,0.049707602,0,0,0.38566131,0.3868974,0.22744129,0.17058096,0.4894932,0.33992583,"Pavin Smith",19892,656976
"Mike Brosseau","- - -",0.279720279,1.189655172,0.164473684,0.453947368,0.381578947,0.155172413,0.155172413,3,0.04347826,0,0,0.4248366,0.34640523,0.22875817,0.18300654,0.47712418,0.33986928,"Mike Brosseau",19683,670712
"Casey Schmitt","SFG",0.274914089,0.764705882,0.210526315,0.342105263,0.447368421,0.102941176,0.102941176,2,0.019230769,1,0.2,0.46601942,0.29449838,0.2394822,0.14886731,0.51132686,0.33980583,"Casey Schmitt",27577,669477
"Miguel Cabrera","DET",0.301193755,1.559420289,0.215111111,0.478222222,0.306666666,0.075362318,0.104347826,27,0.050185873,0,0,0.33777778,0.376,0.28622222,0.12355556,0.53688889,0.33955556,"Miguel Cabrera",1744,408234
"Ryan Mountcastle","BAL",0.3122398,1.079591836,0.194466403,0.418181818,0.387351778,0.075510204,0.130612244,51,0.096408317,0,0,0.3312253,0.3541502,0.31462451,0.13280632,0.52806324,0.33913043,"Ryan Mountcastle",18373,663624
"César Puello","- - -",0.363636363,5.428571428,0.210526315,0.666666666,0.122807017,0,0.285714285,5,0.131578947,0,0,0.50847458,0.3559322,0.13559322,0.25423729,0.40677966,0.33898305,"Cesar Puello",7216,527049
"Dylan Beavers","BAL",0.345454545,0.629629629,0.24137931,0.293103448,0.465517241,0.074074074,0.111111111,3,0.176470588,0,0,0.49152542,0.25423729,0.25423729,0.13559322,0.52542373,0.33898305,"Dylan Beavers",31695,687637
"Francisco Alvarez","NYM",0.288888888,1.335260115,0.165289256,0.477272727,0.357438016,0.104046242,0.196531791,17,0.073593073,0,0,0.37603306,0.37809917,0.24586777,0.14256198,0.51859504,0.33884298,"Francisco Alvarez",26121,682626
"Jose Rojas","LAA",0.235772357,0.732142857,0.224,0.328,0.448,0.196428571,0.071428571,2,0.048780487,1,0.5,0.45669291,0.34645669,0.19685039,0.18897638,0.47244094,0.33858268,"Jose Rojas",19331,670351
"Tom Murphy","- - -",0.277108433,1.225490196,0.146616541,0.469924812,0.383458646,0.137254901,0.166666666,6,0.048,0,0,0.46992481,0.30827068,0.22180451,0.19172932,0.46992481,0.33834586,"Tom Murphy",13499,608596
"Andrew McCutchen","- - -",0.275812274,1.108734402,0.18694158,0.427491408,0.38556701,0.094474153,0.124777183,37,0.05948553,0,0,0.45017182,0.34501718,0.204811,0.15257732,0.50927835,0.33814433,"Andrew McCutchen",9847,457705
"Lourdes Gurriel Jr.","- - -",0.293349168,1.082474226,0.199773627,0.415959252,0.384267119,0.095729013,0.122238586,52,0.070748299,0,0,0.40644432,0.34595817,0.24759751,0.15884681,0.5031091,0.33804409,"Lourdes Gurriel Jr.",19238,666971
"Carlos Cortes","ATH",0.343283582,0.965517241,0.197183098,0.394366197,0.408450704,0.103448275,0.137931034,0,0,0,0,0.33802817,0.45070423,0.21126761,0.09859155,0.56338028,0.33802817,"Carlos Cortes",21842,666126
"Davis Schneider","TOR",0.283582089,0.566433566,0.219512195,0.282229965,0.498257839,0.146853146,0.132867132,5,0.061728395,0,0,0.4912892,0.26829268,0.24041812,0.16027875,0.50174216,0.33797909,"Davis Schneider",23565,676914
"Royce Lewis","MIN",0.276150627,0.773913043,0.20622568,0.346303501,0.447470817,0.173913043,0.160869565,18,0.101123595,0,0,0.48543689,0.32815534,0.18640777,0.19029126,0.47184466,0.33786408,"Royce Lewis",20437,668904
"Eric Hosmer","- - -",0.315621679,2.042145593,0.19308943,0.541666666,0.265243902,0.072796934,0.172413793,31,0.05816135,1,0.5,0.3346856,0.39249493,0.27281947,0.19675456,0.46551724,0.33772819,"Eric Hosmer",3516,543333
"Oscar Colás","CHW",0.298013245,1.604166666,0.183006535,0.503267973,0.31372549,0.083333333,0.083333333,8,0.103896103,2,0.5,0.31210191,0.38216561,0.30573248,0.18471338,0.47770701,0.33757962,"Oscar Colas",30162,693049
"Darin Ruf","- - -",0.32173913,1.577464788,0.2375,0.466666666,0.295833333,0.126760563,0.14084507,6,0.053571428,0,0,0.43333333,0.3125,0.25416667,0.18333333,0.47916667,0.3375,"Darin Ruf",9929,573131
"Charlie Blackmon","COL",0.303155006,1.032815198,0.223614775,0.394459102,0.381926121,0.107081174,0.112262521,34,0.056856187,4,0.4,0.43643512,0.34534731,0.21821756,0.16710354,0.49541284,0.33748362,"Charlie Blackmon",7859,453568
"Jesús Aguilar","- - -",0.276729559,0.791208791,0.222884386,0.343265792,0.433849821,0.109890109,0.12087912,10,0.034722222,0,0,0.39928486,0.340882,0.25983313,0.15494636,0.50774732,0.33730632,"Jesus Aguilar",11342,542583
"Robel García","- - -",0.2375,0.707317073,0.166666666,0.345238095,0.488095238,0.073170731,0.121951219,2,0.068965517,0,0,0.47674419,0.31395349,0.20930233,0.23255814,0.43023256,0.3372093,"Robel Garcia",13167,596825
"Colt Keith","DET",0.3,1.067510548,0.228346456,0.398425196,0.373228346,0.05485232,0.105485232,18,0.071146245,0,0,0.36850394,0.37795276,0.25354331,0.12913386,0.53385827,0.33700787,"Colt Keith",27899,690993
"Brendan Rodgers","- - -",0.310710498,1.918518518,0.185950413,0.535123966,0.278925619,0.055555555,0.092592592,40,0.077220077,0,0,0.3481405,0.38326446,0.26859504,0.17252066,0.49070248,0.33677686,"Brendan Rodgers",17907,663898
"Brett Gardner","NYY",0.260323159,0.983539094,0.177474402,0.407849829,0.414675767,0.111111111,0.152263374,19,0.079497907,6,0.75,0.4040404,0.36026936,0.23569024,0.18686869,0.47643098,0.33670034,"Brett Gardner",9927,458731
"Leo Jiménez","TOR",0.237113402,1.108108108,0.204081632,0.418367346,0.37755102,0.081081081,0.081081081,3,0.073170731,1,0.333333333,0.30693069,0.3960396,0.2970297,0.17821782,0.48514851,0.33663366,"Leo Jimenez",23782,677870
"Ozzie Albies","ATL",0.266702586,0.793063583,0.202160493,0.352880658,0.444958847,0.102890173,0.105202312,41,0.059766763,1,0.333333333,0.49152542,0.32717001,0.18130457,0.15202876,0.51155624,0.336415,"Ozzie Albies",16556,645277
"Rob Refsnyder","- - -",0.306748466,1.414414414,0.2,0.468656716,0.331343283,0.081081081,0.081081081,10,0.063694267,0,0,0.39285714,0.375,0.23214286,0.17261905,0.49107143,0.33630952,"Rob Refsnyder",13770,608701
"Kristian Campbell","BOS",0.311926605,2.068965517,0.21238938,0.530973451,0.256637168,0.034482758,0.172413793,4,0.066666666,0,0,0.27433628,0.38938053,0.33628319,0.16814159,0.49557522,0.33628319,"Kristian Campbell",33644,692225
"Anthony Rizzo","- - -",0.256410256,0.924428822,0.2217484,0.37384506,0.404406538,0.110720562,0.152899824,17,0.032319391,4,0.666666666,0.44585987,0.3113942,0.24274593,0.1606511,0.50318471,0.33616419,"Anthony Rizzo",3473,519203
"Trey Sweeney","DET",0.240174672,1.07,0.1302521,0.449579831,0.420168067,0.09,0.09,3,0.028037383,0,0,0.44117647,0.36554622,0.19327731,0.17647059,0.48739496,0.33613445,"Trey Sweeney",29575,700242
"Bobby Dalbec","- - -",0.27893175,0.98013245,0.180821917,0.405479452,0.41369863,0.059602649,0.185430463,10,0.067567567,0,0,0.38251366,0.34699454,0.2704918,0.13661202,0.5273224,0.33606557,"Bobby Dalbec",19966,666915
"Carlos Santana","- - -",0.22813036,0.901496259,0.172095548,0.392508143,0.435396308,0.148379052,0.117206982,33,0.045643153,1,1,0.50786761,0.32013022,0.17200217,0.18393923,0.48019533,0.33586544,"Carlos Santana",2396,467793
"Drake Baldwin","ATL",0.28,1.325842696,0.218867924,0.445283018,0.335849056,0.056179775,0.168539325,4,0.033898305,0,0,0.38490566,0.36603774,0.2490566,0.11320755,0.5509434,0.33584906,"Drake Baldwin",31539,686948
"Alec Burleson","STL",0.289558665,1.021333333,0.212058212,0.398128898,0.389812889,0.088,0.112,15,0.03916449,7,0.583333333,0.37063655,0.37474333,0.25462012,0.13141684,0.53285421,0.33572895,"Alec Burleson",27615,676475
"Garrett Cooper","- - -",0.338650306,1.838427947,0.237089201,0.494131455,0.268779342,0.056768558,0.165938864,19,0.045130641,0,0,0.37323944,0.35446009,0.27230047,0.15375587,0.51056338,0.33568075,"Garrett Cooper",15279,643265
"Billy McKinney","- - -",0.237529691,0.928571428,0.204081632,0.383219954,0.412698412,0.087912087,0.12087912,8,0.047337278,1,0.333333333,0.47297297,0.3018018,0.22522523,0.1509009,0.51351351,0.33558559,"Billy McKinney",15654,641856
"Bradley Zimmer","- - -",0.296875,1.242857142,0.182291666,0.453125,0.364583333,0.028571428,0.142857142,11,0.126436781,4,0.363636363,0.39901478,0.31034483,0.29064039,0.1773399,0.48768473,0.33497537,"Bradley Zimmer",16221,605548
"Nick Pratto","KCR",0.343589743,0.790697674,0.245098039,0.333333333,0.421568627,0.104651162,0.116279069,3,0.044117647,0,0,0.41262136,0.32524272,0.26213592,0.19417476,0.47087379,0.33495146,"Nick Pratto",22117,668472
"Matt Beaty","- - -",0.28,1.337748344,0.201357466,0.457013574,0.341628959,0.112582781,0.112582781,12,0.05940594,0,0,0.42986425,0.35520362,0.21493213,0.18099548,0.4841629,0.33484163,"Matt Beaty",17710,607461
"Wander Franco","TBR",0.284848484,1.507177033,0.230543318,0.462555066,0.306901615,0.076555023,0.100478468,16,0.05079365,0,0,0.38619677,0.35389134,0.25991189,0.16299559,0.50220264,0.33480176,"Wander Franco",23667,677551
"Brett Baty","NYM",0.295774647,1.664556962,0.198095238,0.50095238,0.30095238,0.063291139,0.177215189,14,0.053231939,0,0,0.40684411,0.35741445,0.23574144,0.14828897,0.51711027,0.33460076,"Brett Baty",26123,683146
"Jed Lowrie","- - -",0.249190938,0.815602836,0.204968944,0.357142857,0.437888198,0.042553191,0.09929078,5,0.04347826,1,1,0.40866873,0.35913313,0.23219814,0.14551084,0.52012384,0.33436533,"Jed Lowrie",4418,476704
"Yuli Gurriel","- - -",0.296411856,1.138554216,0.19440242,0.428895612,0.376701966,0.134538152,0.080321285,40,0.070546737,0,0,0.38048411,0.37140696,0.24810893,0.17397882,0.4924357,0.33358548,"Yuli Gurriel",19198,493329
"Tyler Chatwood","- - -",0.3,0.8,0.1,0.4,0.5,0.2,0,0,0,0,0,0.25,0.16666667,0.58333333,0.08333333,0.58333333,0.33333333,"Tyler Chatwood",4338,543022
"Jesús Sucre","BAL",0.266666666,2,0.2,0.533333333,0.266666666,0,0,2,0.125,0,0,0.33333333,0.33333333,0.33333333,0.2,0.46666667,0.33333333,"Jesus Sucre",5942,491696
"Noah Syndergaard","NYM",0.266666666,0.625,0.1875,0.3125,0.5,0.125,0.25,0,0,0,0,0.22222222,0.61111111,0.16666667,0.27777778,0.38888889,0.33333333,"Noah Syndergaard",11762,592789
"Ian Miller","MIN",0.25,1.333333333,0.416666666,0.333333333,0.25,0,0,0,0,0,0,0.25,0.25,0.5,0.16666667,0.5,0.33333333,"Ian Miller",15156,641878
"Brian Navarreto","MIA",0.444444444,0.75,0.222222222,0.333333333,0.444444444,0,0,0,0,0,0,0.33333333,0.55555556,0.11111111,0,0.66666667,0.33333333,"Brian Navarreto",16398,640459
"Kyle Lewis","- - -",0.312217194,1.2,0.175,0.45,0.375,0.077777777,0.211111111,7,0.064814814,0,0,0.3375,0.3625,0.3,0.1625,0.50416667,0.33333333,"Kyle Lewis",19508,641786
"Riley Smith","ARI",0,1,0,0.5,0.5,0,0,0,0,0,0,0.33333333,0,0.66666667,0,0.66666667,0.33333333,"Riley Smith",19826,642092
"Caleb Hamilton","- - -",0,2,0,0.666666666,0.333333333,0,0,0,0,0,0,0.33333333,0.66666667,0,0.33333333,0.33333333,0.33333333,"Caleb Hamilton",19842,643348
"Evan White","SEA",0.256880733,0.94117647,0.153846153,0.41025641,0.435897435,0.156862745,0.156862745,4,0.083333333,0,0,0.41025641,0.31623932,0.27350427,0.20512821,0.46153846,0.33333333,"Evan White",20078,657108
"J.J. Matijevic","HOU",0.323529411,1.9,0.194444444,0.527777777,0.277777777,0,0.2,1,0.052631578,0,0,0.33333333,0.36111111,0.30555556,0.05555556,0.61111111,0.33333333,"J.J. Matijevic",20165,656695
"Griffin Conine","MIA",0.337837837,1.909090909,0.179487179,0.538461538,0.282051282,0,0.181818181,1,0.023809523,0,0,0.46153846,0.37179487,0.16666667,0.07692308,0.58974359,0.33333333,"Griffin Conine",21626,665052
"Luis De Los Santos","TOR",0.083333333,4,0.166666666,0.666666666,0.166666666,0,0,0,0,0,0,0.33333333,0.33333333,0.33333333,0.25,0.41666667,0.33333333,"Luis De Los Santos",21682,665782
"Steele Walker","TEX",0,0.8,0,0.444444444,0.555555555,0.4,0.2,0,0,0,0,0.44444444,0.33333333,0.22222222,0.22222222,0.44444444,0.33333333,"Steele Walker",22093,667727
"Jordyn Adams","- - -",0.285714285,1.454545454,0.25,0.444444444,0.305555555,0,0.09090909,2,0.125,0,0,0.36111111,0.41666667,0.22222222,0.05555556,0.61111111,0.33333333,"Jordyn Adams",23788,677941
"Andy Pages","LAD",0.26981132,0.821138211,0.205673758,0.358156028,0.436170212,0.089430894,0.138211382,14,0.06930693,0,0,0.42021277,0.33687943,0.2429078,0.16312057,0.5035461,0.33333333,"Andy Pages",24816,681624
"Vinny Capra","- - -",0.136363636,1.375,0.136363636,0.5,0.363636363,0.1875,0,1,0.045454545,0,0,0.4,0.33333333,0.26666667,0.13333333,0.53333333,0.33333333,"Vinny Capra",25040,681962
"Kevin Alcántara","CHC",0.333333333,8,0.111111111,0.888888888,0,0,0,1,0.125,0,0,0.44444444,0.22222222,0.33333333,0.11111111,0.55555556,0.33333333,"Kevin Alcantara",25971,682634
"John Rave","KCR",0.23076923,1.758620689,0.14893617,0.542553191,0.308510638,0.068965517,0.137931034,2,0.039215686,1,0.5,0.42708333,0.35416667,0.21875,0.11458333,0.55208333,0.33333333,"John Rave",26284,670231
"Davis Wendzel","TEX",0.333333333,4,0.333333333,0.666666666,0,0,0,1,0.25,0,0,0.33333333,0.66666667,0,0.16666667,0.5,0.33333333,"Davis Wendzel",26469,673995
"Pedro León","HOU",0.166666666,0.666666666,0.166666666,0.333333333,0.5,0.333333333,0,0,0,0,0,0.33333333,0.33333333,0.33333333,0.16666667,0.5,0.33333333,"Pedro Leon",27781,694175
"Shay Whitcomb","HOU",0.305555555,1.23076923,0.194444444,0.444444444,0.361111111,0.23076923,0,1,0.0625,0,0,0.47222222,0.30555556,0.22222222,0.25,0.41666667,0.33333333,"Shay Whitcomb",27789,694376
"Christian Encarnacion-Strand","CIN",0.288793103,0.980198019,0.206349206,0.392857142,0.40079365,0.118811881,0.198019801,6,0.06060606,0,0,0.40873016,0.37301587,0.21825397,0.17857143,0.48809524,0.33333333,"Christian Encarnacion-Strand",30011,687952
"Kyle Karros","COL",0.351351351,1.681818181,0.213333333,0.493333333,0.293333333,0.181818181,0.045454545,2,0.054054054,0,0,0.37333333,0.38666667,0.24,0.10666667,0.56,0.33333333,"Kyle Karros",33252,691720
"Brandon Drury","- - -",0.260230849,1.252747252,0.184890656,0.453280318,0.361829025,0.129120879,0.145604395,31,0.067982456,0,0,0.4304175,0.35884692,0.21073559,0.20874751,0.4582505,0.33300199,"Brandon Drury",11615,592273
"Kevin Pillar","- - -",0.260223048,1.088957055,0.186379928,0.424133811,0.38948626,0.138036809,0.095092024,28,0.078873239,0,0,0.44696067,0.3170441,0.23599523,0.20262217,0.46483909,0.33253874,"Kevin Pillar",12434,607680
"Jake Bauers","- - -",0.275668073,0.795031055,0.226238286,0.342704149,0.431057563,0.099378881,0.127329192,7,0.02734375,2,0.4,0.41755319,0.33776596,0.24468085,0.17952128,0.48803191,0.33244681,"Jake Bauers",15194,641343
"Avisaíl García","- - -",0.302184466,1.74015748,0.2,0.508045977,0.291954022,0.062992125,0.181102362,35,0.07918552,0,0,0.40229885,0.37471264,0.22298851,0.17586207,0.49195402,0.33218391,"Avisail Garcia",5760,541645
"Corey Dickerson","- - -",0.32103321,1.296551724,0.207142857,0.447619047,0.345238095,0.134482758,0.093103448,29,0.077127659,0,0,0.37261905,0.32738095,0.3,0.17857143,0.48928571,0.33214286,"Corey Dickerson",10762,572816
"Wilson Ramos","- - -",0.274509803,3.03030303,0.167014613,0.626304801,0.206680584,0.121212121,0.202020202,11,0.036666666,0,0,0.40292276,0.35490605,0.24217119,0.17536534,0.49269311,0.33194154,"Wilson Ramos",1433,467092
"Yu Chang","- - -",0.258064516,1.065217391,0.170305676,0.427947598,0.401746724,0.076086956,0.141304347,5,0.051020408,0,0,0.44396552,0.32758621,0.22844828,0.16810345,0.5,0.33189655,"Yu Chang",14773,644374
"Dylan Crews","WSN",0.24537037,1.626666666,0.128318584,0.539823008,0.331858407,0.08,0.133333333,9,0.073770491,0,0,0.39380531,0.39823009,0.2079646,0.15486726,0.51327434,0.33185841,"Dylan Crews",33541,686611
"Trea Turner","- - -",0.341369334,1.363636363,0.196123673,0.463774803,0.340101522,0.092265943,0.127544097,123,0.122388059,1,1,0.40405904,0.35285978,0.24308118,0.16282288,0.50553506,0.33164207,"Trea Turner",16252,607208
"Stevie Wilkerson","BAL",0.316666666,1.409836065,0.213903743,0.459893048,0.326203208,0.114754098,0.147540983,4,0.046511627,2,0.666666666,0.44736842,0.32105263,0.23157895,0.13684211,0.53157895,0.33157895,"Stevie Wilkerson",16041,592859
"Andrew Stevenson","- - -",0.367816091,1.615384615,0.218390804,0.48275862,0.298850574,0.115384615,0.096153846,7,0.083333333,5,0.714285714,0.32044199,0.36464088,0.31491713,0.16022099,0.50828729,0.33149171,"Andrew Stevenson",17932,664057
"Yonder Alonso","- - -",0.213017751,1.138461538,0.201149425,0.425287356,0.373563218,0.046153846,0.092307692,6,0.081081081,1,1,0.44571429,0.33142857,0.22285714,0.14857143,0.52,0.33142857,"Yonder Alonso",2530,475174
"Todd Frazier","- - -",0.253869969,0.879432624,0.213649851,0.367952522,0.418397626,0.127659574,0.106382978,8,0.064516129,1,1,0.48224852,0.34023669,0.17751479,0.20710059,0.46153846,0.33136095,"Todd Frazier",785,453943
"Kris Bryant","- - -",0.310093652,0.984886649,0.221343873,0.386363636,0.39229249,0.115869017,0.133501259,33,0.084398976,1,0.5,0.45759369,0.33234714,0.21005917,0.1765286,0.49211045,0.33136095,"Kris Bryant",15429,592178
"Travis Shaw","- - -",0.243421052,0.642857142,0.216718266,0.306501547,0.476780185,0.123376623,0.136363636,5,0.05050505,0,0,0.42944785,0.3190184,0.25153374,0.18404908,0.48466258,0.33128834,"Travis Shaw",11982,543768
"Andrew Vaughn","- - -",0.281341107,1.167286245,0.188587334,0.437021572,0.374391092,0.107806691,0.120817843,40,0.063694267,0,0,0.36325678,0.37717467,0.25956855,0.15448852,0.51426583,0.33124565,"Andrew Vaughn",26197,683734
"Carson Kelly","- - -",0.252631578,1.00245098,0.177240684,0.411883182,0.410876132,0.12990196,0.107843137,19,0.046454767,0,0,0.42052314,0.34909457,0.23038229,0.19315895,0.47585513,0.33098592,"Carson Kelly",13620,608348
"Jackson Holliday","BAL",0.305418719,1.346666666,0.165876777,0.478672985,0.355450236,0.04,0.113333333,9,0.044554455,0,0,0.35224586,0.38297872,0.26477541,0.13238771,0.53664303,0.33096927,"Jackson Holliday",31781,702616
"Yainer Diaz","HOU",0.306741573,1.545762711,0.195931477,0.488222698,0.315845824,0.105084745,0.149152542,30,0.065789473,0,0,0.41327623,0.36830835,0.21841542,0.1391863,0.52997859,0.33083512,"Yainer Diaz",23003,673237
"Travis Demeritte","- - -",0.276422764,1.276595744,0.170542635,0.465116279,0.364341085,0.106382978,0.127659574,3,0.05,0,0,0.33076923,0.37692308,0.29230769,0.16923077,0.5,0.33076923,"Travis Demeritte",15958,641513
"Chris Owings","- - -",0.19327731,1.609756097,0.115702479,0.545454545,0.338842975,0.097560975,0.097560975,6,0.09090909,0,0,0.42741935,0.29032258,0.28225806,0.15322581,0.51612903,0.33064516,"Chris Owings",10030,572008
"José Ramírez","CLE",0.269323091,0.703953712,0.201897018,0.329719963,0.468383017,0.123432979,0.1292189,50,0.06849315,2,0.666666666,0.52593595,0.28867839,0.18538566,0.17501128,0.49436175,0.33062697,"Jose Ramirez",13510,608070
"Maikel Garcia","KCR",0.30078125,1.483383685,0.208854667,0.472569778,0.318575553,0.102719033,0.06042296,24,0.048879837,4,0.363636363,0.34095238,0.39047619,0.26857143,0.13714286,0.53238095,0.33047619,"Maikel Garcia",22715,672580
"Bubba Starling","KCR",0.333333333,1.171428571,0.269230769,0.394230769,0.336538461,0.114285714,0.114285714,2,0.048780487,2,1,0.49056604,0.33018868,0.17924528,0.23584906,0.43396226,0.33018868,"Bubba Starling",13356,605490
"Welington Castillo","CHW",0.215053763,0.955555555,0.145631067,0.417475728,0.436893203,0.088888888,0.222222222,4,0.093023255,0,0,0.40776699,0.33009709,0.26213592,0.17475728,0.49514563,0.33009709,"Welington Castillo",3256,456078
"Jackie Bradley Jr.","- - -",0.260869565,1.442379182,0.186881188,0.480198019,0.332920792,0.107806691,0.107806691,18,0.046391752,3,0.428571428,0.42822086,0.34969325,0.22208589,0.15214724,0.51779141,0.33006135,"Jackie Bradley Jr.",12984,598265
"Garrett Mitchell","MIL",0.371727748,1.508196721,0.227272727,0.464646464,0.308080808,0.016393442,0.196721311,7,0.076086956,3,0.6,0.34482759,0.37438424,0.28078818,0.14778325,0.52216749,0.33004926,"Garrett Mitchell",27555,669003
"Lane Thomas","- - -",0.277301927,1.144356955,0.170558375,0.442639593,0.38680203,0.170603674,0.133858267,41,0.094036697,0,0,0.45482234,0.34010152,0.20507614,0.20406091,0.46598985,0.32994924,"Lane Thomas",16939,657041
"Jo Adell","LAA",0.271802325,0.932258064,0.189445196,0.391069012,0.419485791,0.112903225,0.167741935,22,0.076124567,0,0,0.41891892,0.34324324,0.23783784,0.16621622,0.50405405,0.32972973,"Jo Adell",20220,666176
"Adam Duvall","- - -",0.258869908,0.562076749,0.174224343,0.297136038,0.528639618,0.153498871,0.176072234,30,0.120481927,0,0,0.51728248,0.30393325,0.17878427,0.20858164,0.4624553,0.32896305,"Adam Duvall",10950,594807
"Renato Núñez","- - -",0.280701754,0.771084337,0.213903743,0.342245989,0.443850267,0.180722891,0.192771084,6,0.046875,0,0,0.47593583,0.28877005,0.23529412,0.20320856,0.46791444,0.32887701,"Renato Nunez",14503,600524
"Brandon Crawford","- - -",0.287356321,1.195979899,0.195952161,0.437902483,0.366145354,0.085427135,0.120603015,18,0.037815126,3,0.6,0.40659341,0.36904762,0.22435897,0.14652015,0.52472527,0.32875458,"Brandon Crawford",5343,543063
"Mac Williamson","- - -",0.19047619,1.888888888,0.223880597,0.507462686,0.268656716,0.111111111,0.222222222,2,0.058823529,0,0,0.28358209,0.43283582,0.28358209,0.20895522,0.46268657,0.32835821,"Mac Williamson",14158,607776
"Trent Grisham","- - -",0.257929883,0.834545454,0.190858059,0.3680834,0.44105854,0.107272727,0.143636363,20,0.043572984,12,0.333333333,0.45908028,0.32112237,0.21979735,0.14731099,0.52455183,0.32813718,"Trent Grisham",18564,663757
"Spencer Torkelson","DET",0.280701754,0.751121076,0.190673575,0.347150259,0.462176165,0.14573991,0.11883408,25,0.074626865,0,0,0.4611399,0.30569948,0.23316062,0.16476684,0.50777202,0.32746114,"Spencer Torkelson",27465,679529
"Robert Hassell III","WSN",0.3,1.571428571,0.181818181,0.5,0.318181818,0.085714285,0.085714285,3,0.054545454,1,0.333333333,0.3539823,0.43362832,0.21238938,0.10619469,0.56637168,0.32743363,"Robert Hassell III",27482,690987
"Greg Allen","- - -",0.28095238,1.096385542,0.186915887,0.425233644,0.387850467,0.108433734,0.084337349,5,0.054945054,0,0,0.48430493,0.30493274,0.21076233,0.14798206,0.52466368,0.32735426,"Greg Allen",16623,656185
"Heriberto Hernández","MIA",0.326923076,0.9375,0.154545454,0.409090909,0.436363636,0.104166666,0.125,4,0.088888888,0,0,0.42727273,0.35454545,0.21818182,0.18181818,0.49090909,0.32727273,"Heriberto Hernandez",24878,681715
"Daylen Lile","WSN",0.342995169,0.987012987,0.285046728,0.355140186,0.359813084,0.077922077,0.09090909,6,0.078947368,0,0,0.44392523,0.32242991,0.23364486,0.12149533,0.55140187,0.3271028,"Daylen Lile",29995,695734
"Kody Clemens","- - -",0.220812182,0.781725888,0.170212765,0.364066193,0.46572104,0.060913705,0.157360406,2,0.012987012,2,1,0.50352941,0.31294118,0.18352941,0.12235294,0.55058824,0.32705882,"Kody Clemens",20572,665019
"Ryan Jeffers","MIN",0.276433121,0.961988304,0.185679611,0.399271844,0.415048543,0.143274853,0.125730994,18,0.054711246,2,0.25,0.40625,0.34615385,0.24759615,0.19350962,0.47956731,0.32692308,"Ryan Jeffers",24618,680777
"Chris Taylor","- - -",0.337792642,0.909836065,0.24757804,0.358449946,0.393972012,0.084699453,0.117486338,39,0.117117117,6,0.428571428,0.39872747,0.3107105,0.29056204,0.16542948,0.50795334,0.32661718,"Chris Taylor",13757,621035
"Yadier Molina","STL",0.272084805,1.141509433,0.218140068,0.416762342,0.365097588,0.091194968,0.069182389,12,0.033057851,0,0,0.42316514,0.34174312,0.23509174,0.17201835,0.50229358,0.32568807,"Yadier Molina",7007,425877
"Daniel Johnson","- - -",0.243902439,0.833333333,0.223529411,0.352941176,0.423529411,0.194444444,0.111111111,1,0.033333333,1,1,0.38372093,0.41860465,0.19767442,0.1744186,0.5,0.3255814,"Daniel Johnson",19643,669288
"Frank Schwindel","- - -",0.312280701,1.261682242,0.187919463,0.453020134,0.359060402,0.177570093,0.121495327,8,0.059259259,0,0,0.43959732,0.35234899,0.20805369,0.23825503,0.43624161,0.32550336,"Frank Schwindel",15351,643524
"Graham Pauley","- - -",0.25,0.733333333,0.174603174,0.349206349,0.476190476,0.116666666,0.1,2,0.045454545,0,0,0.38095238,0.37301587,0.24603175,0.18253968,0.49206349,0.32539683,"Graham Pauley",31363,688363
"Triston Casas","BOS",0.283018867,0.9375,0.193058568,0.390455531,0.4164859,0.067708333,0.192708333,9,0.05,0,0,0.38611714,0.39045553,0.22342733,0.13232104,0.54229935,0.32537961,"Triston Casas",22514,671213
"Dérmis Garcia","OAK",0.388888888,0.94117647,0.175,0.4,0.425,0.117647058,0.235294117,2,0.125,0,0,0.575,0.25,0.175,0.25,0.425,0.325,"Dermis Garcia",20926,660650
"Christian Bethancourt","- - -",0.285333333,1.165562913,0.15284974,0.455958549,0.391191709,0.112582781,0.119205298,10,0.056818181,3,0.272727272,0.44332494,0.3627204,0.19395466,0.14861461,0.52644836,0.32493703,"Christian Bethancourt",10028,542194
"Nolan Arenado","- - -",0.283045305,0.848484848,0.190981432,0.371352785,0.437665782,0.147474747,0.122222222,63,0.075,0,0,0.47038019,0.32051282,0.20910698,0.1821397,0.49292661,0.32493369,"Nolan Arenado",9777,571448
"Victor Caratini","- - -",0.278543307,1.514534883,0.184731385,0.491046182,0.324222431,0.078488372,0.130813953,12,0.023032629,0,0,0.37947269,0.38041431,0.24011299,0.15913371,0.51600753,0.32485876,"Victor Caratini",14968,605170
"Adeiny Hechavarría","- - -",0.295302013,1.27118644,0.129870129,0.487012987,0.383116883,0.050847457,0.084745762,10,0.133333333,0,0,0.38311688,0.35064935,0.26623377,0.19480519,0.48051948,0.32467532,"Adeiny Hechavarria",10459,588751
"Joe Panik","- - -",0.249056603,1.350282485,0.222429906,0.446728971,0.330841121,0.107344632,0.04519774,8,0.033472803,2,0.5,0.36920223,0.38218924,0.24860853,0.17996289,0.49536178,0.32467532,"Joe Panik",11936,605412
"Anderson Tejeda","TEX",0.4,1,0.189189189,0.405405405,0.405405405,0.2,0.133333333,1,0.066666666,0,0,0.35135135,0.40540541,0.24324324,0.21621622,0.45945946,0.32432432,"Anderson Tejeda",19909,660731
"Marcelo Mayer","BOS",0.313432835,1.36,0.169014084,0.478873239,0.352112676,0,0.16,0,0,0,0,0.38028169,0.36619718,0.25352113,0.21126761,0.46478873,0.32394366,"Marcelo Mayer",29668,691785
"Greg Garcia","SDP",0.325,2.169491525,0.217573221,0.535564853,0.246861924,0.050847457,0.06779661,8,0.0625,4,0.5,0.27935223,0.38461538,0.33603239,0.1659919,0.51012146,0.32388664,"Greg Garcia",10951,594824
"Jakob Marsee","MIA",0.339805825,1.371428571,0.209523809,0.457142857,0.333333333,0.085714285,0.057142857,4,0.083333333,0,0,0.39047619,0.34285714,0.26666667,0.13333333,0.54285714,0.32380952,"Jakob Marsee",31370,805300
"Aristides Aquino","CIN",0.26506024,0.7421875,0.197841726,0.341726618,0.460431654,0.21875,0.2265625,8,0.084210526,0,0,0.5323741,0.28417266,0.18345324,0.24820144,0.42805755,0.32374101,"Aristides Aquino",15482,606157
"Dillon Dingler","DET",0.319702602,1.113402061,0.262589928,0.388489208,0.348920863,0.144329896,0.092783505,5,0.046296296,0,0,0.38129496,0.34532374,0.27338129,0.15827338,0.51798561,0.32374101,"Dillon Dingler",27464,693307
"Joey Rickard","- - -",0.23880597,0.774193548,0.19117647,0.352941176,0.455882352,0.161290322,0.032258064,5,0.208333333,0,0,0.45588235,0.33823529,0.20588235,0.25,0.42647059,0.32352941,"Joey Rickard",13277,572073
"Seth Beer","ARI",0.242424242,1.428571428,0.25,0.44117647,0.308823529,0.095238095,0.095238095,1,0.033333333,0,0,0.36764706,0.38235294,0.25,0.17647059,0.5,0.32352941,"Seth Beer",20493,666179
"Blake Sabol","- - -",0.342105263,1.236111111,0.186868686,0.449494949,0.363636363,0.152777777,0.180555555,9,0.101123595,3,0.5,0.39215686,0.32843137,0.27941176,0.13235294,0.54411765,0.32352941,"Blake Sabol",25805,666165
"Dane Myers","MIA",0.282051282,1.546875,0.185,0.495,0.32,0.109375,0.09375,8,0.08080808,0,0,0.35323383,0.44776119,0.19900498,0.14427861,0.53233831,0.32338308,"Dane Myers",22054,667472
"Steven Duggar","- - -",0.334365325,1.284403669,0.243161094,0.425531914,0.33130699,0.018348623,0.100917431,11,0.078571428,3,0.6,0.32934132,0.3742515,0.29640719,0.11377246,0.56287425,0.32335329,"Steven Duggar",17719,621453
"Jordan Luplow","- - -",0.244343891,1.133333333,0.161572052,0.445414847,0.3930131,0.188888888,0.122222222,6,0.058823529,1,0.333333333,0.44396552,0.35344828,0.20258621,0.22413793,0.45258621,0.32327586,"Jordan Luplow",16424,656669
"Edouard Julien","MIN",0.330024813,1.556451612,0.259345794,0.450934579,0.289719626,0.008064516,0.201612903,8,0.041450777,0,0,0.38139535,0.33023256,0.28837209,0.13023256,0.54651163,0.32325581,"Edouard Julien",27534,666397
"James McCann","- - -",0.317862165,1.4,0.209677419,0.461021505,0.329301075,0.081632653,0.151020408,22,0.064139941,2,0.25,0.34707447,0.36835106,0.28457447,0.15957447,0.51728723,0.3231383,"James McCann",12859,543510
"Ali Sánchez","- - -",0.262295081,1.631578947,0.180327868,0.508196721,0.311475409,0.157894736,0,1,0.032258064,0,0,0.33846154,0.36923077,0.29230769,0.16923077,0.50769231,0.32307692,"Ali Sanchez",18551,645305
"Melky Cabrera","PIT",0.307692307,1.725806451,0.248888888,0.475555555,0.275555555,0.080645161,0.064516129,7,0.06542056,0,0,0.38053097,0.37168142,0.24778761,0.2300885,0.44690265,0.32300885,"Melky Cabrera",4022,466320
"Luis Urías","- - -",0.265240641,1.120320855,0.185831622,0.430184804,0.383983572,0.136363636,0.109625668,34,0.081145584,0,0,0.43647541,0.34938525,0.21413934,0.18135246,0.49590164,0.3227459,"Luis Urias",16622,649966
"Luis Robert Jr.","CHW",0.308718861,0.981012658,0.21815154,0.387177352,0.394671107,0.109704641,0.162447257,39,0.083870967,0,0,0.41846922,0.33777038,0.2437604,0.18038238,0.49709061,0.32252702,"Luis Robert Jr.",20043,673357
"Masataka Yoshida","BOS",0.319268635,1.467532467,0.224489795,0.461224489,0.314285714,0.086580086,0.103896103,20,0.05899705,0,0,0.3755102,0.36734694,0.25714286,0.15918367,0.51836735,0.32244898,"Masataka Yoshida",31837,807799
"Otto Lopez","- - -",0.308851224,1.602339181,0.186471663,0.500914076,0.312614259,0.076023391,0.099415204,38,0.138686131,1,0.5,0.39162113,0.37704918,0.23132969,0.15664845,0.52094718,0.32240437,"Otto Lopez",19608,672640
"Luis García Jr.","WSN",0.301359516,1.682151589,0.201601164,0.500727802,0.297671033,0.061124694,0.132029339,39,0.056686046,2,0.5,0.37300435,0.38098694,0.24600871,0.14876633,0.52902758,0.3222061,"Luis Garcia Jr.",20391,671277
"Elias Díaz","- - -",0.294495412,1.29032258,0.18318584,0.460176991,0.356637168,0.136476426,0.101736972,21,0.040384615,0,0,0.38325991,0.34537445,0.27136564,0.20264317,0.47577093,0.3215859,"Elias Diaz",11680,553869
"Joey Wendle","- - -",0.305668016,1.654485049,0.204975124,0.495522388,0.299502487,0.033222591,0.069767441,38,0.07630522,2,0.333333333,0.3620178,0.35806133,0.27992087,0.14540059,0.53313551,0.3214639,"Joey Wendle",13853,621563
"Jeimer Candelario","- - -",0.284597341,1.048449612,0.211782252,0.403430275,0.384787472,0.087209302,0.125968992,25,0.04621072,1,0.333333333,0.44196429,0.32589286,0.23214286,0.1703869,0.50818452,0.32142857,"Jeimer Candelario",13621,600869
"Josh Lowe","TBR",0.338961038,1.022801302,0.231435643,0.388613861,0.379950495,0.065146579,0.130293159,20,0.063694267,1,0.25,0.35837438,0.35960591,0.2820197,0.15024631,0.52832512,0.32142857,"Josh Lowe",19953,666139
"Donovan Solano","- - -",0.363420427,1.343065693,0.252619324,0.428405122,0.318975552,0.06569343,0.062043795,18,0.048913043,0,0,0.32596042,0.40628638,0.2677532,0.1443539,0.53434226,0.32130384,"Donovan Solano",8623,456781
"Enrique Hernández","- - -",0.26907301,0.808586762,0.197619047,0.358730158,0.443650793,0.153846153,0.076923076,31,0.06858407,0,0,0.43512658,0.32436709,0.24050633,0.17088608,0.50791139,0.32120253,"Enrique Hernandez",10472,571771
"Gavin Lux","- - -",0.332422586,1.53488372,0.226950354,0.468085106,0.304964539,0.072674418,0.087209302,30,0.056818181,0,0,0.40070922,0.37765957,0.22163121,0.15159574,0.52748227,0.32092199,"Gavin Lux",19955,666158
"Brendan Donovan","STL",0.321691176,1.275590551,0.223813786,0.435094001,0.341092211,0.068241469,0.099737532,25,0.051440329,9,0.818181818,0.37765957,0.33953901,0.28280142,0.13652482,0.54255319,0.32092199,"Brendan Donovan",24679,680977
"Jason Heyward","- - -",0.266488413,1.259345794,0.178419711,0.457943925,0.363636363,0.13317757,0.130841121,21,0.038961038,0,0,0.4770798,0.34295416,0.17996604,0.19524618,0.48387097,0.32088285,"Jason Heyward",4940,518792
"Matt McLain","CIN",0.325581395,0.978378378,0.186666666,0.402222222,0.411111111,0.124324324,0.118918918,23,0.127071823,2,0.4,0.35604396,0.37362637,0.27032967,0.16923077,0.50989011,0.32087912,"Matt McLain",29695,680574
"Rio Ruiz","- - -",0.23880597,1.203821656,0.176190476,0.45,0.373809523,0.108280254,0.127388535,10,0.052910052,2,0.5,0.4245283,0.33726415,0.23820755,0.16509434,0.51415094,0.32075472,"Rio Ruiz",14103,547004
"JJ Bleday","- - -",0.250673854,0.682291666,0.168597168,0.337194337,0.494208494,0.125,0.098958333,8,0.030534351,2,0.666666666,0.41794872,0.35128205,0.23076923,0.16794872,0.51153846,0.32051282,"JJ Bleday",26368,668709
"Joey Meneses","WSN",0.32160804,1.545918367,0.192556634,0.490291262,0.317152103,0.107142857,0.107142857,21,0.06930693,0,0,0.40614887,0.33495146,0.25889968,0.14563107,0.53398058,0.32038835,"Joey Meneses",14366,608841
"Dustin Peterson","DET",0.28,2.333333333,0.2,0.56,0.24,0,0,1,0.071428571,0,0,0.44,0.32,0.24,0.24,0.44,0.32,"Dustin Peterson",15189,640460
"Daniel Descalso","CHC",0.252631578,1.272727272,0.21875,0.4375,0.34375,0.121212121,0.06060606,0,0,1,1,0.37113402,0.34020619,0.28865979,0.15463918,0.5257732,0.31958763,"Daniel Descalso",8392,518614
"CJ Abrams","- - -",0.289179104,1.05,0.190305206,0.414721723,0.39497307,0.093181818,0.106818181,35,0.075757575,4,0.4,0.40480427,0.3683274,0.22686833,0.1797153,0.50088968,0.31939502,"CJ Abrams",25768,682928
"Mason Williams","- - -",0.260869565,1.769230769,0.234042553,0.489361702,0.276595744,0,0.076923076,1,0.04347826,0,0,0.4893617,0.31914894,0.19148936,0.17021277,0.5106383,0.31914894,"Mason Williams",11859,592863
"Trenton Brooks","- - -",0.173913043,0.9,0.155555555,0.4,0.444444444,0.1,0.05,0,0,0,0,0.38297872,0.31914894,0.29787234,0.12765957,0.55319149,0.31914894,"Trenton Brooks",19384,670092
"Javier Sanoja","MIA",0.266304347,1.235294117,0.178378378,0.454054054,0.367567567,0.147058823,0.044117647,6,0.071428571,0,0,0.37234043,0.38297872,0.24468085,0.19148936,0.4893617,0.31914894,"Javier Sanoja",28253,691594
"Óscar Mercado","- - -",0.258823529,0.983516483,0.179545454,0.406818181,0.413636363,0.137362637,0.087912087,17,0.094972067,0,0,0.41348315,0.32808989,0.25842697,0.18202247,0.4988764,0.31910112,"Oscar Mercado",16375,640458
"Russell Martin","LAD",0.289719626,1.677419354,0.245454545,0.472727272,0.281818181,0.129032258,0.096774193,8,0.153846153,0,0,0.45454545,0.34545455,0.2,0.17272727,0.50909091,0.31818182,"Russell Martin",4616,431145
"Julio Teheran","ATL",0.210526315,1.285714285,0.111111111,0.5,0.388888888,0.142857142,0,0,0,0,0,0.27272727,0.40909091,0.31818182,0.31818182,0.36363636,0.31818182,"Julio Teheran",6797,527054
"Cade Marlowe","SEA",0.333333333,0.789473684,0.227272727,0.34090909,0.431818181,0,0.105263157,1,0.066666666,0,0,0.47727273,0.38636364,0.13636364,0.09090909,0.59090909,0.31818182,"Cade Marlowe",25505,687799
"Kyren Paris","LAA",0.25609756,1.027027027,0.137931034,0.436781609,0.425287356,0.027027027,0.135135135,4,0.105263157,0,0,0.375,0.375,0.25,0.18181818,0.5,0.31818182,"Kyren Paris",26420,677347
"Jimmy Crooks","STL",0.181818181,0.9,0.136363636,0.409090909,0.454545454,0.1,0,2,0.222222222,0,0,0.27272727,0.5,0.22727273,0.13636364,0.54545455,0.31818182,"Jimmy Crooks",31354,699625
"Michael A. Taylor","- - -",0.29378531,1.094285714,0.178251121,0.429372197,0.392376681,0.097142857,0.097142857,36,0.093994778,13,0.351351351,0.39289559,0.36598493,0.24111948,0.15500538,0.52744887,0.31754575,"Michael A. Taylor",11489,572191
"Jose Miranda","MIN",0.314035087,1.243902439,0.215017064,0.435153583,0.349829351,0.131707317,0.07804878,15,0.058823529,0,0,0.45733788,0.34129693,0.20136519,0.17576792,0.50682594,0.31740614,"Jose Miranda",20538,669304
"Gio Urshela","- - -",0.319133034,1.334811529,0.240807498,0.434030281,0.32516222,0.059866962,0.110864745,48,0.079734219,0,0,0.34604317,0.37194245,0.28201439,0.15395683,0.52877698,0.31726619,"Gio Urshela",10681,570482
"Gavin Sheets","- - -",0.268884892,0.860194174,0.182593856,0.377986348,0.439419795,0.124271844,0.118446601,29,0.065462753,0,0,0.4228474,0.34100597,0.23614663,0.1713555,0.51150895,0.31713555,"Gavin Sheets",19901,657757
"Dominic Smith","- - -",0.299547511,1.013452914,0.219130434,0.393043478,0.387826086,0.051569506,0.103139013,20,0.044247787,1,1,0.39965248,0.36490009,0.23544744,0.13205908,0.55082537,0.31711555,"Dominic Smith",15653,642086
"Cooper Hummel","- - -",0.275510204,1.179487179,0.15,0.46,0.39,0.153846153,0.051282051,3,0.065217391,0,0,0.44554455,0.35643564,0.1980198,0.17821782,0.5049505,0.31683168,"Cooper Hummel",19458,669450
"Andrew Benintendi","- - -",0.296973158,0.934604904,0.211549139,0.3808995,0.40755136,0.077656675,0.079019073,39,0.056851311,6,0.545454545,0.39183223,0.35816777,0.25,0.13576159,0.54746137,0.31677704,"Andrew Benintendi",17901,643217
"Tyler Stephenson","CIN",0.335343787,1.684426229,0.248853211,0.471330275,0.279816513,0.069672131,0.176229508,18,0.04379562,0,0,0.38876147,0.34174312,0.26949541,0.11811927,0.56536697,0.31651376,"Tyler Stephenson",17988,663886
"Matt Thaiss","- - -",0.285714285,1.180722891,0.197339246,0.4345898,0.368070953,0.090361445,0.126506024,6,0.030612244,1,0.25,0.44615385,0.33406593,0.21978022,0.17142857,0.51208791,0.31648352,"Matt Thaiss",19318,642136
"Eduardo Escobar","- - -",0.268450184,0.736633663,0.232049036,0.325744308,0.442206654,0.095049504,0.116831683,14,0.037634408,1,0.5,0.44143357,0.3243007,0.23426573,0.16171329,0.52185315,0.31643357,"Eduardo Escobar",6153,500871
"Enmanuel Valdez","- - -",0.288321167,0.8046875,0.195121951,0.358885017,0.445993031,0.1484375,0.109375,9,0.08737864,0,0,0.44444444,0.34722222,0.20833333,0.15625,0.52777778,0.31597222,"Enmanuel Valdez",21716,665839
"Tyrone Taylor","- - -",0.279569892,0.884146341,0.203608247,0.37371134,0.422680412,0.134146341,0.106707317,17,0.058620689,0,0,0.46547315,0.31841432,0.21611253,0.18414322,0.5,0.31585678,"Tyrone Taylor",13675,621438
"Gorkys Hernández","BOS",0.333333333,1.5,0.166666666,0.5,0.333333333,0,0,0,0,0,0,0.36842105,0.36842105,0.26315789,0.31578947,0.36842105,0.31578947,"Gorkys Hernandez",4146,491676
"Joseph Odom","- - -",0.277777777,2.25,0.277777777,0.5,0.222222222,0,0,2,0.222222222,0,0,0.42105263,0.31578947,0.26315789,0.10526316,0.57894737,0.31578947,"Joseph Odom",15535,641929
"Michael Hermosillo","- - -",0.203703703,0.576923076,0.267857142,0.267857142,0.464285714,0.115384615,0.076923076,1,0.066666666,0,0,0.42105263,0.31578947,0.26315789,0.14035088,0.54385965,0.31578947,"Michael Hermosillo",16285,641684
"Dustin Fowler","PIT",0.315789473,0.875,0.210526315,0.368421052,0.421052631,0.375,0,2,0.285714285,0,0,0.42105263,0.26315789,0.31578947,0.15789474,0.52631579,0.31578947,"Dustin Fowler",17098,641583
"Matt Mervis","- - -",0.201612903,1.035714285,0.142857142,0.436090225,0.421052631,0.125,0.160714285,3,0.051724137,0,0,0.54887218,0.30075188,0.15037594,0.2406015,0.44360902,0.31578947,"Matt Mervis",27845,670223
"Brock Holt","- - -",0.311827956,1.726415094,0.23342175,0.48541114,0.281167108,0.047169811,0.047169811,8,0.043715846,0,0,0.4005305,0.35013263,0.24933687,0.14058355,0.54376658,0.31564987,"Brock Holt",9345,571788
"Matt Vierling","- - -",0.297843665,1.291512915,0.189295039,0.45691906,0.3537859,0.10701107,0.103321033,21,0.06,0,0,0.34285714,0.37142857,0.28571429,0.16883117,0.51558442,0.31558442,"Matt Vierling",21558,663837
"Zach Neto","LAA",0.284938941,1.016233766,0.197674418,0.404392764,0.397932816,0.097402597,0.136363636,19,0.060702875,1,0.083333333,0.49109415,0.29770992,0.21119593,0.12849873,0.55597964,0.31552163,"Zach Neto",31347,687263
"Lewis Brinson","- - -",0.251748251,1.245283018,0.184931506,0.452054794,0.363013698,0.122641509,0.056603773,10,0.075757575,0,0,0.4,0.36610169,0.23389831,0.19661017,0.48813559,0.31525424,"Lewis Brinson",14352,621446
"Ramón Urías","- - -",0.316867469,1.427561837,0.203939745,0.468134414,0.32792584,0.134275618,0.116607773,38,0.094059405,0,0,0.39376443,0.36374134,0.24249423,0.16281755,0.52193995,0.31524249,"Ramon Urias",18795,602104
"Shed Long Jr.","SEA",0.287356321,1.610169491,0.163043478,0.516304347,0.320652173,0.084745762,0.169491525,3,0.031578947,0,0,0.375,0.36413043,0.26086957,0.1576087,0.52717391,0.31521739,"Shed Long Jr.",16542,643418
"John Nogowski","- - -",0.25,0.964285714,0.246575342,0.369863013,0.383561643,0.107142857,0.035714285,2,0.074074074,0,0,0.46575342,0.31506849,0.21917808,0.12328767,0.56164384,0.31506849,"John Nogowski",16852,596056
"Jurickson Profar","- - -",0.261631419,1.059270516,0.211751018,0.405468295,0.382780686,0.138297872,0.106382978,24,0.034433285,4,0.285714285,0.44720138,0.31621466,0.23658396,0.19215234,0.49278707,0.31506059,"Jurickson Profar",10815,595777
"Daz Cameron","- - -",0.244318181,1.144927536,0.177777777,0.438888888,0.383333333,0.101449275,0.072463768,3,0.037974683,1,1,0.40883978,0.35911602,0.2320442,0.17679558,0.50828729,0.31491713,"Daz Cameron",18353,663662
"Michael Massey","KCR",0.268774703,0.695054945,0.213010204,0.322704081,0.464285714,0.107142857,0.09065934,12,0.04743083,5,0.5,0.5163728,0.27707809,0.20654912,0.14987406,0.53526448,0.31486146,"Michael Massey",27684,686681
"Bo Naylor","CLE",0.251599147,0.588235294,0.19,0.3,0.51,0.121568627,0.129411764,11,0.073333333,1,0.2,0.42178218,0.35247525,0.22574257,0.15643564,0.52871287,0.31485149,"Bo Naylor",21865,666310
"Kyle Garlick","- - -",0.262135922,1.071428571,0.194444444,0.416666666,0.388888888,0.214285714,0.119047619,2,0.044444444,0,0,0.40740741,0.38888889,0.2037037,0.14814815,0.53703704,0.31481481,"Kyle Garlick",18063,664247
"Curt Casali","- - -",0.291316526,0.776397515,0.224932249,0.338753387,0.436314363,0.111801242,0.080745341,8,0.064,0,0,0.45066667,0.32533333,0.224,0.20266667,0.48266667,0.31466667,"Curt Casali",12510,592200
"Taylor Trammell","- - -",0.248677248,0.849462365,0.152709359,0.389162561,0.458128078,0.161290322,0.182795698,8,0.101265822,2,0.5,0.47342995,0.3236715,0.20289855,0.19323671,0.49275362,0.31400966,"Taylor Trammell",19960,666211
"Lorenzo Cain","MIL",0.306306306,2.125,0.207746478,0.538732394,0.253521126,0.041666666,0.090277777,31,0.101307189,0,0,0.32042254,0.36971831,0.30985915,0.18133803,0.50528169,0.31338028,"Lorenzo Cain",9077,456715
"Nick Gonzales","PIT",0.305719921,1.512345679,0.209708737,0.475728155,0.314563106,0.080246913,0.049382716,21,0.085714285,0,0,0.4139265,0.32108317,0.26499033,0.15087041,0.53578337,0.31334623,"Nick Gonzales",27490,693304
"Jonathan India","- - -",0.288072018,1.051851851,0.203450754,0.408339324,0.38820992,0.131481481,0.111111111,36,0.063380281,0,0,0.46523297,0.32616487,0.20860215,0.17634409,0.51039427,0.31326165,"Jonathan India",21523,663697
"Kyle Farmer","- - -",0.275894538,1.292682926,0.22739726,0.435616438,0.336986301,0.111111111,0.092140921,28,0.058700209,0,0,0.40946315,0.34940855,0.2411283,0.16833485,0.51865332,0.31301183,"Kyle Farmer",14813,571657
"Bligh Madris","- - -",0.271317829,1.08,0.2,0.415384615,0.384615384,0.14,0.04,3,0.055555555,0,0,0.38167939,0.29770992,0.32061069,0.16030534,0.52671756,0.3129771,"Bligh Madris",20054,676632
"Endy Rodríguez","PIT",0.28125,0.711864406,0.223076923,0.323076923,0.453846153,0.06779661,0.050847457,1,0.023809523,1,1,0.48854962,0.27480916,0.23664122,0.11450382,0.57251908,0.3129771,"Endy Rodriguez",25332,682848
"Mike Freeman","- - -",0.328571428,1.414634146,0.282608695,0.420289855,0.297101449,0.048780487,0.048780487,2,0.034482758,0,0,0.36734694,0.34013605,0.29251701,0.11564626,0.57142857,0.31292517,"Mike Freeman",11241,502273
"Wenceel Pérez","DET",0.287128712,0.798913043,0.208133971,0.351674641,0.440191387,0.119565217,0.086956521,6,0.040816326,1,0.25,0.4478673,0.34834123,0.20379147,0.16113744,0.52606635,0.31279621,"Wenceel Perez",22857,672761
"Robinson Chirinos","- - -",0.25949367,0.872340425,0.202416918,0.371601208,0.425981873,0.134751773,0.134751773,14,0.113821138,0,0,0.46312684,0.31858407,0.21828909,0.20353982,0.48377581,0.31268437,"Robinson Chirinos",3142,455139
"Josh Phegley","- - -",0.245508982,0.884057971,0.252873563,0.350574712,0.396551724,0.115942028,0.101449275,6,0.098360655,0,0,0.53409091,0.22159091,0.24431818,0.17045455,0.51704545,0.3125,"Josh Phegley",9308,572033
"Miles Mikolas","STL",0.185185185,1.857142857,0.23076923,0.5,0.269230769,0.285714285,0,2,0.153846153,0,0,0.4375,0.375,0.1875,0.25,0.4375,0.3125,"Miles Mikolas",9803,571945
"Michael Wacha","- - -",0.384615384,2.333333333,0.166666666,0.583333333,0.25,1,0,1,0.142857142,0,0,0.4375,0.25,0.3125,0.25,0.4375,0.3125,"Michael Wacha",14078,608379
"JT Brubaker","PIT",0.133333333,13,0.066666666,0.866666666,0.066666666,0,0,0,0,0,0,0.125,0.5625,0.3125,0.1875,0.5,0.3125,"JT Brubaker",17578,664141
"Logan Davidson","- - -",0.153846153,1.6,0.071428571,0.571428571,0.357142857,0.2,0.2,1,0.125,0,0,0.375,0.375,0.25,0.125,0.5625,0.3125,"Logan Davidson",25844,669722
"Matthew Lugo","LAA",0.24137931,1.23076923,0.09375,0.5,0.40625,0.23076923,0.23076923,0,0,0,0,0.46875,0.28125,0.25,0.15625,0.53125,0.3125,"Matthew Lugo",25980,683090
"Elvis Andrus","- - -",0.285946385,1.621761658,0.193625498,0.49880478,0.307569721,0.101036269,0.07253886,29,0.046325878,1,0.2,0.39206349,0.35873016,0.24920635,0.17857143,0.50952381,0.31190476,"Elvis Andrus",8709,462101
"Dustin Garneau","- - -",0.214285714,0.659574468,0.142857142,0.34065934,0.516483516,0.276595744,0.14893617,3,0.096774193,0,0,0.56989247,0.2688172,0.16129032,0.24731183,0.44086022,0.31182796,"Dustin Garneau",9433,572863
"Ryan Cordell","- - -",0.26506024,0.76744186,0.136363636,0.375,0.488636363,0.186046511,0.116279069,3,0.09090909,0,0,0.37634409,0.38709677,0.23655914,0.21505376,0.47311828,0.31182796,"Ryan Cordell",15181,641477
"Brett Harris","OAK",0.233333333,1.131578947,0.119565217,0.467391304,0.413043478,0.105263157,0.078947368,3,0.069767441,0,0,0.39784946,0.38709677,0.21505376,0.24731183,0.44086022,0.31182796,"Brett Harris",29788,695391
"Charlie Culberson","- - -",0.243055555,1.442307692,0.147651006,0.503355704,0.348993288,0.115384615,0.115384615,7,0.093333333,0,0,0.44805195,0.33116883,0.22077922,0.18831169,0.5,0.31168831,"Charlie Culberson",3298,518586
"Chad Wallach","- - -",0.25170068,1.103448275,0.197368421,0.421052631,0.381578947,0.086206896,0.086206896,2,0.03125,0,0,0.37012987,0.37662338,0.25324675,0.16233766,0.52597403,0.31168831,"Chad Wallach",17161,595453
"Austin Hays","- - -",0.301439458,1.177489177,0.185425101,0.440485829,0.374089068,0.127705627,0.125541125,56,0.102941176,2,0.5,0.4503632,0.3220339,0.22760291,0.17110573,0.5173527,0.31154157,"Austin Hays",19363,669720
"Victor Reyes","DET",0.337568058,1.276243093,0.268206039,0.410301953,0.321492007,0.033149171,0.071823204,8,0.034632034,1,0.5,0.3699115,0.33628319,0.29380531,0.11858407,0.5699115,0.31150442,"Victor Reyes",15487,622682
"Kevin Kiermaier","- - -",0.280295047,1.927272727,0.177732379,0.541368743,0.280898876,0.076363636,0.134545454,34,0.064150943,2,0.153846153,0.4203629,0.37399194,0.20564516,0.17439516,0.5141129,0.31149194,"Kevin Kiermaier",11038,595281
"Josh Reddick","- - -",0.287090558,1,0.233082706,0.383458646,0.383458646,0.132352941,0.06862745,8,0.039215686,1,1,0.36772983,0.39399625,0.23827392,0.18949343,0.49906191,0.31144465,"Josh Reddick",3892,502210
"Xander Bogaerts","- - -",0.321205821,1.248603351,0.200198708,0.444113263,0.355688027,0.096368715,0.124301675,90,0.10067114,0,0,0.4245283,0.34061569,0.23485601,0.15739821,0.53128103,0.31132075,"Xander Bogaerts",12161,593428
"Braxton Fulford","COL",0.25,0.85,0.177777777,0.377777777,0.444444444,0.05,0.05,0,0,0,0,0.35555556,0.48888889,0.15555556,0.24444444,0.44444444,0.31111111,"Braxton Fulford",29704,690924
"Andrew Knapp","- - -",0.277173913,1.171875,0.232044198,0.41436464,0.35359116,0.109375,0.09375,4,0.053333333,4,0.333333333,0.43005181,0.29015544,0.27979275,0.15544041,0.53367876,0.31088083,"Andrew Knapp",14942,595284
"Joey Bart","- - -",0.331838565,1.579310344,0.185185185,0.498910675,0.315904139,0.089655172,0.096551724,18,0.07860262,1,1,0.45217391,0.35217391,0.19565217,0.1826087,0.50652174,0.31086957,"Joey Bart",21524,663698
"Gleyber Torres","- - -",0.296430419,0.985093167,0.20615996,0.393939393,0.399900645,0.083229813,0.10310559,45,0.056746532,0,0,0.34556272,0.37530987,0.27912742,0.1432821,0.54586019,0.31085771,"Gleyber Torres",16997,650402
"Joshua Palacios","- - -",0.263157894,1.60576923,0.191044776,0.498507462,0.310447761,0.134615384,0.115384615,5,0.029940119,0,0,0.43195266,0.30473373,0.26331361,0.16863905,0.52071006,0.31065089,"Joshua Palacios",19818,641943
"DJ LeMahieu","NYY",0.308626198,2.125,0.211502782,0.536178107,0.252319109,0.06617647,0.137254901,52,0.059976931,1,0.166666666,0.26309304,0.3801602,0.35674677,0.15157116,0.53789279,0.31053604,"DJ LeMahieu",9874,518934
"Robbie Grossman","- - -",0.264545454,0.783231083,0.233069481,0.336851363,0.430079155,0.08588957,0.079754601,18,0.046997389,0,0,0.40964912,0.34561404,0.24473684,0.15614035,0.53333333,0.31052632,"Robbie Grossman",5254,543257
"Steven Matz","- - -",0.269230769,1.428571428,0.291666666,0.416666666,0.291666666,0,0,0,0,0,0,0.31034483,0.44827586,0.24137931,0.13793103,0.55172414,0.31034483,"Steven Matz",13361,571927
"Tim Tawa","ARI",0.189873417,1.235294117,0.105882352,0.494117647,0.4,0,0.176470588,5,0.119047619,0,0,0.45977011,0.37931034,0.16091954,0.16091954,0.52873563,0.31034483,"Tim Tawa",29571,694374
"Akil Baddoo","DET",0.284246575,0.996015936,0.178688524,0.409836065,0.411475409,0.111553784,0.111553784,22,0.088,2,0.666666666,0.38009788,0.36541599,0.25448613,0.17944535,0.51060359,0.30995106,"Akil Baddoo",22168,668731
"Cavan Biggio","- - -",0.2755716,0.727272727,0.214695752,0.33065442,0.454649827,0.068181818,0.118686868,13,0.045138888,3,0.3,0.43246311,0.33938706,0.22814983,0.13053348,0.55959137,0.30987514,"Cavan Biggio",19252,624415
"Starling Marte","- - -",0.330758426,1.92875318,0.208390646,0.521320495,0.270288858,0.048346055,0.13486005,62,0.081794195,13,0.464285714,0.37989204,0.35560054,0.26450742,0.16261808,0.52766532,0.3097166,"Starling Marte",9241,516782
"Jake Marisnick","- - -",0.314741035,1.126315789,0.22007722,0.413127413,0.366795366,0.2,0.126315789,7,0.06542056,2,0.222222222,0.41044776,0.33208955,0.25746269,0.24626866,0.44402985,0.30970149,"Jake Marisnick",11339,545350
"Heliot Ramos","SFG",0.300675675,1.330275229,0.180645161,0.467741935,0.351612903,0.059633027,0.128440366,30,0.103448275,0,0,0.33387097,0.39354839,0.27258065,0.13870968,0.5516129,0.30967742,"Heliot Ramos",22515,671218
"Taylor Motter","- - -",0.261904761,0.842105263,0.166666666,0.38095238,0.452380952,0.368421052,0,1,0.0625,0,0,0.4047619,0.38095238,0.21428571,0.28571429,0.4047619,0.30952381,"Taylor Motter",12399,600301
"Ian Kinsler","SDP",0.246575342,1.016129032,0.166666666,0.42,0.413333333,0.193548387,0.096774193,4,0.063492063,1,0.5,0.47368421,0.33552632,0.19078947,0.24342105,0.44736842,0.30921053,"Ian Kinsler",6195,435079
"Drew Gilbert","SFG",0.215384615,1.23076923,0.134328358,0.47761194,0.388059701,0.192307692,0.115384615,1,0.03125,0,0,0.48529412,0.25,0.26470588,0.20588235,0.48529412,0.30882353,"Drew Gilbert",31545,687551
"Maikel Franco","- - -",0.243073047,1.214057507,0.164053075,0.458383594,0.377563329,0.185303514,0.111821086,21,0.055263157,0,0,0.48612786,0.30518697,0.20868516,0.23763571,0.4535585,0.30880579,"Maikel Franco",12179,596748
"Troy Johnston","MIA",0.337662337,1,0.275,0.3625,0.3625,0.068965517,0.137931034,1,0.034482758,1,1,0.45679012,0.38271605,0.16049383,0.19753086,0.49382716,0.30864198,"Troy Johnston",26143,687859
"Alec Bohm","PHI",0.313802083,1.756880733,0.236825396,0.486349206,0.276825396,0.068807339,0.089449541,52,0.067885117,0,0,0.28888889,0.40444444,0.30666667,0.13968254,0.55174603,0.30857143,"Alec Bohm",21618,664761
"Josh Rojas","- - -",0.297697368,1.143487858,0.215670436,0.418416801,0.365912762,0.046357615,0.066225165,25,0.048262548,7,0.538461538,0.36530775,0.37330136,0.26139089,0.11990408,0.57234213,0.3077538,"Josh Rojas",19734,668942
"Zack Greinke","- - -",0.227272727,2.166666666,0.173913043,0.565217391,0.260869565,0,0.166666666,0,0,0,0,0.38461538,0.26923077,0.34615385,0.11538462,0.57692308,0.30769231,"Zack Greinke",1943,425844
"Martín Prado","MIA",0.252173913,1.628571428,0.213675213,0.487179487,0.299145299,0.057142857,0.057142857,1,0.017543859,0,0,0.31623932,0.35042735,0.33333333,0.14529915,0.54700855,0.30769231,"Martin Prado",3312,445988
"Yadiel Rivera","- - -",0.192307692,2.666666666,0.083333333,0.666666666,0.25,0,0,2,0.125,1,0.5,0.42307692,0.34615385,0.23076923,0.15384615,0.53846154,0.30769231,"Yadiel Rivera",11863,592680
"Kolten Wong","- - -",0.297397769,1.06779661,0.217231897,0.404216315,0.378551787,0.118644067,0.08716707,27,0.061224489,12,0.444444444,0.40518784,0.3273703,0.26744186,0.15742397,0.53488372,0.30769231,"Kolten Wong",12532,543939
"Max Fried","ATL",0.29090909,3.1,0.24074074,0.574074074,0.185185185,0,0,2,0.064516129,0,0,0.2,0.46153846,0.33846154,0.10769231,0.58461538,0.30769231,"Max Fried",13743,608331
"Joe Hudson","- - -",0.25,0.285714285,0.25,0.166666666,0.583333333,0.142857142,0,0,0,0,0,0.30769231,0.53846154,0.15384615,0.23076923,0.46153846,0.30769231,"Joe Hudson",14412,621529
"Derek Fisher","- - -",0.232876712,1.193548387,0.116883116,0.48051948,0.402597402,0.096774193,0.161290322,0,0,0,0,0.42307692,0.32051282,0.25641026,0.23076923,0.46153846,0.30769231,"Derek Fisher",16192,605233
"David MacKinnon","- - -",0.384615384,2,0.307692307,0.461538461,0.23076923,0,0,0,0,0,0,0.23076923,0.46153846,0.30769231,0.23076923,0.46153846,0.30769231,"David MacKinnon",19625,676950
"Greg Deichmann","CHC",0.153846153,0.25,0.23076923,0.153846153,0.615384615,0.125,0,0,0,0,0,0.53846154,0.15384615,0.30769231,0.30769231,0.38461538,0.30769231,"Greg Deichmann",19872,656364
"Romy Gonzalez","- - -",0.327645051,2.536231884,0.175675675,0.591216216,0.233108108,0.072463768,0.072463768,17,0.097142857,0,0,0.31438127,0.40802676,0.27759197,0.1638796,0.52842809,0.30769231,"Romy Gonzalez",21562,663853
"Leody Taveras","- - -",0.291363163,1.005154639,0.208545269,0.396744659,0.394710071,0.113402061,0.090206185,17,0.043589743,4,0.181818181,0.32835821,0.37711443,0.29452736,0.15721393,0.53532338,0.30746269,"Leody Taveras",18900,665750
"Ke'Bryan Hayes","- - -",0.302982731,1.546568627,0.19953775,0.486132511,0.314329738,0.095588235,0.06372549,48,0.07606973,2,0.666666666,0.27056111,0.41122214,0.31821676,0.17524981,0.51729439,0.3074558,"Ke'Bryan Hayes",18577,663647
"Jonah Heim","- - -",0.239510489,0.918650793,0.186711522,0.389402859,0.423885618,0.119047619,0.097222222,14,0.03023758,3,0.6,0.46314908,0.32998325,0.20686767,0.17755444,0.51507538,0.30737018,"Jonah Heim",16930,641680
"Kurt Suzuki","- - -",0.239808153,0.784210526,0.220689655,0.342528735,0.436781609,0.17368421,0.094736842,5,0.033557046,0,0,0.50688073,0.30275229,0.19036697,0.20642202,0.48623853,0.30733945,"Kurt Suzuki",8259,435559
"Mark Canha","- - -",0.304243394,1.228632478,0.197074672,0.44264819,0.360277136,0.143162393,0.106837606,60,0.104347826,0,0,0.4395689,0.3356428,0.2247883,0.18244804,0.51039261,0.30715935,"Mark Canha",11445,592192
"Ryan McKenna","- - -",0.380597014,1.125,0.25,0.397058823,0.352941176,0.104166666,0.041666666,8,0.148148148,0,0,0.28571429,0.39285714,0.32142857,0.14285714,0.55,0.30714286,"Ryan McKenna",19928,663630
"Jeff McNeil","NYM",0.293702497,1.056241426,0.212710084,0.404411764,0.382878151,0.096021947,0.094650205,59,0.076623376,4,0.5,0.43253138,0.33629707,0.23117155,0.15638075,0.53661088,0.30700837,"Jeff McNeil",15362,643446
"Miles Mastrobuoni","- - -",0.283154121,1.452380952,0.256317689,0.440433212,0.303249097,0.059523809,0.023809523,6,0.049180327,2,0.2,0.30662021,0.39721254,0.29616725,0.13240418,0.56097561,0.30662021,"Miles Mastrobuoni",20017,670156
"Heston Kjerstad","BAL",0.26993865,1.045454545,0.219653179,0.39884393,0.38150289,0.075757575,0.151515151,2,0.028985507,0,0,0.37572254,0.35260116,0.2716763,0.13872832,0.55491329,0.30635838,"Heston Kjerstad",31166,677008
"Tyler Freeman","- - -",0.285440613,1.798657718,0.201149425,0.513409961,0.285440613,0.087248322,0.040268456,13,0.048507462,3,0.272727272,0.37335835,0.3564728,0.27016886,0.15384615,0.54033771,0.30581614,"Tyler Freeman",22532,671289
"Jake Meyers","HOU",0.296644295,1.348837209,0.201581027,0.458498023,0.339920948,0.081395348,0.089147286,24,0.068965517,7,0.4375,0.39354839,0.36645161,0.24,0.14709677,0.54709677,0.30580645,"Jake Meyers",20308,676694
"Kevin Plawecki","- - -",0.311864406,1.098214285,0.214046822,0.411371237,0.374581939,0.142857142,0.035714285,5,0.040650406,0,0,0.37873754,0.35215947,0.26910299,0.17607973,0.51827243,0.30564784,"Kevin Plawecki",13807,608700
"Parker Meadows","DET",0.285714285,0.74,0.218562874,0.332335329,0.449101796,0.16,0.1,4,0.036036036,0,0,0.42136499,0.37091988,0.20771513,0.20178042,0.4925816,0.30563798,"Parker Meadows",23800,678009
"René Rivera","- - -",0.322580645,1.6,0.212121212,0.484848484,0.303030303,0.1,0.2,0,0,0,0,0.5,0.36111111,0.13888889,0.25,0.44444444,0.30555556,"Rene Rivera",3648,425784
"Michael Pérez","- - -",0.190114068,0.845528455,0.171532846,0.379562043,0.448905109,0.089430894,0.097560975,2,0.019230769,0,0,0.45818182,0.35636364,0.18545455,0.17818182,0.51636364,0.30545455,"Michael Perez",12977,605421
"Eric Haase","- - -",0.292783505,1.071065989,0.201565557,0.412915851,0.38551859,0.142131979,0.137055837,20,0.094786729,0,0,0.43968872,0.3151751,0.24513619,0.20233463,0.4922179,0.30544747,"Eric Haase",14111,606992
"Blaze Alexander","ARI",0.3081761,1.81632653,0.158536585,0.542682926,0.298780487,0.102040816,0.122448979,8,0.08988764,1,0.333333333,0.32934132,0.34730539,0.32335329,0.1257485,0.56886228,0.30538922,"Blaze Alexander",23789,677942
"Phil Gosselin","- - -",0.304545454,1.369863013,0.227678571,0.446428571,0.325892857,0.06849315,0.08219178,7,0.07,0,0,0.33185841,0.39380531,0.27433628,0.17699115,0.51769912,0.30530973,"Phil Gosselin",10953,594838
"Clint Frazier","- - -",0.314606741,1.027027027,0.210526315,0.4,0.389473684,0.126126126,0.162162162,4,0.035087719,0,0,0.40350877,0.35087719,0.24561404,0.20350877,0.49122807,0.30526316,"Clint Frazier",15983,640449
"Pete Crow-Armstrong","CHC",0.288235294,0.690763052,0.201138519,0.326375711,0.472485768,0.07630522,0.13253012,9,0.052325581,7,0.259259259,0.49277978,0.3032491,0.20397112,0.13176895,0.5631769,0.30505415,"Pete Crow-Armstrong",27769,691718
"Nelson Velázquez","- - -",0.240506329,0.92173913,0.146718146,0.409266409,0.444015444,0.086956521,0.191304347,8,0.075471698,0,0,0.44015444,0.30888031,0.25096525,0.18532819,0.50965251,0.30501931,"Nelson Velazquez",23359,676369
"Francisco Mejía","- - -",0.270440251,0.798245614,0.171717171,0.367676767,0.46060606,0.166666666,0.092105263,12,0.065934065,3,0.75,0.50501002,0.31462926,0.18036072,0.19238477,0.50300601,0.30460922,"Francisco Mejia",16403,642336
"Tommy Edman","- - -",0.290262172,1.580321285,0.212139791,0.482526057,0.30533415,0.086345381,0.07630522,58,0.073697585,2,0.142857142,0.40121581,0.36717325,0.23161094,0.16717325,0.52826748,0.30455927,"Tommy Edman",19470,669242
"Noelvi Marte","CIN",0.312154696,1.333333333,0.189473684,0.463157894,0.347368421,0.143939393,0.143939393,11,0.0625,0,0,0.43832021,0.33333333,0.22834646,0.18110236,0.5144357,0.30446194,"Noelvi Marte",26517,682622
"Will Wilson","CLE",0.285714285,0.8,0.1,0.4,0.5,0.2,0,1,0.125,1,0.333333333,0.26086957,0.39130435,0.34782609,0.30434783,0.39130435,0.30434783,"Will Wilson",25434,669717
"Billy Cook","PIT",0.238095238,0.357142857,0.173913043,0.217391304,0.608695652,0.285714285,0.142857142,1,0.2,0,0,0.43478261,0.30434783,0.26086957,0.2173913,0.47826087,0.30434783,"Billy Cook",29573,695257
"Juan Lagares","- - -",0.278911564,1.442105263,0.208191126,0.467576791,0.324232081,0.094736842,0.07368421,12,0.08759124,4,0.307692307,0.33986928,0.37254902,0.2875817,0.15359477,0.54248366,0.30392157,"Juan Lagares",5384,501571
"José Osuna","PIT",0.270588235,1.235294117,0.160220994,0.464088397,0.375690607,0.058823529,0.161764705,5,0.059523809,0,0,0.4198895,0.30939227,0.27071823,0.20441989,0.49171271,0.3038674,"Jose Osuna",12937,591741
"Max Stassi","- - -",0.294285714,1.283582089,0.177419354,0.462365591,0.360215053,0.104477611,0.164179104,11,0.063953488,0,0,0.40053763,0.35752688,0.24193548,0.17741935,0.5188172,0.30376344,"Max Stassi",10059,545358
"Adley Rutschman","BAL",0.269158878,0.959731543,0.215053763,0.384408602,0.400537634,0.085011185,0.102908277,27,0.062937062,0,0,0.41397849,0.33512545,0.25089606,0.15681004,0.53942652,0.30376344,"Adley Rutschman",26288,668939
"Gabriel Moreno","- - -",0.304029304,1.658682634,0.211367673,0.492007104,0.296625222,0.071856287,0.101796407,16,0.057761732,0,0,0.31616341,0.37477798,0.30905861,0.13854352,0.55772647,0.30373002,"Gabriel Moreno",22664,672515
"Aaron Schunk","COL",0.320754716,0.952380952,0.24074074,0.37037037,0.388888888,0.095238095,0.095238095,2,0.1,0,0,0.375,0.28571429,0.33928571,0.21428571,0.48214286,0.30357143,"Aaron Schunk",25524,668845
"Orlando Arcia","- - -",0.265402843,1.633093525,0.163747143,0.518659558,0.317593297,0.117505995,0.122302158,47,0.069016152,2,0.285714285,0.42878788,0.34848485,0.22272727,0.18560606,0.51136364,0.3030303,"Orlando Arcia",13185,606115
"Liover Peguero","PIT",0.25409836,1.769230769,0.15625,0.5390625,0.3046875,0.076923076,0.205128205,8,0.115942028,0,0,0.46969697,0.3030303,0.22727273,0.17424242,0.52272727,0.3030303,"Liover Peguero",24273,678894
"Odúbel Herrera","PHI",0.276744186,1.44217687,0.184090909,0.481818181,0.334090909,0.115646258,0.108843537,12,0.056603773,5,0.833333333,0.39461883,0.33856502,0.26681614,0.20179372,0.4955157,0.30269058,"Odubel Herrera",11476,546318
"Spencer Horwitz","- - -",0.321888412,0.989743589,0.206543967,0.394683026,0.398773006,0.107692307,0.117948717,10,0.051813471,0,0,0.38650307,0.31697342,0.29652352,0.15541922,0.54192229,0.30265849,"Spencer Horwitz",26477,687462
"Stephen Strasburg","WSN",0.263157894,4.8,0.236842105,0.631578947,0.131578947,0,0.2,0,0,0,0,0.18604651,0.53488372,0.27906977,0.13953488,0.55813953,0.30232558,"Stephen Strasburg",10131,544931
"Aledmys Díaz","- - -",0.275752773,1.327272727,0.215926493,0.447166921,0.336906584,0.181818181,0.104545454,16,0.05479452,0,0,0.49618321,0.31145038,0.19236641,0.19236641,0.50534351,0.30229008,"Aledmys Diaz",15937,649557
"Will Wagner","- - -",0.333333333,2.058823529,0.246376811,0.507246376,0.246376811,0.058823529,0.029411764,3,0.042857142,1,1,0.32374101,0.42446043,0.25179856,0.15107914,0.54676259,0.30215827,"Will Wagner",29634,695238
"Nick Solak","- - -",0.282407407,1.789473684,0.158730158,0.539682539,0.301587301,0.090225563,0.090225563,24,0.100840336,1,0.166666666,0.36465324,0.36689038,0.26845638,0.17897092,0.51901566,0.30201342,"Nick Solak",19294,669256
"Jared Triolo","PIT",0.297052154,1.156626506,0.206208425,0.42572062,0.368070953,0.090361445,0.084337349,24,0.125,1,0.166666666,0.404814,0.32603939,0.26914661,0.15536105,0.54266958,0.30196937,"Jared Triolo",25807,669707
"Evan Carter","TEX",0.308333333,0.862385321,0.200787401,0.37007874,0.429133858,0.073394495,0.137614678,7,0.074468085,0,0,0.42352941,0.36078431,0.21568627,0.18039216,0.51764706,0.30196078,"Evan Carter",27790,694497
"Chad Pinder","OAK",0.296089385,1.512605042,0.191891891,0.486486486,0.321621621,0.109243697,0.100840336,7,0.038888888,0,0,0.36927224,0.39083558,0.23989218,0.1671159,0.5309973,0.30188679,"Chad Pinder",15191,640461
"Roman Quinn","- - -",0.385245901,1.4375,0.264150943,0.433962264,0.301886792,0.09375,0.0625,2,0.04347826,10,0.5,0.45238095,0.38095238,0.16666667,0.15079365,0.54761905,0.3015873,"Roman Quinn",13546,596451
"Addison Russell","CHC",0.288135593,1.475,0.201612903,0.475806451,0.322580645,0.075,0.175,2,0.033898305,1,0.5,0.4047619,0.32539683,0.26984127,0.21428571,0.48412698,0.3015873,"Addison Russell",14106,608365
"José Tena","- - -",0.346938775,1.818181818,0.217171717,0.505050505,0.277777777,0.036363636,0.054545454,5,0.05,0,0,0.28140704,0.39698492,0.32160804,0.14572864,0.55276382,0.30150754,"Jose Tena",23691,677588
"Miguel Vargas","- - -",0.23046875,0.638059701,0.176360225,0.320825515,0.502814258,0.111940298,0.078358208,14,0.081871345,0,0,0.42134831,0.34269663,0.23595506,0.17228464,0.52621723,0.30149813,"Miguel Vargas",20178,678246
"Eddy Alvarez","- - -",0.28169014,1.36,0.169014084,0.478873239,0.352112676,0.08,0.04,3,0.088235294,0,0,0.46575342,0.24657534,0.28767123,0.12328767,0.57534247,0.30136986,"Eddy Alvarez",16959,657193
"Chas McCormick","HOU",0.301282051,1.209401709,0.200927357,0.4374034,0.361669242,0.076923076,0.149572649,25,0.088339222,8,0.470588235,0.40361446,0.34036145,0.2560241,0.14457831,0.55421687,0.30120482,"Chas McCormick",19599,676801
"Spencer Steer","CIN",0.281645569,0.865429234,0.189516129,0.376008064,0.434475806,0.157772621,0.109048723,24,0.064343163,2,0.5,0.46285141,0.31024096,0.22690763,0.19076305,0.50803213,0.30120482,"Spencer Steer",26323,668715
"Max Schrock","- - -",0.3,0.803921568,0.25203252,0.333333333,0.414634146,0.117647058,0.058823529,5,0.121951219,0,0,0.36585366,0.3495935,0.28455285,0.25203252,0.44715447,0.30081301,"Max Schrock",17750,621011
"Jose Siri","- - -",0.28,0.967289719,0.176125244,0.405088062,0.418786692,0.093457943,0.196261682,14,0.06763285,3,0.375,0.4238921,0.33526012,0.24084778,0.16763006,0.53179191,0.30057803,"Jose Siri",17452,642350
"Jose Altuve","HOU",0.29792615,1.338028169,0.194565744,0.46094129,0.344492964,0.126760563,0.16197183,87,0.091578947,16,0.5,0.52030578,0.31199236,0.16770186,0.1892021,0.51027234,0.30052556,"Jose Altuve",5417,514888
"Jake Rogers","DET",0.258064516,0.921465968,0.202173913,0.382608695,0.415217391,0.12565445,0.146596858,7,0.039772727,0,0,0.4527897,0.34978541,0.19742489,0.15665236,0.54291845,0.30042918,"Jake Rogers",19452,668670
"Kyle Isbel","KCR",0.282954545,1.067605633,0.168742921,0.429218573,0.402038505,0.16056338,0.064788732,22,0.058047493,12,0.333333333,0.41458107,0.32752992,0.25788901,0.18933624,0.51033732,0.30032644,"Kyle Isbel",21614,664728
"Raimel Tapia","- - -",0.315585672,2.396,0.192965779,0.569391634,0.237642585,0.048,0.088,37,0.061769616,2,0.285714285,0.3286119,0.37677054,0.29461756,0.19263456,0.50708215,0.30028329,"Raimel Tapia",14350,606132
"Andrew Romine","- - -",0.275862068,1.5,0.310344827,0.413793103,0.275862068,0,0.125,2,0.166666666,1,1,0.46666667,0.33333333,0.2,0.2,0.5,0.3,"Andrew Romine",1159,461865
"Jake Elmore","PIT",0.35,1.285714285,0.2,0.45,0.35,0,0,2,0.222222222,0,0,0.2,0.25,0.55,0.2,0.5,0.3,"Jake Elmore",7290,518653
"Sócrates Brito","TOR",0.15,2.166666666,0.05,0.65,0.3,0,0,1,0.076923076,0,0,0.45,0.4,0.15,0.2,0.5,0.3,"Socrates Brito",12944,593647
"Charlie Tilson","CHW",0.325842696,1.84,0.211111111,0.511111111,0.277777777,0.08,0.04,3,0.065217391,0,0,0.37777778,0.28888889,0.33333333,0.18888889,0.51111111,0.3,"Charlie Tilson",12983,605508
"Mikie Mahtook","DET",0,0.428571428,0,0.3,0.7,0,0,0,0,0,0,0.3,0.3,0.4,0.2,0.5,0.3,"Mikie Mahtook",13130,543484
"Pedro Severino","- - -",0.303278688,1.130434782,0.220159151,0.413793103,0.366047745,0.18115942,0.086956521,13,0.083333333,0,0,0.48157895,0.31315789,0.20526316,0.21052632,0.48947368,0.3,"Pedro Severino",14523,600474
"Colton Welker","COL",0.3,0.555555555,0.3,0.25,0.45,0.111111111,0,0,0,0,0,0.3,0.35,0.35,0.2,0.5,0.3,"Colton Welker",19961,666213
"Nick Margevicius","SDP",0.375,5,0.25,0.625,0.125,1,0,0,0,0,0,0.4,0.2,0.4,0.2,0.5,0.3,"Nick Margevicius",20395,676606
"Javier Báez","- - -",0.291693917,1.422303473,0.174454828,0.484735202,0.340809968,0.098720292,0.149908592,70,0.089974293,4,0.666666666,0.41837368,0.34947238,0.23215394,0.17815022,0.522036,0.29981378,"Javier Baez",12979,595879
"Oscar Gonzalez","- - -",0.34,1.793103448,0.208469055,0.508143322,0.283387622,0.08045977,0.08045977,16,0.102564102,0,0,0.41368078,0.35179153,0.23452769,0.16286645,0.53745928,0.29967427,"Oscar Gonzalez",20970,660757
"Harold Castro","- - -",0.350593311,1.682539682,0.279317697,0.452025586,0.268656716,0.019841269,0.063492063,12,0.028301886,2,0.2,0.32700422,0.37869198,0.2943038,0.10443038,0.59599156,0.29957806,"Harold Castro",14691,605612
"Joey Wiemer","- - -",0.231578947,1.175,0.116751269,0.47715736,0.40609137,0.125,0.0875,12,0.127659574,0,0,0.43654822,0.38071066,0.18274112,0.17258883,0.52791878,0.29949239,"Joey Wiemer",27690,686894
"Harold Ramírez","- - -",0.316161616,2.010752688,0.173228346,0.552165354,0.274606299,0.096774193,0.093189964,54,0.096256684,0,0,0.34744094,0.3996063,0.25295276,0.1761811,0.5246063,0.2992126,"Harold Ramirez",14387,623912
"Austin Slater","- - -",0.336477987,2.260273972,0.258566978,0.514018691,0.22741433,0.02739726,0.150684931,11,0.066666666,6,0.6,0.31722054,0.39577039,0.28700906,0.16314199,0.53776435,0.29909366,"Austin Slater",16153,596103
"Lewin Díaz","MIA",0.220930232,0.795454545,0.141304347,0.380434782,0.478260869,0.125,0.136363636,5,0.071428571,0,0,0.44565217,0.30434783,0.25,0.17391304,0.52717391,0.29891304,"Lewin Diaz",18365,650331
"Breyvic Valera","- - -",0.235294117,0.743589743,0.2,0.34117647,0.458823529,0.128205128,0.051282051,2,0.068965517,1,0.5,0.4137931,0.34482759,0.24137931,0.14942529,0.55172414,0.29885057,"Breyvic Valera",12758,591971
"Ty France","- - -",0.299696048,1.320557491,0.216470588,0.445882352,0.337647058,0.101045296,0.095818815,34,0.044854881,0,0,0.37411765,0.36705882,0.25882353,0.16882353,0.53235294,0.29882353,"Ty France",17982,664034
"Ryan McBroom","KCR",0.4,1.409090909,0.208955223,0.462686567,0.328358208,0.09090909,0.09090909,1,0.032258064,0,0,0.28358209,0.34328358,0.37313433,0.26865672,0.43283582,0.29850746,"Ryan McBroom",16524,643436
"Lenyn Sosa","CHW",0.278481012,0.922077922,0.230502599,0.369150779,0.40034662,0.125541125,0.112554112,14,0.065727699,0,0,0.35849057,0.36363636,0.27787307,0.15951973,0.54202401,0.29845626,"Lenyn Sosa",22896,672820
"Austin Wynns","- - -",0.272727272,1.525252525,0.185667752,0.491856677,0.32247557,0.131313131,0.121212121,4,0.026490066,0,0,0.41904762,0.31746032,0.26349206,0.16507937,0.53650794,0.2984127,"Austin Wynns",15271,642851
"Austin Romine","- - -",0.297709923,1.488888888,0.176470588,0.492647058,0.330882352,0.144444444,0.111111111,6,0.044776119,0,0,0.33090909,0.36727273,0.30181818,0.17818182,0.52363636,0.29818182,"Austin Romine",5491,519222
"Christian Arroyo","- - -",0.3,1.554621848,0.204188481,0.484293193,0.311518324,0.092436974,0.100840336,8,0.043243243,0,0,0.34715026,0.40414508,0.24870466,0.18911917,0.51295337,0.29792746,"Christian Arroyo",16434,624414
"Jeff Mathis","- - -",0.244094488,0.781818181,0.216,0.344,0.44,0.181818181,0.072727272,3,0.069767441,1,0.2,0.41538462,0.33076923,0.25384615,0.20610687,0.49618321,0.29770992,"Jeff Mathis",3448,425772
"Dwight Smith Jr.","BAL",0.271966527,1.280898876,0.191235059,0.454183266,0.354581673,0.101123595,0.13483146,13,0.114035087,0,0,0.36111111,0.35714286,0.28174603,0.17857143,0.52380952,0.29761905,"Dwight Smith Jr.",13473,596105
"Miguel Amaya","CHC",0.288590604,0.975806451,0.209677419,0.39032258,0.4,0.137096774,0.112903225,7,0.057851239,0,0,0.42721519,0.30696203,0.26582278,0.18037975,0.5221519,0.29746835,"Miguel Amaya",21693,665804
"Josh Smith","TEX",0.28375286,1.040935672,0.214848143,0.400449943,0.384701912,0.090643274,0.070175438,19,0.053370786,7,0.538461538,0.40576497,0.35476718,0.23946785,0.16204218,0.54051054,0.29744728,"Josh Smith",26396,669701
"Brice Turang","MIL",0.307095343,1.335463258,0.204570184,0.454842219,0.340587595,0.057507987,0.089456869,24,0.057416267,9,0.47368421,0.27292111,0.3901919,0.33688699,0.12260128,0.57995736,0.29744136,"Brice Turang",22186,668930
"Aaron Nola","PHI",0.375,2.333333333,0.310344827,0.48275862,0.206896551,0,0,1,0.071428571,0,0,0.18918919,0.35135135,0.45945946,0.16216216,0.54054054,0.2972973,"Aaron Nola",16149,605400
"Cedric Mullins","- - -",0.288123682,0.74672489,0.176954732,0.351851851,0.471193415,0.138282387,0.113537117,23,0.044834307,28,0.56,0.43965517,0.32559682,0.23474801,0.16777188,0.53514589,0.29708223,"Cedric Mullins",17929,656775
"Anthony Volpe","NYY",0.261312217,1.22960725,0.197826086,0.442391304,0.359782608,0.099697885,0.120845921,30,0.073710073,2,0.285714285,0.37971953,0.35275081,0.26752967,0.16720604,0.53613808,0.29665588,"Anthony Volpe",27647,683011
"Yoshi Tsutsugo","- - -",0.221014492,0.9375,0.141868512,0.415224913,0.442906574,0.09375,0.1015625,3,0.025,0,0,0.34827586,0.35862069,0.29310345,0.16896552,0.53448276,0.29655172,"Yoshi Tsutsugo",27459,660294
"Henry Davis","PIT",0.242753623,0.859375,0.167832167,0.384615384,0.447552447,0.1640625,0.078125,11,0.1,0,0,0.43793103,0.32758621,0.23448276,0.18965517,0.5137931,0.29655172,"Henry Davis",29617,680779
"Kristopher Negrón","- - -",0.461538461,0.777777777,0.407407407,0.259259259,0.333333333,0,0.111111111,0,0,0,0,0.25925926,0.2962963,0.44444444,0.03703704,0.66666667,0.2962963,"Kristopher Negron",5306,502117
"Jace Peterson","- - -",0.278963414,1.146938775,0.217261904,0.418154761,0.364583333,0.044897959,0.093877551,11,0.039145907,5,0.5,0.38856305,0.36510264,0.24633431,0.15542522,0.5483871,0.29618768,"Jace Peterson",12325,607054
"Alex Freeland","LAD",0.292682926,0.894736842,0.142857142,0.404761904,0.452380952,0.105263157,0.105263157,1,0.058823529,0,0,0.38636364,0.36363636,0.25,0.13636364,0.56818182,0.29545455,"Alex Freeland",31665,690976
"Seby Zavala","- - -",0.305555555,0.767676767,0.23245614,0.333333333,0.434210526,0.06060606,0.121212121,6,0.078947368,0,0,0.41772152,0.31223629,0.27004219,0.13924051,0.56540084,0.29535865,"Seby Zavala",18887,664874
"Austin Allen","- - -",0.322033898,0.769230769,0.220338983,0.33898305,0.440677966,0.115384615,0.076923076,0,0,2,1,0.44262295,0.24590164,0.31147541,0.2295082,0.47540984,0.29508197,"Austin Allen",18083,664119
"Jonatan Clase","- - -",0.31081081,0.777777777,0.123287671,0.383561643,0.493150684,0,0.083333333,1,0.035714285,3,0.6,0.37179487,0.41025641,0.21794872,0.12820513,0.57692308,0.29487179,"Jonatan Clase",26599,682729
"Albert Almora Jr.","- - -",0.253822629,1.822916666,0.195845697,0.519287833,0.284866468,0.135416666,0.135416666,11,0.062857142,0,0,0.36416185,0.4017341,0.23410405,0.25722543,0.44797688,0.29479769,"Albert Almora Jr.",14109,546991
"Michael Chavis","- - -",0.322274881,1.326797385,0.192743764,0.46031746,0.346938775,0.143790849,0.124183006,17,0.083743842,0,0,0.39229025,0.37641723,0.23129252,0.24489796,0.46031746,0.29478458,"Michael Chavis",17321,656308
"Edgar Quero","CHW",0.258064516,1.620689655,0.2,0.494736842,0.305263157,0.017241379,0.068965517,3,0.031914893,0,0,0.27368421,0.41578947,0.31052632,0.12631579,0.57894737,0.29473684,"Edgar Quero",28022,700337
"Jake Cronenworth","SDP",0.279973649,0.92868217,0.209656925,0.380559085,0.409783989,0.058914728,0.099224806,35,0.058430717,6,0.461538461,0.34215501,0.38311279,0.2747322,0.15185885,0.55387524,0.29426591,"Jake Cronenworth",18036,630105
"Tanner Roark","CIN",0.2,1.75,0.3125,0.4375,0.25,0,0.25,0,0,0,0,0.52941176,0.23529412,0.23529412,0.05882353,0.64705882,0.29411765,"Tanner Roark",8753,543699
"Monte Harrison","- - -",0.5,2.5,0.176470588,0.588235294,0.235294117,0.25,0.25,1,0.1,0,0,0.29411765,0.35294118,0.35294118,0.29411765,0.41176471,0.29411765,"Monte Harrison",17216,656509
"Curtis Terry","TEX",0.176470588,0.666666666,0.117647058,0.352941176,0.529411764,0.111111111,0,0,0,0,0,0.29411765,0.47058824,0.23529412,0.41176471,0.29411765,0.29411765,"Curtis Terry",18881,663799
"Ford Proctor","SFG",0.0625,12,0.235294117,0.705882352,0.058823529,0,1,0,0,0,0,0.41176471,0.35294118,0.23529412,0.17647059,0.52941176,0.29411765,"Ford Proctor",21634,665154
"Manuel Margot","- - -",0.276785714,1.248648648,0.180295566,0.455172413,0.364532019,0.151351351,0.062162162,40,0.086580086,11,0.578947368,0.38974855,0.37137331,0.23887814,0.19632495,0.50967118,0.29400387,"Manuel Margot",14712,622534
"Oswald Peraza","- - -",0.274261603,1.68,0.176229508,0.516393442,0.307377049,0.186666666,0.106666666,13,0.103174603,0,0,0.45714286,0.34693878,0.19591837,0.22040816,0.48571429,0.29387755,"Oswald Peraza",22823,672724
"Jonathan Villar","- - -",0.31441048,1.825242718,0.183730715,0.527349228,0.288920056,0.063106796,0.160194174,32,0.085106382,3,0.25,0.37655172,0.34896552,0.27448276,0.21793103,0.48827586,0.2937931,"Jonathan Villar",10071,542340
"Alfonso Rivas III","- - -",0.365638766,1.485714285,0.24347826,0.452173913,0.304347826,0.028571428,0.1,5,0.048076923,3,0.6,0.36595745,0.34893617,0.28510638,0.13617021,0.57021277,0.29361702,"Alfonso Rivas III",21560,663845
"Jonah Bride","- - -",0.279850746,1.393617021,0.193548387,0.46953405,0.336917562,0.159574468,0.117021276,8,0.061068702,0,0,0.475,0.29642857,0.22857143,0.16071429,0.54642857,0.29285714,"Jonah Bride",24703,681146
"Mark Payton","- - -",0.195121951,1.176470588,0.097560975,0.487804878,0.414634146,0.235294117,0,0,0,0,0,0.46341463,0.41463415,0.12195122,0.2195122,0.48780488,0.29268293,"Mark Payton",16042,592622
"Luis Campusano","SDP",0.276729559,1.447619047,0.216463414,0.463414634,0.320121951,0.104761904,0.095238095,10,0.065789473,0,0,0.42073171,0.375,0.20426829,0.16463415,0.54268293,0.29268293,"Luis Campusano",22217,669134
"Tim Anderson","- - -",0.345801526,2.631578947,0.229337304,0.558451228,0.212211466,0.028070175,0.119298245,66,0.088,0,0,0.34028295,0.36857781,0.29113924,0.1377513,0.56962025,0.29262844,"Tim Anderson",15172,641313
"Willi Castro","- - -",0.308823529,1.030837004,0.218644067,0.396610169,0.384745762,0.079295154,0.09030837,23,0.049145299,7,0.28,0.39004149,0.33526971,0.2746888,0.17593361,0.53195021,0.29211618,"Willi Castro",17338,650489
"Jonathan Schoop","- - -",0.276553106,1.380681818,0.195004803,0.466858789,0.338136407,0.178977272,0.12215909,32,0.065843621,0,0,0.41882805,0.3573487,0.22382325,0.24111431,0.46685879,0.2920269,"Jonathan Schoop",11265,570731
"Harrison Bader","- - -",0.307373653,1.138716356,0.170281124,0.441767068,0.387951807,0.144927536,0.099378881,68,0.123636363,2,0.166666666,0.43993636,0.35163087,0.20843278,0.2124105,0.4956245,0.291965,"Harrison Bader",18030,664056
"Adam Haseley","- - -",0.334821428,2.52,0.231441048,0.55021834,0.218340611,0.1,0.1,14,0.111111111,0,0,0.34334764,0.36480687,0.29184549,0.1888412,0.5193133,0.29184549,"Adam Haseley",19878,656514
"Franklin Barreto","- - -",0.166666666,2.8,0.136363636,0.636363636,0.227272727,0.2,0,1,0.071428571,0,0,0.5,0.29166667,0.20833333,0.16666667,0.54166667,0.29166667,"Franklin Barreto",15519,620439
"Nathan Lukes","TOR",0.279452054,1.151079136,0.206896551,0.424403183,0.368700265,0.07913669,0.093525179,5,0.03125,1,0.142857142,0.3359375,0.3359375,0.328125,0.1640625,0.54427083,0.29166667,"Nathan Lukes",18123,664770
"Maverick Handley","BAL",0.136363636,1.5,0.09090909,0.545454545,0.363636363,0.125,0,1,0.083333333,0,0,0.33333333,0.5,0.16666667,0.33333333,0.375,0.29166667,"Maverick Handley",26106,668974
"Adael Amador","COL",0.25,0.76744186,0.173913043,0.358695652,0.467391304,0.046511627,0.023255813,0,0,0,0,0.46875,0.26041667,0.27083333,0.19791667,0.51041667,0.29166667,"Adael Amador",27962,691182
"Denzel Clarke","ATH",0.391304347,1.666666666,0.2,0.5,0.3,0,0.095238095,3,0.085714285,0,0,0.30555556,0.44444444,0.25,0.15277778,0.55555556,0.29166667,"Denzel Clarke",29858,672016
"José Peraza","- - -",0.251497005,0.852348993,0.183431952,0.375739644,0.440828402,0.10738255,0.060402684,5,0.039370078,3,0.6,0.37026239,0.37317784,0.25655977,0.20116618,0.50728863,0.29154519,"Jose Peraza",13593,606299
"Nick Maton","- - -",0.241992882,0.654929577,0.197952218,0.317406143,0.484641638,0.077464788,0.091549295,7,0.075268817,1,0.5,0.38983051,0.38983051,0.22033898,0.16271186,0.54576271,0.29152542,"Nick Maton",21635,665155
"Gerardo Parra","- - -",0.28169014,1.16,0.263636363,0.395454545,0.34090909,0.04,0.133333333,5,0.057471264,1,0.333333333,0.32286996,0.3632287,0.31390135,0.10313901,0.60538117,0.29147982,"Gerardo Parra",8553,467827
"Luis González","- - -",0.331395348,1.184615384,0.154761904,0.458333333,0.386904761,0.046153846,0.046153846,5,0.064935064,4,0.571428571,0.33142857,0.34857143,0.32,0.12,0.58857143,0.29142857,"Luis Gonzalez",20332,670768
"Zack Short","- - -",0.20603015,0.549549549,0.148514851,0.301980198,0.54950495,0.108108108,0.072072072,3,0.049180327,4,0.363636363,0.39906103,0.35211268,0.24882629,0.19248826,0.51643192,0.29107981,"Zack Short",19562,670097
"Scott Schebler","- - -",0.222222222,1.588235294,0.2,0.49090909,0.309090909,0.117647058,0.058823529,2,0.074074074,0,0,0.41818182,0.36363636,0.21818182,0.27272727,0.43636364,0.29090909,"Scott Schebler",12225,594988
"Wilmer Flores","- - -",0.263157894,0.866300366,0.212519319,0.36553323,0.421947449,0.13003663,0.108058608,20,0.042283298,0,0,0.44779582,0.32405259,0.22815159,0.1771075,0.5320959,0.2907966,"Wilmer Flores",5827,527038
"Alex Jackson","- - -",0.268656716,1,0.157142857,0.421428571,0.421428571,0.13559322,0.101694915,3,0.050847457,0,0,0.46808511,0.34751773,0.18439716,0.19148936,0.5177305,0.29078014,"Alex Jackson",17276,656577
"Jason Vosler","- - -",0.272108843,0.873015873,0.233766233,0.357142857,0.409090909,0.174603174,0.126984126,0,0,1,1,0.48387097,0.30967742,0.20645161,0.22580645,0.48387097,0.29032258,"Jason Vosler",16686,613564
"Justyn-Henry Malloy","DET",0.27118644,0.810344827,0.153225806,0.379032258,0.467741935,0.017241379,0.103448275,4,0.085106382,0,0,0.4516129,0.2983871,0.25,0.12903226,0.58064516,0.29032258,"Justyn-Henry Malloy",29606,669234
"Mike Tauchman","- - -",0.304195804,1.125382262,0.220852017,0.412556053,0.366591928,0.067278287,0.107033639,26,0.070652173,0,0,0.34451902,0.34340045,0.31208054,0.16666667,0.54362416,0.28970917,"Mike Tauchman",15274,643565
"Bryson Stott","PHI",0.284572342,1.129629629,0.19329696,0.427903351,0.378799688,0.096707818,0.086419753,37,0.067395264,7,0.538461538,0.34259259,0.3587963,0.29861111,0.15046296,0.56018519,0.28935185,"Bryson Stott",26294,681082
"Patrick Bailey","SFG",0.295608108,0.9625,0.218905472,0.383084577,0.39800995,0.0625,0.0625,9,0.038961038,4,0.4,0.37520392,0.37194127,0.25285481,0.14215686,0.56862745,0.28921569,"Patrick Bailey",27478,672275
"Adam Engel","CHW",0.33898305,1.294117647,0.230263157,0.434210526,0.335526315,0.147058823,0.117647058,16,0.121212121,1,0.25,0.41558442,0.33116883,0.25324675,0.2012987,0.50974026,0.28896104,"Adam Engel",15082,641553
"Blake Swihart","- - -",0.219512195,1.266666666,0.244444444,0.422222222,0.333333333,0.066666666,0.266666666,1,0.052631578,0,0,0.46666667,0.28888889,0.24444444,0.2,0.51111111,0.28888889,"Blake Swihart",13176,596119
"Daniel Robertson","- - -",0.25,1.634146341,0.19402985,0.5,0.305970149,0.097560975,0.048780487,3,0.044776119,0,0,0.33333333,0.36296296,0.3037037,0.22222222,0.48888889,0.28888889,"Daniel Robertson",14145,621002
"Juan Yepez","- - -",0.292418772,1.194444444,0.18556701,0.443298969,0.37113402,0.129629629,0.129629629,9,0.069767441,0,0,0.46391753,0.30584192,0.23024055,0.20618557,0.50515464,0.28865979,"Juan Yepez",18400,660766
"Nick Martini","- - -",0.286713286,1.07079646,0.2147651,0.406040268,0.37919463,0.132743362,0.10619469,9,0.074380165,0,0,0.40268456,0.32214765,0.27516779,0.16778523,0.54362416,0.2885906,"Nick Martini",12005,605361
"Delino DeShields","- - -",0.333333333,1.71641791,0.235294117,0.483193277,0.281512605,0.074626865,0.014925373,7,0.060869565,7,0.318181818,0.31538462,0.38076923,0.30384615,0.13846154,0.57307692,0.28846154,"Delino DeShields",11379,592261
"Edward Olivares","- - -",0.294900221,1.406451612,0.199570815,0.467811158,0.332618025,0.154838709,0.103225806,18,0.082568807,1,0.5,0.47008547,0.32905983,0.2008547,0.20940171,0.50213675,0.28846154,"Edward Olivares",19698,658668
"Bryan Ramos","CHW",0.24,1.15,0.173076923,0.442307692,0.384615384,0.05,0.1,1,0.04347826,0,0,0.40384615,0.40384615,0.19230769,0.15384615,0.55769231,0.28846154,"Bryan Ramos",25621,682868
"Martín Maldonado","- - -",0.22811344,1.008823529,0.188836104,0.40736342,0.403800475,0.138235294,0.120588235,12,0.034985422,0,0,0.46224256,0.32608696,0.21167048,0.17391304,0.53775744,0.28832952,"Martin Maldonado",6887,455117
"Jose Trevino","- - -",0.271832718,1.321678321,0.202881152,0.453781512,0.343337334,0.115384615,0.08041958,27,0.071428571,0,0,0.37261905,0.37619048,0.25119048,0.17261905,0.53928571,0.28809524,"Jose Trevino",16725,624431
"Cal Mitchell","PIT",0.262295081,1.538461538,0.208,0.48,0.312,0,0.076923076,3,0.05,0,0,0.456,0.328,0.216,0.12,0.592,0.288,"Cal Mitchell",22169,668751
"Weston Wilson","PHI",0.306451612,1.148148148,0.107692307,0.476923076,0.415384615,0.185185185,0.111111111,5,0.161290322,0,0,0.56060606,0.21212121,0.22727273,0.22727273,0.48484848,0.28787879,"Weston Wilson",19358,642215
"Jean Segura","- - -",0.298200514,2.01242236,0.185558354,0.544080604,0.270361041,0.139751552,0.080745341,69,0.106481481,0,0,0.32217573,0.39665272,0.28117155,0.2167364,0.49539749,0.28786611,"Jean Segura",5933,516416
"Nick Senzel","- - -",0.267473118,1.297709923,0.212041884,0.445026178,0.342931937,0.11832061,0.087786259,27,0.079411764,2,0.4,0.3953186,0.34590377,0.25877763,0.18725618,0.52535761,0.28738622,"Nick Senzel",19293,669222
"Keibert Ruiz","- - -",0.25,0.889125799,0.211743772,0.370996441,0.417259786,0.125799573,0.085287846,15,0.035971223,0,0,0.48398577,0.35854093,0.15747331,0.16725979,0.54537367,0.28736655,"Keibert Ruiz",19610,660688
"Zach Dezenzo","HOU",0.361445783,1.058823529,0.195402298,0.413793103,0.390804597,0.088235294,0.117647058,4,0.111111111,0,0,0.3908046,0.4137931,0.1954023,0.17241379,0.54022989,0.28735632,"Zach Dezenzo",31562,701305
"Connor Joe","- - -",0.295133437,1.060240963,0.217987804,0.402439024,0.37957317,0.136546184,0.084337349,12,0.045454545,0,0,0.37841945,0.34650456,0.27507599,0.20516717,0.50759878,0.28723404,"Connor Joe",16572,656582
"Blake Perkins","MIL",0.31358885,1.224299065,0.156028368,0.464539007,0.379432624,0.074766355,0.06542056,12,0.091603053,6,0.428571428,0.34459459,0.375,0.28040541,0.16216216,0.55067568,0.28716216,"Blake Perkins",19921,663368
"Christian Koss","SFG",0.303921568,1.5625,0.211538461,0.48076923,0.307692307,0.0625,0.09375,4,0.08,1,0.25,0.36111111,0.37037037,0.26851852,0.18518519,0.52777778,0.28703704,"Christian Koss",27653,683766
"Daniel Murphy","COL",0.273809523,0.97037037,0.237822349,0.375358166,0.386819484,0.118518518,0.096296296,6,0.045801526,0,0,0.38681948,0.35243553,0.26074499,0.16332378,0.55014327,0.28653295,"Daniel Murphy",4316,502517
"Garrett Hampson","- - -",0.311403508,1.195918367,0.198211624,0.436661698,0.365126676,0.114285714,0.07755102,31,0.105802047,15,0.365853658,0.36797753,0.36095506,0.27106742,0.18258427,0.53089888,0.28651685,"Garrett Hampson",19262,641658
"Zach McKinstry","- - -",0.280982905,0.838308457,0.237358101,0.347781217,0.414860681,0.049751243,0.087064676,14,0.041543026,0,0,0.39322382,0.34702259,0.25975359,0.13347023,0.58008214,0.28644764,"Zach McKinstry",19392,656716
"Yan Gomes","- - -",0.278544542,1.083601286,0.213592233,0.408980582,0.377427184,0.112540192,0.08681672,25,0.074183976,0,0,0.38666667,0.36727273,0.24606061,0.19393939,0.52,0.28606061,"Yan Gomes",9627,543228
"Steve Pearce","BOS",0.228571428,1.8,0.2,0.514285714,0.285714285,0.1,0,2,0.111111111,0,0,0.48571429,0.31428571,0.2,0.2,0.51428571,0.28571429,"Steve Pearce",9957,456665
"Nick Ahmed","- - -",0.283272283,1.590038314,0.183574879,0.501207729,0.315217391,0.118773946,0.084291187,29,0.069879518,8,0.421052631,0.43565525,0.36009445,0.2042503,0.17945691,0.53482881,0.28571429,"Nick Ahmed",12147,605113
"Seth Mejias-Brean","SDP",0.25,2,0.142857142,0.571428571,0.285714285,0,0.5,0,0,0,0,0.28571429,0.5,0.21428571,0.28571429,0.42857143,0.28571429,"Seth Mejias-Brean",13905,623180
"Jamie Westbrook","BOS",0.142857142,1.5,0.285714285,0.428571428,0.285714285,0,0,0,0,0,0,0.28571429,0.28571429,0.42857143,0.14285714,0.57142857,0.28571429,"Jamie Westbrook",15504,642197
"Mike Gerber","SFG",0.142857142,5,0.142857142,0.714285714,0.142857142,0,0,0,0,0,0,0.71428571,0.28571429,0,0.14285714,0.57142857,0.28571429,"Mike Gerber",16115,595222
"Mark Zagunis","CHC",0.571428571,1.5,0.285714285,0.428571428,0.285714285,0,0,2,0.666666666,0,0,0.28571429,0.28571429,0.42857143,0.28571429,0.42857143,0.28571429,"Mark Zagunis",16565,657145
"Luke Weaver","ARI",0.272727272,1.333333333,0.3,0.4,0.3,0,0.333333333,1,0.25,0,0,0.14285714,0.42857143,0.42857143,0.07142857,0.64285714,0.28571429,"Luke Weaver",16918,596133
"Josh Lester","- - -",0.285714285,10,0.214285714,0.714285714,0.071428571,0,0,0,0,0,0,0.64285714,0.28571429,0.07142857,0.07142857,0.64285714,0.28571429,"Josh Lester",17737,623507
"Tony Gonsolin","LAD",0.5,2.666666666,0.083333333,0.666666666,0.25,0,0,2,0.25,0,0,0.28571429,0.28571429,0.42857143,0.14285714,0.57142857,0.28571429,"Tony Gonsolin",19388,664062
"Zac Veen","COL",0.23076923,1,0,0.5,0.5,0,0.166666666,1,0.166666666,1,0.5,0.42857143,0.42857143,0.14285714,0.07142857,0.64285714,0.28571429,"Zac Veen",27770,691728
"Tomás Nido","- - -",0.277634961,1.4375,0.208121827,0.467005076,0.324873096,0.0546875,0.078125,15,0.081521739,1,0.0625,0.34146341,0.38780488,0.27073171,0.14390244,0.57073171,0.28536585,"Tomas Nido",13755,621512
"Ehire Adrianza","- - -",0.284810126,1.016393442,0.236024844,0.385093167,0.378881987,0.090163934,0.06557377,7,0.056451612,1,0.25,0.38343558,0.34662577,0.26993865,0.17177914,0.54294479,0.28527607,"Ehire Adrianza",8418,501303
"Korey Lee","- - -",0.256302521,1.325842696,0.151639344,0.483606557,0.364754098,0.078651685,0.11235955,10,0.084745762,2,0.4,0.38955823,0.35742972,0.25301205,0.19277108,0.52208835,0.28514056,"Korey Lee",25543,686676
"Rafael Ortega","- - -",0.306542056,0.814655172,0.23731884,0.342391304,0.420289855,0.099137931,0.090517241,8,0.042328042,3,0.5,0.47849462,0.30645161,0.21505376,0.14336918,0.57168459,0.28494624,"Rafael Ortega",10323,542364
"Isaac Paredes","- - -",0.239488117,0.742592592,0.192967409,0.343910806,0.463121783,0.187037037,0.133333333,20,0.049875311,0,0,0.54030875,0.27015437,0.18953688,0.19296741,0.52229846,0.28473413,"Isaac Paredes",20036,670623
"Tony Wolters","- - -",0.309352517,1.708333333,0.29602888,0.444043321,0.259927797,0.069444444,0.013888888,9,0.073170731,0,0,0.35231317,0.3594306,0.28825623,0.16014235,0.55516014,0.28469751,"Tony Wolters",11470,547172
"Luke Keaschall","MIN",0.396226415,1.428571428,0.220183486,0.458715596,0.321100917,0.085714285,0.085714285,4,0.08,0,0,0.42201835,0.36697248,0.21100917,0.17431193,0.5412844,0.28440367,"Luke Keaschall",33321,807712
"Jake Mangum","TBR",0.36123348,3.063829787,0.162280701,0.631578947,0.20614035,0.021276595,0.042553191,25,0.173611111,1,1,0.22270742,0.41048035,0.36681223,0.17467249,0.54148472,0.28384279,"Jake Mangum",26202,663968
"Jack Mayfield","- - -",0.245098039,0.8125,0.171428571,0.371428571,0.457142857,0.145833333,0.072916666,4,0.051282051,1,0.2,0.41860465,0.30232558,0.27906977,0.22790698,0.48837209,0.28372093,"Jack Mayfield",15402,608686
"David Fry","CLE",0.296116504,0.847826086,0.201877934,0.366197183,0.431924882,0.119565217,0.097826086,5,0.064102564,0,0,0.45581395,0.33023256,0.21395349,0.18139535,0.53488372,0.28372093,"David Fry",24934,681807
"Hunter Feduccia","- - -",0.266666666,1.217391304,0.15,0.466666666,0.383333333,0.173913043,0,1,0.035714285,0,0,0.36666667,0.31666667,0.31666667,0.18333333,0.53333333,0.28333333,"Hunter Feduccia",23372,676439
"Jacob Stallings","- - -",0.292431192,1.271565495,0.198421645,0.448703494,0.352874859,0.083067092,0.060702875,8,0.020100502,3,0.272727272,0.3830735,0.344098,0.27282851,0.16258352,0.5545657,0.28285078,"Jacob Stallings",13723,607732
"Nick Fortes","- - -",0.247311827,1.137777777,0.159090909,0.447552447,0.393356643,0.2,0.084444444,9,0.03515625,3,0.2,0.46678024,0.32367973,0.20954003,0.21465077,0.50255537,0.28279387,"Nick Fortes",21538,663743
"Liam Hicks","MIA",0.285714285,1.386666666,0.244725738,0.438818565,0.316455696,0.04,0.08,6,0.057692307,0,0,0.38818565,0.37552743,0.23628692,0.18565401,0.53164557,0.28270042,"Liam Hicks",29844,689414
"Jeremy Peña","HOU",0.310711365,1.629533678,0.195083267,0.498810467,0.306106264,0.106217616,0.119170984,59,0.093799682,4,0.333333333,0.44854674,0.34092694,0.21052632,0.17124902,0.54673998,0.282011,"Jeremy Pena",21636,665161
"Cam Smith","HOU",0.31081081,1.883333333,0.237885462,0.497797356,0.26431718,0.066666666,0.083333333,5,0.044247787,0,0,0.39647577,0.32599119,0.27753304,0.17621145,0.54185022,0.28193833,"Cam Smith",35108,701358
"Austin Nola","- - -",0.279707495,1.205,0.211091234,0.431127012,0.357781753,0.135,0.075,8,0.03319502,0,0,0.39788732,0.33978873,0.26232394,0.19014085,0.52816901,0.28169014,"Austin Nola",15941,543592
"Jung Hoo Lee","SFG",0.293598233,1.226993865,0.20742358,0.436681222,0.355895196,0.055214723,0.036809815,17,0.085,0,0,0.43137255,0.30501089,0.26361656,0.13507625,0.583878,0.28104575,"Jung Hoo Lee",33824,808982
"Jhonkensy Noel","CLE",0.230088495,0.927272727,0.123966942,0.421487603,0.454545454,0.254545454,0.145454545,5,0.098039215,0,0,0.6446281,0.19834711,0.15702479,0.25619835,0.46280992,0.28099174,"Jhonkensy Noel",24257,678877
"Drew Waters","KCR",0.344262295,1.205607476,0.255520504,0.406940063,0.337539432,0.028037383,0.112149532,6,0.046511627,0,0,0.45741325,0.35015773,0.19242902,0.17350158,0.54574132,0.2807571,"Drew Waters",20505,671221
"Jon Berti","- - -",0.328029375,2.155339805,0.214975845,0.536231884,0.24879227,0.063106796,0.063106796,51,0.114864864,1,0.166666666,0.28657074,0.38009592,0.33333333,0.18705036,0.5323741,0.28057554,"Jon Berti",12037,542932
"Dylan Carlson","- - -",0.26659292,1.106936416,0.211038961,0.414502164,0.374458874,0.089595375,0.089595375,16,0.041775456,6,0.6,0.38650964,0.35760171,0.25588865,0.15417559,0.56531049,0.28051392,"Dylan Carlson",20126,666185
"César Hernández","- - -",0.31220876,1.424418604,0.227062094,0.454124189,0.318813716,0.098837209,0.069767441,44,0.089795918,14,0.7,0.37306642,0.34576888,0.2811647,0.19563239,0.52411283,0.28025478,"Cesar Hernandez",10556,514917
"Cole Hamels","CHC",0.208333333,1.714285714,0.208333333,0.5,0.291666666,0.142857142,0,1,0.083333333,0,0,0.48,0.32,0.2,0.2,0.52,0.28,"Cole Hamels",4972,430935
"Steven Souza Jr.","- - -",0.208333333,0.909090909,0.16,0.4,0.44,0.181818181,0.09090909,0,0,0,0,0.52,0.32,0.16,0.16,0.56,0.28,"Steven Souza Jr.",5667,519306
"Anthony Alford","- - -",0.414285714,1.068965517,0.2,0.413333333,0.386666666,0.034482758,0.172413793,9,0.29032258,0,0,0.38666667,0.37333333,0.24,0.18666667,0.53333333,0.28,"Anthony Alford",14329,546990
"Taylor Walls","TBR",0.236526946,0.894915254,0.176730486,0.388807069,0.434462444,0.084745762,0.064406779,14,0.053030303,5,0.357142857,0.35353535,0.35786436,0.28860029,0.13419913,0.58585859,0.27994228,"Taylor Walls",22458,670764
"Chase Meidroth","CHW",0.273764258,1.746835443,0.181132075,0.520754716,0.298113207,0.126582278,0.037974683,6,0.04347826,0,0,0.3619403,0.3358209,0.30223881,0.17910448,0.54104478,0.27985075,"Chase Meidroth",31580,805367
"Eric Sogard","- - -",0.304849884,0.975609756,0.253456221,0.368663594,0.377880184,0.079268292,0.054878048,10,0.0625,3,0.3,0.34684685,0.37612613,0.27702703,0.16891892,0.5518018,0.27927928,"Eric Sogard",7927,519299
"Hayden Senger","NYM",0.261904761,1.818181818,0.225,0.5,0.275,0.09090909,0,1,0.05,2,0.666666666,0.39534884,0.3255814,0.27906977,0.20930233,0.51162791,0.27906977,"Hayden Senger",21489,663584
"Eli White","- - -",0.290076335,1.215053763,0.228464419,0.423220973,0.348314606,0.05376344,0.139784946,14,0.123893805,3,0.333333333,0.4057971,0.30434783,0.28985507,0.14492754,0.57608696,0.27898551,"Eli White",19346,642201
"Matt Reynolds","- - -",0.358333333,2.064516129,0.221311475,0.524590163,0.25409836,0.032258064,0.064516129,4,0.0625,0,0,0.24590164,0.47540984,0.27868852,0.09016393,0.63114754,0.27868852,"Matt Reynolds",13788,608703
"Nick Williams","- - -",0.20338983,1.15,0.295081967,0.37704918,0.327868852,0.05,0.1,2,0.086956521,0,0,0.39344262,0.31147541,0.29508197,0.21311475,0.50819672,0.27868852,"Nick Williams",14330,608384
"Luis Barrera","OAK",0.3,1.611111111,0.20338983,0.491525423,0.305084745,0.055555555,0.055555555,1,0.034482758,1,0.5,0.37704918,0.26229508,0.36065574,0.06557377,0.6557377,0.27868852,"Luis Barrera",19615,642456
"Derek Hill","- - -",0.284444444,1.6875,0.242290748,0.475770925,0.281938325,0.09375,0.109375,14,0.129629629,1,0.1,0.39662447,0.35021097,0.25316456,0.17299578,0.54852321,0.27848101,"Derek Hill",16947,656537
"Andrew Knizner","- - -",0.279749478,1.32183908,0.172131147,0.471311475,0.356557377,0.183908045,0.06321839,13,0.056521739,0,0,0.3597561,0.37398374,0.26626016,0.2296748,0.49186992,0.27845528,"Andrew Knizner",19514,668800
"Didi Gregorius","- - -",0.264094955,0.799342105,0.21294964,0.349640287,0.437410071,0.154605263,0.088815789,19,0.0781893,5,0.833333333,0.41654779,0.35378031,0.2296719,0.20542083,0.51640514,0.27817404,"Didi Gregorius",6012,544369
"Jhoulys Chacín","- - -",0.125,1.5,0.117647058,0.529411764,0.352941176,0.333333333,0.166666666,0,0,0,0,0.44444444,0.27777778,0.27777778,0.27777778,0.44444444,0.27777778,"Jhoulys Chacin",2608,468504
"Ryan Lavarnway","- - -",0.363636363,1.166666666,0.257142857,0.4,0.342857142,0.083333333,0.166666666,0,0,0,0,0.44444444,0.33333333,0.22222222,0.16666667,0.55555556,0.27777778,"Ryan Lavarnway",8879,543432
"Wyatt Mathisen","ARI",0.125,0.25,0.166666666,0.166666666,0.666666666,0.25,0.166666666,0,0,0,0,0.16666667,0.5,0.33333333,0.38888889,0.33333333,0.27777778,"Wyatt Mathisen",14555,621500
"DaShawn Keirsey Jr.","MIN",0.137254901,1.47368421,0.113207547,0.528301886,0.358490566,0.157894736,0.157894736,2,0.071428571,0,0,0.38888889,0.31481481,0.2962963,0.22222222,0.5,0.27777778,"DaShawn Keirsey Jr.",24496,680577
"Nate Eaton","- - -",0.301886792,1.119047619,0.168224299,0.439252336,0.392523364,0.071428571,0.023809523,7,0.14893617,0,0,0.36111111,0.40740741,0.23148148,0.18518519,0.53703704,0.27777778,"Nate Eaton",25055,681987
"Edmundo Sosa","- - -",0.307829181,1.697142857,0.183391003,0.51384083,0.302768166,0.102857142,0.102857142,35,0.117845117,1,0.111111111,0.41737649,0.36967632,0.21294719,0.18398637,0.53833049,0.27768313,"Edmundo Sosa",17022,624641
"Luis Arraez","- - -",0.340369393,1.301120448,0.285030461,0.404264577,0.31070496,0.025210084,0.037815126,33,0.035522066,1,0.166666666,0.29861111,0.36588542,0.33550347,0.10590278,0.6171875,0.27690972,"Luis Arraez",18568,650333
"Kameron Misner","TBR",0.308411214,1.142857142,0.189189189,0.432432432,0.378378378,0.119047619,0.095238095,1,0.020833333,0,0,0.39285714,0.375,0.23214286,0.16071429,0.5625,0.27678571,"Kameron Misner",26374,670224
"Freddy Fermin","- - -",0.31368421,1.307692307,0.182389937,0.463312368,0.354297693,0.165680473,0.088757396,11,0.049773755,9,0.5,0.3979798,0.35757576,0.24444444,0.14545455,0.57777778,0.27676768,"Freddy Fermin",21840,666023
"Keon Broxton","- - -",0.254545454,1.173913043,0.122807017,0.47368421,0.403508771,0.130434782,0.130434782,2,0.074074074,0,0,0.29310345,0.43103448,0.27586207,0.18965517,0.53448276,0.27586207,"Keon Broxton",9253,542979
"Miguel Andujar","- - -",0.282170542,1.398268398,0.161875945,0.488653555,0.349470499,0.147186147,0.069264069,35,0.108359133,0,0,0.39334342,0.38729198,0.2193646,0.23903177,0.48562784,0.27534039,"Miguel Andujar",15878,609280
"Mallex Smith","SEA",0.274647887,1.505494505,0.2,0.480701754,0.319298245,0.076923076,0.054945054,8,0.05839416,1,0.166666666,0.34364261,0.34364261,0.31271478,0.21305842,0.51202749,0.27491409,"Mallex Smith",13608,605480
"Austin Barnes","LAD",0.270321361,1.257731958,0.19038817,0.451016635,0.358595194,0.164948453,0.082474226,15,0.061475409,2,0.222222222,0.39818182,0.34909091,0.25272727,0.22727273,0.49818182,0.27454545,"Austin Barnes",12158,605131
"John Ryan Murphy","- - -",0.276595744,1.3125,0.229166666,0.4375,0.333333333,0.125,0.125,1,0.047619047,1,0.333333333,0.62745098,0.2745098,0.09803922,0.23529412,0.49019608,0.2745098,"John Ryan Murphy",10346,571974
"Abraham Toro","- - -",0.234782608,1.053097345,0.173396674,0.423990498,0.402612826,0.100294985,0.109144542,19,0.053221288,0,0,0.42874109,0.35510689,0.21615202,0.20190024,0.52375297,0.27434679,"Abraham Toro",19844,647351
"Dylan Moore","- - -",0.269565217,0.682432432,0.176859504,0.333884297,0.489256198,0.179054054,0.118243243,13,0.064356435,2,0.25,0.46492659,0.32626427,0.20880914,0.2137031,0.51223491,0.27406199,"Dylan Moore",18042,664238
"Sheldon Neuse","- - -",0.342857142,2.142857142,0.246575342,0.51369863,0.239726027,0.085714285,0.171428571,6,0.08,0,0,0.2739726,0.41780822,0.30821918,0.15068493,0.57534247,0.2739726,"Sheldon Neuse",19635,641914
"Amed Rosario","- - -",0.322764743,1.808791208,0.205717837,0.511497824,0.282784338,0.101098901,0.07032967,70,0.085054678,0,0,0.30310559,0.42360248,0.27329193,0.17018634,0.55590062,0.27391304,"Amed Rosario",15518,642708
"Alan Trejo","COL",0.303030303,1.417721518,0.194092827,0.472573839,0.333333333,0.037974683,0.088607594,7,0.0625,0,0,0.42323651,0.36514523,0.21161826,0.15767635,0.56846473,0.27385892,"Alan Trejo",20056,676701
"Ceddanne Rafaela","BOS",0.314465408,1.096385542,0.203053435,0.416793893,0.380152671,0.156626506,0.088353413,21,0.076923076,2,0.333333333,0.36459909,0.3903177,0.24508321,0.20272315,0.52344932,0.27382753,"Ceddanne Rafaela",24262,678882
"Whit Merrifield","- - -",0.319791062,1.206270627,0.236872146,0.417237442,0.34589041,0.09570957,0.06270627,66,0.090287277,3,0.25,0.3446712,0.35997732,0.29535147,0.16099773,0.56575964,0.27324263,"Whit Merrifield",11281,593160
"Geraldo Perdomo","ARI",0.277179236,0.868480725,0.201550387,0.371124031,0.427325581,0.124716553,0.063492063,20,0.052219321,5,0.111111111,0.45218199,0.3082637,0.23955432,0.17084494,0.55617456,0.2729805,"Geraldo Perdomo",22799,672695
"Andy Ibáñez","- - -",0.27198364,1.159793814,0.162,0.45,0.388,0.134020618,0.05670103,15,0.066666666,0,0,0.37649402,0.37450199,0.24900398,0.19322709,0.53386454,0.27290837,"Andy Ibanez",18819,628451
"Tucker Barnhart","- - -",0.299578059,1.218253968,0.227900552,0.424033149,0.348066298,0.103174603,0.095238095,8,0.026058631,5,0.384615384,0.43012212,0.3229308,0.24694708,0.15196744,0.57530529,0.27272727,"Tucker Barnhart",10200,571466
"Deven Marrero","- - -",0.2,1,0.09090909,0.454545454,0.454545454,0.2,0.2,1,0.2,0,0,0.45454545,0.18181818,0.36363636,0.27272727,0.45454545,0.27272727,"Deven Marrero",13325,571918
"Hyun Jin Ryu","- - -",0.272727272,2,0.086956521,0.608695652,0.304347826,0,0.142857142,0,0,0,0,0.3030303,0.36363636,0.33333333,0.24242424,0.48484848,0.27272727,"Hyun Jin Ryu",14444,547943
"Jake Noll","WSN",0.363636363,3.5,0.181818181,0.636363636,0.181818181,0.5,0,1,0.142857142,0,0,0.54545455,0.18181818,0.27272727,0.36363636,0.36363636,0.27272727,"Jake Noll",19703,669738
"Canaan Smith-Njigba","PIT",0.227272727,3.5,0.181818181,0.636363636,0.181818181,0,0,2,0.142857142,0,0,0.59090909,0.18181818,0.22727273,0.13636364,0.59090909,0.27272727,"Canaan Smith-Njigba",23264,675986
"Grae Kessinger","HOU",0.151515151,1.5,0.09090909,0.545454545,0.363636363,0,0,2,0.111111111,0,0,0.45454545,0.45454545,0.09090909,0.09090909,0.63636364,0.27272727,"Grae Kessinger",25813,666197
"Matt Gorski","PIT",0.3,1.25,0.181818181,0.454545454,0.363636363,0,0.25,1,0.2,0,0,0.45454545,0.36363636,0.18181818,0.36363636,0.36363636,0.27272727,"Matt Gorski",25855,685301
"Darren Baker","WSN",0.636363636,3.5,0.1,0.7,0.2,0,0,1,0.142857142,1,1,0.09090909,0.45454545,0.45454545,0.09090909,0.63636364,0.27272727,"Darren Baker",29912,671117
"Pedro Pagés","STL",0.273076923,1.054545454,0.178181818,0.421818181,0.4,0.09090909,0.136363636,3,0.025862068,0,0,0.35483871,0.3655914,0.27956989,0.18996416,0.53763441,0.27240143,"Pedro Pages",25782,686780
"Austin Martin","MIN",0.31455399,1.476923076,0.240566037,0.452830188,0.306603773,0.061538461,0.015384615,6,0.0625,2,0.4,0.44700461,0.36866359,0.1843318,0.12903226,0.59907834,0.2718894,"Austin Martin",27462,668885
"David Hamilton","BOS",0.275974025,0.902255639,0.199367088,0.379746835,0.420886075,0.067669172,0.09774436,10,0.083333333,2,0.25,0.40123457,0.3117284,0.28703704,0.14506173,0.58333333,0.27160494,"David Hamilton",27531,666152
"Kelvin Gutiérrez","- - -",0.304812834,2.76744186,0.138297872,0.632978723,0.228723404,0.162790697,0.023255813,12,0.100840336,0,0,0.34574468,0.40425532,0.25,0.18617021,0.54255319,0.2712766,"Kelvin Gutierrez",17468,642721
"Luis Rengifo","LAA",0.28291536,1.781578947,0.194359756,0.516006097,0.289634146,0.1,0.102631578,35,0.05169867,0,0,0.375,0.39166667,0.23333333,0.1719697,0.55681818,0.27121212,"Luis Rengifo",19858,650859
"Andrew Velazquez","- - -",0.255813953,1.03488372,0.178403755,0.417840375,0.403755868,0.058139534,0.127906976,8,0.08988764,9,0.391304347,0.36864407,0.40254237,0.22881356,0.14830508,0.58050847,0.27118644,"Andrew Velazquez",14196,623205
"Wilfredo Tovar","- - -",0.216216216,3.666666666,0.243243243,0.594594594,0.162162162,0.166666666,0,3,0.136363636,0,0,0.37837838,0.32432432,0.2972973,0.32432432,0.40540541,0.27027027,"Wilfredo Tovar",10416,541600
"Jon Singleton","- - -",0.286290322,0.827586206,0.181467181,0.37065637,0.447876447,0.077586206,0.094827586,3,0.03125,0,0,0.38610039,0.36679537,0.24710425,0.16216216,0.56756757,0.27027027,"Jon Singleton",10441,572138
"Stuart Fairchild","- - -",0.252380952,0.989130434,0.144859813,0.425233644,0.429906542,0.152173913,0.097826086,9,0.098901098,2,0.25,0.46396396,0.28828829,0.24774775,0.20720721,0.52252252,0.27027027,"Stuart Fairchild",20321,656413
"TJ Friedl","CIN",0.272547076,0.831858407,0.196896217,0.364694471,0.438409311,0.143805309,0.097345132,13,0.034574468,13,0.419354838,0.46421846,0.32297552,0.21280603,0.17608286,0.55367232,0.27024482,"TJ Friedl",19522,670770
"J.P. Crawford","SEA",0.300302114,1.231560891,0.230177514,0.424852071,0.344970414,0.09948542,0.077186963,32,0.044568245,2,0.1,0.36900585,0.35964912,0.27134503,0.1877193,0.54210526,0.27017544,"J.P. Crawford",15491,641487
"Oswaldo Cabrera","NYY",0.281746031,1.10880829,0.203522504,0.418786692,0.377690802,0.098445595,0.088082901,10,0.046728971,6,0.4,0.40114068,0.36501901,0.2338403,0.17110266,0.55893536,0.26996198,"Oswaldo Cabrera",21707,665828
"Luke Maile","- - -",0.274336283,1.233333333,0.225433526,0.427745664,0.346820809,0.091666666,0.075,5,0.033783783,1,0.166666666,0.38636364,0.375,0.23863636,0.20454545,0.52556818,0.26988636,"Luke Maile",13355,571912
"Christian Vázquez","- - -",0.300623052,1.231947483,0.221967963,0.429443173,0.348588863,0.118161925,0.072210065,20,0.035523978,2,0.133333333,0.33031674,0.38310709,0.28657617,0.17797888,0.55279035,0.26923077,"Christian Vazquez",9774,543877
"Andrés Giménez","- - -",0.294301327,1.252699784,0.205030487,0.44207317,0.352896341,0.112311015,0.097192224,50,0.086206896,8,0.363636363,0.41529235,0.33733133,0.24737631,0.18290855,0.54797601,0.26911544,"Andres Gimenez",19950,665926
"Humberto Arteaga","- - -",0.227272727,2,0.215384615,0.523076923,0.261538461,0.058823529,0,5,0.147058823,0,0,0.29850746,0.23880597,0.46268657,0.13432836,0.59701493,0.26865672,"Humberto Arteaga",13595,600858
"Corey Julks","- - -",0.280851063,0.957446808,0.239669421,0.371900826,0.388429752,0.117021276,0.074468085,5,0.055555555,0,0,0.37603306,0.32644628,0.29752066,0.16942149,0.56198347,0.26859504,"Corey Julks",20311,667452
"Ha-Seong Kim","- - -",0.270875763,0.997572815,0.188362919,0.405325443,0.406311637,0.148058252,0.08737864,40,0.0973236,4,0.285714285,0.45914397,0.35019455,0.19066148,0.20136187,0.53015564,0.26848249,"Ha-Seong Kim",27506,673490
"Ryan Bliss","SEA",0.263157894,1.133333333,0.179487179,0.435897435,0.384615384,0.133333333,0.066666666,1,0.058823529,0,0,0.34146341,0.36585366,0.29268293,0.19512195,0.53658537,0.26829268,"Ryan Bliss",29547,669208
"Jake Fraley","- - -",0.306146572,0.994134897,0.235955056,0.380898876,0.383146067,0.085043988,0.129032258,28,0.08259587,0,0,0.44893378,0.32772166,0.22334456,0.21885522,0.51290685,0.26823793,"Jake Fraley",19260,641584
"Cole Tucker","- - -",0.297188755,1.592105263,0.218253968,0.48015873,0.301587301,0.092105263,0.039473684,4,0.033057851,0,0,0.41732283,0.37401575,0.20866142,0.17322835,0.55905512,0.26771654,"Cole Tucker",17326,657061
"Leo Rivas","SEA",0.313432835,1,0.253731343,0.373134328,0.373134328,0.08,0.08,3,0.12,0,0,0.47887324,0.26760563,0.25352113,0.14084507,0.5915493,0.26760563,"Leo Rivas",21009,660844
"Dairon Blanco","KCR",0.287037037,1.848484848,0.129629629,0.564814814,0.305555555,0.151515151,0.09090909,15,0.245901639,2,0.25,0.42241379,0.37931034,0.19827586,0.20689655,0.52586207,0.26724138,"Dairon Blanco",19779,680118
"Kevin Smith","- - -",0.195121951,0.85,0.112,0.408,0.48,0.166666666,0.05,4,0.078431372,0,0,0.29770992,0.3740458,0.32824427,0.19083969,0.54198473,0.26717557,"Kevin Smith",20242,675656
"Nolan Schanuel","LAA",0.289957567,1.290456431,0.240715268,0.427785419,0.331499312,0.053941908,0.087136929,11,0.035369774,1,0.25,0.40902873,0.35841313,0.23255814,0.13543092,0.59781122,0.26675787,"Nolan Schanuel",33189,694384
"Dustin Pedroia","BOS",0.133333333,1.8,0.066666666,0.6,0.333333333,0,0,1,0.111111111,0,0,0.33333333,0.4,0.26666667,0.13333333,0.6,0.26666667,"Dustin Pedroia",8370,456030
"Kaleb Cowart","LAA",0.2,0.428571428,0.333333333,0.2,0.466666666,0.142857142,0,0,0,0,0,0.33333333,0.33333333,0.33333333,0.2,0.53333333,0.26666667,"Kaleb Cowart",11494,592230
"Peter O'Brien","MIA",0.357142857,1,0.2,0.4,0.4,0,0.166666666,1,0.166666666,0,0,0.53333333,0.26666667,0.2,0.13333333,0.6,0.26666667,"Peter O'Brien",13288,598284
"Eric Lauer","- - -",0.260869565,1.375,0.136363636,0.5,0.363636363,0,0.125,0,0,1,0.125,0.33333333,0.33333333,0.33333333,0.13333333,0.6,0.26666667,"Eric Lauer",19316,641778
"Dalton Guthrie","PHI",0.214285714,0.444444444,0.133333333,0.266666666,0.6,0.222222222,0.111111111,1,0.25,0,0,0.2,0.4,0.4,0.4,0.33333333,0.26666667,"Dalton Guthrie",21293,656495
"Michael Helman","TEX",0.31707317,1,0.047619047,0.476190476,0.476190476,0.25,0.1,5,0.25,1,0.333333333,0.53333333,0.31111111,0.15555556,0.33333333,0.4,0.26666667,"Michael Helman",24605,680737
"Yolmer Sánchez","- - -",0.306709265,1.245454545,0.210862619,0.43769968,0.351437699,0.063636363,0.018181818,9,0.06569343,1,0.1,0.33126935,0.34674923,0.32198142,0.18266254,0.55108359,0.26625387,"Yolmer Sanchez",11602,570560
"Omar Narváez","- - -",0.286848072,0.772378516,0.243449781,0.329694323,0.426855895,0.076726342,0.0971867,5,0.016556291,0,0,0.38436482,0.35070575,0.26492942,0.18241042,0.55157438,0.2660152,"Omar Narvaez",13338,553882
"Thairo Estrada","- - -",0.29299363,1.572368421,0.185416666,0.497916666,0.316666666,0.131578947,0.121710526,46,0.096234309,9,0.45,0.46326531,0.32244898,0.21428571,0.19816139,0.53626149,0.26557712,"Thairo Estrada",16426,642731
"Josh Harrison","- - -",0.286919831,1.010526315,0.207468879,0.398340248,0.394190871,0.09122807,0.049122807,10,0.034722222,0,0,0.40165062,0.36726272,0.23108666,0.15405777,0.58046768,0.26547455,"Josh Harrison",8202,543281
"Joey Ortiz","- - -",0.257518796,1.304568527,0.154562383,0.478584729,0.366852886,0.142131979,0.050761421,18,0.07003891,0,0,0.34186472,0.35283364,0.30530165,0.2321755,0.50274223,0.26508227,"Joey Ortiz",25493,687401
"Sam Travis","BOS",0.272727272,1.666666666,0.058823529,0.588235294,0.352941176,0.166666666,0.083333333,0,0,0,0,0.23529412,0.38235294,0.38235294,0.17647059,0.55882353,0.26470588,"Sam Travis",16263,607752
"Matt Duffy","- - -",0.338271604,2.138613861,0.230582524,0.524271844,0.245145631,0.07920792,0.06930693,15,0.069444444,0,0,0.29854369,0.35679612,0.34466019,0.12864078,0.60679612,0.26456311,"Matt Duffy",13836,622110
"Pablo Reyes","- - -",0.270833333,1.224719101,0.171548117,0.456066945,0.372384937,0.191011235,0.033707865,7,0.064220183,3,0.428571428,0.45528455,0.34552846,0.19918699,0.20325203,0.53252033,0.26422764,"Pablo Reyes",16357,622569
"Jacob deGrom","NYM",0.294117647,1.923076923,0.224489795,0.510204081,0.265306122,0,0.153846153,0,0,2,0.5,0.43396226,0.26415094,0.30188679,0.20754717,0.52830189,0.26415094,"Jacob deGrom",10954,594798
"Pat Valaika","- - -",0.280612244,0.808988764,0.202970297,0.356435643,0.440594059,0.13483146,0.078651685,5,0.069444444,0,0,0.29268293,0.3804878,0.32682927,0.17560976,0.56097561,0.26341463,"Pat Valaika",14885,642162
"Connor Wong","BOS",0.331406551,1.382022471,0.2,0.464150943,0.335849056,0.146067415,0.101123595,18,0.073170731,4,0.307692307,0.43646409,0.32044199,0.24309392,0.18968692,0.54696133,0.26335175,"Connor Wong",19896,657136
"Aaron Hicks","- - -",0.256666666,1.071146245,0.156199677,0.436392914,0.407407407,0.162055335,0.102766798,21,0.077490774,0,0,0.50558214,0.28548644,0.20893142,0.215311,0.5215311,0.26315789,"Aaron Hicks",5297,543305
"Leury García","CHW",0.311141304,2.198895027,0.221774193,0.534946236,0.243279569,0.027624309,0.077348066,32,0.08040201,1,0.05,0.34554974,0.35994764,0.29450262,0.15314136,0.58376963,0.26308901,"Leury Garcia",5913,544725
"Joey Loperfido","- - -",0.371257485,1,0.2716763,0.364161849,0.364161849,0.047619047,0.111111111,1,0.015873015,1,0.5,0.40571429,0.33714286,0.25714286,0.14857143,0.58857143,0.26285714,"Joey Loperfido",29630,694388
"José Caballero","- - -",0.286307053,0.871287128,0.210855949,0.36743215,0.421711899,0.133663366,0.04950495,16,0.09090909,6,0.375,0.46464646,0.35353535,0.18181818,0.22424242,0.51313131,0.26262626,"Jose Caballero",23401,676609
"Travis Blankenhorn","- - -",0.169491525,1.842105263,0.114754098,0.573770491,0.311475409,0.315789473,0.105263157,1,0.028571428,0,0,0.47540984,0.29508197,0.2295082,0.18032787,0.55737705,0.26229508,"Travis Blankenhorn",18395,663905
"Matt Shaw","CHC",0.261467889,0.911111111,0.225225225,0.369369369,0.405405405,0.133333333,0.077777777,12,0.146341463,2,0.666666666,0.40888889,0.33777778,0.25333333,0.22222222,0.51555556,0.26222222,"Matt Shaw",33322,807713
"Terrin Vavra","BAL",0.31,1.653846153,0.303030303,0.434343434,0.262626262,0.038461538,0.038461538,5,0.116279069,0,0,0.33980583,0.41747573,0.24271845,0.15533981,0.58252427,0.26213592,"Terrin Vavra",24400,679631
"Jorge Mateo","- - -",0.269702276,0.954356846,0.194871794,0.393162393,0.411965811,0.141078838,0.074688796,17,0.073913043,1,0.071428571,0.37562604,0.38230384,0.24207012,0.18530885,0.55258765,0.26210351,"Jorge Mateo",17273,622761
"Owen Miller","- - -",0.291925465,1.447204968,0.200811359,0.472616632,0.326572008,0.086956521,0.062111801,24,0.103004291,0,0,0.38133874,0.38742394,0.23123732,0.19066937,0.54766734,0.26166329,"Owen Miller",24655,680911
"Alejandro Osuna","TEX",0.266055045,1.285714285,0.279279279,0.405405405,0.315315315,0.114285714,0.057142857,1,0.022222222,0,0,0.31531532,0.43243243,0.25225225,0.18018018,0.55855856,0.26126126,"Alejandro Osuna",27915,696030
"Xavier Edwards","MIA",0.367424242,1.443037974,0.247563352,0.444444444,0.307992202,0.044303797,0.025316455,20,0.087719298,11,0.478260869,0.32649254,0.36380597,0.30970149,0.15671642,0.58208955,0.26119403,"Xavier Edwards",22266,669364
"Aaron Altherr","- - -",0.045454545,0.727272727,0.173913043,0.347826086,0.478260869,0.09090909,0.09090909,0,0,0,0,0.39130435,0.30434783,0.30434783,0.13043478,0.60869565,0.26086957,"Aaron Altherr",11270,571437
"Estevan Florial","- - -",0.263636363,1.166666666,0.194690265,0.433628318,0.371681415,0.142857142,0.095238095,7,0.142857142,1,0.5,0.40869565,0.37391304,0.2173913,0.22608696,0.51304348,0.26086957,"Estevan Florial",19151,664314
"Jonathan Araúz","- - -",0.174311926,1.375,0.188034188,0.47008547,0.341880341,0.125,0.2,1,0.018181818,0,0,0.43697479,0.32773109,0.23529412,0.18487395,0.55462185,0.2605042,"Jonathan Arauz",20275,660620
"Caleb Durbin","MIL",0.272401433,1.165048543,0.203571428,0.428571428,0.367857142,0.203883495,0.067961165,10,0.083333333,2,0.25,0.41666667,0.41666667,0.16666667,0.21180556,0.52777778,0.26041667,"Caleb Durbin",29646,702332
"Austin Hedges","- - -",0.210134128,0.78095238,0.189306358,0.355491329,0.455202312,0.161904761,0.088888888,11,0.044715447,1,0.026315789,0.46164384,0.33150685,0.20684932,0.20136986,0.53835616,0.26027397,"Austin Hedges",12976,595978
"Chadwick Tromp","- - -",0.232876712,0.967741935,0.207792207,0.389610389,0.402597402,0.129032258,0.129032258,3,0.1,0,0,0.44155844,0.33766234,0.22077922,0.19480519,0.54545455,0.25974026,"Chadwick Tromp",16953,644433
"Vimael Machín","- - -",0.254237288,1.278481012,0.240506329,0.426160337,0.333333333,0.050632911,0.025316455,1,0.00990099,1,0.5,0.30125523,0.36401674,0.33472803,0.09623431,0.64435146,0.25941423,"Vimael Machin",17684,605353
"Yangervis Solarte","SFG",0.307692307,1.714285714,0.296296296,0.444444444,0.259259259,0.142857142,0.142857142,2,0.166666666,0,0,0.48148148,0.25925926,0.25925926,0.22222222,0.51851852,0.25925926,"Yangervis Solarte",5352,500208
"Jorge Bonifacio","- - -",0.25,0.88,0.129629629,0.407407407,0.462962962,0.16,0.08,1,0.045454545,0,0,0.37037037,0.35185185,0.27777778,0.27777778,0.46296296,0.25925926,"Jorge Bonifacio",12174,593528
"Logan Webb","SFG",0.217391304,0.818181818,0.09090909,0.409090909,0.5,0.09090909,0.09090909,0,0,0,0,0.2962963,0.40740741,0.2962963,0.07407407,0.66666667,0.25925926,"Logan Webb",17995,657277
"J.P. Martínez","- - -",0.333333333,1,0.214285714,0.392857142,0.392857142,0.181818181,0.09090909,0,0,0,0,0.39285714,0.35714286,0.25,0.22222222,0.51851852,0.25925926,"J.P. Martinez",24451,679881
"Willians Astudillo","- - -",0.243243243,1.008403361,0.216393442,0.393442622,0.390163934,0.176470588,0.075630252,2,0.016666666,0,0,0.42622951,0.34098361,0.23278689,0.24918033,0.49180328,0.25901639,"Willians Astudillo",15608,553902
"Drew Millas","WSN",0.365853658,2.388888888,0.25609756,0.524390243,0.219512195,0,0.111111111,2,0.046511627,2,0.666666666,0.36470588,0.38823529,0.24705882,0.15294118,0.58823529,0.25882353,"Drew Millas",25643,686452
"Mickey Gasper","- - -",0.116666666,0.862068965,0.129032258,0.403225806,0.467741935,0.137931034,0.068965517,2,0.08,0,0,0.32258065,0.32258065,0.35483871,0.17741935,0.56451613,0.25806452,"Mickey Gasper",24759,681508
"Nathan Church","STL",0.133333333,2.111111111,0.096774193,0.612903225,0.29032258,0.111111111,0.111111111,2,0.105263157,0,0,0.25806452,0.48387097,0.25806452,0.06451613,0.67741935,0.25806452,"Nathan Church",31357,701675
"Nacho Alvarez Jr.","ATL",0.305785123,1,0.219512195,0.390243902,0.390243902,0.166666666,0.041666666,4,0.083333333,0,0,0.36290323,0.34677419,0.29032258,0.27419355,0.46774194,0.25806452,"Nacho Alvarez Jr.",31765,805373
"Brooks Lee","MIN",0.230555555,0.961538461,0.179624664,0.402144772,0.418230563,0.108974358,0.083333333,4,0.026666666,0,0,0.44504021,0.32975871,0.22520107,0.16621984,0.57640751,0.25737265,"Brooks Lee",31595,686797
"Jake Alu","WSN",0.291262135,2.681818181,0.205882352,0.578431372,0.215686274,0.045454545,0.045454545,3,0.050847457,2,0.666666666,0.40952381,0.35238095,0.23809524,0.11428571,0.62857143,0.25714286,"Jake Alu",25569,666906
"Shogo Akiyama","CIN",0.29047619,2.54347826,0.223809523,0.557142857,0.219047619,0.02173913,0,8,0.068376068,0,0,0.26066351,0.37440758,0.36492891,0.16113744,0.58293839,0.25592417,"Shogo Akiyama",27461,673451
"Ildemaro Vargas","- - -",0.264797507,2.387096774,0.170616113,0.584518167,0.244865718,0.064516129,0.038709677,18,0.048648648,5,0.208333333,0.3805175,0.39878234,0.22070015,0.18112633,0.56316591,0.25570776,"Ildemaro Vargas",13324,545121
"Mauricio Dubón","- - -",0.274165202,1.137529137,0.199825479,0.42582897,0.374345549,0.114219114,0.051282051,34,0.069672131,4,0.2,0.3542024,0.36792453,0.27787307,0.17753002,0.56689537,0.25557461,"Mauricio Dubon",16530,643289
"Jarrod Dyson","- - -",0.251851851,1.621848739,0.20610687,0.491094147,0.302798982,0.134453781,0.058823529,9,0.046632124,9,0.391304347,0.40865385,0.36538462,0.22596154,0.20673077,0.53846154,0.25480769,"Jarrod Dyson",4866,502481
"Rosell Herrera","MIA",0.296296296,1.263157894,0.188679245,0.452830188,0.358490566,0.210526315,0.052631578,2,0.083333333,0,0,0.34545455,0.36363636,0.29090909,0.16363636,0.58181818,0.25454545,"Rosell Herrera",11611,594011
"Jhonny Pereda","- - -",0.333333333,2.583333333,0.203703703,0.574074074,0.222222222,0.166666666,0,0,0,0,0,0.38181818,0.38181818,0.23636364,0.25454545,0.49090909,0.25454545,"Jhonny Pereda",19802,640902
"Ezequiel Duran","TEX",0.327137546,1.172413793,0.193784277,0.435100548,0.371115173,0.201970443,0.068965517,22,0.092436974,4,0.571428571,0.33574007,0.37184116,0.29241877,0.22924188,0.51624549,0.25451264,"Ezequiel Duran",23733,677649
"Domingo Leyba","- - -",0.193548387,0.769230769,0.269841269,0.317460317,0.412698412,0.192307692,0.038461538,0,0,0,0,0.3968254,0.36507937,0.23809524,0.26984127,0.47619048,0.25396825,"Domingo Leyba",16404,642736
"Taylor Jones","HOU",0.234375,1.185185185,0.119402985,0.47761194,0.402985074,0.111111111,0.111111111,0,0,0,0,0.32835821,0.41791045,0.25373134,0.10447761,0.64179104,0.25373134,"Taylor Jones",19533,622100
"Ben Rortvedt","- - -",0.249249249,1.216,0.180473372,0.449704142,0.369822485,0.152,0.064,3,0.019736842,0,0,0.3819242,0.36734694,0.25072886,0.20991254,0.53644315,0.25364431,"Ben Rortvedt",20287,666163
"Thomas Saggese","STL",0.343023255,1.339285714,0.242774566,0.433526011,0.323699421,0.053571428,0.017857142,8,0.106666666,0,0,0.32758621,0.31609195,0.35632184,0.14367816,0.60344828,0.25287356,"Thomas Saggese",27883,695336
"Guillermo Heredia","- - -",0.239669421,1.081632653,0.184,0.424,0.392,0.122448979,0.102040816,12,0.113207547,1,0.25,0.40944882,0.35433071,0.23622047,0.24015748,0.50787402,0.2519685,"Guillermo Heredia",18721,628338
"Carter Kieboom","- - -",0.255319148,1.619047619,0.14507772,0.528497409,0.32642487,0.095238095,0.111111111,5,0.049019607,1,0.5,0.33846154,0.38974359,0.27179487,0.19487179,0.55384615,0.25128205,"Carter Kieboom",19958,666198
"Tucupita Marcano","- - -",0.260162601,1.163043478,0.187755102,0.436734693,0.375510204,0.130434782,0.04347826,6,0.056074766,1,0.1,0.41176471,0.31764706,0.27058824,0.16470588,0.58431373,0.25098039,"Tucupita Marcano",22871,672779
"Ender Inciarte","- - -",0.255060728,1.385542168,0.208,0.46,0.332,0.108433734,0.072289156,8,0.069565217,2,0.333333333,0.44140625,0.3203125,0.23828125,0.234375,0.515625,0.25,"Ender Inciarte",4922,542255
"Rangel Ravelo","STL",0.210526315,1.285714285,0.2,0.45,0.35,0.071428571,0.142857142,0,0,0,0,0.425,0.375,0.2,0.1,0.65,0.25,"Rangel Ravelo",10839,592660
"Jake Hager","- - -",0.291666666,1.375,0.173913043,0.478260869,0.347826086,0.25,0,0,0,0,0,0.45833333,0.45833333,0.08333333,0.29166667,0.45833333,0.25,"Jake Hager",12198,606993
"Adrian Houser","MIL",0.09090909,7,0.2,0.7,0.1,0,0,0,0,0,0,0.16666667,0.41666667,0.41666667,0.08333333,0.66666667,0.25,"Adrian Houser",12718,605288
"Dillon Thomas","- - -",0.25,3,0,0.75,0.25,0,0,0,0,0,0,0.75,0,0.25,0.25,0.5,0.25,"Dillon Thomas",12719,605504
"Wynton Bernard","COL",0.375,4,0.166666666,0.666666666,0.166666666,0,0,4,0.25,0,0,0.33333333,0.41666667,0.25,0.25,0.5,0.25,"Wynton Bernard",13408,592144
"Julio Urías","LAD",0.305555555,2.75,0.117647058,0.647058823,0.235294117,0.25,0,3,0.136363636,0,0,0.41666667,0.29166667,0.29166667,0.1875,0.5625,0.25,"Julio Urias",14765,628711
"Adam Frazier","- - -",0.296692111,1.077903682,0.263554216,0.382028112,0.35441767,0.07365439,0.056657223,27,0.035479632,8,0.285714285,0.37277228,0.3460396,0.28118812,0.16237624,0.58762376,0.25,"Adam Frazier",15223,624428
"Marco Gonzales","SEA",0.333333333,0,1,0,0,0,0,0,0,0,0,0.25,0.75,0,0.25,0.5,0.25,"Marco Gonzales",15467,594835
"Zach Thompson","MIA",0,2,0,0.666666666,0.333333333,0,0,0,0,0,0,0.5,0.25,0.25,0.25,0.5,0.25,"Zach Thompson",16094,605507
"Mark Mathias","- - -",0.326086956,1.714285714,0.191489361,0.510638297,0.29787234,0.142857142,0.142857142,3,0.125,1,1,0.39583333,0.3125,0.29166667,0.1875,0.5625,0.25,"Mark Mathias",18032,664029
"Taylor Kohlwey","SDP",0.25,1,0,0.5,0.5,0.25,0,0,0,0,0,0.125,0.5,0.375,0.25,0.5,0.25,"Taylor Kohlwey",19212,670128
"Shaun Anderson","SFG",0.333333333,1,0,0.5,0.5,0.333333333,0,0,0,0,0,0.125,0.25,0.625,0.375,0.375,0.25,"Shaun Anderson",19453,641312
"Jared Oliva","PIT",0.214285714,1.666666666,0.142857142,0.535714285,0.321428571,0.333333333,0,1,0.066666666,0,0,0.25,0.42857143,0.32142857,0.28571429,0.46428571,0.25,"Jared Oliva",19968,666931
"Andrés Chaparro","WSN",0.172839506,0.5625,0.107142857,0.321428571,0.571428571,0.208333333,0.0625,1,0.037037037,0,0,0.4047619,0.30952381,0.28571429,0.23809524,0.51190476,0.25,"Andres Chaparro",21797,665953
"Jeter Downs","- - -",0.272727272,0.571428571,0.083333333,0.333333333,0.583333333,0,0.142857142,1,0.25,0,0,0.41666667,0.5,0.08333333,0.16666667,0.58333333,0.25,"Jeter Downs",22202,669023
"Cal Stevenson","- - -",0.257575757,1.526315789,0.261538461,0.446153846,0.292307692,0.210526315,0,1,0.034482758,1,0.333333333,0.36764706,0.33823529,0.29411765,0.19117647,0.55882353,0.25,"Cal Stevenson",22411,670276
"Johan Oviedo","STL",0.375,8,0,1,0,0,0,0,0,0,0,0.25,0.75,0,0.375,0.375,0.25,"Johan Oviedo",22487,670912
"Austin Shenton","TBR",0.296296296,0.818181818,0.285714285,0.321428571,0.392857142,0,0.09090909,0,0,0,0,0.28571429,0.28571429,0.42857143,0.14285714,0.60714286,0.25,"Austin Shenton",25425,668853
"TJ Hopkins","CIN",0.25,11,0,0.916666666,0.083333333,0,0,0,0,0,0,0.5,0.33333333,0.16666667,0.16666667,0.58333333,0.25,"TJ Hopkins",25482,686759
"Nick Sogard","BOS",0.329545454,1.259259259,0.298850574,0.390804597,0.310344827,0.074074074,0,2,0.058823529,0,0,0.45454545,0.36363636,0.18181818,0.13636364,0.61363636,0.25,"Nick Sogard",25483,686765
"Luis Matos","SFG",0.246428571,1.114035087,0.160278745,0.44250871,0.397212543,0.105263157,0.061403508,15,0.118110236,0,0,0.44097222,0.38888889,0.17013889,0.21527778,0.53472222,0.25,"Luis Matos",26467,682641
"Christian Moore","LAA",0.253521126,1.074074074,0.232876712,0.397260273,0.369863013,0.037037037,0.148148148,1,0.034482758,1,0.333333333,0.28947368,0.35526316,0.35526316,0.06578947,0.68421053,0.25,"Christian Moore",34979,695681
"Victor Robles","- - -",0.303418803,1.089285714,0.229418221,0.401756311,0.368825466,0.157738095,0.077380952,30,0.081967213,24,0.333333333,0.44964395,0.31943032,0.23092574,0.2207528,0.53001017,0.24923703,"Victor Robles",18363,645302
"Miguel Rojas","- - -",0.28101945,1.51059322,0.21,0.475333333,0.314666666,0.103813559,0.044491525,34,0.047685834,7,0.333333333,0.35042735,0.35437212,0.29520053,0.18211703,0.5687048,0.24917817,"Miguel Rojas",7802,500743
"Jonny DeLuca","- - -",0.28959276,0.865979381,0.188340807,0.376681614,0.434977578,0.164948453,0.06185567,16,0.19047619,1,0.166666666,0.47161572,0.3231441,0.20524017,0.2489083,0.50218341,0.2489083,"Jonny DeLuca",26365,676356
"Dominic Fletcher","- - -",0.305825242,1.194805194,0.195238095,0.438095238,0.366666666,0.142857142,0.051948051,4,0.04347826,0,0,0.35211268,0.35680751,0.29107981,0.18309859,0.56807512,0.24882629,"Dominic Fletcher",26149,666150
"Johan Camargo","- - -",0.26056338,1.447916666,0.195205479,0.476027397,0.328767123,0.09375,0.09375,8,0.057553956,1,0.5,0.41496599,0.31292517,0.27210884,0.20408163,0.54761905,0.24829932,"Johan Camargo",14950,622666
"Luke Williams","- - -",0.275590551,1.208333333,0.14516129,0.467741935,0.387096774,0.125,0.020833333,7,0.120689655,1,0.2,0.3875969,0.35658915,0.25581395,0.24031008,0.51162791,0.24806202,"Luke Williams",19931,663897
"Rafael Marchán","PHI",0.24778761,1.04347826,0.196581196,0.41025641,0.393162393,0.152173913,0.086956521,1,0.020833333,0,0,0.35042735,0.41025641,0.23931624,0.20512821,0.54700855,0.24786325,"Rafael Marchan",21646,665561
"Aramis Garcia","- - -",0.23076923,1.075,0.23853211,0.394495412,0.366972477,0.2,0.125,4,0.093023255,0,0,0.36283186,0.38053097,0.25663717,0.15929204,0.59292035,0.24778761,"Aramis Garcia",16925,605244
"Max Muncy","ATH",0.266666666,1.175,0.216216216,0.423423423,0.36036036,0.175,0.2,5,0.106382978,1,0.5,0.45132743,0.3539823,0.19469027,0.2300885,0.52212389,0.24778761,"Max Muncy",29779,691777
"Jose Iglesias","- - -",0.318435754,1.923529411,0.21793863,0.514555468,0.2675059,0.111764705,0.061764705,60,0.091743119,2,0.333333333,0.37118246,0.36491778,0.26389977,0.2192639,0.53328113,0.24745497,"Jose Iglesias",10231,578428
"Eduardo Núñez","- - -",0.285714285,2.047619047,0.238095238,0.511904761,0.25,0.142857142,0,5,0.116279069,0,0,0.29411765,0.45882353,0.24705882,0.35294118,0.4,0.24705882,"Eduardo Nunez",6848,456488
"Cam Gallagher","- - -",0.285123966,1.078651685,0.238683127,0.395061728,0.366255144,0.08988764,0.04494382,4,0.041666666,1,0.125,0.43824701,0.29880478,0.26294821,0.16334661,0.58964143,0.24701195,"Cam Gallagher",12981,595956
"Vidal Bruján","- - -",0.256965944,1.810526315,0.170807453,0.53416149,0.295031055,0.105263157,0.031578947,8,0.046511627,1,0.166666666,0.375,0.33841463,0.28658537,0.19207317,0.56097561,0.24695122,"Vidal Brujan",20536,660644
"Andrelton Simmons","- - -",0.267973856,1.971098265,0.155993431,0.559934318,0.284072249,0.184971098,0.023121387,17,0.049853372,1,0.09090909,0.47258065,0.3516129,0.17580645,0.21774194,0.53548387,0.24677419,"Andrelton Simmons",10847,592743
"Alex Call","- - -",0.275362318,1.023952095,0.1875,0.411057692,0.401442307,0.107784431,0.059880239,15,0.087719298,4,0.285714285,0.39069767,0.35581395,0.25348837,0.17906977,0.5744186,0.24651163,"Alex Call",19296,669743
"Luis Guillorme","- - -",0.318867924,1.892857142,0.237288135,0.49905838,0.263653483,0.05,0.035714285,7,0.026415094,3,0.333333333,0.27777778,0.39814815,0.32407407,0.13333333,0.62037037,0.2462963,"Luis Guillorme",16451,641645
"Isiah Kiner-Falefa","- - -",0.312423873,2.106132075,0.202301635,0.540884312,0.256814052,0.082547169,0.058962264,67,0.075027995,10,0.384615384,0.34943351,0.37626714,0.27429934,0.17054264,0.58318426,0.24627311,"Isiah Kiner-Falefa",16512,643396
"Curtis Mead","- - -",0.300546448,0.947368421,0.208556149,0.385026737,0.406417112,0.157894736,0.052631578,7,0.097222222,0,0,0.36898396,0.36363636,0.26737968,0.19786096,0.55614973,0.2459893,"Curtis Mead",23986,678554
"Sandy León","- - -",0.225108225,0.727272727,0.191489361,0.340425531,0.468085106,0.154545454,0.081818181,4,0.05,0,0,0.40983607,0.31147541,0.27868852,0.20081967,0.55327869,0.24590164,"Sandy Leon",5273,506702
"Tristan Gray","- - -",0.222222222,0.666666666,0.196428571,0.321428571,0.482142857,0.074074074,0.074074074,1,0.055555555,0,0,0.43859649,0.40350877,0.15789474,0.1754386,0.57894737,0.24561404,"Tristan Gray",19877,656484
"Anthony Bemboom","- - -",0.217821782,1.315789473,0.12,0.5,0.38,0.184210526,0.052631578,2,0.04,0,0,0.36792453,0.35849057,0.27358491,0.22641509,0.52830189,0.24528302,"Anthony Bemboom",13854,621532
"Brayan Rocchio","CLE",0.271929824,1.315789473,0.224669603,0.440528634,0.334801762,0.052631578,0.046052631,11,0.055,7,0.636363636,0.41075269,0.3655914,0.22365591,0.17204301,0.5827957,0.24516129,"Brayan Rocchio",23690,677587
"Ryan Ritter","COL",0.340425531,2.173913043,0.197802197,0.549450549,0.252747252,0,0.04347826,4,0.08,2,0.285714285,0.46938776,0.26530612,0.26530612,0.18367347,0.57142857,0.24489796,"Ryan Ritter",31500,690022
"Will Brennan","CLE",0.306643952,1.373056994,0.236666666,0.441666666,0.321666666,0.119170984,0.07253886,14,0.052830188,0,0,0.39767055,0.35607321,0.24625624,0.18136439,0.57404326,0.24459235,"Will Brennan",25660,686823
"Drew Butera","- - -",0.2,0.5,0.23076923,0.256410256,0.512820512,0.15,0,2,0.2,0,0,0.31111111,0.42222222,0.26666667,0.17777778,0.57777778,0.24444444,"Drew Butera",3411,460077
"Tzu-Wei Lin","BOS",0.232558139,1.466666666,0.139534883,0.511627906,0.348837209,0,0,3,0.136363636,0,0,0.33333333,0.37777778,0.28888889,0.13333333,0.62222222,0.24444444,"Tzu-Wei Lin",14678,624407
"Moisés Ballesteros","CHC",0.348837209,3.111111111,0.177777777,0.622222222,0.2,0,0.222222222,1,0.035714285,0,0,0.35555556,0.4,0.24444444,0.15555556,0.6,0.24444444,"Moises Ballesteros",28820,694208
"Vaughn Grissom","- - -",0.294797687,1.8,0.2,0.514285714,0.285714285,0.04,0.06,3,0.033333333,1,1,0.42045455,0.30681818,0.27272727,0.19318182,0.5625,0.24431818,"Vaughn Grissom",26031,687093
"Tony Kemp","- - -",0.250225835,1.044496487,0.205641492,0.405823475,0.388535031,0.088992974,0.053864168,15,0.033632286,11,0.255813953,0.44308231,0.34676007,0.21015762,0.14185639,0.61383538,0.24430823,"Tony Kemp",14894,643393
"Nick Loftin","KCR",0.239436619,1.168674698,0.162790697,0.45116279,0.386046511,0.096385542,0.024096385,6,0.06185567,0,0,0.43317972,0.33640553,0.23041475,0.21198157,0.5437788,0.24423963,"Nick Loftin",27630,679845
"Ji Hwan Bae","PIT",0.291497975,2.109375,0.167364016,0.564853556,0.267782426,0.046875,0.03125,10,0.074074074,6,0.545454545,0.292,0.364,0.344,0.168,0.588,0.244,"Ji Hwan Bae",23818,678225
"Jordan Groshans","MIA",0.3,1.285714285,0.219512195,0.43902439,0.341463414,0,0.071428571,1,0.055555555,0,0,0.34146341,0.34146341,0.31707317,0.14634146,0.6097561,0.24390244,"Jordan Groshans",23794,677954
"Erik González","- - -",0.267100977,2.25,0.195439739,0.557003257,0.247557003,0.144736842,0.026315789,13,0.076023391,1,0.2,0.33012821,0.3525641,0.31730769,0.21794872,0.53846154,0.24358974,"Erik Gonzalez",13369,570481
"Tim Locastro","- - -",0.298701298,1.180722891,0.20614035,0.429824561,0.364035087,0.192771084,0.024096385,20,0.204081632,1,0.166666666,0.44017094,0.32478632,0.23504274,0.22649573,0.52991453,0.24358974,"Tim Locastro",15124,641796
"Ben Zobrist","CHC",0.309090909,2.068965517,0.198198198,0.54054054,0.261261261,0.103448275,0.034482758,3,0.05,0,0,0.51351351,0.30630631,0.18018018,0.20720721,0.54954955,0.24324324,"Ben Zobrist",7435,450314
"Drew Ellis","- - -",0.176470588,0.571428571,0.108108108,0.324324324,0.567567567,0.095238095,0.142857142,0,0,0,0,0.51351351,0.32432432,0.16216216,0.16216216,0.59459459,0.24324324,"Drew Ellis",19873,656403
"Jordan Diaz","OAK",0.269503546,2.358974358,0.114864864,0.621621621,0.263513513,0.128205128,0.179487179,6,0.065217391,0,0,0.39189189,0.33108108,0.27702703,0.16216216,0.59459459,0.24324324,"Jordan Diaz",22650,672478
"Will Robertson","- - -",0.189189189,0.5,0.189189189,0.27027027,0.54054054,0.3,0,1,0.1,0,0,0.37837838,0.35135135,0.27027027,0.2972973,0.45945946,0.24324324,"Will Robertson",25467,683770
"Brett Wisely","- - -",0.243027888,0.864864864,0.178571428,0.38095238,0.44047619,0.09009009,0.045045045,3,0.03125,3,0.428571428,0.38996139,0.35135135,0.25868726,0.16988417,0.58687259,0.24324324,"Brett Wisely",27735,689172
"Colby Thomas","ATH",0.333333333,1.416666666,0.194444444,0.472222222,0.333333333,0.083333333,0,1,0.058823529,0,0,0.54054054,0.2972973,0.16216216,0.13513514,0.62162162,0.24324324,"Colby Thomas",31855,687515
"Braden Bishop","SEA",0.166666666,1.272727272,0.166666666,0.466666666,0.366666666,0.181818181,0,2,0.142857142,0,0,0.24242424,0.39393939,0.36363636,0.15151515,0.60606061,0.24242424,"Braden Bishop",17806,623323
"Max Schuemann","OAK",0.296774193,0.913385826,0.221153846,0.371794871,0.407051282,0.125984251,0.05511811,9,0.077586206,2,0.2,0.32298137,0.38819876,0.28881988,0.13354037,0.6242236,0.24223602,"Max Schuemann",24488,680474
"Jake Arrieta","- - -",0.291666666,1.6,0.38095238,0.38095238,0.238095238,0.2,0,0,0,0,0,0.5862069,0.13793103,0.27586207,0.17241379,0.5862069,0.24137931,"Jake Arrieta",4153,453562
"Rodolfo Castro","- - -",0.273148148,1.5,0.185520361,0.488687782,0.325791855,0.152777777,0.111111111,8,0.074074074,1,0.333333333,0.45089286,0.32142857,0.22767857,0.19196429,0.56696429,0.24107143,"Rodolfo Castro",21987,666801
"Zach Remillard","CHW",0.320987654,1.826086956,0.155844155,0.545454545,0.298701298,0.260869565,0.04347826,3,0.071428571,3,0.5,0.42168675,0.40963855,0.1686747,0.15662651,0.60240964,0.24096386,"Zach Remillard",19788,621545
"Hoy Park","- - -",0.240384615,1.351351351,0.179245283,0.471698113,0.349056603,0.054054054,0.081081081,4,0.08,1,0.5,0.43518519,0.31481481,0.25,0.17592593,0.58333333,0.24074074,"Hoy Park",18027,660829
"Ronny Simon","- - -",0.296296296,1.933333333,0.16981132,0.547169811,0.283018867,0.2,0,2,0.068965517,1,1,0.33333333,0.37037037,0.2962963,0.14814815,0.61111111,0.24074074,"Ronny Simon",25346,682927
"Ryan Goins","CHW",0.29113924,1.6,0.166666666,0.512820512,0.32051282,0.08,0,2,0.05,1,1,0.36708861,0.34177215,0.29113924,0.15189873,0.60759494,0.24050633,"Ryan Goins",9807,572365
"Cristian Pache","- - -",0.214689265,2.104166666,0.148571428,0.577142857,0.274285714,0.229166666,0.041666666,10,0.0990099,2,0.25,0.45355191,0.3715847,0.17486339,0.24043716,0.51912568,0.24043716,"Cristian Pache",19948,665506
"Johan Rojas","PHI",0.314465408,1.785714285,0.133333333,0.555555555,0.311111111,0.163265306,0.051020408,18,0.102857142,2,0.111111111,0.38138138,0.38738739,0.23123123,0.2042042,0.55555556,0.24024024,"Johan Rojas",24336,679032
"Sebastián Rivero","- - -",0.244897959,1.1,0.142857142,0.448979591,0.408163265,0.1,0,5,0.227272727,0,0,0.48,0.22,0.3,0.22,0.54,0.24,"Sebastian Rivero",21735,665861
"Wade Meckler","SFG",0.4,2.75,0.375,0.458333333,0.166666666,0,0,2,0.181818181,1,1,0.44,0.52,0.04,0.16,0.6,0.24,"Wade Meckler",31490,685133
"Yohel Pozo","- - -",0.234042553,0.933333333,0.205479452,0.383561643,0.410958904,0.2,0.083333333,4,0.071428571,0,0,0.45890411,0.26027397,0.28082192,0.24657534,0.51369863,0.23972603,"Yohel Pozo",18848,650968
"Masyn Winn","STL",0.293591654,1.174796747,0.208579881,0.427514792,0.363905325,0.121951219,0.060975609,22,0.076124567,6,0.352941176,0.35064935,0.37085137,0.27849928,0.19047619,0.56998557,0.23953824,"Masyn Winn",27479,691026
"Coby Mayo","BAL",0.243902439,0.707692307,0.146153846,0.353846153,0.5,0.123076923,0.107692307,1,0.02173913,0,0,0.43076923,0.35384615,0.21538462,0.25384615,0.50769231,0.23846154,"Coby Mayo",28312,691723
"Victor Scott II","STL",0.262975778,0.947368421,0.201438848,0.388489208,0.410071942,0.096491228,0.052631578,5,0.046296296,6,0.3,0.40939597,0.32214765,0.26845638,0.17114094,0.59060403,0.23825503,"Victor Scott II",31349,687363
"Matt Davidson","- - -",0.19047619,0.8,0.142857142,0.38095238,0.476190476,0.1,0,1,0.125,0,0,0.28571429,0.42857143,0.28571429,0.0952381,0.66666667,0.23809524,"Matt Davidson",7226,571602
"Osleivis Basabe","TBR",0.243902439,1.916666666,0.166666666,0.547619047,0.285714285,0.166666666,0.083333333,2,0.086956521,0,0,0.4047619,0.35714286,0.23809524,0.19047619,0.57142857,0.23809524,"Osleivis Basabe",23985,678545
"Alan Roden","- - -",0.26506024,2.083333333,0.119047619,0.595238095,0.285714285,0.125,0.041666666,1,0.02,0,0,0.45238095,0.3452381,0.20238095,0.28571429,0.47619048,0.23809524,"Alan Roden",31564,702176
"Cole Young","SEA",0.232558139,0.827586206,0.196969696,0.363636363,0.439393939,0.206896551,0.068965517,1,0.020833333,0,0,0.46666667,0.25185185,0.28148148,0.20740741,0.55555556,0.23703704,"Cole Young",31680,702284
"Jason Delay","PIT",0.294520547,1.035087719,0.2,0.406896551,0.393103448,0.175438596,0.017543859,3,0.050847457,1,0.333333333,0.41216216,0.29054054,0.2972973,0.22972973,0.53378378,0.23648649,"Jason Delay",19806,641511
"Ka'ai Tom","- - -",0.166666666,1.368421052,0.181818181,0.472727272,0.345454545,0.052631578,0.052631578,1,0.038461538,0,0,0.4,0.41818182,0.18181818,0.23636364,0.52727273,0.23636364,"Ka'ai Tom",18136,664789
"Jace Jung","DET",0.291666666,1.5,0.236111111,0.458333333,0.305555555,0.09090909,0,0,0,0,0,0.33333333,0.38888889,0.27777778,0.15277778,0.61111111,0.23611111,"Jace Jung",31437,690291
"Joshua Fuentes","COL",0.300469483,1.222222222,0.181818181,0.45,0.368181818,0.061728395,0.098765432,6,0.06060606,0,0,0.38461538,0.36651584,0.24886878,0.18552036,0.57918552,0.23529412,"Joshua Fuentes",16885,658069
"Richie Palacios","- - -",0.268011527,1.25203252,0.221910112,0.432584269,0.345505617,0.154471544,0.081300813,9,0.058441558,1,1,0.42296919,0.37535014,0.20168067,0.19607843,0.56862745,0.23529412,"Richie Palacios",24589,680700
"Darell Hernaiz","OAK",0.220238095,1.327586206,0.191616766,0.461077844,0.347305389,0.051724137,0.034482758,8,0.103896103,0,0,0.34502924,0.42105263,0.23391813,0.15204678,0.61403509,0.23391813,"Darell Hernaiz",26224,687231
"Yermín Mercedes","- - -",0.275862068,1,0.146666666,0.426666666,0.426666666,0.09375,0.078125,10,0.15625,0,0,0.34666667,0.34,0.31333333,0.21333333,0.55333333,0.23333333,"Yermin Mercedes",17423,606213
"Dustin Harris","TEX",0.285714285,1,0.266666666,0.366666666,0.366666666,0.181818181,0.181818181,0,0,0,0,0.43333333,0.33333333,0.23333333,0.1,0.66666667,0.23333333,"Dustin Harris",25705,687957
"Nico Hoerner","CHC",0.297297297,1.5,0.199535962,0.480278422,0.320185614,0.092391304,0.047101449,62,0.074879227,2,0.4,0.35049161,0.36495084,0.28455755,0.18449971,0.58299595,0.23250434,"Nico Hoerner",21479,663538
"Brandon Lockridge","- - -",0.309090909,3.666666666,0.236363636,0.6,0.163636363,0.222222222,0,4,0.121212121,0,0,0.26785714,0.48214286,0.25,0.17857143,0.58928571,0.23214286,"Brandon Lockridge",21496,663604
"Kevin Newman","- - -",0.285117056,1.635359116,0.208955223,0.490878938,0.300165837,0.110497237,0.049723756,51,0.086148648,3,0.15,0.37030995,0.36704731,0.26264274,0.19412724,0.57422512,0.23164763,"Kevin Newman",17696,621028
"David Price","- - -",0.363636363,2.666666666,0,0.727272727,0.272727272,0,0,1,0.125,0,0,0.38461538,0.23076923,0.38461538,0.30769231,0.46153846,0.23076923,"David Price",3184,456034
"Rob Brantly","- - -",0.192307692,0.571428571,0.153846153,0.307692307,0.538461538,0.214285714,0,0,0,0,0,0.34615385,0.34615385,0.30769231,0.26923077,0.5,0.23076923,"Rob Brantly",10655,542963
"Jordan Yamamoto","- - -",0.181818181,8,0.2,0.8,0,0,0,0,0,0,0,0.23076923,0.53846154,0.23076923,0.53846154,0.23076923,0.23076923,"Jordan Yamamoto",17585,657141
"Jake McCarthy","ARI",0.313617606,1.631336405,0.199158485,0.496493688,0.304347826,0.064516129,0.087557603,19,0.053672316,16,0.340425531,0.36578947,0.37105263,0.26315789,0.16710526,0.60263158,0.23026316,"Jake McCarthy",21622,664983
"Conner Capel","- - -",0.345238095,1.321428571,0.244186046,0.430232558,0.325581395,0,0.107142857,1,0.027027027,1,1,0.4137931,0.35632184,0.22988506,0.17241379,0.59770115,0.22988506,"Conner Capel",19983,668843
"Gilberto Celestino","MIN",0.30994152,3.303030303,0.179190751,0.630057803,0.190751445,0.121212121,0.06060606,8,0.073394495,0,0,0.29310345,0.32758621,0.37931034,0.18390805,0.5862069,0.22988506,"Gilberto Celestino",20233,665482
"Ben Williamson","SEA",0.321917808,2.102564102,0.176870748,0.557823129,0.265306122,0.025641025,0.025641025,4,0.048780487,0,0,0.27702703,0.35135135,0.37162162,0.22972973,0.54054054,0.22972973,"Ben Williamson",33197,810938
"Jon Jay","- - -",0.303030303,1.8,0.257575757,0.477272727,0.265151515,0.028571428,0.028571428,5,0.079365079,1,0.333333333,0.3037037,0.36296296,0.33333333,0.17037037,0.6,0.22962963,"Jon Jay",5227,445055
"Hanser Alberto","- - -",0.249602543,1.435,0.21197411,0.464401294,0.323624595,0.12,0.06,24,0.083623693,10,0.3125,0.46,0.30923077,0.23076923,0.19230769,0.57846154,0.22923077,"Hanser Alberto",11902,593643
"José Fermín","STL",0.315217391,1.448275862,0.211111111,0.466666666,0.322222222,0.137931034,0.034482758,4,0.095238095,1,0.166666666,0.4375,0.375,0.1875,0.13541667,0.63541667,0.22916667,"Jose Fermin",21746,665877
"Buddy Kennedy","- - -",0.191489361,0.75,0.270833333,0.3125,0.416666666,0.15,0.05,2,0.133333333,0,0,0.45833333,0.20833333,0.33333333,0.1875,0.58333333,0.22916667,"Buddy Kennedy",22505,671083
"Marco Hernández","BOS",0.283582089,1.777777777,0.264705882,0.470588235,0.264705882,0.055555555,0.111111111,5,0.15625,0,0,0.32857143,0.37142857,0.3,0.18571429,0.58571429,0.22857143,"Marco Hernandez",13154,593523
"Reese McGuire","- - -",0.30316742,1.20083682,0.205438066,0.433534743,0.36102719,0.10878661,0.079497907,12,0.041811846,12,0.4,0.39450867,0.35693642,0.24855491,0.18208092,0.58959538,0.2283237,"Reese McGuire",15674,624512
"Nick Yorke","PIT",0.24074074,1.875,0.192982456,0.526315789,0.280701754,0.0625,0.1875,1,0.033333333,0,0,0.40350877,0.28070175,0.31578947,0.1754386,0.59649123,0.22807018,"Nick Yorke",27504,694377
"Merrill Kelly","ARI",0.108108108,5.25,0.137931034,0.724137931,0.137931034,0.25,0,1,0.047619047,0,0,0.18181818,0.38636364,0.43181818,0.27272727,0.5,0.22727273,"Merrill Kelly",11156,518876
"Brandon Woodruff","MIL",0.342105263,2.125,0.305555555,0.472222222,0.222222222,0,0,0,0,1,0.125,0.34090909,0.38636364,0.27272727,0.09090909,0.68181818,0.22727273,"Brandon Woodruff",16162,605540
"AJ Reed","CHW",0.19047619,0.666666666,0.09090909,0.363636363,0.545454545,0.25,0.083333333,0,0,0,0,0.31818182,0.36363636,0.31818182,0.18181818,0.59090909,0.22727273,"AJ Reed",16246,607223
"Jonathan Ornelas","- - -",0.38095238,4.666666666,0.19047619,0.666666666,0.142857142,0.333333333,0,1,0.071428571,0,0,0.27272727,0.45454545,0.27272727,0.04545455,0.72727273,0.22727273,"Jonathan Ornelas",24597,680716
"Tim Lopes","- - -",0.319327731,2,0.186440677,0.542372881,0.27118644,0.0625,0,6,0.09375,0,0,0.34453782,0.36134454,0.29411765,0.19327731,0.57983193,0.22689076,"Tim Lopes",14137,621005
"Max Scherzer","- - -",0.166666666,11.333333333,0.177777777,0.755555555,0.066666666,0,0,0,0,1,0.125,0.35849057,0.26415094,0.37735849,0.20754717,0.56603774,0.22641509,"Max Scherzer",3137,453286
"Nicky Lopez","- - -",0.292487235,2.303030303,0.196757553,0.560058953,0.243183492,0.075757575,0.012121212,32,0.042105263,7,0.159090909,0.33190578,0.37758744,0.29050678,0.16630978,0.60742327,0.22626695,"Nicky Lopez",19339,670032
"Will Craig","PIT",0.266666666,1.5,0.193548387,0.483870967,0.322580645,0.1,0.1,2,0.133333333,0,0,0.32258065,0.38709677,0.29032258,0.38709677,0.38709677,0.22580645,"Will Craig",19267,643269
"Yonathan Daza","COL",0.327313769,2.163636363,0.214446952,0.537246049,0.248306997,0.054545454,0.027272727,17,0.071428571,1,0.111111111,0.32300885,0.36283186,0.31415929,0.19469027,0.57964602,0.22566372,"Yonathan Daza",15794,602074
"Germán Márquez","COL",0.305084745,1.533333333,0.321428571,0.410714285,0.267857142,0.066666666,0.066666666,1,0.04347826,0,0,0.33802817,0.36619718,0.29577465,0.23943662,0.53521127,0.22535211,"German Marquez",15038,608566
"Carlos Pérez","CHW",0.25,1.333333333,0.125,0.5,0.375,0.2,0,0,0,0,0,0.475,0.35,0.175,0.25,0.525,0.225,"Carlos Perez",20805,656024
"Ernie Clement","- - -",0.275167785,0.947712418,0.207446808,0.385638297,0.406914893,0.130718954,0.04248366,27,0.093103448,2,0.133333333,0.44458931,0.32985658,0.22555411,0.18383312,0.59191656,0.22425033,"Ernie Clement",20352,676391
"Billy Hamilton","- - -",0.303418803,1.075,0.265486725,0.380530973,0.3539823,0.175,0,8,0.093023255,2,0.181818181,0.39662447,0.31223629,0.29113924,0.26582278,0.51054852,0.22362869,"Billy Hamilton",10199,571740
"Sam Haggerty","- - -",0.275700934,1.287671232,0.215962441,0.441314553,0.342723004,0.05479452,0.05479452,6,0.063829787,2,0.285714285,0.37272727,0.32272727,0.30454545,0.15,0.62727273,0.22272727,"Sam Haggerty",18054,664059
"Jeff Samardzija","SFG",0.384615384,8,0.181818181,0.727272727,0.09090909,0,0,0,0,0,0,0.33333333,0.55555556,0.11111111,0.16666667,0.61111111,0.22222222,"Jeff Samardzija",3254,502188
"Isaac Galloway","MIA",0.296296296,1.333333333,0.222222222,0.444444444,0.333333333,0.111111111,0,1,0.083333333,0,0,0.51851852,0.33333333,0.14814815,0.25925926,0.51851852,0.22222222,"Isaac Galloway",5238,543194
"Chase Anderson","- - -",0.153846153,5,0.4,0.5,0.1,0,0,0,0,0,0,0.27777778,0.22222222,0.5,0.11111111,0.66666667,0.22222222,"Chase Anderson",6895,502624
"Robbie Ray","- - -",0.130434782,8.5,0.095238095,0.809523809,0.095238095,0,0,0,0,1,0.166666666,0.40740741,0.40740741,0.18518519,0.37037037,0.40740741,0.22222222,"Robbie Ray",11486,592662
"Justin Steele","CHC",0.222222222,5,0.285714285,0.714285714,0,0,0,0,0,0,0,0.22222222,0.66666667,0.11111111,0.22222222,0.55555556,0.22222222,"Justin Steele",17312,657006
"Trevor Richards","- - -",0.285714285,6,0.142857142,0.857142857,0,0,0,1,0.166666666,0,0,0,0.22222222,0.77777778,0.33333333,0.44444444,0.22222222,"Trevor Richards",19309,670950
"Blake Dunn","CIN",0.192307692,1.3,0.08,0.52,0.4,0.1,0.1,0,0,1,0.5,0.2962963,0.25925926,0.44444444,0.18518519,0.59259259,0.22222222,"Blake Dunn",29487,694362
"Danny Mendick","- - -",0.273722627,1.344086021,0.218637992,0.448028673,0.333333333,0.118279569,0.096774193,9,0.072,2,0.333333333,0.35438596,0.31929825,0.32631579,0.23157895,0.54736842,0.22105263,"Danny Mendick",18889,664901
"Tyler Nevin","- - -",0.24090909,1.315789473,0.210762331,0.448430493,0.340807174,0.105263157,0.039473684,5,0.05,0,0,0.27802691,0.41255605,0.30941704,0.14349776,0.6367713,0.21973094,"Tyler Nevin",17893,663527
"José Barrero","- - -",0.298245614,1.058823529,0.186046511,0.418604651,0.395348837,0.117647058,0.029411764,3,0.041666666,0,0,0.41618497,0.36416185,0.21965318,0.20231214,0.57803468,0.21965318,"Jose Barrero",23378,676480
"Erik Kratz","- - -",0.175,1.916666666,0.146341463,0.560975609,0.292682926,0.166666666,0.083333333,0,0,0,0,0.51219512,0.31707317,0.17073171,0.2195122,0.56097561,0.2195122,"Erik Kratz",4403,456124
"Daniel Palka","CHW",0.153846153,1.1875,0.146341463,0.463414634,0.390243902,0.3125,0.125,0,0,0,0,0.46341463,0.3902439,0.14634146,0.24390244,0.53658537,0.2195122,"Daniel Palka",14897,594953
"Santiago Espinal","- - -",0.28290993,1.238410596,0.221198156,0.430875576,0.347926267,0.142384105,0.033112582,23,0.061497326,7,0.4375,0.3699095,0.3438914,0.2861991,0.18552036,0.59502262,0.21945701,"Santiago Espinal",19997,669289
"Angel Martínez","CLE",0.247557003,0.78,0.149681528,0.372611464,0.477707006,0.126666666,0.06,8,0.068376068,1,0.2,0.43887147,0.36990596,0.19122257,0.14420063,0.63636364,0.21943574,"Angel Martinez",26540,682657
"Myles Straw","- - -",0.297491039,1.23,0.202859696,0.439678284,0.357462019,0.0625,0.02,43,0.087398373,2,0.095238095,0.2622807,0.37280702,0.36491228,0.14561404,0.63508772,0.21929825,"Myles Straw",17620,664702
"Brian Serven","- - -",0.237762237,1.192307692,0.219178082,0.424657534,0.356164383,0.153846153,0.096153846,2,0.032258064,0,0,0.45033113,0.31788079,0.23178808,0.22516556,0.55629139,0.21854305,"Brian Serven",19422,661531
"Nick Heath","- - -",0.272727272,1,0.363636363,0.318181818,0.318181818,0,0,1,0.142857142,0,0,0.39130435,0.30434783,0.30434783,0.13043478,0.65217391,0.2173913,"Nick Heath",19577,670084
"Jacob Amaya","- - -",0.19117647,2,0.136363636,0.575757575,0.287878787,0.157894736,0,0,0,1,0.333333333,0.34782609,0.33333333,0.31884058,0.15942029,0.62318841,0.2173913,"Jacob Amaya",23296,676070
"Alika Williams","PIT",0.318681318,1.413793103,0.222222222,0.455555555,0.322222222,0.103448275,0,2,0.048780487,1,0.5,0.36956522,0.36956522,0.26086957,0.16304348,0.61956522,0.2173913,"Alika Williams",27604,675961
"Travis Jankowski","- - -",0.288934426,1.947368421,0.176470588,0.544117647,0.279411764,0.082706766,0.02255639,20,0.077220077,13,0.764705882,0.30020284,0.38742394,0.31237323,0.20486815,0.57809331,0.21703854,"Travis Jankowski",13768,608671
"Adam Wainwright","STL",0.266666666,1.307692307,0.285714285,0.404761904,0.309523809,0.076923076,0,1,0.058823529,0,0,0.36666667,0.43333333,0.2,0.16666667,0.61666667,0.21666667,"Adam Wainwright",2233,425794
"Hyeseong Kim","LAD",0.372340425,2,0.21875,0.520833333,0.260416666,0,0.08,4,0.08,0,0,0.34020619,0.36082474,0.29896907,0.09278351,0.69072165,0.21649485,"Hyeseong Kim",35322,808975
"Anthony DeSclafani","- - -",0.21875,5,0.142857142,0.714285714,0.142857142,0.25,0,0,0,0,0,0.24324324,0.45945946,0.2972973,0.2972973,0.48648649,0.21621622,"Anthony DeSclafani",13050,543101
"Sonny Gray","CIN",0.244444444,6.8,0.048780487,0.829268292,0.121951219,0.2,0,4,0.117647058,0,0,0.14285714,0.42857143,0.42857143,0.17857143,0.60714286,0.21428571,"Sonny Gray",12768,543243
"Alen Hanson","TOR",0.214285714,2.333333333,0.166666666,0.583333333,0.25,0,0,1,0.142857142,0,0,0.5,0.28571429,0.21428571,0.14285714,0.64285714,0.21428571,"Alen Hanson",12926,593700
"Greg Bird","NYY",0.285714285,1.75,0.214285714,0.5,0.285714285,0,0,0,0,0,0,0.5,0.21428571,0.28571429,0.21428571,0.57142857,0.21428571,"Greg Bird",14131,595885
"Kevin Padlo","- - -",0.214285714,2,0.142857142,0.571428571,0.285714285,0,0,0,0,0,0,0.28571429,0.5,0.21428571,0.21428571,0.57142857,0.21428571,"Kevin Padlo",16593,656821
"Wil Crowe","PIT",0.181818181,3,0.2,0.6,0.2,0.5,0,0,0,0,0,0.35714286,0.21428571,0.42857143,0.14285714,0.64285714,0.21428571,"Wil Crowe",19800,640444
"Coco Montes","- - -",0.076923076,0.625,0.071428571,0.357142857,0.571428571,0,0.125,0,0,0,0,0.42857143,0.35714286,0.21428571,0.14285714,0.64285714,0.21428571,"Coco Montes",21547,663796
"Wilmer Difo","- - -",0.304761904,1.5,0.221698113,0.466981132,0.311320754,0.181818181,0.075757575,9,0.09090909,2,0.5,0.375,0.35185185,0.27314815,0.27777778,0.50925926,0.21296296,"Wilmer Difo",14320,594694
"Sal Frelick","MIL",0.306982872,1.386100386,0.196358907,0.466840052,0.33680104,0.154440154,0.057915057,20,0.055710306,3,0.428571428,0.36597938,0.36726804,0.26675258,0.23969072,0.54768041,0.21262887,"Sal Frelick",29622,686217
"Jon Gray","COL",0.296296296,4.666666666,0.291666666,0.583333333,0.125,0.666666666,0,0,0,0,0,0.24242424,0.36363636,0.39393939,0.27272727,0.51515152,0.21212121,"Jon Gray",14916,592351
"Braden Shewmake","- - -",0.098039215,1,0.098039215,0.450980392,0.450980392,0.173913043,0.04347826,0,0,1,1,0.53846154,0.15384615,0.30769231,0.21153846,0.57692308,0.21153846,"Braden Shewmake",25817,669699
"Tyler Fitzgerald","SFG",0.323770491,0.74137931,0.195219123,0.342629482,0.462151394,0.094827586,0.103448275,10,0.116279069,4,0.4,0.46743295,0.2835249,0.24904215,0.1954023,0.59386973,0.21072797,"Tyler Fitzgerald",26208,666149
"Mason McCoy","- - -",0.314285714,1.545454545,0.151515151,0.515151515,0.333333333,0.09090909,0,4,0.235294117,1,0.2,0.39473684,0.28947368,0.31578947,0.18421053,0.60526316,0.21052632,"Mason McCoy",22232,669200
"Jorbit Vivas","NYY",0.189189189,0.866666666,0.263157894,0.342105263,0.394736842,0.2,0.066666666,1,0.076923076,0,0,0.39473684,0.47368421,0.13157895,0.23684211,0.55263158,0.21052632,"Jorbit Vivas",23917,678391
"Carson Williams","TBR",0.257142857,2.888888888,0.054054054,0.702702702,0.243243243,0,0.222222222,2,0.076923076,0,0,0.47368421,0.39473684,0.13157895,0.05263158,0.73684211,0.21052632,"Carson Williams",30038,700246
"Dee Strange-Gordon","- - -",0.302593659,2.15116279,0.205278592,0.542521994,0.252199413,0.081395348,0.023255813,12,0.064864864,3,0.272727272,0.34659091,0.36079545,0.29261364,0.22443182,0.56534091,0.21022727,"Dee Strange-Gordon",8203,543829
"Tyler Mahle","CIN",0.157894736,4.666666666,0.055555555,0.777777777,0.166666666,0,0,1,0.035714285,0,0,0.27083333,0.27083333,0.45833333,0.27083333,0.52083333,0.20833333,"Tyler Mahle",16358,641816
"Zach Reks","- - -",0.375,0.6,0.333333333,0.25,0.416666666,0,0,0,0,0,0,0.33333333,0.33333333,0.33333333,0.16666667,0.625,0.20833333,"Zach Reks",19667,676646
"Wade Miley","- - -",0.277777777,2.111111111,0.222222222,0.527777777,0.25,0.111111111,0,1,0.052631578,0,0,0.23076923,0.35897436,0.41025641,0.17948718,0.61538462,0.20512821,"Wade Miley",8779,489119
"Bryce Teodosio","LAA",0.277108433,1.321428571,0.1875,0.4625,0.35,0.142857142,0,1,0.027027027,1,0.333333333,0.3373494,0.31325301,0.34939759,0.25301205,0.54216867,0.20481928,"Bryce Teodosio",29524,669326
"Nick Allen","- - -",0.25951557,1.574585635,0.178130511,0.502645502,0.319223985,0.110497237,0.016574585,25,0.087719298,9,0.3,0.32495812,0.35845896,0.31658291,0.19765494,0.59798995,0.20435511,"Nick Allen",22277,669397
"David Fletcher","- - -",0.300285986,1.566343042,0.244761904,0.46095238,0.294285714,0.122977346,0.022653721,42,0.086776859,1,0.0625,0.36585366,0.32082552,0.31332083,0.21763602,0.57879925,0.20356473,"David Fletcher",17992,664058
"Michael Siani","- - -",0.333333333,2.068181818,0.196428571,0.541666666,0.261904761,0.113636363,0.022727272,1,0.01098901,2,0.222222222,0.37853107,0.32768362,0.29378531,0.18079096,0.61581921,0.20338983,"Michael Siani",22557,672279
"Bubba Thompson","- - -",0.398058252,2,0.106382978,0.59574468,0.29787234,0.214285714,0,10,0.178571428,5,0.5,0.46153846,0.34615385,0.19230769,0.20192308,0.59615385,0.20192308,"Bubba Thompson",22261,669352
"Charlie Morton","ATL",0.277777777,1.8,0.176470588,0.529411764,0.294117647,0,0,0,0,0,0,0.2,0.36,0.44,0.2,0.6,0.2,"Charlie Morton",4676,450203
"Dallas Keuchel","- - -",0.5,7,0.125,0.875,0,0,0,0,0,0,0,0.1,0.5,0.4,0.3,0.5,0.2,"Dallas Keuchel",9434,572971
"Mike Leake","- - -",0.111111111,1.333333333,0.222222222,0.444444444,0.333333333,0,0,0,0,0,0,0.3,0.5,0.2,0.5,0.3,0.2,"Mike Leake",10130,502190
"Christian Colón","CIN",0.2,1.8,0.066666666,0.6,0.333333333,0,0,1,0.111111111,0,0,0.53333333,0.33333333,0.13333333,0.2,0.6,0.2,"Christian Colon",11145,518568
"Henry Ramos","- - -",0.29090909,1.368421052,0.166666666,0.481481481,0.351851851,0.052631578,0,0,0,0,0,0.32727273,0.45454545,0.21818182,0.16363636,0.63636364,0.2,"Henry Ramos",11481,592656
"José Ureña","- - -",0,0,0,0,0,0,0,0,0,0,0,0.2,0.6,0.2,0.4,0.4,0.2,"Jose Urena",11589,570632
"Carlos Martinez","STL",0.222222222,2.5,0.222222222,0.555555555,0.222222222,0,0,0,0,0,0,0.4,0.5,0.1,0.4,0.4,0.2,"Carlos Martinez",11682,593372
"Joe Musgrove","- - -",0.19047619,1.538461538,0.131578947,0.526315789,0.342105263,0.076923076,0,0,0,3,0.25,0.4,0.28,0.32,0.22,0.58,0.2,"Joe Musgrove",12970,605397
"José Rondon","- - -",0.214285714,1.571428571,0.142857142,0.523809523,0.333333333,0.142857142,0.035714285,7,0.159090909,0,0,0.4,0.41176471,0.18823529,0.2,0.6,0.2,"Jose Rondon",14140,602922
"Dereck Rodríguez","SFG",0.3,1.25,0.1,0.5,0.4,0,0,0,0,0,0,0.2,0.3,0.5,0.1,0.7,0.2,"Dereck Rodriguez",14509,605446
"Kean Wong","- - -",0.234042553,1.461538461,0.255813953,0.441860465,0.302325581,0,0,2,0.105263157,1,0.142857142,0.36,0.4,0.24,0.14,0.66,0.2,"Kean Wong",15994,642221
"Dinelson Lamet","SDP",0.428571428,6,0.142857142,0.857142857,0,0,0,1,0.166666666,0,0,0.2,0.5,0.3,0.2,0.6,0.2,"Dinelson Lamet",17186,659275
"Luis Alexander Basabe","SFG",0,0.666666666,0,0.4,0.6,0,0,0,0,0,0,0.4,0,0.6,0.2,0.6,0.2,"Luis Alexander Basabe",17839,642772
"Joe McCarthy","SFG",0,0.666666666,0,0.4,0.6,0,0,0,0,0,0,0.4,0.2,0.4,0.4,0.4,0.2,"Joe McCarthy",18399,663411
"Kyle Muller","ATL",0.25,4,0,1,0,0,0,0,0,0,0,0.4,0,0.6,0,0.8,0.2,"Kyle Muller",20167,666205
"Logan Porter","- - -",0.263157894,0.7,0.15,0.35,0.5,0,0.1,0,0,0,0,0.35,0.45,0.2,0.15,0.65,0.2,"Logan Porter",20626,682515
"Ryan Weathers","SDP",0.133333333,5,0.076923076,0.769230769,0.153846153,0,0,0,0,0,0,0.26666667,0.4,0.33333333,0.4,0.4,0.2,"Ryan Weathers",23796,677960
"Jorge Barrosa","ARI",0.172413793,3,0.285714285,0.535714285,0.178571428,0.2,0,0,0,0,0,0.23333333,0.56666667,0.2,0.3,0.5,0.2,"Jorge Barrosa",23968,678489
"Drew Avans","- - -",0.2,2,0.1,0.6,0.3,0,0,0,0,0,0,0.5,0.3,0.2,0.2,0.6,0.2,"Drew Avans",25183,682183
"Tristan Peters","TBR",0,0.5,0.4,0.2,0.4,1,0,0,0,0,0,0.2,0.6,0.2,0.6,0.2,0.2,"Tristan Peters",30063,671976
"Steven Kwan","CLE",0.3,1.046296296,0.247275204,0.384877384,0.367847411,0.07037037,0.055555555,29,0.051327433,7,0.4375,0.32075472,0.35781671,0.32142857,0.13746631,0.66307278,0.19946092,"Steven Kwan",24610,680757
"P.J. Higgins","CHC",0.265306122,1.135135135,0.217821782,0.415841584,0.366336633,0.081081081,0.135135135,5,0.119047619,1,0.2,0.37735849,0.32075472,0.30188679,0.17924528,0.62264151,0.19811321,"P.J. Higgins",18433,664731
"Nick Madrigal","- - -",0.302973977,2.72173913,0.201492537,0.583955223,0.214552238,0.069565217,0.008695652,24,0.076677316,0,0,0.2883549,0.39001848,0.32162662,0.18853974,0.61367837,0.19778189,"Nick Madrigal",20521,663611
"Magneuris Sierra","- - -",0.3,1.847457627,0.232876712,0.497716894,0.269406392,0.118644067,0,9,0.082568807,5,0.357142857,0.39914163,0.31330472,0.28755365,0.22317597,0.57939914,0.19742489,"Magneuris Sierra",17023,642423
"Richie Martin Jr.","BAL",0.244604316,2.052631578,0.171428571,0.557142857,0.271428571,0.157894736,0.105263157,6,0.076923076,2,0.285714285,0.36054422,0.33333333,0.30612245,0.24489796,0.55782313,0.19727891,"Richie Martin Jr.",17736,621006
"Alex Blandino","CIN",0.342857142,1,0.2,0.4,0.4,0.142857142,0.071428571,1,0.071428571,0,0,0.30555556,0.44444444,0.25,0.19444444,0.61111111,0.19444444,"Alex Blandino",16271,607468
"Jose Herrera","ARI",0.243137254,1.258064516,0.173228346,0.460629921,0.366141732,0.150537634,0.032258064,0,0,0,0,0.45683453,0.3057554,0.23741007,0.1618705,0.64388489,0.1942446,"Jose Herrera",17040,645444
"Tres Barrera","- - -",0.303030303,1.666666666,0.272727272,0.454545454,0.272727272,0.222222222,0,0,0,0,0,0.31343284,0.46268657,0.2238806,0.32835821,0.47761194,0.19402985,"Tres Barrera",19977,668663
"Tim Elko","CHW",0.142857142,2,0.032258064,0.64516129,0.322580645,0.2,0.3,0,0,0,0,0.35483871,0.4516129,0.19354839,0.19354839,0.61290323,0.19354839,"Tim Elko",31522,671284
"Joe Ross","WSN",0.428571428,2,0.210526315,0.526315789,0.263157894,0,0,1,0.1,0,0,0.19230769,0.38461538,0.42307692,0.19230769,0.61538462,0.19230769,"Joe Ross",12972,605452
"Nicky Delmonico","CHW",0.25490196,1.333333333,0.192307692,0.461538461,0.346153846,0.222222222,0.055555555,1,0.041666666,0,0,0.36538462,0.38461538,0.25,0.25,0.55769231,0.19230769,"Nicky Delmonico",13157,547170
"Esteban Quiroz","CHC",0.307692307,1.25,0.307692307,0.384615384,0.307692307,0.25,0,0,0,0,0,0.38461538,0.23076923,0.38461538,0.23076923,0.57692308,0.19230769,"Esteban Quiroz",19780,606019
"Ryan Kreidler","DET",0.2,0.882352941,0.157894736,0.394736842,0.447368421,0.117647058,0.029411764,1,0.033333333,0,0,0.43589744,0.30769231,0.25641026,0.11538462,0.69230769,0.19230769,"Ryan Kreidler",25867,668952
"Donovan Walton","- - -",0.216216216,1.727272727,0.181818181,0.518181818,0.3,0.09090909,0.03030303,3,0.052631578,1,0.2,0.40869565,0.30434783,0.28695652,0.16521739,0.64347826,0.19130435,"Donovan Walton",19314,622268
"Jacob Wilson","OAK",0.305970149,1.885964912,0.197560975,0.524390243,0.27804878,0.105263157,0.078947368,14,0.065116279,1,0.333333333,0.36561743,0.37288136,0.26150121,0.16707022,0.64164649,0.19128329,"Jacob Wilson",33266,805779
"Garrett Stubbs","- - -",0.262295081,0.825242718,0.186147186,0.367965367,0.445887445,0.203883495,0.038834951,5,0.058823529,12,0.571428571,0.4484127,0.31746032,0.23412698,0.23809524,0.57142857,0.19047619,"Garrett Stubbs",18067,596117
"Jahmai Jones","- - -",0.322580645,1,0.233333333,0.383333333,0.383333333,0.260869565,0,1,0.04347826,1,0.333333333,0.36507937,0.3968254,0.23809524,0.23809524,0.57142857,0.19047619,"Jahmai Jones",18872,663330
"Walker Buehler","LAD",0.21875,4,0.032258064,0.774193548,0.193548387,0,0.166666666,2,0.083333333,0,0,0.14285714,0.4047619,0.45238095,0.26190476,0.54761905,0.19047619,"Walker Buehler",19374,621111
"Alejo Lopez","CIN",0.308510638,1.833333333,0.284210526,0.463157894,0.252631578,0.125,0.041666666,3,0.068181818,0,0,0.43157895,0.37894737,0.18947368,0.14736842,0.66315789,0.18947368,"Alejo Lopez",21127,664670
"Tyler Wade","- - -",0.293598233,1.338129496,0.214975845,0.449275362,0.335748792,0.057553956,0.035971223,14,0.075268817,17,0.303571428,0.3893617,0.33191489,0.2787234,0.17446809,0.63617021,0.1893617,"Tyler Wade",15730,642180
"Jacob Young","WSN",0.304,2.215517241,0.213080168,0.542194092,0.244725738,0.094827586,0.034482758,16,0.062256809,13,0.276595744,0.28790787,0.38003839,0.33205374,0.20153551,0.61036468,0.18809981,"Jacob Young",29931,696285
"Tyler Tolbert","KCR",0.466666666,1.75,0.266666666,0.466666666,0.266666666,0,0,2,0.285714285,0,0,0.3125,0.4375,0.25,0.25,0.5625,0.1875,"Tyler Tolbert",25779,686475
"José Azocar","- - -",0.34074074,2.029411764,0.219696969,0.522727272,0.257575757,0.058823529,0.058823529,6,0.086956521,2,0.285714285,0.26618705,0.42446043,0.30935252,0.13669065,0.67625899,0.18705036,"Jose Azocar",18821,640492
"Livan Soto","- - -",0.488372093,0.47368421,0.348837209,0.209302325,0.441860465,0.105263157,0,0,0,0,0,0.37209302,0.34883721,0.27906977,0.18604651,0.62790698,0.18604651,"Livan Soto",22471,670869
"Chuckie Robinson","- - -",0.161764705,3,0.142857142,0.642857142,0.214285714,0.133333333,0.133333333,0,0,0,0,0.3,0.35714286,0.34285714,0.3,0.51428571,0.18571429,"Chuckie Robinson",19824,642020
"Samad Taylor","- - -",0.296296296,1.3,0.115384615,0.5,0.384615384,0.1,0,1,0.076923076,0,0,0.14814815,0.40740741,0.44444444,0.25925926,0.55555556,0.18518519,"Samad Taylor",22274,669392
"Jonathan Davis","- - -",0.261111111,1.603448275,0.179347826,0.505434782,0.315217391,0.086206896,0.068965517,7,0.075268817,0,0,0.40322581,0.34946237,0.24731183,0.16666667,0.65053763,0.1827957,"Jonathan Davis",15104,641505
"Jacob Nottingham","- - -",0.225806451,0.866666666,0.151515151,0.393939393,0.454545454,0.133333333,0.133333333,1,0.076923076,0,0,0.42424242,0.27272727,0.3030303,0.24242424,0.57575758,0.18181818,"Jacob Nottingham",16448,641924
"Troy Stokes Jr.","PIT",0.181818181,0.8,0.181818181,0.363636363,0.454545454,0,0,1,0.25,0,0,0.54545455,0.18181818,0.27272727,0.27272727,0.54545455,0.18181818,"Troy Stokes Jr.",17478,657011
"Brett Sullivan","- - -",0.227272727,0.709677419,0.184615384,0.338461538,0.476923076,0.096774193,0,0,0,1,1,0.37878788,0.33333333,0.28787879,0.15151515,0.66666667,0.18181818,"Brett Sullivan",18217,664954
"Ryan Vilade","- - -",0.19047619,3.25,0.19047619,0.619047619,0.19047619,0,0,0,0,0,0,0.13636364,0.45454545,0.40909091,0.18181818,0.63636364,0.18181818,"Ryan Vilade",22165,668723
"Cam Devanney","PIT",0.181818181,0.285714285,0.181818181,0.181818181,0.636363636,0,0,0,0,0,0,0.63636364,0.27272727,0.09090909,0,0.81818182,0.18181818,"Cam Devanney",25688,687478
"Tyler Black","MIL",0.303030303,0.923076923,0.242424242,0.363636363,0.393939393,0.076923076,0,0,0,0,0,0.36363636,0.36363636,0.27272727,0.27272727,0.54545455,0.18181818,"Tyler Black",29949,672012
"Jack López","- - -",0.378378378,2,0.27027027,0.486486486,0.243243243,0.333333333,0.111111111,2,0.111111111,0,0,0.41025641,0.28205128,0.30769231,0.17948718,0.64102564,0.17948718,"Jack Lopez",13663,605346
"Clayton Kershaw","LAD",0.25,3.5,0.121951219,0.682926829,0.195121951,0,0,4,0.142857142,0,0,0.28571429,0.42857143,0.28571429,0.23214286,0.58928571,0.17857143,"Clayton Kershaw",2036,477132
"Esteury Ruiz","- - -",0.302238805,1.653846153,0.212927756,0.490494296,0.296577946,0.153846153,0.025641025,7,0.054263565,2,0.153846153,0.37681159,0.35144928,0.27173913,0.22463768,0.59782609,0.17753623,"Esteury Ruiz",21780,665923
"Alcides Escobar","WSN",0.322580645,1.486486486,0.258064516,0.443548387,0.298387096,0.094594594,0.054054054,9,0.081818181,3,0.5,0.32677165,0.4015748,0.27165354,0.23622047,0.58661417,0.17716535,"Alcides Escobar",6310,444876
"Zach DeLoach","CHW",0.294117647,2.125,0.264705882,0.5,0.235294117,0,0,2,0.117647058,0,0,0.32352941,0.32352941,0.35294118,0.14705882,0.67647059,0.17647059,"Zach DeLoach",27471,676113
"Patrick Mazeika","NYM",0.204545454,1.193548387,0.227272727,0.420454545,0.352272727,0.225806451,0.064516129,2,0.054054054,1,0.333333333,0.56043956,0.27472527,0.16483516,0.21978022,0.6043956,0.17582418,"Patrick Mazeika",18142,664850
"Cody Freeman","TEX",0.285714285,1.8,0.263157894,0.47368421,0.263157894,0.266666666,0.066666666,2,0.074074074,0,0,0.43103448,0.36206897,0.20689655,0.18965517,0.63793103,0.17241379,"Cody Freeman",25629,683227
"Michael Stefanic","- - -",0.296296296,1.777777777,0.2481203,0.481203007,0.270676691,0.194444444,0,4,0.0625,1,0.333333333,0.30147059,0.38235294,0.31617647,0.19852941,0.63235294,0.16911765,"Michael Stefanic",25353,683021
"Trey Lipscomb","WSN",0.311827956,2.95,0.159574468,0.627659574,0.212765957,0.25,0.05,3,0.050847457,0,0,0.25263158,0.42105263,0.32631579,0.22105263,0.61052632,0.16842105,"Trey Lipscomb",31567,702358
"Jeremy Hellickson","WSN",0.2,5,0,1,0,0,0,0,0,0,0,0.33333333,0.33333333,0.33333333,0.5,0.33333333,0.16666667,"Jeremy Hellickson",4371,476451
"José Pirela","- - -",0,0.2,0,0.166666666,0.833333333,0.2,0,0,0,0,0,0.33333333,0.33333333,0.33333333,0.5,0.33333333,0.16666667,"Jose Pirela",5485,517369
"Paolo Espino","WSN",0.363636363,6,0.363636363,0.545454545,0.09090909,0,0,1,0.166666666,0,0,0.25,0.41666667,0.33333333,0.16666667,0.66666667,0.16666667,"Paolo Espino",8246,502179
"Mike Minor","- - -",0,3,0.2,0.6,0.2,0,0,0,0,0,0,0.16666667,0.66666667,0.16666667,0.16666667,0.66666667,0.16666667,"Mike Minor",10021,501985
"Ryan LaMarre","- - -",0.09090909,1.75,0.083333333,0.583333333,0.333333333,0.5,0.25,1,0.142857142,0,0,0.5,0.16666667,0.33333333,0.5,0.33333333,0.16666667,"Ryan LaMarre",10700,534606
"Yu Darvish","- - -",0.181818181,6,0.186046511,0.697674418,0.116279069,0,0,0,0,0,0,0.33333333,0.41666667,0.25,0.33333333,0.5,0.16666667,"Yu Darvish",13074,506433
"Nick Pivetta","- - -",0.4,3,0.25,0.75,0,0,0,0,0,0,0,0,0.66666667,0.33333333,0.16666667,0.66666667,0.16666667,"Nick Pivetta",15454,601713
"Deivy Grullón","- - -",0.166666666,0.333333333,0.333333333,0.166666666,0.5,0.333333333,0,0,0,0,0,0.33333333,0,0.66666667,0.33333333,0.5,0.16666667,"Deivy Grullon",15988,620453
"Elieser Hernández","MIA",0.076923076,4.5,0.083333333,0.75,0.166666666,0.5,0,1,0.111111111,0,0,0.38888889,0.27777778,0.33333333,0.27777778,0.55555556,0.16666667,"Elieser Hernandez",16933,622694
"Chris Gittens","NYY",0.083333333,1.75,0.083333333,0.583333333,0.333333333,0,0,0,0,0,0,0.33333333,0.41666667,0.25,0.41666667,0.41666667,0.16666667,"Chris Gittens",18482,656467
"Cody Thomas","OAK",0.342857142,1.23076923,0.194444444,0.444444444,0.361111111,0.153846153,0.076923076,1,0.0625,0,0,0.41666667,0.27777778,0.30555556,0.13888889,0.69444444,0.16666667,"Cody Thomas",19828,642137
"Matthew Batten","SDP",0.25,1.166666666,0.1875,0.4375,0.375,0.166666666,0.041666666,1,0.035714285,1,0.5,0.33333333,0.3030303,0.36363636,0.21212121,0.62121212,0.16666667,"Matthew Batten",20157,676946
"Trevor Rogers","MIA",0.181818181,3,0.2,0.6,0.2,0,0,0,0,0,0,0.33333333,0.25,0.41666667,0.08333333,0.75,0.16666667,"Trevor Rogers",22286,669432
"Tirso Ornelas","SDP",0.083333333,0.833333333,0.083333333,0.416666666,0.5,0.166666666,0,0,0,0,0,0.25,0.58333333,0.16666667,0.16666667,0.66666667,0.16666667,"Tirso Ornelas",22566,672359
"Gustavo Campero","LAA",0.275862068,1.647058823,0.237288135,0.474576271,0.288135593,0.176470588,0.117647058,2,0.071428571,0,0,0.41666667,0.28333333,0.3,0.15,0.68333333,0.16666667,"Gustavo Campero",22707,672569
"Steward Berroa","- - -",0.222222222,1.333333333,0.176470588,0.470588235,0.352941176,0.333333333,0,2,0.25,0,0,0.55555556,0.22222222,0.22222222,0.33333333,0.5,0.16666667,"Steward Berroa",22766,672642
"Tristin English","ARI",0.166666666,0.666666666,0.166666666,0.333333333,0.5,0,0,0,0,0,0,0.33333333,0.16666667,0.5,0.08333333,0.75,0.16666667,"Tristin English",26148,663536
"Ronald Torreyes","- - -",0.236559139,1.620689655,0.187165775,0.502673796,0.310160427,0.120689655,0.068965517,9,0.09574468,1,0.125,0.44102564,0.33333333,0.22564103,0.21025641,0.62564103,0.16410256,"Ronald Torreyes",11400,591720
"Vince Velasquez","- - -",0.24137931,4.25,0.25,0.607142857,0.142857142,0.25,0.25,1,0.058823529,0,0,0.21621622,0.37837838,0.40540541,0.2972973,0.54054054,0.16216216,"Vince Velasquez",11189,592826
"Chris Paddack","SDP",0.173913043,8.5,0.173913043,0.739130434,0.086956521,0,0,2,0.117647058,0,0,0.16129032,0.4516129,0.38709677,0.09677419,0.74193548,0.16129032,"Chris Paddack",20099,663978
"Kyle Freeland","COL",0.368421052,1.2,0.266666666,0.4,0.333333333,0,0,0,0,2,0.2,0.36,0.32,0.32,0.2,0.64,0.16,"Kyle Freeland",16256,607536
"Sandy Alcantara","MIA",0.260869565,13,0.235294117,0.764705882,0,0,0,0,0,1,0.125,0.4,0.2,0.4,0.28,0.56,0.16,"Sandy Alcantara",18684,645261
"Matt Skole","CHW",0.342105263,1.066666666,0.184210526,0.421052631,0.394736842,0.2,0,3,0.1875,0,0,0.26315789,0.28947368,0.44736842,0.23684211,0.60526316,0.15789474,"Matt Skole",12119,605474
"Bryce Johnson","- - -",0.347222222,1.227272727,0.289855072,0.391304347,0.318840579,0,0.09090909,2,0.074074074,1,0.142857142,0.39473684,0.34210526,0.26315789,0.09210526,0.75,0.15789474,"Bryce Johnson",20002,669369
"JB Shuck","PIT",0.23076923,2.5,0.16,0.6,0.24,0,0,2,0.133333333,1,1,0.26923077,0.42307692,0.30769231,0.26923077,0.57692308,0.15384615,"JB Shuck",6677,543776
"Tyler Beede","SFG",0.363636363,8,0.181818181,0.727272727,0.09090909,0,0,0,0,0,0,0.46153846,0.30769231,0.23076923,0.23076923,0.61538462,0.15384615,"Tyler Beede",16981,595881
"Ben DeLuzio","STL",0.25,1.333333333,0.416666666,0.333333333,0.25,0.333333333,0,0,0,0,0,0.30769231,0.53846154,0.15384615,0.30769231,0.53846154,0.15384615,"Ben DeLuzio",19644,641512
"Tyler Heineman","- - -",0.258771929,0.682692307,0.197247706,0.325688073,0.47706422,0.192307692,0.028846153,5,0.070422535,6,0.260869565,0.42738589,0.32365145,0.24896266,0.23651452,0.60995851,0.15352697,"Tyler Heineman",13897,623168
"Rajai Davis","NYM",0.142857142,3,0.333333333,0.5,0.166666666,0,0,0,0,0,0,0.71428571,0,0.28571429,0.28571429,0.57142857,0.14285714,"Rajai Davis",3708,434658
"Bobby Wilson","DET",0.148148148,1.3,0.148148148,0.481481481,0.37037037,0.4,0,0,0,0,0,0.5,0.17857143,0.32142857,0.39285714,0.46428571,0.14285714,"Bobby Wilson",6564,435064
"Carlos Carrasco","NYM",0,3,0,1,0,0,0,0,0,0,0,0.14285714,0.71428571,0.14285714,0,0.85714286,0.14285714,"Carlos Carrasco",6632,471911
"Tim Melville","COL",0.4,4,0.2,0.8,0,0,0,0,0,0,0,0.28571429,0.28571429,0.42857143,0.57142857,0.28571429,0.14285714,"Tim Melville",9149,543532
"Kyle Gibson","- - -",0.166666666,4.5,0,0.818181818,0.181818181,0,0.5,0,0,0,0,0.35714286,0.21428571,0.42857143,0.21428571,0.64285714,0.14285714,"Kyle Gibson",10123,502043
"Rocky Gale","LAD",0.142857142,1,0.142857142,0.428571428,0.428571428,0,0,0,0,0,0,0.42857143,0.28571429,0.28571429,0.14285714,0.71428571,0.14285714,"Rocky Gale",10533,502570
"Mike Foltynewicz","ATL",0.153846153,4,0.23076923,0.615384615,0.153846153,0.5,0,1,0.125,0,0,0.14285714,0.42857143,0.42857143,0.28571429,0.57142857,0.14285714,"Mike Foltynewicz",10811,592314
"Chi Chi González","COL",0.25,6.5,0.166666666,0.722222222,0.111111111,0,0,0,0,0,0,0.19047619,0.47619048,0.33333333,0.19047619,0.66666667,0.14285714,"Chi Chi Gonzalez",14663,592346
"Austin Voth","WSN",0.166666666,0.5,0.4,0.2,0.4,0,0,0,0,0,0,0.14285714,0.14285714,0.71428571,0.14285714,0.71428571,0.14285714,"Austin Voth",15047,608723
"Dario Agrazal","PIT",0.076923076,10,0.083333333,0.833333333,0.083333333,0,0,1,0.1,0,0,0.21428571,0.21428571,0.57142857,0.21428571,0.64285714,0.14285714,"Dario Agrazal",15821,642607
"Touki Toussaint","ATL",0,1,0,0.5,0.5,0,0,0,0,0,0,0,0.42857143,0.57142857,0.14285714,0.71428571,0.14285714,"Touki Toussaint",16929,657053
"Pablo López","MIA",0.277777777,2.2,0.111111111,0.611111111,0.277777777,0,0,1,0.09090909,0,0,0.19047619,0.52380952,0.28571429,0.19047619,0.66666667,0.14285714,"Pablo Lopez",17085,641154
"Jack Flaherty","STL",0.23076923,1.666666666,0.314285714,0.428571428,0.257142857,0.111111111,0,0,0,2,0.142857142,0.20408163,0.32653061,0.46938776,0.20408163,0.65306122,0.14285714,"Jack Flaherty",17479,656427
"Jakson Reetz","- - -",0.285714285,1,0.142857142,0.428571428,0.428571428,0,0,0,0,0,0,0.57142857,0.28571429,0.14285714,0.14285714,0.71428571,0.14285714,"Jakson Reetz",17837,656883
"Joey Lucchesi","- - -",0.25,9,0.181818181,0.818181818,0,0,0,0,0,0,0,0.28571429,0.57142857,0.14285714,0.35714286,0.5,0.14285714,"Joey Lucchesi",19320,664192
"David Peterson","NYM",0.2,4,0,0.8,0.2,0,0,0,0,0,0,0,0.71428571,0.28571429,0.28571429,0.57142857,0.14285714,"David Peterson",20302,656849
"Irving Lopez","STL",0,0.75,0,0.428571428,0.571428571,0,0,0,0,0,0,0.57142857,0.28571429,0.14285714,0.14285714,0.71428571,0.14285714,"Irving Lopez",20463,676761
"CJ Alexander","- - -",0.285714285,0.428571428,0.285714285,0.214285714,0.5,0.142857142,0,0,0,0,0,0.57142857,0.14285714,0.28571429,0.35714286,0.5,0.14285714,"CJ Alexander",20557,680769
"Webster Rivas","SDP",0.212121212,1.307692307,0.117647058,0.5,0.382352941,0.076923076,0.153846153,0,0,0,0,0.44444444,0.27777778,0.27777778,0.19444444,0.66666667,0.13888889,"Webster Rivas",14636,593590
"Antonio Senzatela","COL",0.08,2.2,0.2,0.55,0.25,0,0,0,0,0,0,0.30555556,0.30555556,0.38888889,0.16666667,0.69444444,0.13888889,"Antonio Senzatela",15488,622608
"Luisangel Acuña","NYM",0.293103448,1.9375,0.160714285,0.553571428,0.285714285,0.125,0.03125,8,0.129032258,2,0.4,0.21367521,0.53846154,0.24786325,0.23076923,0.63247863,0.13675214,"Luisangel Acuna",26548,682668
"Chandler Simpson","TBR",0.327272727,3,0.250936329,0.561797752,0.187265917,0.04,0,12,0.08,5,0.454545454,0.28057554,0.45683453,0.26258993,0.19064748,0.67266187,0.13669065,"Chandler Simpson",31912,802415
"Steven Brault","PIT",0.344827586,3.4,0.266666666,0.566666666,0.166666666,0.2,0.2,1,0.058823529,0,0,0.40540541,0.32432432,0.27027027,0.18918919,0.67567568,0.13513514,"Steven Brault",15291,643230
"Kenta Maeda","- - -",0.333333333,2.666666666,0.24137931,0.551724137,0.206896551,0.5,0,1,0.0625,0,0,0.32432432,0.27027027,0.40540541,0.18918919,0.67567568,0.13513514,"Kenta Maeda",18498,628317
"Zack Wheeler","- - -",0.29787234,2.4,0.227272727,0.545454545,0.227272727,0,0.1,0,0,0,0,0.21153846,0.42307692,0.36538462,0.30769231,0.55769231,0.13461538,"Zack Wheeler",10310,554430
"Trevor Bauer","- - -",0.25,9,0.166666666,0.75,0.083333333,0,0,0,0,0,0,0.33333333,0.2,0.46666667,0.13333333,0.73333333,0.13333333,"Trevor Bauer",12703,545333
"Zach Davies","- - -",0.277777777,1.75,0.266666666,0.466666666,0.266666666,0.25,0,0,0,3,0.2,0.24444444,0.37777778,0.37777778,0.15555556,0.71111111,0.13333333,"Zach Davies",13183,605200
"Alec Mills","CHC",0.166666666,1.4,0,0.583333333,0.416666666,0,0,0,0,0,0,0.06666667,0.53333333,0.4,0.13333333,0.73333333,0.13333333,"Alec Mills",13834,621219
"Owen Caissie","CHC",0.285714285,0.666666666,0.333333333,0.266666666,0.4,0.166666666,0.166666666,0,0,0,0,0.2,0.33333333,0.46666667,0.26666667,0.6,0.13333333,"Owen Caissie",27496,683357
"Marcus Stroman","- - -",0.153846153,2.166666666,0.136363636,0.59090909,0.272727272,0.166666666,0,1,0.076923076,0,0,0.38709677,0.4516129,0.16129032,0.35483871,0.51612903,0.12903226,"Marcus Stroman",13431,573186
"Jordan Lawlar","ARI",0.29032258,1.363636363,0.161290322,0.483870967,0.354838709,0.181818181,0,2,0.133333333,0,0,0.58064516,0.22580645,0.19354839,0.29032258,0.58064516,0.12903226,"Jordan Lawlar",29976,691783
"Yonny Hernández","- - -",0.25510204,3.6,0.265957446,0.574468085,0.159574468,0,0,4,0.074074074,0,0,0.32673267,0.2970297,0.37623762,0.13861386,0.73267327,0.12871287,"Yonny Hernandez",19432,660634
"Adrián Sanchez","WSN",0.333333333,2.333333333,0.210526315,0.552631578,0.236842105,0.111111111,0,3,0.142857142,0,0,0.43589744,0.30769231,0.25641026,0.17948718,0.69230769,0.12820513,"Adrian Sanchez",11338,506703
"Kyle Hendricks","CHC",0.342105263,3.5,0.228571428,0.6,0.171428571,0,0,0,0,0,0,0.31914894,0.44680851,0.23404255,0.27659574,0.59574468,0.12765957,"Kyle Hendricks",12049,543294
"Chris Archer","PIT",0.23076923,3.5,0.25,0.583333333,0.166666666,0.5,0,1,0.142857142,0,0,0.125,0.3125,0.5625,0.5,0.375,0.125,"Chris Archer",6345,502042
"David Freitas","- - -",0.125,1.333333333,0.125,0.5,0.375,0,0,0,0,0,0,0.25,0.375,0.375,0.25,0.625,0.125,"David Freitas",10619,571679
"Caleb Smith","- - -",0.35,4,0.285714285,0.571428571,0.142857142,0,0,0,0,1,0.1,0.375,0.375,0.25,0.125,0.75,0.125,"Caleb Smith",14875,592761
"Taylor Clarke","ARI",0.375,2.5,0,0.714285714,0.285714285,0,0,1,0.2,0,0,0.375,0.5,0.125,0.25,0.625,0.125,"Taylor Clarke",17611,664199
"Zac Gallen","- - -",0.222222222,3.333333333,0.235294117,0.588235294,0.176470588,0.666666666,0,1,0.1,0,0,0.04166667,0.33333333,0.625,0.16666667,0.70833333,0.125,"Zac Gallen",19291,668678
"Corbin Burnes","MIL",0.272727272,18,0.181818181,0.818181818,0,0,0,2,0.111111111,0,0,0.25,0.45833333,0.29166667,0.33333333,0.54166667,0.125,"Corbin Burnes",19361,669203
"Tylor Megill","NYM",0.428571428,6,0,0.857142857,0.142857142,0,0,0,0,0,0,0.375,0.375,0.25,0.25,0.625,0.125,"Tylor Megill",21318,656731
"Kwang Hyun Kim","STL",0.214285714,3,0.076923076,0.692307692,0.23076923,0,0,3,0.333333333,0,0,0.25,0.375,0.375,0.3125,0.5625,0.125,"Kwang Hyun Kim",27458,547942
"Patrick Corbin","WSN",0.222222222,5.8,0.19047619,0.69047619,0.119047619,0,0,1,0.034482758,0,0,0.14,0.34,0.52,0.22,0.66,0.12,"Patrick Corbin",9323,571578
"Michael Papierski","- - -",0.208333333,1.714285714,0.224489795,0.489795918,0.285714285,0.428571428,0.071428571,0,0,0,0,0.4,0.38,0.22,0.36,0.52,0.12,"Michael Papierski",21386,657709
"Taijuan Walker","NYM",0.333333333,9,0.285714285,0.642857142,0.071428571,0,0,1,0.111111111,0,0,0.29411765,0.35294118,0.35294118,0.23529412,0.64705882,0.11764706,"Taijuan Walker",11836,592836
"Austin Gomber","COL",0,2.333333333,0,0.7,0.3,0,0,0,0,0,0,0.41176471,0.35294118,0.23529412,0.11764706,0.76470588,0.11764706,"Austin Gomber",16561,596295
"Forrest Wall","- - -",0.384615384,1.375,0.173913043,0.478260869,0.347826086,0,0,2,0.181818181,2,0.666666666,0.53846154,0.23076923,0.23076923,0.07692308,0.80769231,0.11538462,"Forrest Wall",16496,657088
"Juan Centeno","BOS",0.111111111,0.4,0.222222222,0.222222222,0.555555555,0.2,0,0,0,0,0,0.44444444,0.11111111,0.44444444,0.22222222,0.66666667,0.11111111,"Juan Centeno",7168,518542
"Tyler Anderson","- - -",0.571428571,0.666666666,0.285714285,0.285714285,0.428571428,0.333333333,0.333333333,0,0,1,0.5,0.44444444,0.22222222,0.33333333,0.44444444,0.44444444,0.11111111,"Tyler Anderson",12880,542881
"John Gant","STL",0,1,0.5,0.25,0.25,0,0,0,0,0,0,0.33333333,0.22222222,0.44444444,0.22222222,0.66666667,0.11111111,"John Gant",13684,607231
"Jesús Luzardo","- - -",0,7,0,0.875,0.125,0,0,1,0.142857142,0,0,0.33333333,0.22222222,0.44444444,0.22222222,0.66666667,0.11111111,"Jesus Luzardo",19959,666200
"Johnathan Rodríguez","CLE",0.166666666,15,0.111111111,0.833333333,0.055555555,0,0,0,0,0,0,0.44444444,0.44444444,0.11111111,0.27777778,0.61111111,0.11111111,"Johnathan Rodriguez",22530,671286
"Josiah Gray","- - -",0.125,4,0.333333333,0.666666666,0,0,0,0,0,0,0,0.33333333,0.11111111,0.55555556,0.22222222,0.66666667,0.11111111,"Josiah Gray",24580,680686
"Nasim Nuñez","WSN",0.283333333,3,0.2,0.6,0.2,0,0.181818181,5,0.151515151,3,0.272727272,0.27272727,0.34848485,0.37878788,0.16666667,0.72727273,0.10606061,"Nasim Nunez",25979,683083
"Rich Hill","- - -",0.333333333,9,0.307692307,0.692307692,0,0,0,1,0.111111111,2,0.333333333,0.15789474,0.47368421,0.36842105,0.26315789,0.63157895,0.10526316,"Rich Hill",4806,448179
"Jeff Hoffman","- - -",0.3125,2.333333333,0.23076923,0.538461538,0.23076923,0,0,1,0.142857142,1,0.166666666,0.26315789,0.31578947,0.42105263,0.26315789,0.63157895,0.10526316,"Jeff Hoffman",17432,656546
"Juniel Querecuto","STL",0.1,1.333333333,0.222222222,0.444444444,0.333333333,0.333333333,0,0,0,0,0,0.3,0.5,0.2,0.3,0.6,0.1,"Juniel Querecuto",12140,578570
"Blake Snell","SDP",0.375,1,0.5,0.25,0.25,0,0,0,0,0,0,0.1,0.4,0.5,0.1,0.8,0.1,"Blake Snell",13543,605483
"Michael Soroka","ATL",0.153846153,10,0.153846153,0.769230769,0.076923076,0,0,0,0,0,0,0.2,0.33333333,0.46666667,0.4,0.5,0.1,"Michael Soroka",18383,647336
"Connor Kaiser","ARI",0.1,0.4,0.222222222,0.222222222,0.555555555,0.2,0,0,0,0,0,0.1,0.6,0.3,0.3,0.6,0.1,"Connor Kaiser",21535,663731
"Jacob Hurtubise","CIN",0.256410256,0.647058823,0.282051282,0.282051282,0.435897435,0.117647058,0,1,0.09090909,0,0,0.36585366,0.36585366,0.26829268,0.14634146,0.75609756,0.09756098,"Jacob Hurtubise",27599,674441
"Dakota Hudson","STL",0.12,8.5,0.136363636,0.772727272,0.09090909,0,0,3,0.176470588,0,0,0.29032258,0.35483871,0.35483871,0.41935484,0.48387097,0.09677419,"Dakota Hudson",19206,641712
"Eguy Rosario","SDP",0.233333333,1.5,0.166666666,0.5,0.333333333,0.1,0,3,0.2,0,0,0.41935484,0.32258065,0.25806452,0.22580645,0.67741935,0.09677419,"Eguy Rosario",19964,666703
"Terrance Gore","- - -",0.3,1.166666666,0.315789473,0.368421052,0.315789473,0.166666666,0,0,0,1,0.5,0.28571429,0.33333333,0.38095238,0.33333333,0.57142857,0.0952381,"Terrance Gore",13658,605253
"Jose Quintana","- - -",0.23076923,20,0.125,0.833333333,0.041666666,0,0,0,0,0,0,0.1875,0.3125,0.5,0.28125,0.625,0.09375,"Jose Quintana",11423,500779
"José Godoy","- - -",0.21875,1.5,0.193548387,0.483870967,0.322580645,0,0,0,0,0,0,0.53125,0.28125,0.1875,0.1875,0.71875,0.09375,"Jose Godoy",15808,608422
"Luis Castillo","- - -",0.27027027,1.25,0.181818181,0.454545454,0.363636363,0.166666666,0,2,0.133333333,0,0,0.27906977,0.34883721,0.37209302,0.18604651,0.72093023,0.09302326,"Luis Castillo",15689,622491
"Drew Smyly","- - -",0.09090909,9,0.047619047,0.857142857,0.095238095,0,0,1,0.055555555,0,0,0.43478261,0.34782609,0.2173913,0.30434783,0.60869565,0.08695652,"Drew Smyly",11760,592767
"César Salazar","HOU",0.235294117,0.666666666,0.264705882,0.294117647,0.44117647,0.066666666,0,1,0.1,0,0,0.51428571,0.28571429,0.2,0.08571429,0.82857143,0.08571429,"Cesar Salazar",21587,663967
"Juan Graterol","CIN",0.25,3.5,0.25,0.583333333,0.166666666,0.5,0,0,0,0,0,0.66666667,0.25,0.08333333,0.33333333,0.58333333,0.08333333,"Juan Graterol",5398,492802
"Zach Eflin","PHI",0.136363636,1.375,0.095238095,0.523809523,0.38095238,0.25,0,0,0,0,0,0.29166667,0.33333333,0.375,0.29166667,0.625,0.08333333,"Zach Eflin",13774,621107
"Lucius Fox","WSN",0.181818181,9,0.09090909,0.818181818,0.09090909,0,0,0,0,0,0,0.5,0.41666667,0.08333333,0.16666667,0.75,0.08333333,"Lucius Fox",18899,665650
"Bryse Wilson","- - -",0.272727272,6,0.3,0.6,0.1,1,0,0,0,0,0,0.25,0.58333333,0.16666667,0.25,0.66666667,0.08333333,"Bryse Wilson",19990,669060
"Erick Fedde","WSN",0.117647058,3.333333333,0.133333333,0.666666666,0.2,0,0,0,0,0,0,0.08,0.44,0.48,0.36,0.56,0.08,"Erick Fedde",17425,607200
"Aníbal Sánchez","WSN",0.217391304,15,0.272727272,0.681818181,0.045454545,0,0,1,0.066666666,0,0,0.23076923,0.5,0.26923077,0.30769231,0.61538462,0.07692308,"Anibal Sanchez",3284,434671
"Johnny Cueto","SFG",0.09090909,9,0.181818181,0.818181818,0,0,0,0,0,0,0,0.07692308,0.38461538,0.53846154,0.53846154,0.38461538,0.07692308,"Johnny Cueto",6893,456501
"Erick Mejia","KCR",0.25,0.8,0.25,0.333333333,0.416666666,0.4,0,0,0,0,0,0.46153846,0.38461538,0.15384615,0.38461538,0.53846154,0.07692308,"Erick Mejia",15817,625510
"Jason Vargas","- - -",0.272727272,6,0.3,0.6,0.1,0,0,0,0,0,0,0.4,0.53333333,0.06666667,0.46666667,0.46666667,0.06666667,"Jason Vargas",8044,450306
"Trevor Williams","- - -",0.307692307,9.5,0.16,0.76,0.08,0,0,1,0.052631578,0,0,0.2,0.33333333,0.46666667,0.26666667,0.66666667,0.06666667,"Trevor Williams",16977,592866
"Ranger Suarez","PHI",0.333333333,1,0.111111111,0.444444444,0.444444444,0,0,2,0.5,0,0,0.2,0.4,0.4,0.13333333,0.8,0.06666667,"Ranger Suarez",17277,624133
"Armando Alvarez","OAK",0.375,1.8,0.125,0.5625,0.3125,0.2,0,2,0.222222222,0,0,0.5,0.0625,0.4375,0.3125,0.625,0.0625,"Armando Alvarez",19292,669137
"Payton Henry","MIA",0.3125,3.333333333,0.1875,0.625,0.1875,0,0,0,0,0,0,0.1875,0.4375,0.375,0.4375,0.5,0.0625,"Payton Henry",22164,668721
"Jordan Lyles","- - -",0.235294117,7,0.058823529,0.823529411,0.117647058,0,0,2,0.142857142,0,0,0.38888889,0.44444444,0.16666667,0.55555556,0.38888889,0.05555556,"Jordan Lyles",7593,543475
"Jerad Eickhoff","- - -",0.166666666,9,0,0.9,0.1,0,0,1,0.111111111,1,0.111111111,0.42105263,0.31578947,0.26315789,0.42105263,0.52631579,0.05263158,"Jerad Eickhoff",12664,595191
"Alex Wood","- - -",0.133333333,2.25,0.071428571,0.642857142,0.285714285,0,0,0,0,0,0,0.18181818,0.5,0.31818182,0.18181818,0.77272727,0.04545455,"Alex Wood",13781,622072
"Drew Romo","COL",0.272727272,1,0.09090909,0.454545454,0.454545454,0.1,0,0,0,0,0,0.36363636,0.40909091,0.22727273,0.09090909,0.86363636,0.04545455,"Drew Romo",27763,691011
"Freddy Peralta","MIL",0.181818181,16,0.227272727,0.727272727,0.045454545,1,0,0,0,0,0,0.13043478,0.39130435,0.47826087,0.34782609,0.60869565,0.04347826,"Freddy Peralta",18679,642547
"Kevin Gausman","- - -",0.347826086,8,0.142857142,0.761904761,0.095238095,0,0,0,0,0,0,0.21428571,0.46428571,0.32142857,0.17857143,0.78571429,0.03571429,"Kevin Gausman",14107,592332
"Matt Moore","PHI",0,4,0,1,0,0,0,0,0,0,0,0.6,0.4,0,0.4,0.6,0,"Matt Moore",1890,519043
"Wade LeBlanc","- - -",0,2.5,0,0.714285714,0.285714285,0.5,0,0,0,0,0,0.5,0.3,0.2,0.5,0.5,0,"Wade LeBlanc",5221,453281
"Gio Gonzalez","MIL",0,1,0,0.5,0.5,0,0,0,0,0,0,0.125,0.375,0.5,0.25,0.75,0,"Gio Gonzalez",7448,461829
"Brett Anderson","- - -",0.117647058,3.666666666,0,0.785714285,0.214285714,0,0,0,0,0,0,0.44444444,0.16666667,0.38888889,0.33333333,0.66666667,0,"Brett Anderson",8223,474463
"Drew Pomeranz","- - -",0,3,0,1,0,0,0,0,0,0,0,0.2,0.2,0.6,0.6,0.4,0,"Drew Pomeranz",11426,519141
"Ross Stripling","- - -",0.333333333,7,0,0.875,0.125,0,0,1,0.142857142,0,0,0.3,0.7,0,0.7,0.3,0,"Ross Stripling",13273,548389
"Elier Hernandez","TEX",0.333333333,0.5,0.333333333,0.222222222,0.444444444,0,0,0,0,0,0,0.55555556,0.22222222,0.22222222,0.22222222,0.77777778,0,"Elier Hernandez",13750,609274
"Chad Kuhl","PIT",0.111111111,6,0.142857142,0.857142857,0,0,0,0,0,0,0,0.36363636,0.09090909,0.54545455,0.18181818,0.81818182,0,"Chad Kuhl",14975,641771
"Brad Keller","KCR",0.25,2,0.25,0.5,0.25,0,0,0,0,0,0,0,0.6,0.4,0.4,0.6,0,"Brad Keller",15734,641745
"Daniel Ponce de Leon","STL",0,4,0,1,0,0,0,0,0,0,0,0.5,0.16666667,0.33333333,0.33333333,0.66666667,0,"Daniel Ponce de Leon",16110,594965
"Mitch Keller","PIT",0.071428571,10,0.166666666,0.833333333,0,0,0,0,0,0,0,0.29411765,0.23529412,0.47058824,0.35294118,0.64705882,0,"Mitch Keller",17594,656605
"Adbert Alzolay","CHC",0.0625,15,0,0.9375,0.0625,1,0,0,0,0,0,0.17647059,0.29411765,0.52941176,0.29411765,0.70588235,0,"Adbert Alzolay",17859,640470
"Peter Lambert","COL",0.4,3,0.4,0.6,0,0,0,0,0,0,0,0.16666667,0.33333333,0.5,0.33333333,0.66666667,0,"Peter Lambert",17969,663567
"Jake Woodford","STL",0.25,6,0.25,0.75,0,0,0,0,0,0,0,0.1,0.4,0.5,0.2,0.8,0,"Jake Woodford",18674,663765
"Nick Neidert","MIA",0,3,0,0.75,0.25,0,0,0,0,0,0,0.2,0.6,0.2,0.2,0.8,0,"Nick Neidert",18699,663734
"Cody Poteet","MIA",0.166666666,6,0,1,0,0,0,1,0.166666666,0,0,0.57142857,0.42857143,0,0.42857143,0.57142857,0,"Cody Poteet",18769,547001
"Mitch White","LAD",0,2,0,0.666666666,0.333333333,0,0,0,0,0,0,0,0.66666667,0.33333333,0.66666667,0.33333333,0,"Mitch White",19225,669952
"Taylor Widener","ARI",0.25,3,0,1,0,0,0,0,0,0,0,0.25,0.5,0.25,0.25,0.75,0,"Taylor Widener",19266,642203
"Vladimir Gutierrez","CIN",0.1,3.5,0,0.777777777,0.222222222,0.5,0,0,0,0,0,0.11764706,0.41176471,0.47058824,0.23529412,0.76470588,0,"Vladimir Gutierrez",19278,661269
"Cal Quantrill","- - -",0.111111111,14,0.066666666,0.933333333,0,0,0,1,0.071428571,0,0,0.47619048,0.19047619,0.33333333,0.38095238,0.61904762,0,"Cal Quantrill",19312,615698
"Rylan Bannon","- - -",0,1,0,0.5,0.5,0,0,1,0.333333333,0,0,0.5,0.5,0,0.33333333,0.66666667,0,"Rylan Bannon",19768,676625
"Ian Anderson","ATL",0.285714285,4,0.166666666,0.666666666,0.166666666,0,0,0,0,0,0,0.125,0.375,0.5,0,1,0,"Ian Anderson",19951,666120
"Max Kranick","PIT",0,5,0,1,0,0,0,0,0,0,0,0,0.33333333,0.66666667,0.5,0.5,0,"Max Kranick",22175,668820
"Israel Pineda","WSN",0.2,1,0.2,0.4,0.4,0,0,0,0,0,0,0.4,0.2,0.4,0,1,0,"Israel Pineda",22906,672832
"Bryan Lavastida","CLE",0.125,1.666666666,0,0.625,0.375,0,0,0,0,0,0,0.25,0.125,0.625,0.125,0.875,0,"Bryan Lavastida",24765,681526