Name,Team,BABIP,GB/FB,LD%,GB%,FB%,IFFB%,HR/FB,IFH,IFH%,BUH,BUH%,Pull%,Cent%,Oppo%,Soft%,Med%,Hard%,NameASCII,PlayerId,MLBAMID
"Zach Green","SFG",0.333333333,4,0.166666666,0.666666666,0.166666666,0,0,1,0.25,0,0,0.5,0.33333333,0.16666667,0,0.33333333,0.66666667,"Zach Green",14973,608339
"Colton Welker","COL",0.166666666,0,0.666666666,0,0.333333333,0,0,0,0,0,0,0.16666667,0.5,0.33333333,0,0.33333333,0.66666667,"Colton Welker",19961,666213
"Yoenis Cespedes","NYM",0,0.666666666,0,0.4,0.6,0,0,1,0.5,0,0,0.8,0,0.2,0.4,0,0.6,"Yoenis Cespedes",13110,493316
"Kendrys Morales","- - -",0.238095238,3,0.238095238,0.571428571,0.19047619,0,0,0,0,0,0,0.52380952,0.33333333,0.14285714,0,0.42857143,0.57142857,"Kendrys Morales",8610,434778
"Tyler Saladino","MIL",0.125,0.4,0.222222222,0.222222222,0.555555555,0,0.2,0,0,0,0,0.66666667,0.11111111,0.22222222,0.11111111,0.33333333,0.55555556,"Tyler Saladino",10807,573135
"Michael Lorenzen","CIN",0.333333333,3,0.111111111,0.666666666,0.222222222,0,0,0,0,0,0,0.33333333,0.55555556,0.11111111,0.11111111,0.33333333,0.55555556,"Michael Lorenzen",14843,547179
"Drew Romo","COL",0.272727272,1.5,0.09090909,0.545454545,0.363636363,0,0,2,0.333333333,0,0,0.45454545,0.36363636,0.18181818,0.09090909,0.36363636,0.54545455,"Drew Romo",27763,691011
"Tyler Locklear","- - -",0.166666666,1.454545454,0,0.592592592,0.407407407,0,0.272727272,0,0,0,0,0.62962963,0.22222222,0.14814815,0.11111111,0.37037037,0.51851852,"Tyler Locklear",31396,682988
"Edwin Rios","- - -",0.166666666,0.5,0.057142857,0.314285714,0.628571428,0,0.227272727,1,0.09090909,0,0,0.37142857,0.28571429,0.34285714,0.02857143,0.45714286,0.51428571,"Edwin Rios",18316,621458
"Otto Kemp","PHI",0.314285714,0.933333333,0.256410256,0.358974358,0.384615384,0,0.266666666,2,0.142857142,0,0,0.38461538,0.30769231,0.30769231,0.1025641,0.38461538,0.51282051,"Otto Kemp",31792,805249
"David Freese","LAD",0.363636363,1.391304347,0.225352112,0.450704225,0.323943661,0.086956521,0.217391304,1,0.03125,0,0,0.33802817,0.33802817,0.32394366,0.08450704,0.4084507,0.50704225,"David Freese",9549,501896
"Aaron Judge","NYY",0.338785046,0.855855855,0.188976377,0.374015748,0.437007874,0.04054054,0.36036036,10,0.052631578,0,0,0.42716535,0.33464567,0.23818898,0.06889764,0.42716535,0.50393701,"Aaron Judge",15640,592450
"Eric Thames","- - -",0.244444444,0.583333333,0.208333333,0.291666666,0.5,0.166666666,0.125,0,0,0,0,0.27083333,0.52083333,0.20833333,0.1875,0.3125,0.5,"Eric Thames",3711,519346
"Hanley Ramirez","CLE",0.3,3,0.2,0.6,0.2,0.5,0,0,0,0,0,0.4,0.5,0.1,0.3,0.2,0.5,"Hanley Ramirez",8001,434670
"Chris Iannetta","COL",0.264705882,1.083333333,0.305555555,0.361111111,0.333333333,0,0.166666666,0,0,0,0,0.30555556,0.52777778,0.16666667,0.08333333,0.41666667,0.5,"Chris Iannetta",8267,455104
"John Ryan Murphy","- - -",0.285714285,0.285714285,0.4375,0.125,0.4375,0.285714285,0.285714285,0,0,0,0,0.4375,0.4375,0.125,0.1875,0.3125,0.5,"John Ryan Murphy",10346,571974
"Jack Flaherty","STL",0.222222222,1,0.5,0.25,0.25,0,0.5,0,0,0,0,0.33333333,0.33333333,0.33333333,0.16666667,0.33333333,0.5,"Jack Flaherty",17479,656427
"Max Schrock","- - -",0.333333333,0.6,0.2,0.3,0.5,0,0.2,0,0,0,0,0.4,0.3,0.3,0.2,0.3,0.5,"Max Schrock",17750,621011
"Caleb Hamilton","- - -",0,0,0,0,1,0,1,0,0,0,0,0.5,0.5,0,0,0.5,0.5,"Caleb Hamilton",19842,643348
"Ryan Vilade","- - -",0.16,1.875,0.115384615,0.576923076,0.307692307,0,0.125,0,0,0,0,0.26923077,0.61538462,0.11538462,0.07692308,0.42307692,0.5,"Ryan Vilade",22165,668723
"Jeremiah Jackson","BAL",0.387096774,1.153846153,0.125,0.46875,0.40625,0.076923076,0.076923076,4,0.266666666,0,0,0.3125,0.4375,0.25,0.09375,0.40625,0.5,"Jeremiah Jackson",22239,669236
"Carter Jensen","KCR",0.166666666,1.75,0.083333333,0.583333333,0.333333333,0.25,0,0,0,0,0,0.41666667,0.25,0.33333333,0.16666667,0.33333333,0.5,"Carter Jensen",29478,695600
"Braxton Fulford","COL",0.366666666,0.5625,0.166666666,0.3,0.533333333,0.125,0,0,0,0,0,0.36666667,0.3,0.33333333,0.26666667,0.23333333,0.5,"Braxton Fulford",29704,690924
"Miguel Sanó","- - -",0.314720812,1.051282051,0.255813953,0.381395348,0.362790697,0.076923076,0.23076923,3,0.036585365,0,0,0.48372093,0.30232558,0.21395349,0.10232558,0.41860465,0.47906977,"Miguel Sano",12164,593934
"René Rivera","- - -",0.4,1.428571428,0.19047619,0.476190476,0.333333333,0,0.142857142,0,0,0,0,0.57142857,0.19047619,0.23809524,0.0952381,0.42857143,0.47619048,"Rene Rivera",3648,425784
"Weston Wilson","PHI",0.311688311,1,0.277108433,0.361445783,0.361445783,0.1,0.2,2,0.066666666,0,0,0.43373494,0.31325301,0.25301205,0.14457831,0.38554217,0.46987952,"Weston Wilson",19358,642215
"Matt Davidson","- - -",0.12,0.785714285,0.166666666,0.366666666,0.466666666,0.142857142,0.357142857,0,0,0,0,0.33333333,0.4,0.26666667,0.2,0.33333333,0.46666667,"Matt Davidson",7226,571602
"Justin Bour","LAA",0.266666666,1.333333333,0.066666666,0.533333333,0.4,0.166666666,0,0,0,0,0,0.46666667,0.46666667,0.06666667,0.06666667,0.46666667,0.46666667,"Justin Bour",9744,571506
"JT Riddle","- - -",0.24,0.923076923,0.107142857,0.428571428,0.464285714,0,0.23076923,0,0,0,0,0.5,0.39285714,0.10714286,0.21428571,0.32142857,0.46428571,"JT Riddle",17642,595375
"Derek Fisher","- - -",0.305555555,2,0.23076923,0.512820512,0.256410256,0.1,0.3,1,0.05,0,0,0.41025641,0.33333333,0.25641026,0.05128205,0.48717949,0.46153846,"Derek Fisher",16192,605233
"Brett Sullivan","SDP",0.363636363,0.833333333,0.083333333,0.416666666,0.5,0.166666666,0.333333333,2,0.4,1,1,0.61538462,0.07692308,0.30769231,0.15384615,0.38461538,0.46153846,"Brett Sullivan",18217,664954
"Ronny Rodríguez","DET",0.288888888,0.652173913,0.191489361,0.319148936,0.489361702,0.130434782,0.130434782,3,0.2,0,0,0.5625,0.27083333,0.16666667,0.1875,0.35416667,0.45833333,"Ronny Rodriguez",11875,500135
"Scott Kingery","- - -",0.336363636,0.714285714,0.269565217,0.304347826,0.426086956,0.081632653,0.142857142,1,0.028571428,2,0.666666666,0.49152542,0.28813559,0.22033898,0.1440678,0.39830508,0.45762712,"Scott Kingery",17975,664068
"Romy Gonzalez","- - -",0.387096774,1.174418604,0.186956521,0.439130434,0.373913043,0.046511627,0.174418604,5,0.04950495,1,0.5,0.34051724,0.34482759,0.31465517,0.09913793,0.44396552,0.45689655,"Romy Gonzalez",21562,663853
"Mason Williams","- - -",0.363636363,0.5,0.181818181,0.272727272,0.545454545,0,0,0,0,0,0,0.27272727,0.27272727,0.45454545,0.09090909,0.45454545,0.45454545,"Mason Williams",11859,592863
"Francisco Cervelli","- - -",0.24137931,0.769230769,0.258064516,0.322580645,0.419354838,0,0.153846153,1,0.1,0,0,0.4516129,0.32258065,0.22580645,0.09677419,0.4516129,0.4516129,"Francisco Cervelli",5275,465041
"Starlin Castro","- - -",0.393203883,1.43076923,0.265116279,0.432558139,0.302325581,0.092307692,0.138461538,9,0.096774193,0,0,0.41395349,0.34418605,0.24186047,0.13488372,0.41395349,0.45116279,"Starlin Castro",4579,516770
"Joey Wiemer","- - -",0.326530612,1.243243243,0.224299065,0.429906542,0.345794392,0.108108108,0.243243243,4,0.086956521,0,0,0.57943925,0.24299065,0.17757009,0.14018692,0.41121495,0.44859813,"Joey Wiemer",27690,686894
"Cheslor Cuthbert","- - -",0.35,1,0.23076923,0.384615384,0.384615384,0.12,0.2,2,0.08,0,0,0.47692308,0.32307692,0.2,0.13846154,0.41538462,0.44615385,"Cheslor Cuthbert",10473,596144
"Giancarlo Stanton","NYY",0.284023668,0.956521739,0.155495978,0.412868632,0.431635388,0.105590062,0.217391304,6,0.038961038,0,0,0.42359249,0.32707775,0.24932976,0.15013405,0.40482574,0.44504021,"Giancarlo Stanton",4949,519317
"Jeff Mathis","- - -",0.188679245,1.529411764,0.203703703,0.481481481,0.314814814,0.117647058,0.058823529,0,0,0,0,0.40740741,0.42592593,0.16666667,0.18518519,0.37037037,0.44444444,"Jeff Mathis",3448,425772
"José Pirela","- - -",0.375,2,0.333333333,0.444444444,0.222222222,0,0.5,0,0,0,0,0.44444444,0.22222222,0.33333333,0.11111111,0.44444444,0.44444444,"Jose Pirela",5485,517369
"Andy Burns","LAD",0.222222222,2,0.333333333,0.444444444,0.222222222,0,0,1,0.25,0,0,0.44444444,0.44444444,0.11111111,0.22222222,0.33333333,0.44444444,"Andy Burns",12779,542992
"Taylor Davis","- - -",0.222222222,0.8,0,0.444444444,0.555555555,0,0,0,0,0,0,0.22222222,0.55555556,0.22222222,0.11111111,0.44444444,0.44444444,"Taylor Davis",12782,543089
"Logan O'Hoppe","LAA",0.273381294,0.948275862,0.246666666,0.366666666,0.386666666,0.051724137,0.189655172,3,0.054545454,0,0,0.49333333,0.30666667,0.2,0.09333333,0.46666667,0.44,"Logan O'Hoppe",24729,681351
"Sean Rodríguez","- - -",0.342105263,1.357142857,0.195121951,0.463414634,0.341463414,0.142857142,0.214285714,0,0,0,0,0.48780488,0.24390244,0.26829268,0.17073171,0.3902439,0.43902439,"Sean Rodriguez",6589,446481
"Jung Ho Kang","PIT",0.236842105,1.307692307,0.268292682,0.414634146,0.31707317,0.153846153,0.23076923,2,0.117647058,0,0,0.65853659,0.24390244,0.09756098,0.12195122,0.43902439,0.43902439,"Jung Ho Kang",17182,628356
"Tyler Austin","- - -",0.294117647,0.92,0.157894736,0.403508771,0.438596491,0,0.24,1,0.04347826,0,0,0.35087719,0.33333333,0.31578947,0.10526316,0.45614035,0.43859649,"Tyler Austin",11850,592122
"Josh Donaldson","- - -",0.236363636,1.309734513,0.147058823,0.48366013,0.369281045,0.10619469,0.274336283,11,0.074324324,0,0,0.52941176,0.29084967,0.17973856,0.1372549,0.4248366,0.4379085,"Josh Donaldson",5038,518626
"Charlie Tilson","CHW",0.1875,13,0.125,0.8125,0.0625,0,0,1,0.076923076,0,0,0.4375,0.4375,0.125,0.25,0.3125,0.4375,"Charlie Tilson",12983,605508
"Jorge Alfaro","- - -",0.390625,1.98076923,0.247572815,0.5,0.252427184,0.019230769,0.269230769,8,0.077669902,0,0,0.36407767,0.39805825,0.23786408,0.16504854,0.39805825,0.4368932,"Jorge Alfaro",12180,595751
"Alex Dickerson","- - -",0.297297297,1.142857142,0.23076923,0.41025641,0.358974358,0.071428571,0.142857142,1,0.0625,0,0,0.35897436,0.48717949,0.15384615,0.20512821,0.35897436,0.43589744,"Alex Dickerson",12649,543105
"Danny Santana","- - -",0.31858407,1.425,0.217741935,0.459677419,0.322580645,0.15,0.275,7,0.122807017,0,0,0.38709677,0.31451613,0.2983871,0.13709677,0.42741935,0.43548387,"Danny Santana",10322,542454
"Tom Murphy","- - -",0.357142857,0.752380952,0.206896551,0.340517241,0.452586206,0.057142857,0.209523809,6,0.075949367,0,0,0.49137931,0.31896552,0.18965517,0.13793103,0.42672414,0.43534483,"Tom Murphy",13499,608596
"Brian Dozier","- - -",0.29347826,0.790697674,0.214285714,0.346938775,0.43877551,0.093023255,0.162790697,3,0.088235294,1,1,0.57575758,0.23232323,0.19191919,0.15151515,0.41414141,0.43434343,"Brian Dozier",9810,572821
"Matt Wieters","STL",0.192307692,0.470588235,0.166666666,0.266666666,0.566666666,0.058823529,0.235294117,0,0,0,0,0.33333333,0.36666667,0.3,0.13333333,0.43333333,0.43333333,"Matt Wieters",4298,446308
"Eguy Rosario","SDP",0.44,0.470588235,0.166666666,0.266666666,0.566666666,0.176470588,0.294117647,2,0.25,0,0,0.43333333,0.3,0.26666667,0.16666667,0.4,0.43333333,"Eguy Rosario",19964,666703
"Dillon Dingler","DET",0.360824742,0.842105263,0.31372549,0.31372549,0.372549019,0.078947368,0.131578947,1,0.03125,0,0,0.47058824,0.32352941,0.20588235,0.15686275,0.41176471,0.43137255,"Dillon Dingler",27464,693307
"Howie Kendrick","WSN",0.362831858,1.4,0.2,0.466666666,0.333333333,0.025,0.2,4,0.071428571,0,0,0.3553719,0.44628099,0.19834711,0.17355372,0.39669421,0.42975207,"Howie Kendrick",4229,435062
"Vince Velasquez","PHI",0.2,2,0.4,0.4,0.2,0,0,0,0,0,0,0.14285714,0.71428571,0.14285714,0.14285714,0.42857143,0.42857143,"Vince Velasquez",11189,592826
"Seth Mejias-Brean","SDP",0.285714285,1,0.142857142,0.428571428,0.428571428,0,0,0,0,0,0,0.42857143,0.28571429,0.28571429,0.14285714,0.42857143,0.42857143,"Seth Mejias-Brean",13905,623180
"Jorge Soler","- - -",0.27118644,0.679824561,0.17099567,0.335497835,0.493506493,0.087719298,0.21491228,8,0.051612903,0,0,0.46536797,0.34199134,0.19264069,0.13852814,0.43290043,0.42857143,"Jorge Soler",14221,624585
"Tristan Gray","- - -",0.368421052,1.142857142,0.285714285,0.38095238,0.333333333,0.142857142,0.285714285,0,0,0,0,0.42857143,0.42857143,0.14285714,0.19047619,0.38095238,0.42857143,"Tristan Gray",19877,656484
"Anderson Tejeda","TEX",0.23076923,1.4,0.142857142,0.5,0.357142857,0.2,0.2,0,0,0,0,0.35714286,0.42857143,0.21428571,0.35714286,0.21428571,0.42857143,"Anderson Tejeda",19909,660731
"Jordan Groshans","MIA",0.428571428,4,0.285714285,0.571428571,0.142857142,0,0,1,0.25,0,0,0.28571429,0.57142857,0.14285714,0.14285714,0.42857143,0.42857143,"Jordan Groshans",23794,677954
"Andre Lipcius","DET",0.571428571,0.333333333,0.428571428,0.142857142,0.428571428,0,0,0,0,0,0,0.14285714,0.71428571,0.14285714,0.28571429,0.28571429,0.42857143,"Andre Lipcius",25822,686531
"Bob Seymour","TBR",0.571428571,5,0.142857142,0.714285714,0.142857142,0,0,0,0,0,0,0.57142857,0.14285714,0.28571429,0,0.57142857,0.42857143,"Bob Seymour",30028,676044
"AJ Pollock","- - -",0.283707865,1.1875,0.188144329,0.440721649,0.37113402,0.118055555,0.222222222,14,0.081871345,0,0,0.47680412,0.31958763,0.20360825,0.12886598,0.44329897,0.42783505,"AJ Pollock",9256,572041
"Yordan Alvarez","HOU",0.355048859,1.154166666,0.220211161,0.417797888,0.36199095,0.05,0.2125,19,0.068592057,2,1,0.34285714,0.39097744,0.26616541,0.12180451,0.45112782,0.42706767,"Yordan Alvarez",19556,670541
"Ryan Braun","MIL",0.282894736,1.58490566,0.164634146,0.512195121,0.323170731,0.018867924,0.226415094,2,0.023809523,0,0,0.44512195,0.33536585,0.2195122,0.17682927,0.39634146,0.42682927,"Ryan Braun",3410,460075
"Kyle Higashioka","- - -",0.251748251,0.642384105,0.2,0.312903225,0.487096774,0.092715231,0.158940397,4,0.041237113,0,0,0.46774194,0.36774194,0.16451613,0.12258065,0.45483871,0.42258065,"Kyle Higashioka",5517,543309
"Martín Prado","MIA",0.288888888,1.916666666,0.222222222,0.511111111,0.266666666,0.166666666,0,5,0.108695652,0,0,0.4,0.35555556,0.24444444,0.2,0.37777778,0.42222222,"Martin Prado",3312,445988
"Roberto Pérez","- - -",0.277372262,1.530612244,0.173333333,0.5,0.326666666,0.020408163,0.285714285,5,0.066666666,0,0,0.4025974,0.34415584,0.25324675,0.11038961,0.46753247,0.42207792,"Roberto Perez",2900,547379
"Logan Forsythe","- - -",0.271604938,0.94117647,0.204819277,0.385542168,0.409638554,0.058823529,0.058823529,1,0.03125,0,0,0.45783133,0.31325301,0.22891566,0.09638554,0.48192771,0.42168675,"Logan Forsythe",7185,523253
"Avisaíl García","- - -",0.323717948,1.452830188,0.212121212,0.466666666,0.321212121,0.037735849,0.16981132,11,0.071428571,0,0,0.42424242,0.33333333,0.24242424,0.16969697,0.40909091,0.42121212,"Avisail Garcia",5760,541645
"Rangel Ravelo","STL",0.166666666,3,0.157894736,0.631578947,0.210526315,0,0.25,1,0.083333333,0,0,0.36842105,0.36842105,0.26315789,0.05263158,0.52631579,0.42105263,"Rangel Ravelo",10839,592660
"Wyatt Mathisen","ARI",0.333333333,1,0.263157894,0.368421052,0.368421052,0.142857142,0.142857142,2,0.285714285,0,0,0.57894737,0.15789474,0.26315789,0.21052632,0.36842105,0.42105263,"Wyatt Mathisen",14555,621500
"Seth Beer","ARI",0.368421052,1.6,0.315789473,0.421052631,0.263157894,0,0,0,0,0,0,0.36842105,0.36842105,0.26315789,0.15789474,0.42105263,0.42105263,"Seth Beer",20493,666179
"Eric Wagaman","- - -",0.31292517,1.24074074,0.203947368,0.440789473,0.355263157,0.092592592,0.092592592,3,0.044776119,0,0,0.39473684,0.34210526,0.26315789,0.11184211,0.46710526,0.42105263,"Eric Wagaman",23395,676572
"Jake Rogers","DET",0.25609756,0.775,0.20670391,0.346368715,0.446927374,0.05,0.2,1,0.016129032,0,0,0.46448087,0.30054645,0.23497268,0.10928962,0.46994536,0.42076503,"Jake Rogers",19452,668670
"Chad Pinder","OAK",0.303921568,1.712765957,0.220183486,0.49235474,0.287461773,0.053191489,0.223404255,9,0.055900621,0,0,0.4054878,0.36585366,0.22865854,0.1402439,0.43902439,0.42073171,"Chad Pinder",15191,640461
"Yandy Díaz","TBR",0.321479374,1.518828451,0.190860215,0.487903225,0.321236559,0.083682008,0.171548117,20,0.055096418,0,0,0.34005376,0.36693548,0.29301075,0.12903226,0.45026882,0.42069892,"Yandy Diaz",16578,650490
"Zach Neto","LAA",0.340782122,0.839506172,0.223958333,0.354166666,0.421875,0.037037037,0.197530864,4,0.058823529,0,0,0.49230769,0.30769231,0.2,0.09230769,0.48717949,0.42051282,"Zach Neto",31347,687263
"Matt Chapman","- - -",0.281306715,0.739285714,0.18013468,0.348484848,0.471380471,0.146428571,0.153571428,17,0.082125603,0,0,0.43602694,0.35690236,0.20707071,0.15488215,0.42592593,0.41919192,"Matt Chapman",16505,656305
"Teoscar Hernández","- - -",0.336414048,0.92,0.197324414,0.384615384,0.4180602,0.056,0.228,20,0.086956521,0,0,0.38294314,0.33110368,0.28595318,0.13545151,0.44648829,0.4180602,"Teoscar Hernandez",13066,606192
"Stone Garrett","- - -",0.361904761,0.625,0.208695652,0.304347826,0.486956521,0.107142857,0.178571428,3,0.085714285,0,0,0.3826087,0.4,0.2173913,0.13913043,0.44347826,0.4173913,"Stone Garrett",19273,656448
"César Puello","- - -",0.294117647,4.8,0.194444444,0.666666666,0.138888888,0,0.4,1,0.041666666,0,0,0.41666667,0.33333333,0.25,0.30555556,0.27777778,0.41666667,"Cesar Puello",7216,527049
"Ketel Marte","ARI",0.33502538,1.187301587,0.184615384,0.44260355,0.372781065,0.139682539,0.18095238,24,0.064171122,0,0,0.47100592,0.31360947,0.21538462,0.16213018,0.42130178,0.41656805,"Ketel Marte",13613,606466
"Asdrúbal Cabrera","- - -",0.294642857,1.301204819,0.18025751,0.463519313,0.356223175,0.036144578,0.108433734,6,0.055555555,0,0,0.42918455,0.31759657,0.25321888,0.11587983,0.46781116,0.41630901,"Asdrubal Cabrera",4962,452678
"Tyler O'Neill","- - -",0.298932384,0.824817518,0.206349206,0.358730158,0.434920634,0.05109489,0.248175182,10,0.088495575,0,0,0.48571429,0.33968254,0.17460317,0.08888889,0.4952381,0.41587302,"Tyler O'Neill",15711,641933
"JaCoby Jones","DET",0.269230769,1.142857142,0.259259259,0.395061728,0.345679012,0.107142857,0.107142857,3,0.09375,0,0,0.45121951,0.31707317,0.23170732,0.17073171,0.41463415,0.41463415,"JaCoby Jones",14818,592444
"Ronald Guzmán","- - -",0.178571428,1.333333333,0.155172413,0.48275862,0.362068965,0.047619047,0.095238095,0,0,0,0,0.4137931,0.32758621,0.25862069,0.20689655,0.37931034,0.4137931,"Ronald Guzman",14388,608597
"Jerar Encarnacion","- - -",0.333333333,2.25,0.327586206,0.465517241,0.206896551,0,0.083333333,0,0,0,0,0.34482759,0.32758621,0.32758621,0.03448276,0.55172414,0.4137931,"Jerar Encarnacion",21871,666464
"Sam Travis","BOS",0.228571428,1.666666666,0.146666666,0.533333333,0.32,0.125,0.208333333,3,0.075,0,0,0.41333333,0.36,0.22666667,0.2,0.38666667,0.41333333,"Sam Travis",16263,607752
"Ronald Acuña Jr.","ATL",0.310513447,1.412162162,0.194130925,0.471783295,0.334085778,0.054054054,0.229729729,14,0.066985645,0,0,0.45598194,0.31828442,0.22573363,0.11512415,0.4717833,0.41309255,"Ronald Acuna Jr.",18401,660670
"Hunter Goodman","COL",0.289655172,0.791666666,0.19375,0.35625,0.45,0.083333333,0.208333333,4,0.070175438,0,0,0.44375,0.35625,0.2,0.14375,0.44375,0.4125,"Hunter Goodman",29715,696100
"Lucas Duda","KCR",0.117647058,1,0.058823529,0.470588235,0.470588235,0.125,0,0,0,0,0,0.41176471,0.35294118,0.23529412,0.11764706,0.47058824,0.41176471,"Lucas Duda",2502,446263
"Hernán Pérez","- - -",0.270833333,1.709677419,0.168316831,0.524752475,0.306930693,0.064516129,0.161290322,2,0.037735849,0,0,0.44117647,0.39215686,0.16666667,0.17647059,0.41176471,0.41176471,"Hernan Perez",5751,541650
"Bryan Ramos","CHW",0.212121212,0.8125,0.147058823,0.382352941,0.470588235,0.0625,0.0625,1,0.076923076,0,0,0.38235294,0.41176471,0.20588235,0.11764706,0.47058824,0.41176471,"Bryan Ramos",25621,682868
"Denzel Clarke","ATH",0.266666666,2.75,0.0625,0.6875,0.25,0.25,0.25,1,0.09090909,0,0,0.47058824,0.29411765,0.23529412,0.23529412,0.35294118,0.41176471,"Denzel Clarke",29858,672016
"Hunter Pence","- - -",0.298969072,1.324324324,0.196261682,0.457943925,0.345794392,0.108108108,0.27027027,3,0.061224489,0,0,0.46728972,0.23364486,0.29906542,0.09345794,0.4953271,0.41121495,"Hunter Pence",8252,452254
"Eugenio Suárez","- - -",0.282442748,0.837944664,0.196891191,0.366148531,0.436960276,0.055335968,0.217391304,10,0.047169811,0,0,0.47668394,0.31260794,0.21070812,0.11226252,0.47668394,0.41105354,"Eugenio Suarez",12552,553993
"Iván Herrera","STL",0.311111111,1.150943396,0.219178082,0.417808219,0.363013698,0.075471698,0.207547169,5,0.081967213,0,0,0.35616438,0.38356164,0.26027397,0.14383562,0.44520548,0.4109589,"Ivan Herrera",20599,671056
"Jahmai Jones","- - -",0.326923076,0.698113207,0.196428571,0.330357142,0.473214285,0.113207547,0.150943396,10,0.27027027,0,0,0.51785714,0.25,0.23214286,0.11607143,0.47321429,0.41071429,"Jahmai Jones",18872,663330
"Justin Turner","- - -",0.294298921,0.750809061,0.215942028,0.336231884,0.447826086,0.048543689,0.132686084,17,0.073275862,0,0,0.37536232,0.36521739,0.25942029,0.11449275,0.47536232,0.41014493,"Justin Turner",5235,457759
"Jordan Westburg","BAL",0.319148936,0.917647058,0.180904522,0.391959798,0.427135678,0.070588235,0.129411764,7,0.089743589,0,0,0.39,0.325,0.285,0.14,0.45,0.41,"Jordan Westburg",27815,676059
"Rhys Hoskins","- - -",0.285714285,0.625531914,0.199161425,0.3081761,0.492662473,0.123404255,0.182978723,11,0.074829931,0,0,0.50733753,0.28930818,0.2033543,0.14255765,0.44863732,0.40880503,"Rhys Hoskins",16472,656555
"Adeiny Hechavarría","- - -",0.244444444,1.176470588,0.229166666,0.416666666,0.354166666,0,0.235294117,1,0.05,0,0,0.46938776,0.26530612,0.26530612,0.12244898,0.46938776,0.40816327,"Adeiny Hechavarria",10459,588751
"Alec Bohm","PHI",0.328968903,1.212121212,0.204049844,0.436137071,0.359813084,0.082251082,0.134199134,13,0.046428571,0,0,0.40654206,0.35825545,0.23520249,0.14953271,0.4423676,0.40809969,"Alec Bohm",21618,664761
"Kelvin Gutiérrez","- - -",0.333333333,2.611111111,0.197530864,0.580246913,0.222222222,0,0.166666666,2,0.042553191,0,0,0.38271605,0.43209877,0.18518519,0.08641975,0.50617284,0.40740741,"Kelvin Gutierrez",17468,642721
"Christopher Morel","- - -",0.24911032,1.066115702,0.166666666,0.43,0.403333333,0.123966942,0.165289256,9,0.069767441,1,0.5,0.52980132,0.30463576,0.16556291,0.16225166,0.43046358,0.40728477,"Christopher Morel",21897,666624
"Sam Huff","- - -",0.351851851,1.045454545,0.237288135,0.389830508,0.372881355,0.045454545,0.227272727,3,0.130434782,0,0,0.47457627,0.25423729,0.27118644,0.13559322,0.45762712,0.40677966,"Sam Huff",22209,669087
"Gary Sánchez","- - -",0.224431818,0.777173913,0.159383033,0.367609254,0.473007712,0.119565217,0.201086956,11,0.076923076,0,0,0.48071979,0.31105398,0.20822622,0.16966581,0.42416452,0.40616967,"Gary Sanchez",11442,596142
"Adam Duvall","- - -",0.28,0.421621621,0.203030303,0.236363636,0.56060606,0.124324324,0.162162162,11,0.141025641,0,0,0.47272727,0.33030303,0.1969697,0.15454545,0.43939394,0.40606061,"Adam Duvall",10950,594807
"Shohei Ohtani","- - -",0.324585635,1.272401433,0.196451204,0.449936628,0.353612167,0.068100358,0.247311827,42,0.118309859,3,0.75,0.4186633,0.34552333,0.23581337,0.12862547,0.46532156,0.40605296,"Shohei Ohtani",19755,660271
"Corey Seager","- - -",0.290140845,1.152777777,0.185282522,0.436268068,0.378449408,0.048611111,0.177083333,24,0.072289156,0,0,0.39553219,0.35348226,0.25098555,0.12746386,0.46649146,0.40604468,"Corey Seager",13624,608369
"Randal Grichuk","- - -",0.308707124,0.88034188,0.184177997,0.381953028,0.433868974,0.145299145,0.145299145,20,0.064724919,0,0,0.41038319,0.35228677,0.23733004,0.1433869,0.45117429,0.40543881,"Randal Grichuk",10243,545341
"Paul Goldschmidt","- - -",0.361344537,0.853281853,0.252336448,0.34423676,0.403426791,0.081081081,0.181467181,15,0.067873303,0,0,0.39563863,0.34735202,0.25700935,0.12305296,0.47196262,0.40498442,"Paul Goldschmidt",9218,502671
"Nelson Cruz","- - -",0.32160804,1.304635761,0.205479452,0.449771689,0.344748858,0.052980132,0.264900662,12,0.060913705,0,0,0.39041096,0.3630137,0.24657534,0.11415525,0.48173516,0.40410959,"Nelson Cruz",2434,443558
"Justin Upton","- - -",0.222222222,0.833333333,0.125827814,0.397350993,0.476821192,0.083333333,0.222222222,5,0.083333333,0,0,0.49668874,0.34437086,0.1589404,0.09271523,0.50331126,0.40397351,"Justin Upton",5222,457708
"Mark Vientos","NYM",0.325,1.409090909,0.16862745,0.486274509,0.345098039,0.125,0.170454545,9,0.072580645,0,0,0.43529412,0.34509804,0.21960784,0.17647059,0.41960784,0.40392157,"Mark Vientos",22184,668901
"Jakob Marsee","MIA",0.388888888,1.09090909,0.192982456,0.421052631,0.385964912,0.09090909,0.136363636,2,0.083333333,0,0,0.52631579,0.29824561,0.1754386,0.15789474,0.43859649,0.40350877,"Jakob Marsee",31370,805300
"Albert Pujols","- - -",0.264,1.053892215,0.171497584,0.425120772,0.403381642,0.13772455,0.233532934,9,0.051136363,0,0,0.53140097,0.26086957,0.20772947,0.17149758,0.42512077,0.40338164,"Albert Pujols",1177,405395
"Joey Gallo","- - -",0.27118644,0.625954198,0.154761904,0.325396825,0.519841269,0.129770992,0.236641221,5,0.060975609,10,0.625,0.4738806,0.30597015,0.22014925,0.1641791,0.43283582,0.40298507,"Joey Gallo",14128,608336
"Khris Davis","- - -",0.29299363,1.112903225,0.224852071,0.408284023,0.366863905,0.080645161,0.193548387,3,0.04347826,0,0,0.44378698,0.27218935,0.28402367,0.13017751,0.46745562,0.40236686,"Khris Davis",9112,501981
"Evan Longoria","- - -",0.313043478,0.934210526,0.207547169,0.382749326,0.409703504,0.046052631,0.171052631,8,0.056338028,0,0,0.47439353,0.31536388,0.21024259,0.10512129,0.49326146,0.40161725,"Evan Longoria",9368,446334
"Fernando Tatis Jr.","SDP",0.324766355,1.044692737,0.197368421,0.410087719,0.392543859,0.067039106,0.173184357,17,0.09090909,1,0.333333333,0.4379085,0.34422658,0.21786492,0.11982571,0.47930283,0.40087146,"Fernando Tatis Jr.",19709,665487
"Kyle Schwarber","- - -",0.293233082,0.963934426,0.180574555,0.402188782,0.417236662,0.147540983,0.236065573,16,0.054421768,4,0.666666666,0.46947083,0.3541384,0.17639077,0.16960651,0.43012212,0.40027137,"Kyle Schwarber",16478,656941
"Curtis Granderson","MIA",0.282051282,0.578947368,0.210526315,0.289473684,0.5,0.052631578,0.052631578,1,0.09090909,1,0.5,0.425,0.375,0.2,0.125,0.475,0.4,"Curtis Granderson",4747,434158
"Isaac Galloway","MIA",0.1,0.5,0.1,0.3,0.6,0.333333333,0,0,0,0,0,0.4,0.4,0.2,0.3,0.3,0.4,"Isaac Galloway",5238,543194
"Franmil Reyes","- - -",0.320754716,1.203883495,0.203508771,0.435087719,0.361403508,0.048543689,0.194174757,2,0.016129032,0,0,0.40350877,0.38596491,0.21052632,0.11578947,0.48421053,0.4,"Franmil Reyes",14566,614177
"Jacob Nottingham","- - -",0.142857142,0.357142857,0.05,0.25,0.7,0.142857142,0.428571428,0,0,0,0,0.4,0.35,0.25,0.15,0.45,0.4,"Jacob Nottingham",16448,641924
"Andrew Young","ARI",0.322580645,1.8,0.2,0.514285714,0.285714285,0.1,0.4,0,0,0,0,0.2,0.4,0.4,0.11428571,0.48571429,0.4,"Andrew Young",19521,670370
"Dane Myers","MIA",0.367647058,1.363636363,0.251798561,0.431654676,0.316546762,0,0.09090909,2,0.033333333,1,1,0.37142857,0.35714286,0.27142857,0.12857143,0.47142857,0.4,"Dane Myers",22054,667472
"Jake Alu","WSN",0.285714285,0.833333333,0.266666666,0.333333333,0.4,0,0.166666666,0,0,0,0,0.46666667,0.33333333,0.2,0.06666667,0.53333333,0.4,"Jake Alu",25569,666906
"Willson Contreras","- - -",0.31797235,1.04347826,0.198294243,0.409381663,0.392324093,0.070652173,0.195652173,11,0.057291666,1,0.5,0.41825902,0.34819533,0.23354565,0.13800425,0.46284501,0.39915074,"Willson Contreras",11609,575929
"Garrett Cooper","- - -",0.347682119,1.198113207,0.274143302,0.395638629,0.330218068,0.018867924,0.179245283,9,0.070866141,0,0,0.37383178,0.33956386,0.28660436,0.14018692,0.46105919,0.39875389,"Garrett Cooper",15279,643265
"Patrick Wisdom","- - -",0.290748898,0.558823529,0.181467181,0.293436293,0.525096525,0.073529411,0.235294117,4,0.052631578,0,0,0.47126437,0.32950192,0.19923372,0.1532567,0.44827586,0.39846743,"Patrick Wisdom",13602,621550
"Jordan Beck","COL",0.357142857,0.956521739,0.237288135,0.372881355,0.389830508,0.086956521,0.130434782,4,0.09090909,0,0,0.49152542,0.26271186,0.24576271,0.15254237,0.44915254,0.39830508,"Jordan Beck",31431,687597
"Connor Norby","- - -",0.279569892,0.707317073,0.285714285,0.295918367,0.418367346,0.048780487,0.121951219,3,0.103448275,0,0,0.44897959,0.31632653,0.23469388,0.13265306,0.46938776,0.39795918,"Connor Norby",29592,681393
"David Bote","CHC",0.269662921,1.540983606,0.166666666,0.505376344,0.327956989,0.114754098,0.13114754,7,0.074468085,0,0,0.41935484,0.33333333,0.24731183,0.15591398,0.44623656,0.39784946,"David Bote",14593,623520
"Heriberto Hernández","MIA",0.347826086,1.478260869,0.219178082,0.465753424,0.315068493,0.04347826,0.173913043,4,0.117647058,0,0,0.52054795,0.34246575,0.1369863,0.17808219,0.42465753,0.39726027,"Heriberto Hernandez",24878,681715
"Taylor Ward","LAA",0.339667458,0.930232558,0.242009132,0.365296803,0.392694063,0.046511627,0.127906976,10,0.0625,1,0.166666666,0.37837838,0.3490991,0.27252252,0.10135135,0.50225225,0.3963964,"Taylor Ward",17548,621493
"Ian Kinsler","SDP",0.22,0.869565217,0.173076923,0.384615384,0.442307692,0.173913043,0.130434782,1,0.05,1,1,0.56603774,0.26415094,0.16981132,0.22641509,0.37735849,0.39622642,"Ian Kinsler",6195,435079
"Johnathan Rodríguez","CLE",0.282608695,2.333333333,0.166666666,0.583333333,0.25,0,0.166666666,1,0.035714285,0,0,0.39583333,0.29166667,0.3125,0.0625,0.54166667,0.39583333,"Johnathan Rodriguez",22530,671286
"Austin Riley","ATL",0.328421052,0.735294117,0.202702702,0.337837837,0.459459459,0.084033613,0.180672268,19,0.108571428,0,0,0.3996139,0.34942085,0.25096525,0.14285714,0.46138996,0.3957529,"Austin Riley",18360,663586
"J.D. Martinez","- - -",0.346379647,0.700389105,0.221033868,0.320855614,0.458110516,0.027237354,0.194552529,11,0.061111111,0,0,0.39572193,0.3368984,0.26737968,0.08912656,0.51515152,0.39572193,"J.D. Martinez",6184,502110
"Mark Reynolds","COL",0.243902439,0.9,0.116279069,0.418604651,0.465116279,0,0.1,0,0,0,0,0.48837209,0.34883721,0.1627907,0.1627907,0.44186047,0.39534884,"Mark Reynolds",7619,448602
"Kyle Garlick","- - -",0.29090909,0.745454545,0.225806451,0.330645161,0.443548387,0.127272727,0.254545454,3,0.073170731,0,0,0.5,0.28225806,0.21774194,0.09677419,0.50806452,0.39516129,"Kyle Garlick",18063,664247
"Eloy Jiménez","- - -",0.300578034,1.913461538,0.169863013,0.545205479,0.284931506,0.067307692,0.182692307,14,0.070351758,0,0,0.35342466,0.4,0.24657534,0.17534247,0.43013699,0.39452055,"Eloy Jimenez",17484,650391
"Mitch Garver","- - -",0.286057692,0.725581395,0.182819383,0.343612334,0.473568281,0.088372093,0.176744186,18,0.115384615,0,0,0.4845815,0.33700441,0.1784141,0.12995595,0.47577093,0.39427313,"Mitch Garver",15161,641598
"Nick Markakis","ATL",0.298076923,2.28,0.211538461,0.548076923,0.240384615,0.04,0,5,0.087719298,0,0,0.34615385,0.36538462,0.28846154,0.13461538,0.47115385,0.39423077,"Nick Markakis",5930,455976
"Triston Casas","BOS",0.333333333,1.27027027,0.192307692,0.451923076,0.35576923,0.108108108,0.216216216,1,0.021276595,0,0,0.38461538,0.40384615,0.21153846,0.16346154,0.44230769,0.39423077,"Triston Casas",22514,671213
"José A. Martínez","- - -",0.32051282,1.6,0.226190476,0.476190476,0.297619047,0.04,0.24,4,0.1,0,0,0.3452381,0.41666667,0.23809524,0.0952381,0.51190476,0.39285714,"Jose A. Martinez",7996,500874
"Brent Rooker","- - -",0.329376854,0.816993464,0.236263736,0.343406593,0.42032967,0.032679738,0.176470588,11,0.088,0,0,0.41208791,0.3543956,0.23351648,0.12912088,0.47802198,0.39285714,"Brent Rooker",19627,667670
"Thomas Saggese","STL",0.351851851,0.95,0.29090909,0.345454545,0.363636363,0.05,0.1,1,0.052631578,0,0,0.21428571,0.39285714,0.39285714,0.07142857,0.53571429,0.39285714,"Thomas Saggese",27883,695336
"J.T. Realmuto","PHI",0.322795341,1.194570135,0.235015772,0.416403785,0.348580441,0.076923076,0.149321266,30,0.113636363,0,0,0.40851735,0.35173502,0.23974763,0.14353312,0.4637224,0.39274448,"J.T. Realmuto",11739,592663
"Josh Jung","TEX",0.321428571,1.088888888,0.223140495,0.404958677,0.371900826,0.055555555,0.2,6,0.061224489,0,0,0.40082645,0.30991736,0.2892562,0.15702479,0.45041322,0.39256198,"Josh Jung",26299,673962
"Max Muncy","LAD",0.217821782,0.96137339,0.178057553,0.402877697,0.419064748,0.0944206,0.21888412,10,0.044642857,0,0,0.45323741,0.35071942,0.19604317,0.12589928,0.48201439,0.39208633,"Max Muncy",13301,571970
"William Contreras","- - -",0.366906474,1.925619834,0.197278911,0.528344671,0.274376417,0.09090909,0.198347107,25,0.107296137,0,0,0.39140271,0.38235294,0.22624434,0.1561086,0.45248869,0.39140271,"William Contreras",20503,661388
"Nick Dini","KCR",0.272727272,0.454545454,0.304347826,0.217391304,0.478260869,0.09090909,0.09090909,0,0,0,0,0.30434783,0.30434783,0.39130435,0.13043478,0.47826087,0.39130435,"Nick Dini",18206,664926
"Jaylin Davis","- - -",0.260869565,2.6,0.217391304,0.565217391,0.217391304,0,0,1,0.076923076,0,0,0.39130435,0.47826087,0.13043478,0.13043478,0.47826087,0.39130435,"Jaylin Davis",19552,664041
"Travis d'Arnaud","- - -",0.300911854,1.314516129,0.193820224,0.457865168,0.348314606,0.096774193,0.217741935,11,0.067484662,0,0,0.44382022,0.29213483,0.26404494,0.14325843,0.46629213,0.39044944,"Travis d'Arnaud",7739,518595
"Javier Sanoja","MIA",0.247863247,1.155555555,0.149122807,0.45614035,0.394736842,0.155555555,0.066666666,5,0.096153846,1,0.111111111,0.39837398,0.34146341,0.2601626,0.16260163,0.44715447,0.3902439,"Javier Sanoja",28253,691594
"Tommy Pham","- - -",0.299832495,1.527918781,0.207006369,0.479299363,0.313694267,0.050761421,0.157360406,27,0.089700996,0,0,0.38216561,0.37261146,0.24522293,0.11146497,0.49840764,0.39012739,"Tommy Pham",2967,502054
"Byron Buxton","MIN",0.324175824,0.677248677,0.2075,0.32,0.4725,0.132275132,0.19047619,15,0.1171875,0,0,0.515,0.29,0.195,0.14,0.47,0.39,"Byron Buxton",14161,621439
"Trevor Story","- - -",0.338427947,0.724444444,0.216161616,0.329292929,0.454545454,0.075555555,0.164444444,17,0.104294478,0,0,0.42424242,0.28888889,0.28686869,0.13535354,0.47474747,0.38989899,"Trevor Story",12564,596115
"Brenton Doyle","COL",0.317518248,1.056603773,0.218637992,0.401433691,0.379928315,0.056603773,0.132075471,10,0.089285714,3,0.272727272,0.44482759,0.33103448,0.22413793,0.12068966,0.48965517,0.38965517,"Brenton Doyle",25479,686668
"Carlos Pérez","OAK",0.31081081,0.933333333,0.246753246,0.363636363,0.389610389,0.1,0.1,2,0.071428571,0,0,0.53246753,0.37662338,0.09090909,0.18181818,0.42857143,0.38961039,"Carlos Perez",10642,542208
"Mitch Haniger","- - -",0.290229885,1.158273381,0.2,0.429333333,0.370666666,0.093525179,0.194244604,12,0.074534161,0,0,0.47733333,0.336,0.18666667,0.14933333,0.46133333,0.38933333,"Mitch Haniger",14274,571745
"Mookie Betts","- - -",0.285529715,0.658031088,0.221411192,0.309002433,0.469586374,0.069948186,0.124352331,20,0.078740157,0,0,0.4270073,0.34428224,0.22871046,0.11922141,0.49148418,0.3892944,"Mookie Betts",13611,605141
"Alex Avila","- - -",0.285714285,2.111111111,0.222222222,0.527777777,0.25,0,0.111111111,1,0.052631578,0,0,0.33333333,0.47222222,0.19444444,0.13888889,0.47222222,0.38888889,"Alex Avila",7476,488671
"Yadiel Rivera","- - -",0.333333333,1.8,0.222222222,0.5,0.277777777,0.2,0,1,0.111111111,0,0,0.5,0.33333333,0.16666667,0.33333333,0.27777778,0.38888889,"Yadiel Rivera",11863,592680
"Kevin Cron","ARI",0.176470588,0.333333333,0.333333333,0.166666666,0.5,0.333333333,0.111111111,0,0,0,0,0.5,0.11111111,0.38888889,0.22222222,0.38888889,0.38888889,"Kevin Cron",16211,605196
"Bryce Teodosio","LAA",0.3125,1.333333333,0.176470588,0.470588235,0.352941176,0.5,0.166666666,1,0.125,0,0,0.5,0.33333333,0.16666667,0.22222222,0.38888889,0.38888889,"Bryce Teodosio",29524,669326
"Brady House","WSN",0.314814814,1.785714285,0.277777777,0.462962962,0.259259259,0,0,1,0.04,0,0,0.35185185,0.33333333,0.31481481,0.05555556,0.55555556,0.38888889,"Brady House",29993,691781
"Julio Rodríguez","SEA",0.341708542,1.319444444,0.217798594,0.444964871,0.337236533,0.034722222,0.201388888,13,0.068421052,0,0,0.33021077,0.3911007,0.27868852,0.1264637,0.48477752,0.38875878,"Julio Rodriguez",23697,677594
"Joey Votto","CIN",0.2971246,1.339449541,0.220183486,0.44648318,0.333333333,0.055045871,0.128440366,10,0.06849315,0,0,0.35168196,0.3883792,0.25993884,0.09785933,0.51376147,0.3883792,"Joey Votto",4314,458015
"José Osuna","PIT",0.263157894,1.258064516,0.285714285,0.397959183,0.31632653,0.096774193,0.096774193,2,0.051282051,0,0,0.28571429,0.41836735,0.29591837,0.15306122,0.45918367,0.3877551,"Jose Osuna",12937,591741
"Ian Desmond","COL",0.307692307,1.22,0.229166666,0.423611111,0.347222222,0.12,0.28,4,0.06557377,0,0,0.3862069,0.34482759,0.26896552,0.15172414,0.46206897,0.3862069,"Ian Desmond",6885,435622
"Yasmani Grandal","- - -",0.296529968,0.939393939,0.247058823,0.364705882,0.388235294,0.098484848,0.174242424,5,0.04032258,0,0,0.38304094,0.29824561,0.31871345,0.15497076,0.45906433,0.38596491,"Yasmani Grandal",11368,518735
"Hunter Dozier","KCR",0.318021201,1.008695652,0.224832214,0.389261744,0.38590604,0.078260869,0.130434782,9,0.077586206,0,0,0.41610738,0.35234899,0.23154362,0.13422819,0.47986577,0.38590604,"Hunter Dozier",15117,641531
"Bobby Witt Jr.","KCR",0.334128878,0.804123711,0.199084668,0.356979405,0.443935926,0.067010309,0.097938144,14,0.089743589,1,1,0.39269406,0.34018265,0.26712329,0.12785388,0.48630137,0.38584475,"Bobby Witt Jr.",25764,677951
"Aaron Hicks","- - -",0.326271186,1.364705882,0.192771084,0.465863453,0.341365461,0.105882352,0.152941176,14,0.120689655,0,0,0.38554217,0.3373494,0.27710843,0.20080321,0.41365462,0.38554217,"Aaron Hicks",5297,543305
"Darin Ruf","- - -",0.27983539,0.909090909,0.207547169,0.37735849,0.415094339,0.09090909,0.2,4,0.04,0,0,0.46037736,0.32075472,0.21886792,0.13584906,0.47924528,0.38490566,"Darin Ruf",9929,573131
"Wil Myers","- - -",0.330578512,1.108910891,0.190114068,0.425855513,0.384030418,0.0990099,0.227722772,6,0.053571428,2,1,0.4,0.35471698,0.24528302,0.13962264,0.4754717,0.38490566,"Wil Myers",10047,571976
"Oscar Gonzalez","- - -",0.28,1.659574468,0.198717948,0.5,0.301282051,0.063829787,0.127659574,7,0.089743589,0,0,0.3974359,0.40384615,0.19871795,0.15384615,0.46153846,0.38461538,"Oscar Gonzalez",20970,660757
"Tyler Tolbert","KCR",0.24,0.5,0.28,0.24,0.48,0.083333333,0.083333333,0,0,0,0,0.34615385,0.23076923,0.42307692,0.15384615,0.46153846,0.38461538,"Tyler Tolbert",25779,686475
"Matthew Lugo","LAA",0.416666666,2.333333333,0.23076923,0.538461538,0.23076923,0,0.333333333,1,0.142857142,0,0,0.61538462,0.23076923,0.15384615,0.07692308,0.53846154,0.38461538,"Matthew Lugo",25980,683090
"Mike Brosseau","- - -",0.333333333,0.849056603,0.190082644,0.371900826,0.438016528,0.066037735,0.160377358,11,0.122222222,0,0,0.44214876,0.31404959,0.24380165,0.16942149,0.44628099,0.38429752,"Mike Brosseau",19683,670712
"Nelson Velázquez","- - -",0.261261261,0.74137931,0.158333333,0.358333333,0.483333333,0.068965517,0.155172413,6,0.139534883,0,0,0.475,0.31666667,0.20833333,0.15,0.46666667,0.38333333,"Nelson Velazquez",23359,676369
"Adalberto Mondesi","KCR",0.310975609,1.20289855,0.111111111,0.485380116,0.403508771,0.115942028,0.144927536,7,0.084337349,1,0.25,0.44571429,0.29714286,0.25714286,0.17714286,0.44,0.38285714,"Adalberto Mondesi",13769,609275
"Bryan Holaday","- - -",0.264705882,1.23076923,0.147058823,0.470588235,0.382352941,0.076923076,0,1,0.0625,0,0,0.32352941,0.52941176,0.14705882,0.08823529,0.52941176,0.38235294,"Bryan Holaday",11287,592407
"Welington Castillo","CHW",0.301886792,1.75,0.2,0.509090909,0.29090909,0.25,0.125,0,0,0,0,0.43636364,0.4,0.16363636,0.25454545,0.36363636,0.38181818,"Welington Castillo",3256,456078
"Heliot Ramos","SFG",0.340707964,0.875,0.1875,0.379166666,0.433333333,0.096153846,0.153846153,5,0.054945054,1,0.5,0.35950413,0.38016529,0.26033058,0.17427386,0.4439834,0.38174274,"Heliot Ramos",22515,671218
"Carlos Correa","- - -",0.316949152,1.175675675,0.222222222,0.420289855,0.357487922,0.099099099,0.139639639,20,0.076628352,0,0,0.38325282,0.34782609,0.2689211,0.17391304,0.44444444,0.38164251,"Carlos Correa",14162,621043
"Francisco Alvarez","NYM",0.222222222,1.1875,0.097938144,0.489690721,0.412371134,0.0875,0.175,7,0.07368421,0,0,0.37628866,0.35051546,0.27319588,0.1443299,0.4742268,0.3814433,"Francisco Alvarez",26121,682626
"Trayce Thompson","- - -",0.276315789,0.857142857,0.226190476,0.357142857,0.416666666,0.114285714,0.228571428,2,0.066666666,0,0,0.57142857,0.27380952,0.1547619,0.11904762,0.5,0.38095238,"Trayce Thompson",9952,572204
"Scooter Gennett","- - -",0.19047619,1.25,0.142857142,0.476190476,0.38095238,0,0.125,1,0.1,0,0,0.38095238,0.38095238,0.23809524,0.23809524,0.38095238,0.38095238,"Scooter Gennett",10339,571697
"Austin Dean","- - -",0.311475409,1.8125,0.285714285,0.46031746,0.253968253,0,0.125,1,0.034482758,0,0,0.38095238,0.31746032,0.3015873,0.14285714,0.47619048,0.38095238,"Austin Dean",18288,621573
"Dérmis Garcia","OAK",0.25,2.4,0.19047619,0.571428571,0.238095238,0.4,0.2,1,0.083333333,0,0,0.61904762,0.23809524,0.14285714,0.19047619,0.42857143,0.38095238,"Dermis Garcia",20926,660650
"Robinson Chirinos","- - -",0.319727891,1.034482758,0.233766233,0.389610389,0.376623376,0.103448275,0.137931034,5,0.083333333,0,0,0.51612903,0.32903226,0.15483871,0.15483871,0.46451613,0.38064516,"Robinson Chirinos",3142,455139
"Anthony Santander","- - -",0.298342541,0.927710843,0.180887372,0.394197952,0.424914675,0.088353413,0.172690763,9,0.038961038,0,0,0.43003413,0.34300341,0.22696246,0.16723549,0.45221843,0.38054608,"Anthony Santander",14551,623993
"Luis Torrens","- - -",0.287878787,1.252525252,0.200716845,0.444444444,0.354838709,0.131313131,0.151515151,4,0.032258064,0,0,0.34408602,0.38351254,0.27240143,0.15053763,0.46953405,0.37992832,"Luis Torrens",15905,620443
"Diego Castillo","- - -",0.262626262,0.847826086,0.212962962,0.361111111,0.425925925,0.086956521,0.195652173,4,0.102564102,0,0,0.42592593,0.35185185,0.22222222,0.16666667,0.4537037,0.37962963,"Diego Castillo",19906,660636
"Christian Walker","- - -",0.292880258,0.919708029,0.195718654,0.3853211,0.418960244,0.109489051,0.131386861,10,0.039682539,0,0,0.43272171,0.32110092,0.24617737,0.16513761,0.45565749,0.37920489,"Christian Walker",13419,572233
"Josh Phegley","- - -",0.247191011,0.897435897,0.221052631,0.368421052,0.410526315,0.128205128,0.153846153,4,0.114285714,0,0,0.48421053,0.35789474,0.15789474,0.18947368,0.43157895,0.37894737,"Josh Phegley",9308,572033
"Max Stassi","- - -",0.209944751,1.415384615,0.169312169,0.486772486,0.343915343,0.138461538,0.123076923,3,0.032608695,0,0,0.48947368,0.35263158,0.15789474,0.13684211,0.48421053,0.37894737,"Max Stassi",10059,545358
"Willy Adames","- - -",0.270967741,0.678233438,0.193939393,0.325757575,0.48030303,0.104100946,0.129337539,14,0.065116279,0,0,0.39969834,0.33634992,0.26395173,0.15233786,0.46907994,0.3785822,"Willy Adames",15986,642715
"Wenceel Pérez","DET",0.298507462,0.879310344,0.221428571,0.364285714,0.414285714,0.103448275,0.103448275,4,0.078431372,0,0,0.35,0.4,0.25,0.11428571,0.50714286,0.37857143,"Wenceel Perez",22857,672761
"Austin Nola","- - -",0.286163522,0.891304347,0.201834862,0.376146788,0.422018348,0.086956521,0.065217391,6,0.048780487,0,0,0.41158537,0.35670732,0.23170732,0.16768293,0.45426829,0.37804878,"Austin Nola",15941,543592
"Kyle Farmer","- - -",0.312992125,0.966824644,0.227188081,0.379888268,0.392923649,0.08056872,0.137440758,12,0.058823529,0,0,0.4301676,0.34078212,0.22905028,0.1396648,0.48230912,0.37802607,"Kyle Farmer",14813,571657
"Shin-Soo Choo","TEX",0.286764705,2.4,0.16197183,0.591549295,0.246478873,0.028571428,0.2,4,0.047619047,1,1,0.41258741,0.31468531,0.27272727,0.11188811,0.51048951,0.37762238,"Shin-Soo Choo",3174,425783
"J.D. Davis","- - -",0.326732673,1.563909774,0.205128205,0.484848484,0.31002331,0.067669172,0.187969924,15,0.072115384,0,0,0.41958042,0.35664336,0.22377622,0.11188811,0.51048951,0.37762238,"J.D. Davis",16219,605204
"Carson Kelly","- - -",0.292682926,0.834254143,0.240274599,0.345537757,0.414187643,0.099447513,0.14917127,6,0.039735099,0,0,0.41418764,0.32036613,0.26544622,0.1624714,0.45995423,0.37757437,"Carson Kelly",13620,608348
"Mike Trout","LAA",0.329446064,0.936619718,0.258760107,0.358490566,0.382749326,0.070422535,0.197183098,18,0.135338345,0,0,0.43126685,0.3180593,0.25067385,0.12668464,0.49595687,0.37735849,"Mike Trout",10155,545361
"Dylan Crews","WSN",0.25609756,1.448275862,0.164705882,0.494117647,0.34117647,0.137931034,0.103448275,2,0.047619047,0,0,0.41176471,0.31764706,0.27058824,0.16470588,0.45882353,0.37647059,"Dylan Crews",33541,686611
"Dansby Swanson","- - -",0.328646748,1.148837209,0.232558139,0.410299003,0.357142857,0.055813953,0.162790697,29,0.117408906,0,0,0.43874172,0.34933775,0.21192053,0.11092715,0.51324503,0.37582781,"Dansby Swanson",18314,621020
"Jeff Samardzija","SFG",0.142857142,4,0.166666666,0.666666666,0.166666666,0,0,0,0,0,0,0.5,0.125,0.375,0,0.625,0.375,"Jeff Samardzija",3254,502188
"Erik Kratz","- - -",0.375,0.571428571,0.3125,0.25,0.4375,0.285714285,0,0,0,0,0,0.375,0.25,0.375,0.1875,0.4375,0.375,"Erik Kratz",4403,456124
"Martín Maldonado","- - -",0.275229357,0.904761904,0.202279202,0.378917378,0.418803418,0.061224489,0.183673469,4,0.030075187,0,0,0.45,0.33888889,0.21111111,0.13333333,0.49166667,0.375,"Martin Maldonado",6887,455117
"Chase Anderson","- - -",0.25,2,0,0.666666666,0.333333333,0,0,1,0.25,1,0.5,0.5,0.5,0,0.125,0.5,0.375,"Chase Anderson",6895,502624
"Tim Federowicz","TEX",0.238095238,2,0.428571428,0.38095238,0.19047619,0,0,0,0,0,0,0.45833333,0.41666667,0.125,0.08333333,0.54166667,0.375,"Tim Federowicz",8609,543148
"Chris Herrmann","OAK",0.25,1.666666666,0,0.625,0.375,0.666666666,0,2,0.4,0,0,0.125,0.375,0.5,0.25,0.375,0.375,"Chris Herrmann",9284,543302
"Peter O'Brien","MIA",0.125,2,0.25,0.5,0.25,0.5,0,0,0,0,0,0.5,0.375,0.125,0.125,0.5,0.375,"Peter O'Brien",13288,598284
"Nick Williams","PHI",0.25,2.5,0.125,0.625,0.25,0,0,0,0,0,0,0.75,0.125,0.125,0.25,0.375,0.375,"Nick Williams",14330,608384
"Hoy Park","PIT",0.3,0.75,0.045454545,0.409090909,0.545454545,0.166666666,0.166666666,2,0.222222222,0,0,0.33333333,0.41666667,0.25,0.20833333,0.41666667,0.375,"Hoy Park",18027,660829
"Mark Contreras","MIN",0.125,1.333333333,0.125,0.5,0.375,0,0,0,0,0,0,0.25,0.625,0.125,0.125,0.5,0.375,"Mark Contreras",20122,676628
"Luken Baker","STL",0.333333333,0.869565217,0.232142857,0.357142857,0.410714285,0.086956521,0.086956521,3,0.15,0,0,0.41071429,0.33928571,0.25,0.10714286,0.51785714,0.375,"Luken Baker",21497,663609
"Ryan Noda","- - -",0.244897959,1.35,0.145454545,0.49090909,0.363636363,0.15,0.3,1,0.037037037,0,0,0.5,0.32142857,0.17857143,0.14285714,0.48214286,0.375,"Ryan Noda",23312,676116
"Bryce Harper","PHI",0.340782122,1.30859375,0.220316622,0.441952506,0.33773087,0.05078125,0.20703125,20,0.059701492,7,0.5,0.38601036,0.36787565,0.24611399,0.13860104,0.48704663,0.37435233,"Bryce Harper",11579,547180
"Anthony Rendon","- - -",0.272131147,0.785714285,0.233128834,0.337423312,0.429447852,0.078571428,0.15,8,0.072727272,0,0,0.47239264,0.35582822,0.17177914,0.15337423,0.47239264,0.37423313,"Anthony Rendon",12861,543685
"Matt Carpenter","- - -",0.286885245,0.818181818,0.21875,0.3515625,0.4296875,0.018181818,0.145454545,0,0,1,0.333333333,0.48854962,0.32061069,0.19083969,0.09923664,0.52671756,0.3740458,"Matt Carpenter",8090,572761
"Jake Burger","- - -",0.272425249,0.793548387,0.155015197,0.373860182,0.47112462,0.103225806,0.180645161,9,0.073170731,0,0,0.44680851,0.32218845,0.23100304,0.1550152,0.47112462,0.37386018,"Jake Burger",22275,669394
"Nick Castellanos","- - -",0.33681073,1.01090909,0.228730822,0.387726638,0.383542538,0.04,0.167272727,29,0.104316546,0,0,0.42538354,0.33193863,0.24267782,0.11436541,0.51185495,0.37377964,"Nick Castellanos",11737,592206
"Blaze Alexander","ARI",0.376344086,1.242424242,0.237113402,0.422680412,0.340206185,0.03030303,0.121212121,2,0.048780487,0,0,0.38383838,0.36363636,0.25252525,0.1010101,0.52525253,0.37373737,"Blaze Alexander",23789,677942
"Rougned Odor","- - -",0.252873563,0.783333333,0.195488721,0.353383458,0.451127819,0.175,0.158333333,4,0.042553191,5,0.333333333,0.50177936,0.31316726,0.18505338,0.19217082,0.4341637,0.37366548,"Rougned Odor",12282,596059
"Kevin Pillar","- - -",0.296296296,0.843601895,0.234251968,0.3503937,0.41535433,0.118483412,0.132701421,15,0.084269662,2,0.333333333,0.49805447,0.30544747,0.19649805,0.18677043,0.43968872,0.37354086,"Kevin Pillar",12434,607680
"Seiya Suzuki","CHC",0.308290155,0.81871345,0.235872235,0.343980343,0.42014742,0.046783625,0.122807017,10,0.071428571,0,0,0.35380835,0.36117936,0.28501229,0.12530713,0.5012285,0.37346437,"Seiya Suzuki",30116,673548
"Trea Turner","- - -",0.341340075,1.071875,0.209773539,0.408820023,0.381406436,0.078125,0.15,35,0.102040816,0,0,0.42550656,0.34564958,0.22884386,0.12753278,0.49940405,0.37306317,"Trea Turner",16252,607208
"Adam Jones","ARI",0.303278688,1.083333333,0.2,0.416,0.384,0.083333333,0.083333333,6,0.115384615,1,1,0.46825397,0.34126984,0.19047619,0.1031746,0.52380952,0.37301587,"Adam Jones",6368,430945
"Rowdy Tellez","- - -",0.292857142,1.346153846,0.172881355,0.474576271,0.352542372,0.125,0.144230769,11,0.078571428,0,0,0.37966102,0.43389831,0.18644068,0.21694915,0.41016949,0.37288136,"Rowdy Tellez",15679,642133
"Carlos Santana","- - -",0.290789473,1.554263565,0.178304239,0.5,0.32169576,0.120155038,0.166666666,27,0.06733167,0,0,0.44763092,0.35037406,0.20199501,0.18703242,0.44014963,0.37281796,"Carlos Santana",2396,467793
"Travis Demeritte","- - -",0.431372549,0.944444444,0.31372549,0.333333333,0.352941176,0.055555555,0,1,0.058823529,0,0,0.35294118,0.39215686,0.25490196,0.11764706,0.50980392,0.37254902,"Travis Demeritte",15958,641513
"Mike Ford","- - -",0.259740259,0.731707317,0.174418604,0.348837209,0.476744186,0.170731707,0.219512195,2,0.066666666,0,0,0.41860465,0.43023256,0.15116279,0.20930233,0.41860465,0.37209302,"Mike Ford",15585,645801
"Kris Bryant","- - -",0.304487179,0.74834437,0.214285714,0.336309523,0.449404761,0.046357615,0.158940397,8,0.07079646,0,0,0.43154762,0.36309524,0.20535714,0.16369048,0.46428571,0.37202381,"Kris Bryant",15429,592178
"Austin Meadows","- - -",0.288732394,0.638888888,0.202702702,0.31081081,0.486486486,0.097222222,0.083333333,6,0.065217391,0,0,0.39527027,0.38513514,0.21959459,0.17905405,0.44932432,0.37162162,"Austin Meadows",15672,640457
"Jonah Heim","- - -",0.2825,1.080246913,0.195704057,0.417661097,0.386634844,0.129629629,0.11728395,12,0.068571428,0,0,0.42380952,0.36428571,0.21190476,0.14047619,0.48809524,0.37142857,"Jonah Heim",16930,641680
"Dexter Fowler","- - -",0.247311827,1.533333333,0.216494845,0.474226804,0.30927835,0,0.133333333,4,0.086956521,0,0,0.29896907,0.45360825,0.24742268,0.20618557,0.42268041,0.37113402,"Dexter Fowler",4062,451594
"Orlando Arcia","- - -",0.271356783,1.278911564,0.190821256,0.45410628,0.355072463,0.115646258,0.115646258,11,0.058510638,0,0,0.41927711,0.3686747,0.21204819,0.17349398,0.45542169,0.37108434,"Orlando Arcia",13185,606115
"Guillermo Heredia","- - -",0.32596685,1.03076923,0.29032258,0.360215053,0.349462365,0.107692307,0.076923076,5,0.074626865,0,0,0.44086022,0.32258065,0.23655914,0.17741935,0.4516129,0.37096774,"Guillermo Heredia",18721,628338
"Matt Olson","- - -",0.284793814,0.909340659,0.175563463,0.392645314,0.431791221,0.118131868,0.189560439,10,0.03021148,2,1,0.39526627,0.37514793,0.2295858,0.1739645,0.4556213,0.3704142,"Matt Olson",14344,621566
"Pablo Sandoval","- - -",0.38095238,1.066666666,0.311111111,0.355555555,0.333333333,0.133333333,0.2,0,0,0,0,0.30434783,0.5,0.19565217,0.26086957,0.36956522,0.36956522,"Pablo Sandoval",5409,467055
"Bobby Bradley","CLE",0.219512195,1.4,0.217391304,0.456521739,0.326086956,0.066666666,0.333333333,0,0,0,0,0.32608696,0.45652174,0.2173913,0.19565217,0.43478261,0.36956522,"Bobby Bradley",17278,656252
"Jordan Luplow","- - -",0.252830188,0.705479452,0.155932203,0.349152542,0.494915254,0.130136986,0.205479452,8,0.077669902,0,0,0.48813559,0.2779661,0.23389831,0.16271186,0.46779661,0.36949153,"Jordan Luplow",16424,656669
"Elehuris Montero","COL",0.295302013,1.155172413,0.203821656,0.426751592,0.369426751,0.051724137,0.137931034,5,0.074626865,0,0,0.43949045,0.31210191,0.24840764,0.19745223,0.43312102,0.36942675,"Elehuris Montero",20543,660707
"Kyle Stowers","- - -",0.287128712,1.617647058,0.13592233,0.533980582,0.330097087,0.176470588,0.058823529,4,0.072727272,0,0,0.37864078,0.34951456,0.27184466,0.18446602,0.44660194,0.36893204,"Kyle Stowers",26151,669065
"Jorge Barrosa","ARI",0.189189189,0.823529411,0.138888888,0.388888888,0.472222222,0,0.058823529,0,0,1,0.5,0.63157895,0.21052632,0.15789474,0.05263158,0.57894737,0.36842105,"Jorge Barrosa",23968,678489
"Nick Sogard","BOS",0.447368421,1.166666666,0.315789473,0.368421052,0.315789473,0,0,1,0.071428571,0,0,0.42105263,0.36842105,0.21052632,0.05263158,0.57894737,0.36842105,"Nick Sogard",25483,686765
"Shay Whitcomb","HOU",0.055555555,0.666666666,0.210526315,0.315789473,0.47368421,0.111111111,0.111111111,0,0,0,0,0.57894737,0.26315789,0.15789474,0.10526316,0.52631579,0.36842105,"Shay Whitcomb",27789,694376
"James Wood","WSN",0.348837209,2.25,0.201754385,0.552631578,0.245614035,0,0.232142857,9,0.071428571,0,0,0.25877193,0.39912281,0.34210526,0.13596491,0.49561404,0.36842105,"James Wood",29518,695578
"Kyle Tucker","- - -",0.264397905,0.781818181,0.162393162,0.367521367,0.47008547,0.075324675,0.145454545,11,0.03654485,1,1,0.39634146,0.36341463,0.2402439,0.12439024,0.50731707,0.36829268,"Kyle Tucker",18345,663656
"Wyatt Langford","TEX",0.298013245,0.75,0.226993865,0.331288343,0.441717791,0.055555555,0.166666666,4,0.074074074,0,0,0.42944785,0.3190184,0.25153374,0.09202454,0.5398773,0.36809816,"Wyatt Langford",33333,694671
"Spencer Torkelson","DET",0.252873563,0.584615384,0.176,0.304,0.52,0.112820512,0.138461538,10,0.087719298,0,0,0.488,0.29333333,0.21866667,0.14933333,0.48266667,0.368,"Spencer Torkelson",27465,679529
"Hunter Renfroe","- - -",0.262042389,0.82421875,0.170515097,0.374777975,0.454706927,0.13671875,0.171875,14,0.06635071,0,0,0.44227353,0.34991119,0.20781528,0.1687389,0.46358792,0.36767318,"Hunter Renfroe",15464,592669
"Manny Machado","SDP",0.28041543,0.850609756,0.174149659,0.379591836,0.446258503,0.112804878,0.185975609,26,0.093189964,0,0,0.40952381,0.33333333,0.25714286,0.14693878,0.48571429,0.36734694,"Manny Machado",11493,592518
"Brandon Dixon","- - -",0.308510638,1.184210526,0.153061224,0.459183673,0.387755102,0.184210526,0.105263157,3,0.066666666,0,0,0.41836735,0.30612245,0.2755102,0.18367347,0.44897959,0.36734694,"Brandon Dixon",15214,641525
"Trey Sweeney","DET",0.354166666,1.666666666,0.183673469,0.510204081,0.306122448,0.133333333,0.066666666,1,0.04,0,0,0.26530612,0.67346939,0.06122449,0.10204082,0.53061224,0.36734694,"Trey Sweeney",29575,700242
"Vladimir Guerrero Jr.","TOR",0.284375,1.75,0.18879056,0.516224188,0.29498525,0.09,0.19,13,0.037142857,0,0,0.36135693,0.40855457,0.2300885,0.14454277,0.48820059,0.36725664,"Vladimir Guerrero Jr.",19611,665489
"Brad Miller","- - -",0.222222222,1.064516129,0.168831168,0.428571428,0.402597402,0.129032258,0.225806451,4,0.121212121,0,0,0.35443038,0.37974684,0.26582278,0.24050633,0.39240506,0.36708861,"Brad Miller",12775,543543
"José Abreu","- - -",0.310344827,1.236559139,0.213610586,0.434782608,0.351606805,0.05376344,0.193548387,11,0.047826086,0,0,0.40075614,0.35160681,0.24763705,0.12476371,0.50850662,0.36672968,"Jose Abreu",15676,547989
"Cooper Hummel","- - -",0.174418604,1.846153846,0.177777777,0.533333333,0.288888888,0.038461538,0.153846153,3,0.0625,0,0,0.45555556,0.38888889,0.15555556,0.21111111,0.42222222,0.36666667,"Cooper Hummel",19458,669450
"Nick Senzel","- - -",0.292753623,1.229007633,0.191135734,0.445983379,0.362880886,0.091603053,0.129770992,15,0.093167701,0,0,0.37190083,0.38292011,0.24517906,0.14600551,0.48760331,0.36639118,"Nick Senzel",19293,669222
"Pete Alonso","NYM",0.248097412,0.804216867,0.181693989,0.364754098,0.453551912,0.102409638,0.225903614,21,0.078651685,0,0,0.43032787,0.32513661,0.24453552,0.16666667,0.46721311,0.36612022,"Pete Alonso",19251,624413
"Russell Martin","LAD",0.236842105,2,0.121951219,0.585365853,0.292682926,0.166666666,0.25,2,0.083333333,0,0,0.6097561,0.2195122,0.17073171,0.19512195,0.43902439,0.36585366,"Russell Martin",4616,431145
"Matt McLain","CIN",0.345588235,0.813559322,0.246478873,0.338028169,0.415492957,0.06779661,0.152542372,8,0.166666666,1,0.333333333,0.31724138,0.35862069,0.32413793,0.11724138,0.51724138,0.36551724,"Matt McLain",29695,680574
"Chas McCormick","HOU",0.339041095,0.776119402,0.227272727,0.337662337,0.435064935,0.029850746,0.156716417,9,0.086538461,3,0.428571428,0.39365079,0.35555556,0.25079365,0.1047619,0.53015873,0.36507937,"Chas McCormick",19599,676801
"Alex Gordon","KCR",0.284722222,1.533333333,0.219178082,0.472602739,0.308219178,0.044444444,0.066666666,3,0.04347826,1,0.5,0.35810811,0.37162162,0.27027027,0.2027027,0.43243243,0.36486486,"Alex Gordon",5209,460086
"José Ramírez","CLE",0.278260869,0.744635193,0.173780487,0.352642276,0.473577235,0.141630901,0.137339055,41,0.118155619,0,0,0.49593496,0.30182927,0.20223577,0.18292683,0.45223577,0.3648374,"Jose Ramirez",13510,608070
"Yan Gomes","- - -",0.28488372,0.903448275,0.247956403,0.356948228,0.395095367,0.075862068,0.158620689,4,0.030534351,0,0,0.375,0.39130435,0.23369565,0.13043478,0.50543478,0.36413043,"Yan Gomes",9627,543228
"Lorenzo Cain","MIL",0.244343891,1.52173913,0.236842105,0.460526315,0.302631578,0.173913043,0.101449275,4,0.038095238,0,0,0.37280702,0.36842105,0.25877193,0.14912281,0.48684211,0.36403509,"Lorenzo Cain",9077,456715
"Dylan Moore","- - -",0.276018099,0.629787234,0.17987152,0.316916488,0.503211991,0.110638297,0.119148936,8,0.054054054,0,0,0.40638298,0.33829787,0.25531915,0.17234043,0.46382979,0.36382979,"Dylan Moore",18042,664238
"Matt Joyce","- - -",0.25,1.181818181,0.272727272,0.393939393,0.333333333,0.181818181,0.09090909,0,0,0,0,0.57575758,0.21212121,0.21212121,0.24242424,0.39393939,0.36363636,"Matt Joyce",3353,459964
"Matt Kemp","- - -",0.390243902,1.357142857,0.25,0.431818181,0.318181818,0.071428571,0.214285714,1,0.052631578,0,0,0.47727273,0.31818182,0.20454545,0.13636364,0.5,0.36363636,"Matt Kemp",5631,461314
"Kevan Smith","- - -",0.302325581,1.64,0.25,0.46590909,0.284090909,0.08,0.08,1,0.024390243,0,0,0.375,0.35227273,0.27272727,0.15909091,0.47727273,0.36363636,"Kevan Smith",12284,607345
"Franklin Barreto","- - -",0.15,1.1,0.045454545,0.5,0.454545454,0.3,0.2,0,0,0,0,0.45454545,0.22727273,0.31818182,0.13636364,0.5,0.36363636,"Franklin Barreto",15519,620439
"Chadwick Tromp","- - -",0.357142857,1.461538461,0.272727272,0.431818181,0.295454545,0,0.153846153,1,0.052631578,0,0,0.45454545,0.38636364,0.15909091,0.06818182,0.56818182,0.36363636,"Chadwick Tromp",16953,644433
"Wil Crowe","PIT",0,3,0.2,0.6,0.2,0.5,0,0,0,0,0,0.18181818,0.54545455,0.27272727,0.36363636,0.27272727,0.36363636,"Wil Crowe",19800,640444
"Jacob Amaya","- - -",0.242424242,1.272727272,0.242424242,0.424242424,0.333333333,0.09090909,0,2,0.142857142,0,0,0.39393939,0.27272727,0.33333333,0.18181818,0.45454545,0.36363636,"Jacob Amaya",23296,676070
"Dalton Rushing","LAD",0.272727272,0.888888888,0.227272727,0.363636363,0.409090909,0.222222222,0,0,0,0,0,0.54545455,0.27272727,0.18181818,0.18181818,0.45454545,0.36363636,"Dalton Rushing",31382,687221
"Miguel Cabrera","DET",0.367952522,1.726315789,0.253602305,0.472622478,0.273775216,0.052631578,0.105263157,6,0.036585365,0,0,0.36887608,0.34293948,0.28818444,0.10662824,0.53025937,0.36311239,"Miguel Cabrera",1744,408234
"Salvador Perez","KCR",0.290384615,0.801619433,0.208185053,0.352313167,0.439501779,0.076923076,0.170040485,6,0.03030303,0,0,0.45551601,0.33985765,0.20462633,0.15836299,0.47864769,0.36298932,"Salvador Perez",7304,521692
"Xander Bogaerts","- - -",0.33877551,1.345864661,0.188556566,0.465539661,0.345903771,0.04887218,0.127819548,41,0.114525139,0,0,0.42522757,0.3289987,0.24577373,0.13784135,0.4993498,0.36280884,"Xander Bogaerts",12161,593428
"Tyler Soderstrom","OAK",0.336065573,1.348837209,0.204724409,0.456692913,0.338582677,0.023255813,0.116279069,5,0.086206896,0,0,0.33858268,0.36220472,0.2992126,0.18110236,0.45669291,0.36220472,"Tyler Soderstrom",27467,691016
"Marcell Ozuna","- - -",0.296774193,1.079787234,0.218,0.406,0.376,0.079787234,0.191489361,7,0.034482758,0,0,0.444,0.33,0.226,0.132,0.506,0.362,"Marcell Ozuna",10324,542303
"Sean Murphy","- - -",0.261235955,1.019736842,0.202597402,0.402597402,0.394805194,0.065789473,0.190789473,7,0.04516129,0,0,0.46493506,0.34025974,0.19480519,0.14545455,0.49350649,0.36103896,"Sean Murphy",19352,669221
"Andrew Vaughn","- - -",0.308467741,1,0.176015473,0.411992263,0.411992263,0.061032863,0.098591549,12,0.056338028,0,0,0.36679537,0.35328185,0.27992278,0.1042471,0.53474903,0.36100386,"Andrew Vaughn",26197,683734
"Jacob Stallings","- - -",0.273291925,1.217741935,0.181547619,0.449404761,0.369047619,0.008064516,0.112903225,3,0.019867549,0,0,0.41420118,0.33136095,0.25443787,0.12130178,0.51775148,0.36094675,"Jacob Stallings",13723,607732
"Randy Arozarena","- - -",0.321626617,1.004115226,0.164665523,0.418524871,0.416809605,0.12345679,0.181069958,27,0.110655737,1,0.5,0.42905983,0.34017094,0.23076923,0.18461538,0.45470085,0.36068376,"Randy Arozarena",19290,668227
"Tommy Edman","- - -",0.28975265,1.199095022,0.187290969,0.443143812,0.369565217,0.099547511,0.153846153,21,0.079245283,1,0.25,0.45348837,0.32225914,0.22425249,0.16445183,0.47508306,0.36046512,"Tommy Edman",19470,669242
"Andy Ibáñez","- - -",0.310945273,0.731958762,0.198090692,0.338902147,0.463007159,0.103092783,0.087628865,10,0.070422535,0,0,0.37470167,0.37947494,0.24582339,0.150358,0.48926014,0.36038186,"Andy Ibanez",18819,628451
"Eduardo Escobar","- - -",0.298245614,0.787755102,0.199268738,0.352833638,0.447897623,0.061224489,0.13877551,19,0.098445595,0,0,0.46617916,0.33820841,0.19561243,0.14259598,0.49725777,0.36014625,"Eduardo Escobar",6153,500871
"Shea Langeliers","OAK",0.289855072,1,0.226666666,0.386666666,0.386666666,0.120689655,0.206896551,10,0.086206896,0,0,0.45,0.35333333,0.19666667,0.14666667,0.49333333,0.36,"Shea Langeliers",25816,669127
"Juan Soto","- - -",0.286368843,1.328220858,0.180345572,0.467602591,0.352051835,0.107361963,0.184049079,26,0.060046189,5,0.625,0.40899358,0.36616702,0.2248394,0.16916488,0.47109208,0.35974304,"Juan Soto",20123,665742
"Enrique Hernández","- - -",0.254545454,0.876666666,0.193409742,0.37679083,0.429799426,0.073333333,0.126666666,11,0.041825095,0,0,0.40544413,0.34383954,0.25071633,0.14756447,0.49283668,0.35959885,"Enrique Hernandez",10472,571771
"Carlos Narváez","- - -",0.294117647,1.310344827,0.247191011,0.426966292,0.325842696,0.068965517,0.137931034,2,0.052631578,0,0,0.33707865,0.35955056,0.30337079,0.1011236,0.53932584,0.35955056,"Carlos Narvaez",19722,665966
"Tyrone Taylor","- - -",0.291316526,0.867088607,0.202702702,0.37027027,0.427027027,0.126582278,0.094936708,13,0.09489051,1,0.333333333,0.44235925,0.35120643,0.20643432,0.15281501,0.48793566,0.35924933,"Tyrone Taylor",13675,621438
"Ryan McMahon","- - -",0.299509001,1.61025641,0.188197767,0.500797448,0.311004784,0.061538461,0.169230769,14,0.044585987,9,0.5,0.3503876,0.36124031,0.28837209,0.14396285,0.49690402,0.35913313,"Ryan McMahon",15112,641857
"Adolis García","TEX",0.280392156,0.892116182,0.167883211,0.392335766,0.439781021,0.116182572,0.161825726,18,0.08372093,1,1,0.46630237,0.30965392,0.22404372,0.14936248,0.49180328,0.35883424,"Adolis Garcia",19287,666969
"Brandon Drury","- - -",0.304,1.257352941,0.230576441,0.428571428,0.34085213,0.102941176,0.176470588,7,0.040935672,0,0,0.45864662,0.30576441,0.23558897,0.18796992,0.45363409,0.35839599,"Brandon Drury",11615,592273
"Madison Bumgarner","- - -",0.166666666,0.375,0.153846153,0.23076923,0.615384615,0.25,0.125,0,0,0,0,0.71428571,0.07142857,0.21428571,0.28571429,0.35714286,0.35714286,"Madison Bumgarner",5524,518516
"Michael Hermosillo","- - -",0.259259259,0.909090909,0.222222222,0.37037037,0.407407407,0.181818181,0.09090909,1,0.1,0,0,0.46428571,0.32142857,0.21428571,0.14285714,0.5,0.35714286,"Michael Hermosillo",16285,641684
"Michael Toglia","COL",0.267759562,0.816091954,0.193877551,0.362244897,0.443877551,0.103448275,0.149425287,4,0.056338028,0,0,0.43877551,0.34693878,0.21428571,0.14795918,0.49489796,0.35714286,"Michael Toglia",25845,669911
"Alejandro Kirk","TOR",0.289340101,1.413043478,0.18581907,0.476772616,0.337408312,0.123188405,0.108695652,14,0.071794871,0,0,0.38875306,0.28117359,0.33007335,0.14914425,0.49388753,0.35696822,"Alejandro Kirk",22581,672386
"Daz Cameron","- - -",0.302752293,0.788461538,0.191304347,0.356521739,0.452173913,0.096153846,0.115384615,3,0.073170731,0,0,0.29565217,0.45217391,0.25217391,0.10434783,0.53913043,0.35652174,"Daz Cameron",18353,663662
"Jay Bruce","- - -",0.19402985,0.538461538,0.166666666,0.291666666,0.541666666,0.051282051,0.153846153,0,0,0,0,0.42465753,0.31506849,0.26027397,0.23287671,0.4109589,0.35616438,"Jay Bruce",9892,457803
"Jesús Aguilar","- - -",0.286604361,0.835616438,0.211764705,0.358823529,0.429411764,0.116438356,0.130136986,4,0.032786885,0,0,0.42058824,0.35588235,0.22352941,0.18235294,0.46176471,0.35588235,"Jesus Aguilar",11342,542583
"Renato Núñez","- - -",0.269230769,0.670212765,0.203045685,0.319796954,0.47715736,0.159574468,0.159574468,3,0.047619047,0,0,0.42639594,0.29949239,0.27411168,0.2284264,0.41624365,0.35532995,"Renato Nunez",14503,600524
"Dairon Blanco","KCR",0.388888888,0.766666666,0.184615384,0.353846153,0.461538461,0.066666666,0.133333333,4,0.173913043,8,0.727272727,0.22368421,0.44736842,0.32894737,0.11842105,0.52631579,0.35526316,"Dairon Blanco",19779,680118
"Michael A. Taylor","- - -",0.320987654,0.958083832,0.225118483,0.379146919,0.395734597,0.071856287,0.16766467,15,0.09375,6,0.333333333,0.44545455,0.33863636,0.21590909,0.13636364,0.50909091,0.35454545,"Michael A. Taylor",11489,572191
"Will Smith","LAD",0.277777777,0.632575757,0.195895522,0.311567164,0.492537313,0.056818181,0.125,12,0.071856287,0,0,0.37313433,0.35261194,0.27425373,0.1119403,0.53358209,0.35447761,"Will Smith",19197,669257
"Andrew McCutchen","- - -",0.295575221,0.941422594,0.231788079,0.372516556,0.395695364,0.129707112,0.163179916,19,0.084444444,0,0,0.5115894,0.31953642,0.16887417,0.14900662,0.49668874,0.35430464,"Andrew McCutchen",9847,457705
"Ryan Zimmerman","WSN",0.394230769,1.394736842,0.194690265,0.469026548,0.336283185,0.078947368,0.236842105,2,0.037735849,0,0,0.46902655,0.30973451,0.22123894,0.17699115,0.46902655,0.3539823,"Ryan Zimmerman",4220,475582
"Nick Gonzales","PIT",0.316770186,1.129032258,0.209580838,0.419161676,0.371257485,0.080645161,0.096774193,4,0.057142857,0,0,0.46107784,0.33532934,0.20359281,0.13772455,0.50898204,0.35329341,"Nick Gonzales",27490,693304
"Bo Bichette","TOR",0.328600405,1.532051282,0.240384615,0.459615384,0.3,0.044871794,0.185897435,12,0.050209205,1,1,0.32821497,0.33205374,0.33973129,0.12859885,0.51823417,0.35316699,"Bo Bichette",19612,666182
"Cal Raleigh","SEA",0.245664739,0.525581395,0.154639175,0.291237113,0.554123711,0.148837209,0.195348837,8,0.07079646,0,0,0.50773196,0.30154639,0.19072165,0.19845361,0.44845361,0.35309278,"Cal Raleigh",21534,663728
"Michael Brantley","HOU",0.287153652,1.943925233,0.218362282,0.516129032,0.265508684,0.056074766,0.06542056,6,0.028846153,1,0.5,0.36790123,0.38271605,0.24938272,0.14814815,0.49876543,0.35308642,"Michael Brantley",4106,488726
"Mike Zunino","- - -",0.278787878,0.461538461,0.187165775,0.256684491,0.556149732,0.192307692,0.211538461,4,0.083333333,0,0,0.51871658,0.28342246,0.19786096,0.21390374,0.43315508,0.35294118,"Mike Zunino",13265,572287
"Addison Russell","CHC",0.25,1.133333333,0.058823529,0.5,0.44117647,0,0.133333333,2,0.117647058,0,0,0.35294118,0.29411765,0.35294118,0.14705882,0.5,0.35294118,"Addison Russell",14106,608365
"Yoshi Tsutsugo","- - -",0.319587628,1.236842105,0.166666666,0.460784313,0.372549019,0.026315789,0.131578947,3,0.063829787,0,0,0.33333333,0.33333333,0.33333333,0.10784314,0.53921569,0.35294118,"Yoshi Tsutsugo",27459,660294
"Niko Goodrum","- - -",0.404761904,2.022727272,0.231213872,0.514450867,0.25433526,0,0.113636363,7,0.078651685,0,0,0.33526012,0.41618497,0.24855491,0.10982659,0.53757225,0.35260116,"Niko Goodrum",12092,592348
"Alex Bregman","- - -",0.266747868,0.758354755,0.209248554,0.341040462,0.449710982,0.133676092,0.113110539,15,0.050847457,0,0,0.46705202,0.33988439,0.19306358,0.1699422,0.47745665,0.35260116,"Alex Bregman",17678,608324
"Lourdes Gurriel Jr.","- - -",0.329835082,1.136,0.238231098,0.40513552,0.35663338,0.08,0.14,21,0.073943661,1,1,0.39173789,0.33475783,0.27350427,0.13960114,0.50854701,0.35185185,"Lourdes Gurriel Jr.",19238,666971
"Gabriel Moreno","- - -",0.366935483,1.626666666,0.221343873,0.482213438,0.296442687,0.106666666,0.066666666,11,0.090163934,0,0,0.32411067,0.39920949,0.27667984,0.11067194,0.53754941,0.35177866,"Gabriel Moreno",22664,672515
"Ryan Mountcastle","BAL",0.328155339,1.096938775,0.25136612,0.391621129,0.35701275,0.056122448,0.173469387,11,0.05116279,0,0,0.3442623,0.38069217,0.27504554,0.14025501,0.50819672,0.35154827,"Ryan Mountcastle",18373,663624
"Joey Meneses","WSN",0.330708661,1.445783132,0.225190839,0.458015267,0.316793893,0.072289156,0.096385542,8,0.066666666,0,0,0.42748092,0.32061069,0.2519084,0.11832061,0.53053435,0.35114504,"Joey Meneses",14366,608841
"Jackson Chourio","MIL",0.36199095,1.32,0.236842105,0.434210526,0.328947368,0.08,0.133333333,14,0.141414141,1,0.333333333,0.32900433,0.43290043,0.23809524,0.16450216,0.48484848,0.35064935,"Jackson Chourio",28806,694192
"Nomar Mazara","- - -",0.298507462,1.391304347,0.214285714,0.457142857,0.328571428,0.065217391,0.130434782,6,0.09375,0,0,0.33571429,0.35,0.31428571,0.2,0.45,0.35,"Nomar Mazara",14553,608577
"Emmanuel Rivera","- - -",0.31081081,1.395833333,0.240924092,0.442244224,0.316831683,0.052083333,0.072916666,12,0.089552238,0,0,0.3630363,0.36633663,0.27062706,0.10561056,0.54455446,0.34983498,"Emmanuel Rivera",19890,656896
"Connor Wong","BOS",0.313131313,1.093333333,0.207070707,0.414141414,0.378787878,0.12,0.066666666,4,0.048780487,2,0.4,0.41871921,0.32512315,0.25615764,0.14285714,0.50738916,0.34975369,"Connor Wong",19896,657136
"Juan Lagares","- - -",0.29113924,1.015384615,0.18125,0.4125,0.40625,0.076923076,0.061538461,4,0.06060606,1,0.333333333,0.38650307,0.34969325,0.26380368,0.19018405,0.4601227,0.34969325,"Juan Lagares",5384,501571
"Yainer Diaz","HOU",0.296428571,1.292929292,0.230508474,0.433898305,0.33559322,0.06060606,0.151515151,9,0.0703125,0,0,0.39322034,0.37966102,0.22711864,0.10847458,0.54237288,0.34915254,"Yainer Diaz",23003,673237
"Freddie Freeman","- - -",0.317191283,1.198019801,0.23798627,0.415331807,0.346681922,0.03960396,0.158415841,20,0.055096418,0,0,0.35926773,0.35011442,0.29061785,0.13501144,0.51601831,0.34897025,"Freddie Freeman",5361,518692
"Marcus Semien","- - -",0.292892156,0.795755968,0.207259953,0.351288056,0.44145199,0.074270557,0.100795755,32,0.106666666,0,0,0.470726,0.32201405,0.20725995,0.13934426,0.5117096,0.34894614,"Marcus Semien",12533,543760
"José Rondon","- - -",0.3125,0.857142857,0.226190476,0.357142857,0.416666666,0.114285714,0.142857142,0,0,0,0,0.40697674,0.36046512,0.23255814,0.1627907,0.48837209,0.34883721,"Jose Rondon",14140,602922
"Jared Walsh","- - -",0.229508196,1.75,0.180392156,0.521568627,0.298039215,0.118421052,0.184210526,9,0.067669172,0,0,0.47674419,0.34496124,0.17829457,0.18604651,0.46511628,0.34883721,"Jared Walsh",18607,665120
"Nick Kurtz","ATH",0.233766233,0.69047619,0.174418604,0.337209302,0.488372093,0.095238095,0.214285714,3,0.103448275,0,0,0.36046512,0.20930233,0.43023256,0.12790698,0.52325581,0.34883721,"Nick Kurtz",35110,701762
"Sam Hilliard","- - -",0.265957446,0.978260869,0.157407407,0.416666666,0.425925925,0.130434782,0.304347826,5,0.111111111,0,0,0.42201835,0.33944954,0.23853211,0.1559633,0.49541284,0.34862385,"Sam Hilliard",17954,656541
"Jordy Mercer","- - -",0.38372093,1.565217391,0.337078651,0.404494382,0.258426966,0.260869565,0.130434782,3,0.083333333,0,0,0.46067416,0.35955056,0.17977528,0.19101124,0.46067416,0.34831461,"Jordy Mercer",6547,474568
"Junior Caminero","TBR",0.25609756,1.593220338,0.140449438,0.528089887,0.331460674,0.084745762,0.237288135,4,0.042553191,0,0,0.43820225,0.38202247,0.17977528,0.11797753,0.53370787,0.34831461,"Junior Caminero",28163,691406
"Matt Adams","- - -",0.243902439,1.4,0.217391304,0.456521739,0.326086956,0.066666666,0.333333333,1,0.047619047,0,0,0.5,0.30434783,0.19565217,0.23913043,0.41304348,0.34782609,"Matt Adams",9393,571431
"Taylor Jones","HOU",0.478260869,2.6,0.217391304,0.565217391,0.217391304,0,0,0,0,0,0,0.43478261,0.17391304,0.39130435,0.04347826,0.60869565,0.34782609,"Taylor Jones",19533,622100
"Kyle Karros","COL",0.173913043,1.125,0.260869565,0.391304347,0.347826086,0.125,0,0,0,0,0,0.56521739,0.26086957,0.17391304,0.17391304,0.47826087,0.34782609,"Kyle Karros",33252,691720
"Jac Caglianone","KCR",0.186046511,2.416666666,0.108695652,0.630434782,0.260869565,0,0.25,1,0.034482758,0,0,0.5,0.32608696,0.17391304,0.2826087,0.36956522,0.34782609,"Jac Caglianone",35041,695506
"Eric Haase","- - -",0.298642533,0.989690721,0.202479338,0.396694214,0.400826446,0.103092783,0.216494845,5,0.052083333,0,0,0.47520661,0.30991736,0.21487603,0.13636364,0.51652893,0.34710744,"Eric Haase",14111,606992
"Ryan Kreidler","DET",0.195652173,1.25,0.2,0.444444444,0.355555555,0,0.0625,4,0.2,2,0.5,0.53061224,0.32653061,0.14285714,0.14285714,0.51020408,0.34693878,"Ryan Kreidler",25867,668952
"Brandon Belt","- - -",0.267605633,0.71875,0.236111111,0.319444444,0.444444444,0.0625,0.09375,1,0.014492753,5,0.833333333,0.33333333,0.35585586,0.31081081,0.14864865,0.5045045,0.34684685,"Brandon Belt",10264,474832
"Jesse Winker","- - -",0.263157894,2.0125,0.18581081,0.543918918,0.27027027,0.175,0.15,7,0.04347826,0,0,0.34006734,0.37710438,0.28282828,0.18181818,0.47138047,0.34680135,"Jesse Winker",13590,608385
"Jake Meyers","HOU",0.337121212,1.181818181,0.208791208,0.428571428,0.362637362,0.111111111,0.101010101,14,0.119658119,0,0,0.45255474,0.35766423,0.18978102,0.15328467,0.5,0.34671533,"Jake Meyers",20308,676694
"Lane Thomas","- - -",0.334782608,0.963730569,0.216942148,0.38429752,0.39876033,0.129533678,0.129533678,16,0.086021505,1,1,0.43505155,0.32164948,0.24329897,0.20206186,0.45154639,0.34639175,"Lane Thomas",16939,657041
"Ramón Laureano","- - -",0.337278106,1.285714285,0.225325884,0.435754189,0.338919925,0.065934065,0.164835164,14,0.059829059,0,0,0.45251397,0.30353818,0.24394786,0.13594041,0.51769088,0.34636872,"Ramon Laureano",17128,657656
"Luis Matos","SFG",0.248554913,0.987341772,0.132596685,0.430939226,0.436464088,0.063291139,0.101265822,4,0.051282051,0,0,0.47802198,0.36813187,0.15384615,0.1043956,0.54945055,0.34615385,"Luis Matos",26467,682641
"Roman Anthony","BOS",0.4375,1.933333333,0.153846153,0.557692307,0.288461538,0.066666666,0.266666666,1,0.034482758,0,0,0.42307692,0.44230769,0.13461538,0.15384615,0.5,0.34615385,"Roman Anthony",31812,701350
"Christian Moore","LAA",0.304347826,0.833333333,0.153846153,0.384615384,0.461538461,0,0.25,1,0.1,0,0,0.26923077,0.34615385,0.38461538,0.19230769,0.46153846,0.34615385,"Christian Moore",34979,695681
"Ozzie Albies","ATL",0.336676217,1.045936395,0.210095497,0.403819918,0.386084583,0.091872791,0.12720848,36,0.121621621,0,0,0.45776567,0.32016349,0.22207084,0.13079019,0.52316076,0.34604905,"Ozzie Albies",16556,645277
"Mike Moustakas","- - -",0.260869565,1.04347826,0.184027777,0.416666666,0.399305555,0.095652173,0.113043478,7,0.058333333,0,0,0.42560554,0.34602076,0.2283737,0.17647059,0.47750865,0.34602076,"Mike Moustakas",4892,519058
"Victor Caratini","- - -",0.308510638,1.731707317,0.232876712,0.486301369,0.280821917,0.085365853,0.121951219,4,0.028169014,0,0,0.3630137,0.39726027,0.23972603,0.15068493,0.50342466,0.34589041,"Victor Caratini",14968,605170
"Yasiel Puig","- - -",0.323529411,1,0.207547169,0.396226415,0.396226415,0.166666666,0.119047619,6,0.142857142,0,0,0.34579439,0.31775701,0.3364486,0.21495327,0.43925234,0.34579439,"Yasiel Puig",14225,624577
"Bobby Dalbec","- - -",0.374358974,0.802197802,0.233644859,0.341121495,0.425233644,0.076923076,0.208791208,9,0.123287671,0,0,0.36448598,0.35981308,0.27570093,0.13084112,0.52336449,0.34579439,"Bobby Dalbec",19966,666915
"Elias Díaz","- - -",0.269902912,1.166666666,0.172284644,0.445692883,0.382022471,0.142156862,0.093137254,10,0.042016806,0,0,0.39925373,0.36007463,0.24067164,0.19402985,0.4608209,0.34514925,"Elias Diaz",11680,553869
"Harrison Bader","- - -",0.269320843,0.710280373,0.190265486,0.336283185,0.473451327,0.14953271,0.116822429,15,0.09868421,0,0,0.43141593,0.37168142,0.19690265,0.19026549,0.46460177,0.34513274,"Harrison Bader",18030,664056
"Kyle Seager","SEA",0.244755244,0.697368421,0.173076923,0.339743589,0.487179487,0.171052631,0.177631578,6,0.056603773,0,0,0.44408946,0.37699681,0.17891374,0.19488818,0.4600639,0.34504792,"Kyle Seager",9785,572122
"Brian McCann","ATL",0.206896551,1.363636363,0.103448275,0.517241379,0.379310344,0.09090909,0,0,0,0,0,0.37931034,0.31034483,0.31034483,0.20689655,0.44827586,0.34482759,"Brian McCann",4810,435263
"John Hicks","- - -",0.320754716,1.047619047,0.232142857,0.392857142,0.375,0.047619047,0.238095238,2,0.09090909,0,0,0.48275862,0.32758621,0.18965517,0.10344828,0.55172414,0.34482759,"John Hicks",12547,543308
"Tyler White","- - -",0.210526315,1.09090909,0.206896551,0.413793103,0.379310344,0.09090909,0.045454545,0,0,0,0,0.34482759,0.37931034,0.27586207,0.13793103,0.51724138,0.34482759,"Tyler White",15564,643603
"Andrés Chaparro","WSN",0.339285714,1.611111111,0.189655172,0.5,0.310344827,0,0.111111111,1,0.034482758,0,0,0.5,0.34482759,0.15517241,0.13793103,0.51724138,0.34482759,"Andres Chaparro",21797,665953
"Francisco Lindor","- - -",0.264738598,1.01285347,0.176656151,0.414300736,0.409043112,0.13881748,0.143958868,34,0.086294416,2,0.285714285,0.46450939,0.31837161,0.217119,0.18162839,0.47390397,0.34446764,"Francisco Lindor",12916,596019
"Jhonkensy Noel","CLE",0.219512195,0.87804878,0.17204301,0.387096774,0.440860215,0.170731707,0.268292682,3,0.083333333,0,0,0.41935484,0.34408602,0.23655914,0.17204301,0.48387097,0.34408602,"Jhonkensy Noel",24257,678877
"Justin Smoak","- - -",0.234375,0.98076923,0.213740458,0.389312977,0.396946564,0.076923076,0.057692307,4,0.078431372,0,0,0.45038168,0.38167939,0.16793893,0.19083969,0.46564885,0.34351145,"Justin Smoak",9054,475253
"Ben Williamson","SEA",0.333333333,2.5,0.151515151,0.606060606,0.242424242,0,0,1,0.025,0,0,0.31343284,0.32835821,0.35820896,0.11940299,0.53731343,0.34328358,"Ben Williamson",33197,810938
"Jose Siri","- - -",0.275641025,0.805194805,0.16766467,0.371257485,0.461077844,0.051948051,0.155844155,2,0.032258064,0,0,0.40828402,0.38461538,0.20710059,0.10059172,0.55621302,0.34319527,"Jose Siri",17452,642350
"Ben Rice","NYY",0.202127659,1.023255813,0.147058823,0.431372549,0.421568627,0.093023255,0.186046511,0,0,0,0,0.5,0.34313725,0.15686275,0.14705882,0.50980392,0.34313725,"Ben Rice",29576,700250
"Jonathan Schoop","- - -",0.32122905,1.325757575,0.189973614,0.461741424,0.34828496,0.09090909,0.159090909,12,0.068571428,0,0,0.4116095,0.38522427,0.20316623,0.17414248,0.4828496,0.34300792,"Jonathan Schoop",11265,570731
"Edwin Encarnación","- - -",0.175824175,0.559322033,0.123809523,0.314285714,0.561904761,0.152542372,0.237288135,2,0.06060606,0,0,0.48571429,0.2952381,0.21904762,0.20952381,0.44761905,0.34285714,"Edwin Encarnacion",2151,429665
"Patrick Bailey","SFG",0.31862745,1.393939393,0.240384615,0.442307692,0.317307692,0.106060606,0.09090909,8,0.086956521,0,0,0.41232227,0.30331754,0.28436019,0.14285714,0.51428571,0.34285714,"Patrick Bailey",27478,672275
"Ke'Bryan Hayes","- - -",0.316504854,1.646341463,0.182674199,0.508474576,0.308851224,0.06707317,0.097560975,23,0.085185185,0,0,0.32391714,0.3747646,0.30131827,0.14877589,0.50847458,0.34274953,"Ke'Bryan Hayes",18577,663647
"Brian Anderson","- - -",0.29113924,1.325581395,0.20318725,0.454183266,0.342629482,0.069767441,0.162790697,8,0.070175438,0,0,0.39840637,0.33067729,0.27091633,0.1752988,0.48207171,0.34262948,"Brian Anderson",18289,605119
"Cameron Maybin","- - -",0.285714285,1.166666666,0.097222222,0.486111111,0.416666666,0.033333333,0.1,2,0.057142857,0,0,0.36986301,0.35616438,0.2739726,0.21917808,0.43835616,0.34246575,"Cameron Maybin",5223,457727
"Curtis Mead","- - -",0.317241379,0.868852459,0.219178082,0.363013698,0.417808219,0.049180327,0.016393442,1,0.018867924,0,0,0.34931507,0.32876712,0.32191781,0.16438356,0.49315068,0.34246575,"Curtis Mead",23986,678554
"Gleyber Torres","- - -",0.296178343,0.806228373,0.224368499,0.346210995,0.429420505,0.069204152,0.162629757,11,0.0472103,0,0,0.43215339,0.29498525,0.27286136,0.1179941,0.53982301,0.34218289,"Gleyber Torres",16997,650402
"Trey Mancini","- - -",0.305376344,1.209302325,0.23076923,0.421052631,0.348178137,0.03488372,0.168604651,8,0.038461538,0,0,0.42105263,0.3340081,0.24493927,0.14979757,0.50809717,0.34210526,"Trey Mancini",15149,641820
"James McCann","- - -",0.284289276,1.037974683,0.233333333,0.39047619,0.376190476,0.056962025,0.126582278,6,0.036585365,0,0,0.38004751,0.38004751,0.23990499,0.10688836,0.55106888,0.34204276,"James McCann",12859,543510
"Ryan Jeffers","MIN",0.327217125,0.897959183,0.205128205,0.376068376,0.418803418,0.088435374,0.170068027,10,0.075757575,1,0.333333333,0.39830508,0.36158192,0.24011299,0.16666667,0.49152542,0.34180791,"Ryan Jeffers",24618,680777
"Sean Bouchard","COL",0.297297297,0.9375,0.215189873,0.379746835,0.405063291,0.125,0.15625,4,0.133333333,0,0,0.55696203,0.20253165,0.24050633,0.15189873,0.50632911,0.34177215,"Sean Bouchard",21270,656248
"Riley Adams","- - -",0.279187817,0.953488372,0.180487804,0.4,0.419512195,0.104651162,0.093023255,4,0.048780487,0,0,0.4195122,0.30731707,0.27317073,0.16097561,0.49756098,0.34146341,"Riley Adams",19864,656180
"Kristian Campbell","BOS",0.255813953,2,0.113636363,0.59090909,0.295454545,0.076923076,0.076923076,1,0.038461538,0,0,0.31818182,0.34090909,0.34090909,0.18181818,0.47727273,0.34090909,"Kristian Campbell",33644,692225
"Luke Voit","- - -",0.282868525,0.8,0.258426966,0.329588014,0.411985018,0.027272727,0.145454545,3,0.034090909,0,0,0.43445693,0.31835206,0.24719101,0.13483146,0.52434457,0.34082397,"Luke Voit",14811,572228
"Rob Refsnyder","- - -",0.376404494,1.182539682,0.268617021,0.396276595,0.335106382,0.079365079,0.158730158,13,0.087248322,0,0,0.41223404,0.38031915,0.20744681,0.1462766,0.51329787,0.34042553,"Rob Refsnyder",13770,608701
"Colton Cowser","BAL",0.282442748,1.089285714,0.158273381,0.43884892,0.402877697,0.017857142,0.178571428,7,0.114754098,1,0.5,0.34751773,0.36879433,0.28368794,0.14184397,0.5177305,0.34042553,"Colton Cowser",29591,681297
"C.J. Cron","- - -",0.305475504,0.947712418,0.213720316,0.382585751,0.403693931,0.098039215,0.209150326,10,0.068965517,0,0,0.40633245,0.33245383,0.26121372,0.17941953,0.48021108,0.34036939,"C.J. Cron",12546,543068
"Donovan Solano","- - -",0.342293906,1.195767195,0.278260869,0.393043478,0.328695652,0.063492063,0.089947089,16,0.07079646,0,0,0.39409722,0.35243056,0.25347222,0.12152778,0.53819444,0.34027778,"Donovan Solano",8623,456781
"Tyler Stephenson","CIN",0.310344827,1.198630136,0.191435768,0.440806045,0.367758186,0.047945205,0.136986301,17,0.097142857,0,0,0.39042821,0.33501259,0.27455919,0.13098237,0.52896725,0.34005038,"Tyler Stephenson",17988,663886
"Kole Calhoun","- - -",0.22047244,1.21,0.193430656,0.441605839,0.364963503,0.12,0.2,2,0.016528925,0,0,0.47810219,0.2919708,0.22992701,0.14963504,0.51094891,0.33941606,"Kole Calhoun",11200,594777
"Ty France","- - -",0.30981595,1.485576923,0.237463126,0.455752212,0.30678466,0.091346153,0.125,20,0.064724919,0,0,0.42330383,0.35103245,0.22566372,0.15044248,0.51032448,0.33923304,"Ty France",17982,664034
"Josh Reddick","- - -",0.312138728,0.957142857,0.234636871,0.374301675,0.391061452,0.142857142,0.085714285,3,0.044776119,0,0,0.40555556,0.35555556,0.23888889,0.18888889,0.47222222,0.33888889,"Josh Reddick",3892,502210
"Javier Báez","- - -",0.327586206,1.516853932,0.188405797,0.489130434,0.322463768,0.073033707,0.168539325,31,0.114814814,0,0,0.42753623,0.31702899,0.25543478,0.13405797,0.52717391,0.33876812,"Javier Baez",12979,595879
"Vinnie Pasquantino","KCR",0.271523178,1.196581196,0.178913738,0.447284345,0.373801916,0.119658119,0.094017094,5,0.035714285,0,0,0.41533546,0.39616613,0.1884984,0.16613419,0.49520767,0.33865815,"Vinnie Pasquantino",27676,686469
"Jason Castro","- - -",0.258064516,1.12,0.158730158,0.444444444,0.396825396,0.08,0.04,2,0.071428571,0,0,0.33846154,0.27692308,0.38461538,0.18461538,0.47692308,0.33846154,"Jason Castro",8722,488771
"Chris Taylor","- - -",0.310904872,0.932203389,0.246696035,0.363436123,0.389867841,0.028248587,0.15819209,12,0.072727272,3,0.428571428,0.45119306,0.3318872,0.21691974,0.14533623,0.51626898,0.33839479,"Chris Taylor",13757,621035
"Bryan Reynolds","PIT",0.342391304,1.820276497,0.204161248,0.513654096,0.282184655,0.050691244,0.152073732,35,0.088607594,0,0,0.38751625,0.35110533,0.26137841,0.13784135,0.52405722,0.33810143,"Bryan Reynolds",19326,668804
"Austin Slater","- - -",0.323420074,1.697530864,0.223801065,0.488454706,0.287744227,0.030864197,0.185185185,24,0.087272727,5,1,0.38908451,0.35387324,0.25704225,0.13028169,0.53169014,0.33802817,"Austin Slater",16153,596103
"Edmundo Sosa","- - -",0.32748538,0.978102189,0.245125348,0.373259052,0.381615598,0.08759124,0.131386861,13,0.097014925,0,0,0.45429363,0.31024931,0.23545706,0.1634349,0.49861496,0.33795014,"Edmundo Sosa",17022,624641
"Clint Frazier","- - -",0.290780141,1.259259259,0.170068027,0.462585034,0.367346938,0.092592592,0.129629629,5,0.073529411,1,1,0.40540541,0.36486486,0.22972973,0.14864865,0.51351351,0.33783784,"Clint Frazier",15983,640449
"Jasson Domínguez","NYY",0.276315789,1.64,0.142857142,0.532467532,0.324675324,0.12,0.04,8,0.195121951,0,0,0.41558442,0.31168831,0.27272727,0.22077922,0.44155844,0.33766234,"Jasson Dominguez",28080,691176
"Eric Hosmer","- - -",0.303664921,2.528089887,0.190721649,0.579896907,0.229381443,0.101123595,0.08988764,11,0.048888888,1,0.333333333,0.35805627,0.38618926,0.25575448,0.22762148,0.43478261,0.33759591,"Eric Hosmer",3516,543333
"Ramón Urías","- - -",0.305699481,1.391304347,0.179104477,0.47761194,0.343283582,0.115942028,0.123188405,14,0.072916666,0,0,0.4292804,0.31513648,0.25558313,0.17121588,0.49131514,0.33746898,"Ramon Urias",18795,602104
"MJ Melendez","KCR",0.289361702,1.188888888,0.189300411,0.440329218,0.37037037,0.077777777,0.088888888,6,0.056074766,0,0,0.40740741,0.34567901,0.24691358,0.13168724,0.5308642,0.33744856,"MJ Melendez",22197,669004
"Alex Call","- - -",0.295546558,0.925925925,0.190661478,0.389105058,0.420233463,0.092592592,0.101851851,8,0.08,1,0.25,0.44827586,0.29501916,0.25670498,0.14559387,0.51724138,0.33716475,"Alex Call",19296,669743
"Paul DeJong","- - -",0.256716417,0.708333333,0.191549295,0.335211267,0.473239436,0.125,0.119047619,7,0.058823529,0,0,0.45633803,0.27605634,0.26760563,0.18820225,0.4747191,0.33707865,"Paul DeJong",18015,657557
"Willie Calhoun","- - -",0.238636363,1.169014084,0.163043478,0.451086956,0.385869565,0.211267605,0.112676056,4,0.048192771,0,0,0.39673913,0.4076087,0.19565217,0.25,0.41304348,0.33695652,"Willie Calhoun",17838,641432
"Joey Bart","- - -",0.346368715,1.097222222,0.205263157,0.415789473,0.378947368,0.138888888,0.194444444,2,0.025316455,3,1,0.44559585,0.34196891,0.21243523,0.18134715,0.48186528,0.33678756,"Joey Bart",21524,663698
"Nolan Arenado","- - -",0.258208955,0.601719197,0.219273743,0.293296089,0.487430167,0.160458452,0.131805157,8,0.038095238,0,0,0.45670391,0.34916201,0.19413408,0.18435754,0.47905028,0.33659218,"Nolan Arenado",9777,571448
"Jose Altuve","HOU",0.326470588,0.871428571,0.24057971,0.353623188,0.405797101,0.146428571,0.153571428,23,0.094262295,19,0.542857142,0.54896552,0.31172414,0.13931034,0.15310345,0.51034483,0.33655172,"Jose Altuve",5417,514888
"Lawrence Butler","OAK",0.306569343,1.795454545,0.151724137,0.544827586,0.303448275,0.09090909,0.204545454,6,0.075949367,0,0,0.30821918,0.40410959,0.28767123,0.16438356,0.5,0.33561644,"Lawrence Butler",22542,671732
"Royce Lewis","MIN",0.298969072,0.821052631,0.147783251,0.384236453,0.467980295,0.084210526,0.094736842,7,0.089743589,0,0,0.44827586,0.33990148,0.21182266,0.17241379,0.49261084,0.33497537,"Royce Lewis",20437,668904
"Riley Greene","DET",0.34117647,2.290697674,0.191428571,0.562857142,0.245714285,0.058139534,0.116279069,14,0.071065989,0,0,0.34857143,0.38857143,0.26285714,0.14571429,0.52,0.33428571,"Riley Greene",25976,682985
"Austin Hays","- - -",0.33457249,1.113207547,0.202846975,0.419928825,0.377224199,0.094339622,0.113207547,19,0.080508474,0,0,0.43109541,0.35335689,0.2155477,0.15017668,0.51590106,0.33392226,"Austin Hays",19363,669720
"Mark Canha","- - -",0.275590551,0.981949458,0.17443609,0.409022556,0.416541353,0.119133574,0.108303249,21,0.077205882,0,0,0.45864662,0.2962406,0.24511278,0.17593985,0.49022556,0.33383459,"Mark Canha",11445,592192
"Aníbal Sánchez","WSN",0.2,3,0,1,0,0,0,0,0,1,0.333333333,0.5,0.16666667,0.33333333,0.16666667,0.5,0.33333333,"Anibal Sanchez",3284,434671
"Yadier Molina","STL",0.28643216,0.867469879,0.251207729,0.347826086,0.400966183,0.096385542,0.096385542,5,0.069444444,0,0,0.4589372,0.352657,0.1884058,0.15458937,0.51207729,0.33333333,"Yadier Molina",7007,425877
"Keon Broxton","- - -",0.341463414,2,0.23076923,0.512820512,0.256410256,0.1,0.3,2,0.1,1,0.166666666,0.46666667,0.26666667,0.26666667,0.17777778,0.48888889,0.33333333,"Keon Broxton",9253,542979
"Ryan Goins","CHW",0.407407407,1.181818181,0.172413793,0.448275862,0.379310344,0.09090909,0.181818181,3,0.23076923,0,0,0.3,0.3,0.4,0.1,0.56666667,0.33333333,"Ryan Goins",9807,572365
"Ryan LaMarre","- - -",0.222222222,1.25,0.142857142,0.476190476,0.38095238,0,0.375,0,0,0,0,0.33333333,0.28571429,0.38095238,0,0.66666667,0.33333333,"Ryan LaMarre",10700,534606
"Cory Spangenberg","MIL",0.285714285,4,0.166666666,0.666666666,0.166666666,0,1,0,0,1,0.333333333,0.55555556,0.33333333,0.11111111,0.22222222,0.44444444,0.33333333,"Cory Spangenberg",12294,605486
"George Springer","- - -",0.269961977,1.039647577,0.179078014,0.418439716,0.402482269,0.105726872,0.167400881,15,0.063559322,0,0,0.40425532,0.35638298,0.2393617,0.18617021,0.48049645,0.33333333,"George Springer",12856,543807
"Max Fried","ATL",0.454545454,3,0.238095238,0.571428571,0.19047619,0,0,0,0,0,0,0.16666667,0.45833333,0.375,0.29166667,0.375,0.33333333,"Max Fried",13743,608331
"Caleb Smith","- - -",0.3125,2,0.142857142,0.571428571,0.285714285,0,0,2,0.25,0,0,0.16666667,0.38888889,0.44444444,0.11111111,0.55555556,0.33333333,"Caleb Smith",14875,592761
"Jamie Westbrook","BOS",0.157894736,0.545454545,0.19047619,0.285714285,0.523809523,0.09090909,0.181818181,1,0.166666666,0,0,0.38095238,0.42857143,0.19047619,0.0952381,0.57142857,0.33333333,"Jamie Westbrook",15504,642197
"Kean Wong","- - -",0.25,6,0.142857142,0.857142857,0,0,0,0,0,0,0,0.44444444,0.33333333,0.22222222,0.11111111,0.55555556,0.33333333,"Kean Wong",15994,642221
"Alex Blandino","CIN",0.333333333,1.2,0.266666666,0.4,0.333333333,0.2,0,0,0,0,0,0.33333333,0.43333333,0.23333333,0.2,0.46666667,0.33333333,"Alex Blandino",16271,607468
"Ryan McBroom","KCR",0.375,0.705882352,0.194444444,0.333333333,0.472222222,0,0.235294117,1,0.083333333,0,0,0.33333333,0.38888889,0.27777778,0.08333333,0.58333333,0.33333333,"Ryan McBroom",16524,643436
"Kevin Padlo","- - -",0.142857142,0.4,0,0.285714285,0.714285714,0.133333333,0,0,0,0,0,0.61904762,0.28571429,0.0952381,0.0952381,0.57142857,0.33333333,"Kevin Padlo",16593,656821
"Jeff Hoffman","- - -",0.25,2,0.5,0.333333333,0.166666666,0,0,0,0,1,0.333333333,0.22222222,0.33333333,0.44444444,0.22222222,0.44444444,0.33333333,"Jeff Hoffman",17432,656546
"Yohel Pozo","- - -",0.339285714,0.954545454,0.245614035,0.368421052,0.385964912,0.181818181,0.045454545,1,0.047619047,0,0,0.35087719,0.45614035,0.19298246,0.19298246,0.47368421,0.33333333,"Yohel Pozo",18848,650968
"Estevan Florial","- - -",0.444444444,1.8,0.222222222,0.5,0.277777777,0,0,0,0,0,0,0.66666667,0,0.33333333,0.11111111,0.55555556,0.33333333,"Estevan Florial",19151,664314
"Vladimir Gutierrez","CIN",0.222222222,1.666666666,0,0.625,0.375,0,0,1,0.2,0,0,0.22222222,0.44444444,0.33333333,0.22222222,0.44444444,0.33333333,"Vladimir Gutierrez",19278,661269
"Corbin Burnes","MIL",0.444444444,2.5,0.222222222,0.555555555,0.222222222,0.5,0,0,0,0,0,0.33333333,0.41666667,0.25,0.16666667,0.5,0.33333333,"Corbin Burnes",19361,669203
"Daniel Johnson","- - -",0.272727272,0.714285714,0,0.416666666,0.583333333,0.285714285,0.142857142,1,0.2,0,0,0.33333333,0.41666667,0.25,0.33333333,0.33333333,0.33333333,"Daniel Johnson",19643,669288
"Charles Leblanc","- - -",0.323529411,0.578947368,0.142857142,0.314285714,0.542857142,0.105263157,0.105263157,2,0.181818181,1,1,0.38888889,0.16666667,0.44444444,0.25,0.41666667,0.33333333,"Charles Leblanc",19813,641779
"J.J. Matijevic","HOU",0.166666666,5,0,0.833333333,0.166666666,1,0,0,0,0,0,0.5,0.16666667,0.33333333,0.16666667,0.5,0.33333333,"J.J. Matijevic",20165,656695
"Logan Porter","KCR",0.2,3,0.2,0.6,0.2,0,0,1,0.333333333,0,0,0.5,0.33333333,0.16666667,0,0.66666667,0.33333333,"Logan Porter",20626,682515
"Hayden Senger","NYM",0.222222222,0.333333333,0.111111111,0.222222222,0.666666666,0.166666666,0,0,0,0,0,0.44444444,0.44444444,0.11111111,0.33333333,0.33333333,0.33333333,"Hayden Senger",21489,663584
"Wilyer Abreu","BOS",0.268817204,1.076923076,0.147368421,0.442105263,0.410526315,0.153846153,0.051282051,2,0.047619047,0,0,0.3125,0.39583333,0.29166667,0.22916667,0.4375,0.33333333,"Wilyer Abreu",23772,677800
"Endy Rodríguez","PIT",0.244444444,0.944444444,0.222222222,0.377777777,0.4,0.055555555,0,1,0.058823529,0,0,0.55555556,0.28888889,0.15555556,0.13333333,0.53333333,0.33333333,"Endy Rodriguez",25332,682848
"Peyton Burdick","MIA",0.318181818,0.583333333,0.208333333,0.291666666,0.5,0.083333333,0.166666666,1,0.142857142,0,0,0.25,0.29166667,0.45833333,0.16666667,0.5,0.33333333,"Peyton Burdick",25459,680814
"TJ Hopkins","CIN",0.333333333,1.25,0.25,0.416666666,0.333333333,0,0,0,0,0,0,0.25,0.41666667,0.33333333,0,0.66666667,0.33333333,"TJ Hopkins",25482,686759
"Grae Kessinger","HOU",0.25,0.142857142,0.111111111,0.111111111,0.777777777,0,0.142857142,0,0,0,0,0.33333333,0.44444444,0.22222222,0,0.66666667,0.33333333,"Grae Kessinger",25813,666197
"Agustín Ramírez","MIA",0.25490196,1.125,0.212962962,0.416666666,0.37037037,0.175,0.15,2,0.044444444,0,0,0.40740741,0.33333333,0.25925926,0.18518519,0.48148148,0.33333333,"Agustin Ramirez",26546,682663
"Zac Veen","COL",0,1,0.333333333,0.333333333,0.333333333,0.5,0,0,0,0,0,0.5,0.16666667,0.33333333,0.33333333,0.33333333,0.33333333,"Zac Veen",27770,691728
"Billy Cook","PIT",0.454545454,0.428571428,0.166666666,0.25,0.583333333,0.285714285,0.142857142,0,0,0,0,0.33333333,0.25,0.41666667,0.25,0.41666667,0.33333333,"Billy Cook",29573,695257
"Jack Winkler","MIA",0.333333333,0.6,0.111111111,0.333333333,0.555555555,0,0,0,0,0,0,0.55555556,0.22222222,0.22222222,0.11111111,0.55555556,0.33333333,"Jack Winkler",29830,676466
"Graham Pauley","- - -",0.235294117,1.285714285,0.058823529,0.529411764,0.411764705,0,0,1,0.111111111,0,0,0.33333333,0.5,0.16666667,0.22222222,0.44444444,0.33333333,"Graham Pauley",31363,688363
"Jace Jung","DET",0.333333333,8,0.111111111,0.888888888,0,0,0,0,0,0,0,0.33333333,0.33333333,0.33333333,0.22222222,0.44444444,0.33333333,"Jace Jung",31437,690291
"Jacob Melton","HOU",0.222222222,9,0,1,0,0,0,0,0,0,0,0.22222222,0.44444444,0.33333333,0.22222222,0.44444444,0.33333333,"Jacob Melton",31661,689200
"Alex Freeland","LAD",0.333333333,0,0.4,0,0.6,0,0,0,0,0,0,0.66666667,0.33333333,0,0,0.66666667,0.33333333,"Alex Freeland",31665,690976
"Carson McCusker","MIN",0.416666666,0.666666666,0.166666666,0.333333333,0.5,0,0,1,0.25,0,0,0.5,0.16666667,0.33333333,0.25,0.41666667,0.33333333,"Carson McCusker",33098,676812
"Josh Bell","- - -",0.256232686,1.436781609,0.170795306,0.488917861,0.340286831,0.091954022,0.172413793,18,0.048,0,0,0.39374185,0.34159061,0.26466754,0.15123859,0.51629726,0.33246415,"Josh Bell",13145,605137
"Ezequiel Duran","TEX",0.313807531,1.127659574,0.180327868,0.434426229,0.385245901,0.180851063,0.085106382,13,0.122641509,2,0.666666666,0.39676113,0.34817814,0.25506073,0.19838057,0.46963563,0.33198381,"Ezequiel Duran",23733,677649
"Nick Ahmed","- - -",0.285057471,1.186335403,0.210762331,0.428251121,0.360986547,0.093167701,0.086956521,9,0.047120418,2,0.666666666,0.40311804,0.35857461,0.23830735,0.15367483,0.51447661,0.33184855,"Nick Ahmed",12147,605113
"Christian Bethancourt","- - -",0.277108433,1.581818181,0.179190751,0.502890173,0.317919075,0.127272727,0.163636363,5,0.057471264,1,0.5,0.48,0.30285714,0.21714286,0.16571429,0.50285714,0.33142857,"Christian Bethancourt",10028,542194
"Christian Yelich","MIL",0.314814814,2.657894736,0.183553597,0.593245227,0.223201174,0.052631578,0.230263157,32,0.07920792,2,0.5,0.37080292,0.33576642,0.29343066,0.1620438,0.50656934,0.33138686,"Christian Yelich",11477,592885
"Lewis Brinson","- - -",0.287581699,1.442307692,0.20625,0.46875,0.325,0.173076923,0.173076923,6,0.08,0,0,0.46625767,0.35582822,0.17791411,0.20245399,0.46625767,0.33128834,"Lewis Brinson",14352,621446
"Bryan De La Cruz","- - -",0.341317365,1.342592592,0.266666666,0.420289855,0.313043478,0.018518518,0.101851851,13,0.089655172,0,0,0.36231884,0.33623188,0.30144928,0.10434783,0.56521739,0.33043478,"Bryan De La Cruz",19600,650559
"Freddy Fermin","- - -",0.306220095,1.555555555,0.229665071,0.468899521,0.301435406,0.079365079,0.079365079,4,0.040816326,4,0.444444444,0.44954128,0.29816514,0.25229358,0.10091743,0.56880734,0.33027523,"Freddy Fermin",21840,666023
"Maikel Garcia","KCR",0.317610062,1.318181818,0.205607476,0.451713395,0.342679127,0.072727272,0.063636363,9,0.062068965,2,0.333333333,0.3853211,0.33944954,0.27522936,0.11926606,0.55045872,0.33027523,"Maikel Garcia",22715,672580
"Tomás Nido","- - -",0.286458333,1.836363636,0.2,0.517948717,0.282051282,0.036363636,0.109090909,5,0.04950495,1,0.09090909,0.38349515,0.39805825,0.2184466,0.12135922,0.54854369,0.33009709,"Tomas Nido",13755,621512
"Kyle Lewis","- - -",0.279569892,0.704545454,0.25,0.31,0.44,0.09090909,0.159090909,1,0.032258064,0,0,0.41,0.4,0.19,0.17,0.5,0.33,"Kyle Lewis",19508,641786
"Gabriel Arias","CLE",0.27118644,1.773584905,0.187845303,0.519337016,0.292817679,0.094339622,0.150943396,13,0.138297872,1,0.25,0.39459459,0.38918919,0.21621622,0.16216216,0.50810811,0.32972973,"Gabriel Arias",22563,672356
"DJ LeMahieu","NYY",0.313131313,1.9,0.198373983,0.525203252,0.276422764,0.029411764,0.123529411,15,0.046439628,0,0,0.30844156,0.3961039,0.29545455,0.13149351,0.53896104,0.32954545,"DJ LeMahieu",9874,518934
"Kyle Manzardo","CLE",0.211267605,0.714285714,0.210526315,0.328947368,0.460526315,0.114285714,0.142857142,1,0.04,0,0,0.32894737,0.34210526,0.32894737,0.19736842,0.47368421,0.32894737,"Kyle Manzardo",29794,700932
"Jonathan Davis","- - -",0.287878787,1.130434782,0.268656716,0.388059701,0.343283582,0.04347826,0.086956521,2,0.076923076,0,0,0.34285714,0.42857143,0.22857143,0.2,0.47142857,0.32857143,"Jonathan Davis",15104,641505
"Manny Piña","- - -",0.277777777,0.770491803,0.211678832,0.343065693,0.445255474,0.13114754,0.180327868,1,0.021276595,0,0,0.50364964,0.32846715,0.16788321,0.19708029,0.47445255,0.32846715,"Manny Pina",2829,444489
"Óscar Mercado","- - -",0.289575289,0.952830188,0.21590909,0.382575757,0.401515151,0.103773584,0.094339622,5,0.04950495,2,0.2,0.44525547,0.33211679,0.22262774,0.17518248,0.49635036,0.32846715,"Oscar Mercado",16375,640458
"Andrew Knapp","- - -",0.303030303,1.04347826,0.265625,0.375,0.359375,0.086956521,0,1,0.041666666,0,0,0.46268657,0.35820896,0.17910448,0.1641791,0.50746269,0.32835821,"Andrew Knapp",14942,595284
"Pedro Severino","- - -",0.302040816,1.042105263,0.259541984,0.377862595,0.362595419,0.126315789,0.178947368,7,0.07070707,0,0,0.48091603,0.31679389,0.20229008,0.20992366,0.46183206,0.32824427,"Pedro Severino",14523,600474
"Ezequiel Tovar","COL",0.341296928,0.99137931,0.25,0.373376623,0.376623376,0.094827586,0.146551724,7,0.060869565,0,0,0.39228296,0.33118971,0.27652733,0.11897106,0.55305466,0.32797428,"Ezequiel Tovar",24064,678662
"Jedd Gyorko","- - -",0.214285714,1.217391304,0.163934426,0.459016393,0.37704918,0.130434782,0.217391304,1,0.035714285,0,0,0.42622951,0.37704918,0.19672131,0.21311475,0.45901639,0.32786885,"Jedd Gyorko",10816,576397
"Sheldon Neuse","- - -",0.231404958,2.857142857,0.114754098,0.655737704,0.229508196,0,0.035714285,5,0.0625,0,0,0.33606557,0.36885246,0.29508197,0.10655738,0.56557377,0.32786885,"Sheldon Neuse",19635,641914
"Carter Kieboom","- - -",0.263157894,1.257142857,0.336134453,0.369747899,0.294117647,0.085714285,0.142857142,0,0,0,0,0.43697479,0.33613445,0.22689076,0.13445378,0.53781513,0.32773109,"Carter Kieboom",19958,666198
"Noelvi Marte","CIN",0.333333333,1.628571428,0.226890756,0.478991596,0.294117647,0.114285714,0.057142857,6,0.105263157,0,0,0.40336134,0.3697479,0.22689076,0.21848739,0.45378151,0.32773109,"Noelvi Marte",26517,682622
"Tim Anderson","- - -",0.385438972,2.359649122,0.210309278,0.554639175,0.235051546,0.008771929,0.157894736,27,0.100371747,0,0,0.39300412,0.35390947,0.25308642,0.1563786,0.51646091,0.32716049,"Tim Anderson",15172,641313
"Gregory Polanco","PIT",0.257425742,1.047619047,0.173076923,0.423076923,0.403846153,0.214285714,0.071428571,3,0.068181818,0,0,0.43269231,0.38461538,0.18269231,0.20192308,0.47115385,0.32692308,"Gregory Polanco",12907,570256
"Pavin Smith","ARI",0.288557213,1.661538461,0.15609756,0.526829268,0.31707317,0.092307692,0.061538461,7,0.064814814,0,0,0.37560976,0.35609756,0.26829268,0.21463415,0.45853659,0.32682927,"Pavin Smith",19892,656976
"Jean Segura","- - -",0.303944315,1.669117647,0.186098654,0.508968609,0.304932735,0.088235294,0.147058823,16,0.070484581,3,0.428571428,0.37306843,0.38410596,0.24282561,0.20971302,0.46357616,0.32671082,"Jean Segura",5933,516416
"Pablo Reyes","- - -",0.324324324,0.938461538,0.154362416,0.409395973,0.43624161,0.076923076,0.03076923,7,0.114754098,0,0,0.45333333,0.25333333,0.29333333,0.18,0.49333333,0.32666667,"Pablo Reyes",16357,622569
"David Fry","CLE",0.274725274,0.642857142,0.186868686,0.318181818,0.494949494,0.122448979,0.173469387,2,0.031746031,1,1,0.51758794,0.29145729,0.19095477,0.16080402,0.51256281,0.32663317,"David Fry",24934,681807
"Yonder Alonso","- - -",0.266666666,1.105263157,0.183673469,0.428571428,0.387755102,0.263157894,0.210526315,0,0,0,0,0.53061224,0.28571429,0.18367347,0.28571429,0.3877551,0.32653061,"Yonder Alonso",2530,475174
"Michael Pérez","- - -",0.260869565,1.769230769,0.234042553,0.489361702,0.276595744,0.076923076,0.153846153,0,0,0,0,0.42857143,0.48979592,0.08163265,0.20408163,0.46938776,0.32653061,"Michael Perez",12977,605421
"Stuart Fairchild","- - -",0.329729729,0.773809523,0.194594594,0.351351351,0.454054054,0.119047619,0.107142857,4,0.061538461,4,0.363636363,0.50510204,0.28571429,0.20918367,0.15306122,0.52040816,0.32653061,"Stuart Fairchild",20321,656413
"Jordan Walker","STL",0.279329608,1.118421052,0.139037433,0.454545454,0.406417112,0.078947368,0.105263157,5,0.058823529,0,0,0.35294118,0.40641711,0.24064171,0.14438503,0.52941176,0.32620321,"Jordan Walker",27475,691023
"Amed Rosario","- - -",0.342105263,1.60251046,0.206632653,0.488520408,0.304846938,0.087866108,0.10041841,33,0.086161879,0,0,0.40382166,0.33757962,0.25859873,0.14904459,0.52484076,0.32611465,"Amed Rosario",15518,642708
"Joshua Fuentes","COL",0.306818181,0.75,0.163043478,0.358695652,0.478260869,0.113636363,0.09090909,3,0.09090909,0,0,0.42391304,0.26086957,0.31521739,0.14130435,0.5326087,0.32608696,"Joshua Fuentes",16885,658069
"Brendan Rodgers","- - -",0.337628865,1.824561403,0.214634146,0.507317073,0.27804878,0.043859649,0.192982456,17,0.081730769,0,0,0.33090024,0.38199513,0.28710462,0.13868613,0.53527981,0.32603406,"Brendan Rodgers",17907,663898
"Pat Valaika","- - -",0.2890625,0.571428571,0.261194029,0.268656716,0.470149253,0.063492063,0.111111111,5,0.138888888,0,0,0.4,0.31111111,0.28888889,0.16296296,0.51111111,0.32592593,"Pat Valaika",14885,642162
"César Hernández","- - -",0.287553648,1.829629629,0.18895966,0.524416135,0.286624203,0.074074074,0.111111111,18,0.072874493,6,0.5,0.38923395,0.3436853,0.26708075,0.16977226,0.50517598,0.32505176,"Cesar Hernandez",10556,514917
"Lewin Díaz","MIA",0.179487179,0.391304347,0.2,0.225,0.575,0.217391304,0.04347826,1,0.111111111,0,0,0.375,0.35,0.275,0.3,0.375,0.325,"Lewin Diaz",18365,650331
"Jo Adell","LAA",0.27237354,0.854838709,0.17562724,0.379928315,0.444444444,0.14516129,0.18548387,11,0.103773584,0,0,0.425,0.325,0.25,0.18571429,0.48928571,0.325,"Jo Adell",20220,666176
"Cal Mitchell","PIT",0.297297297,1.636363636,0.256410256,0.461538461,0.282051282,0,0.181818181,0,0,0,0,0.525,0.225,0.25,0.075,0.6,0.325,"Cal Mitchell",22169,668751
"Aristides Aquino","CIN",0.262068965,0.882352941,0.184713375,0.382165605,0.433121019,0.117647058,0.176470588,2,0.033333333,0,0,0.45859873,0.29936306,0.24203822,0.25477707,0.42038217,0.32484076,"Aristides Aquino",15482,606157
"Spencer Steer","CIN",0.294117647,0.772727272,0.201754385,0.347953216,0.450292397,0.123376623,0.123376623,11,0.092436974,0,0,0.41812865,0.34795322,0.23391813,0.14327485,0.53216374,0.3245614,"Spencer Steer",26323,668715
"Marco Hernández","BOS",0.432432432,3.666666666,0.2,0.628571428,0.171428571,0,0,2,0.09090909,2,1,0.27027027,0.27027027,0.45945946,0.13513514,0.54054054,0.32432432,"Marco Hernandez",13154,593523
"Seby Zavala","- - -",0.3,1,0.232876712,0.383561643,0.383561643,0.178571428,0.107142857,2,0.071428571,0,0,0.5,0.31081081,0.18918919,0.13513514,0.54054054,0.32432432,"Seby Zavala",18887,664874
"Jason Heyward","- - -",0.264150943,1.571428571,0.174311926,0.504587155,0.321100917,0.142857142,0.1,15,0.136363636,0,0,0.45205479,0.37442922,0.17351598,0.24200913,0.43378995,0.32420091,"Jason Heyward",4940,518792
"Cody Bellinger","- - -",0.296296296,0.829971181,0.208229426,0.359102244,0.432668329,0.106628242,0.132564841,28,0.097222222,0,0,0.44014963,0.33665835,0.22319202,0.16084788,0.51496259,0.32418953,"Cody Bellinger",15998,641355
"Harold Ramírez","- - -",0.370535714,2.333333333,0.195652173,0.563043478,0.241304347,0.126126126,0.108108108,30,0.115830115,0,0,0.35,0.34782609,0.30217391,0.17826087,0.49782609,0.32391304,"Harold Ramirez",14387,623912
"Coby Mayo","BAL",0.3125,0.838709677,0.161764705,0.382352941,0.455882352,0.161290322,0.129032258,2,0.076923076,0,0,0.57352941,0.19117647,0.23529412,0.13235294,0.54411765,0.32352941,"Coby Mayo",28312,691723
"Luis Rengifo","LAA",0.298387096,1.221621621,0.203488372,0.437984496,0.358527131,0.135135135,0.124324324,15,0.066371681,0,0,0.44741874,0.32887189,0.22370937,0.15869981,0.51816444,0.32313576,"Luis Rengifo",19858,650859
"Michael Chavis","- - -",0.313653136,1.363636363,0.201365187,0.460750853,0.337883959,0.06060606,0.232323232,15,0.111111111,0,0,0.45578231,0.34353741,0.20068027,0.18027211,0.49659864,0.32312925,"Michael Chavis",17321,656308
"Christian Arroyo","- - -",0.333333333,1.323076923,0.221649484,0.443298969,0.335051546,0.092307692,0.123076923,9,0.104651162,0,0,0.37435897,0.35897436,0.26666667,0.21538462,0.46153846,0.32307692,"Christian Arroyo",16434,624414
"Liover Peguero","PIT",0.387096774,1.523809523,0.171875,0.5,0.328125,0.047619047,0.142857142,5,0.15625,1,1,0.36923077,0.38461538,0.24615385,0.16923077,0.50769231,0.32307692,"Liover Peguero",24273,678894
"Elvis Andrus","- - -",0.281124497,1.558441558,0.213572854,0.479041916,0.307385229,0.11038961,0.084415584,11,0.045833333,3,0.23076923,0.38132296,0.35019455,0.26848249,0.13618677,0.54085603,0.3229572,"Elvis Andrus",8709,462101
"Joe Panik","- - -",0.276315789,1.346938775,0.243421052,0.434210526,0.322368421,0.122448979,0.020408163,4,0.06060606,1,0.333333333,0.33548387,0.35483871,0.30967742,0.21935484,0.45806452,0.32258065,"Joe Panik",11936,605412
"JJ Bleday","- - -",0.266331658,1.012048192,0.200956937,0.401913875,0.397129186,0.120481927,0.13253012,5,0.059523809,0,0,0.57345972,0.28909953,0.13744076,0.17061611,0.507109,0.32227488,"JJ Bleday",26368,668709
"Oswald Peraza","- - -",0.17977528,1.4375,0.123595505,0.516853932,0.359550561,0.21875,0.03125,2,0.04347826,0,0,0.51111111,0.34444444,0.14444444,0.22222222,0.45555556,0.32222222,"Oswald Peraza",22823,672724
"Jason Kipnis","- - -",0.258741258,1.245283018,0.173611111,0.458333333,0.368055555,0.056603773,0.056603773,8,0.121212121,2,0.4,0.43624161,0.3557047,0.20805369,0.15436242,0.52348993,0.32214765,"Jason Kipnis",9776,543401
"Jonathan Lucroy","- - -",0.261904761,1.0625,0.24137931,0.390804597,0.367816091,0.09375,0.09375,2,0.058823529,0,0,0.4137931,0.28735632,0.29885057,0.16091954,0.51724138,0.32183908,"Jonathan Lucroy",7870,518960
"Rafael Devers","- - -",0.318080357,1.530405405,0.198072805,0.485010706,0.316916488,0.084459459,0.135135135,28,0.061810154,1,0.5,0.32799145,0.40384615,0.26816239,0.18589744,0.49252137,0.3215812,"Rafael Devers",17350,646240
"Austin Romine","- - -",0.333333333,1.617647058,0.205357142,0.491071428,0.303571428,0.117647058,0.117647058,3,0.054545454,0,0,0.32142857,0.36607143,0.3125,0.25892857,0.41964286,0.32142857,"Austin Romine",5491,519222
"Tim Tawa","ARI",0.346153846,1.388888888,0.173076923,0.48076923,0.346153846,0.111111111,0.055555555,4,0.16,1,1,0.50943396,0.30188679,0.18867925,0.16981132,0.50943396,0.32075472,"Tim Tawa",29571,694374
"Stephen Piscotty","OAK",0.325,1.239436619,0.235576923,0.423076923,0.341346153,0.084507042,0.112676056,4,0.045454545,0,0,0.37799043,0.35885167,0.26315789,0.13397129,0.54545455,0.32057416,"Stephen Piscotty",13367,572039
"Wilson Ramos","- - -",0.322147651,1.727272727,0.23076923,0.487179487,0.282051282,0.068181818,0.159090909,4,0.052631578,0,0,0.33974359,0.39102564,0.26923077,0.20512821,0.47435897,0.32051282,"Wilson Ramos",1433,467092
"Jorge Polanco","- - -",0.306704707,0.623100303,0.253146853,0.286713286,0.46013986,0.09118541,0.094224924,16,0.07804878,8,0.421052631,0.43188011,0.34877384,0.21934605,0.17574932,0.50408719,0.32016349,"Jorge Polanco",13152,593871
"Stephen Vogt","- - -",0.28169014,1.038461538,0.283783783,0.364864864,0.351351351,0.076923076,0.115384615,2,0.074074074,0,0,0.46666667,0.29333333,0.24,0.09333333,0.58666667,0.32,"Stephen Vogt",5000,519390
"Daniel Robertson","- - -",0.356164383,1.95,0.202702702,0.527027027,0.27027027,0,0.1,3,0.076923076,1,1,0.42666667,0.32,0.25333333,0.17333333,0.50666667,0.32,"Daniel Robertson",14145,621002
"Alex Jackson","- - -",0.185714285,0.512195121,0.173333333,0.28,0.546666666,0.146341463,0.121951219,0,0,0,0,0.34666667,0.45333333,0.2,0.18666667,0.49333333,0.32,"Alex Jackson",17276,656577
"Zack Collins","- - -",0.3125,0.478260869,0.306122448,0.224489795,0.469387755,0.173913043,0.04347826,2,0.181818181,0,0,0.4,0.4,0.2,0.2,0.48,0.32,"Zack Collins",19181,641470
"Chuckie Robinson","- - -",0.173913043,1.625,0.045454545,0.59090909,0.363636363,0,0,0,0,0,0,0.36,0.48,0.16,0.16,0.52,0.32,"Chuckie Robinson",19824,642020
"Danny Jansen","- - -",0.210958904,0.616161616,0.181585677,0.31202046,0.506393861,0.176767676,0.136363636,11,0.090163934,0,0,0.49492386,0.27411168,0.23096447,0.20558376,0.47461929,0.31979695,"Danny Jansen",16535,643376
"Colin Moran","- - -",0.28313253,1.916666666,0.181286549,0.538011695,0.280701754,0,0.125,3,0.032608695,1,1,0.40697674,0.36627907,0.22674419,0.13953488,0.54069767,0.31976744,"Colin Moran",16909,592567
"Gio Urshela","- - -",0.325301204,1.588235294,0.228070175,0.47368421,0.298245614,0.065359477,0.098039215,14,0.057613168,0,0,0.38986355,0.36647173,0.24366472,0.12280702,0.55750487,0.31968811,"Gio Urshela",10681,570482
"Brayan Rocchio","CLE",0.269230769,1.436363636,0.151898734,0.5,0.348101265,0.054545454,0.109090909,5,0.063291139,2,0.25,0.4939759,0.3313253,0.1746988,0.1626506,0.51807229,0.31927711,"Brayan Rocchio",23690,677587
"Jake Lamb","- - -",0.255813953,1,0.260869565,0.369565217,0.369565217,0.176470588,0.235294117,2,0.117647058,0,0,0.36170213,0.42553191,0.21276596,0.19148936,0.4893617,0.31914894,"Jake Lamb",13329,571875
"Michael Conforto","- - -",0.308962264,1.326666666,0.213963963,0.448198198,0.337837837,0.12,0.14,8,0.040201005,0,0,0.37303371,0.36629213,0.26067416,0.17752809,0.50337079,0.31910112,"Michael Conforto",16376,624424
"Jed Lowrie","- - -",0.3,1.13559322,0.226993865,0.411042944,0.36196319,0.033898305,0.050847457,1,0.014925373,0,0,0.40490798,0.36809816,0.22699387,0.11042945,0.57055215,0.3190184,"Jed Lowrie",4418,476704
"Brandon Lowe","TBR",0.277310924,0.839285714,0.199481865,0.365284974,0.43523316,0.107142857,0.19047619,13,0.092198581,2,0.666666666,0.45244216,0.31876607,0.22879177,0.18251928,0.49871465,0.31876607,"Brandon Lowe",18882,664040
"Matt Vierling","- - -",0.338709677,1.167938931,0.248677248,0.404761904,0.346560846,0.076335877,0.053435114,12,0.078431372,1,0.5,0.33421053,0.35263158,0.31315789,0.15263158,0.52894737,0.31842105,"Matt Vierling",21558,663837
"Buster Posey","SFG",0.322916666,1.507936507,0.202020202,0.479797979,0.318181818,0.031746031,0.095238095,3,0.031578947,0,0,0.34343434,0.38383838,0.27272727,0.14646465,0.53535354,0.31818182,"Buster Posey",9166,457763
"Jake Cave","- - -",0.293650793,2.555555555,0.25,0.5390625,0.2109375,0,0.148148148,4,0.057971014,1,0.25,0.34848485,0.37878788,0.27272727,0.16666667,0.51515152,0.31818182,"Jake Cave",14477,595909
"Adael Amador","COL",0.09090909,1.833333333,0.15,0.55,0.3,0,0,1,0.09090909,0,0,0.40909091,0.40909091,0.18181818,0.18181818,0.5,0.31818182,"Adael Amador",27962,691182
"Davis Schneider","TOR",0.275,0.549450549,0.184971098,0.289017341,0.52601156,0.076923076,0.142857142,5,0.1,0,0,0.53757225,0.27745665,0.1849711,0.13294798,0.54913295,0.31791908,"Davis Schneider",23565,676914
"Domingo Santana","- - -",0.285714285,1.423076923,0.258823529,0.435294117,0.305882352,0.038461538,0.307692307,3,0.081081081,0,0,0.34117647,0.32941176,0.32941176,0.14117647,0.54117647,0.31764706,"Domingo Santana",10348,570267
"Nathaniel Lowe","- - -",0.33553719,2.00595238,0.198412698,0.534920634,0.266666666,0.071428571,0.148809523,28,0.083086053,0,0,0.27936508,0.38253968,0.33809524,0.18412698,0.4984127,0.31746032,"Nathaniel Lowe",19566,663993
"Wilmer Flores","- - -",0.279305354,0.659025787,0.211171662,0.313351498,0.475476839,0.140401146,0.120343839,14,0.060869565,0,0,0.45640327,0.3106267,0.23297003,0.1866485,0.49591281,0.31743869,"Wilmer Flores",5827,527038
"Tony Wolters","- - -",0.326732673,1.181818181,0.272727272,0.393939393,0.333333333,0.06060606,0,3,0.076923076,0,0,0.39423077,0.36538462,0.24038462,0.13461538,0.54807692,0.31730769,"Tony Wolters",11470,547172
"Jurickson Profar","- - -",0.28983308,1.241666666,0.209985315,0.437591776,0.352422907,0.129166666,0.095833333,21,0.070469798,1,0.333333333,0.39912281,0.31871345,0.28216374,0.21052632,0.47222222,0.31725146,"Jurickson Profar",10815,595777
"Chris Owings","- - -",0.3875,1.458333333,0.243589743,0.448717948,0.307692307,0.083333333,0.083333333,1,0.028571428,1,0.25,0.42682927,0.34146341,0.23170732,0.17073171,0.51219512,0.31707317,"Chris Owings",10030,572008
"Masyn Winn","STL",0.286231884,0.759689922,0.209059233,0.341463414,0.449477351,0.178294573,0.085271317,8,0.081632653,0,0,0.40766551,0.30313589,0.28919861,0.19512195,0.48780488,0.31707317,"Masyn Winn",27479,691026
"Freddy Galvis","- - -",0.310756972,1.019607843,0.210727969,0.398467432,0.390804597,0.107843137,0.107843137,7,0.067307692,1,1,0.4389313,0.29770992,0.26335878,0.17557252,0.50763359,0.31679389,"Freddy Galvis",6609,520471
"Yuli Gurriel","- - -",0.262820512,0.739864864,0.205246913,0.337962962,0.456790123,0.131756756,0.081081081,13,0.05936073,0,0,0.39969136,0.33641975,0.26388889,0.16512346,0.51851852,0.31635802,"Yuli Gurriel",19198,493329
"Jordan Diaz","OAK",0.263157894,1.375,0.224489795,0.448979591,0.326530612,0.03125,0.09375,3,0.068181818,0,0,0.45918367,0.33673469,0.20408163,0.12244898,0.56122449,0.31632653,"Jordan Diaz",22650,672478
"Austin Martin","MIN",0.354166666,2,0.305263157,0.463157894,0.231578947,0.045454545,0.045454545,4,0.09090909,0,0,0.48979592,0.31632653,0.19387755,0.12244898,0.56122449,0.31632653,"Austin Martin",27462,668885
"Sam Haggerty","- - -",0.339901477,1.677419354,0.201923076,0.5,0.298076923,0.112903225,0.112903225,10,0.096153846,0,0,0.50471698,0.31132075,0.18396226,0.18867925,0.49528302,0.31603774,"Sam Haggerty",18054,664059
"Edward Olivares","- - -",0.269230769,1.136842105,0.178137651,0.437246963,0.384615384,0.126315789,0.136842105,5,0.046296296,0,0,0.50202429,0.25101215,0.24696356,0.18623482,0.49797571,0.31578947,"Edward Olivares",19698,658668
"Coco Montes","- - -",0.368421052,1.6,0.315789473,0.421052631,0.263157894,0.2,0,1,0.125,0,0,0.31578947,0.31578947,0.36842105,0.21052632,0.47368421,0.31578947,"Coco Montes",21547,663796
"David Hensley","- - -",0.272727272,2.0625,0.125,0.589285714,0.285714285,0,0.125,4,0.121212121,1,1,0.42105263,0.31578947,0.26315789,0.19298246,0.49122807,0.31578947,"David Hensley",25111,682073
"Luisangel Acuña","NYM",0.301886792,1.35,0.145454545,0.49090909,0.363636363,0,0.1,2,0.074074074,0,0,0.29824561,0.38596491,0.31578947,0.15789474,0.52631579,0.31578947,"Luisangel Acuna",26548,682668
"Colby Thomas","ATH",0.28125,0.454545454,0.157894736,0.263157894,0.578947368,0.09090909,0.272727272,1,0.1,0,0,0.47368421,0.34210526,0.18421053,0.13157895,0.55263158,0.31578947,"Colby Thomas",31855,687515
"Curt Casali","- - -",0.243523316,0.56,0.235294117,0.274509803,0.490196078,0.14,0.12,3,0.053571428,0,0,0.48058252,0.29126214,0.22815534,0.16990291,0.51456311,0.31553398,"Curt Casali",12510,592200
"Miguel Vargas","- - -",0.238095238,0.641221374,0.173076923,0.323076923,0.503846153,0.099236641,0.061068702,7,0.083333333,0,0,0.39230769,0.34230769,0.26538462,0.14615385,0.53846154,0.31538462,"Miguel Vargas",20178,678246
"Phil Gosselin","- - -",0.32160804,0.976744186,0.154228855,0.417910447,0.427860696,0.081395348,0.046511627,10,0.119047619,2,1,0.27586207,0.44827586,0.27586207,0.15270936,0.5320197,0.31527094,"Phil Gosselin",10953,594838
"Aledmys Díaz","- - -",0.26060606,1.106060606,0.187134502,0.426900584,0.385964912,0.121212121,0.098484848,9,0.061643835,1,1,0.46355685,0.34693878,0.18950437,0.15451895,0.53061224,0.3148688,"Aledmys Diaz",15937,649557
"Adley Rutschman","BAL",0.30861244,1.162337662,0.230946882,0.413394919,0.355658198,0.084415584,0.097402597,5,0.02793296,0,0,0.41339492,0.36489607,0.22170901,0.13163972,0.55427252,0.31408776,"Adley Rutschman",26288,668939
"Johan Camargo","- - -",0.260869565,1.093023255,0.25,0.391666666,0.358333333,0.046511627,0.116279069,1,0.021276595,0,0,0.52066116,0.24793388,0.23140496,0.15702479,0.52892562,0.31404959,"Johan Camargo",14950,622666
"Erik González","- - -",0.356060606,2.814814814,0.237037037,0.562962962,0.2,0.074074074,0.148148148,10,0.131578947,1,0.5,0.35766423,0.37226277,0.27007299,0.22627737,0.45985401,0.31386861,"Erik Gonzalez",13369,570481
"Zack Short","- - -",0.240310077,0.681818181,0.177777777,0.333333333,0.488888888,0.151515151,0.106060606,3,0.066666666,1,0.5,0.44525547,0.32846715,0.22627737,0.17518248,0.51094891,0.31386861,"Zack Short",19562,670097
"Miguel Rojas","- - -",0.301724137,1.208835341,0.2286115,0.422159887,0.349228611,0.084337349,0.084337349,15,0.049833887,3,0.75,0.38493724,0.35704324,0.25801953,0.16317992,0.52301255,0.31380753,"Miguel Rojas",7802,500743
"Brandon Marsh","- - -",0.345991561,1.705882352,0.236514522,0.4813278,0.282157676,0.044117647,0.117647058,4,0.034482758,0,0,0.36904762,0.37301587,0.25793651,0.09126984,0.5952381,0.31349206,"Brandon Marsh",20202,669016
"David Dahl","- - -",0.319444444,1.44680851,0.212328767,0.465753424,0.321917808,0.063829787,0.063829787,5,0.073529411,0,0,0.34013605,0.40136054,0.2585034,0.15646259,0.53061224,0.31292517,"David Dahl",13744,621311
"Mark Trumbo","BAL",0.1875,1.6,0.1875,0.5,0.3125,0.2,0,0,0,0,0,0.4375,0.4375,0.125,0.25,0.4375,0.3125,"Mark Trumbo",6876,444432
"Daniel Descalso","CHC",0.2,1.6,0.071428571,0.571428571,0.357142857,0,0,0,0,1,0.5,0.3125,0.4375,0.25,0.25,0.4375,0.3125,"Daniel Descalso",8392,518614
"Jorge Mateo","- - -",0.307692307,1.192,0.205797101,0.431884057,0.36231884,0.064,0.096,14,0.093959731,2,0.285714285,0.41477273,0.33522727,0.25,0.17613636,0.51136364,0.3125,"Jorge Mateo",17273,622761
"Peter Lambert","COL",0.5,7,0.272727272,0.636363636,0.09090909,0,0,0,0,0,0,0.1875,0.375,0.4375,0.25,0.4375,0.3125,"Peter Lambert",17969,663567
"Sebastián Rivero","- - -",0.3125,0.857142857,0.1875,0.375,0.4375,0.142857142,0,2,0.333333333,0,0,0.4375,0.4375,0.125,0.1875,0.5,0.3125,"Sebastian Rivero",21735,665861
"Lenyn Sosa","CHW",0.317180616,0.884210526,0.247899159,0.352941176,0.399159663,0.063157894,0.115789473,7,0.083333333,0,0,0.37083333,0.33333333,0.29583333,0.15833333,0.52916667,0.3125,"Lenyn Sosa",22896,672820
"Drew Waters","KCR",0.285714285,1.131578947,0.129032258,0.462365591,0.40860215,0.052631578,0.052631578,3,0.069767441,0,0,0.37634409,0.25806452,0.3655914,0.1827957,0.50537634,0.31182796,"Drew Waters",20505,671221
"Jeremy Peña","HOU",0.331858407,1.54054054,0.191397849,0.49032258,0.318279569,0.04054054,0.121621621,35,0.153508771,1,0.142857142,0.43220339,0.36864407,0.19915254,0.13771186,0.55084746,0.31144068,"Jeremy Pena",21636,665161
"Mike Tauchman","- - -",0.346534653,1.593220338,0.264423076,0.451923076,0.283653846,0.050847457,0.101694915,1,0.010638297,0,0,0.30143541,0.38277512,0.31578947,0.20574163,0.48325359,0.31100478,"Mike Tauchman",15274,643565
"Matt Wallner","MIN",0.232142857,0.94117647,0.168067226,0.403361344,0.428571428,0.137254901,0.137254901,3,0.0625,0,0,0.45378151,0.31092437,0.23529412,0.22689076,0.46218487,0.31092437,"Matt Wallner",26466,670242
"Chad Wallach","- - -",0.343283582,1.137931034,0.138888888,0.458333333,0.402777777,0,0.172413793,2,0.06060606,0,0,0.36486486,0.31081081,0.32432432,0.08108108,0.60810811,0.31081081,"Chad Wallach",17161,595453
"Andrew Benintendi","- - -",0.305743243,1.087719298,0.218390804,0.407224958,0.374384236,0.074561403,0.096491228,15,0.06048387,2,0.222222222,0.35113269,0.38187702,0.26699029,0.12621359,0.5631068,0.31067961,"Andrew Benintendi",17901,643217
"Will Wagner","- - -",0.222222222,1.777777777,0.107142857,0.571428571,0.321428571,0,0.111111111,1,0.0625,0,0,0.44827586,0.4137931,0.13793103,0.17241379,0.51724138,0.31034483,"Will Wagner",29634,695238
"Connor Joe","- - -",0.294258373,1.071428571,0.194444444,0.416666666,0.388888888,0.136904761,0.083333333,10,0.055555555,0,0,0.40972222,0.33564815,0.25462963,0.21064815,0.47916667,0.31018519,"Connor Joe",16572,656582
"Josh VanMeter","- - -",0.285714285,1.074074074,0.2,0.414285714,0.385714285,0.185185185,0.037037037,0,0,0,0,0.45070423,0.30985915,0.23943662,0.18309859,0.50704225,0.30985915,"Josh VanMeter",15170,642165
"Nick Solak","- - -",0.330434782,1.621621621,0.184873949,0.50420168,0.310924369,0.081081081,0.121621621,14,0.116666666,1,1,0.42677824,0.36401674,0.20920502,0.15062762,0.53974895,0.30962343,"Nick Solak",19294,669256
"Oneil Cruz","PIT",0.26,1.686567164,0.142857142,0.538095238,0.319047619,0.119402985,0.149253731,4,0.03539823,0,0,0.47142857,0.33809524,0.19047619,0.2047619,0.48571429,0.30952381,"Oneil Cruz",21711,665833
"Jake Marisnick","- - -",0.311764705,0.918918918,0.179190751,0.393063583,0.427745664,0.121621621,0.121621621,10,0.147058823,0,0,0.40331492,0.36464088,0.2320442,0.19337017,0.49723757,0.30939227,"Jake Marisnick",11339,545350
"David Peralta","- - -",0.310861423,1.876712328,0.22509225,0.505535055,0.269372693,0.109589041,0.06849315,10,0.0729927,0,0,0.38235294,0.35661765,0.26102941,0.22794118,0.46323529,0.30882353,"David Peralta",2136,444482
"Luke Maile","- - -",0.286821705,1.037735849,0.19402985,0.410447761,0.395522388,0.094339622,0.094339622,2,0.036363636,0,0,0.42647059,0.33823529,0.23529412,0.13235294,0.55882353,0.30882353,"Luke Maile",13355,571912
"Casey Schmitt","SFG",0.260416666,1.05479452,0.253731343,0.383084577,0.363184079,0.08219178,0.123287671,4,0.051948051,0,0,0.4278607,0.32338308,0.24875622,0.13930348,0.55223881,0.30845771,"Casey Schmitt",27577,669477
"Brandon Nimmo","NYM",0.337243401,1.412280701,0.219858156,0.456737588,0.323404255,0.083333333,0.109649122,21,0.065217391,0,0,0.32394366,0.35633803,0.31971831,0.16760563,0.52394366,0.3084507,"Brandon Nimmo",12927,607043
"Nick Hundley","OAK",0.083333333,2.25,0,0.692307692,0.307692307,0,0.25,0,0,0,0,0.38461538,0.23076923,0.38461538,0.07692308,0.61538462,0.30769231,"Nick Hundley",3376,460026
"Mark Zagunis","CHC",0.384615384,4,0.23076923,0.615384615,0.153846153,0,0,2,0.25,0,0,0.46153846,0.30769231,0.23076923,0.23076923,0.46153846,0.30769231,"Mark Zagunis",16565,657145
"Marco Luciano","SFG",0.461538461,1.5,0.23076923,0.461538461,0.307692307,0,0,1,0.083333333,0,0,0.26923077,0.5,0.23076923,0.15384615,0.53846154,0.30769231,"Marco Luciano",25616,682617
"Ryan Bliss","SEA",0.333333333,1.333333333,0.16,0.48,0.36,0,0.222222222,1,0.083333333,1,1,0.34615385,0.53846154,0.11538462,0.15384615,0.53846154,0.30769231,"Ryan Bliss",29547,669208
"Matt Shaw","CHC",0.263888888,1.2,0.153846153,0.461538461,0.384615384,0.133333333,0.2,5,0.138888888,0,0,0.43589744,0.34615385,0.21794872,0.23076923,0.46153846,0.30769231,"Matt Shaw",33322,807713
"Hyeseong Kim","LAD",0.583333333,1.75,0.153846153,0.538461538,0.307692307,0,0.25,3,0.428571428,0,0,0.61538462,0.30769231,0.07692308,0.23076923,0.46153846,0.30769231,"Hyeseong Kim",35322,808975
"Victor Reyes","DET",0.361386138,3.285714285,0.21875,0.598958333,0.182291666,0.057142857,0.057142857,6,0.052173913,6,0.461538461,0.33658537,0.34146341,0.32195122,0.10731707,0.58536585,0.30731707,"Victor Reyes",15487,622682
"Marwin Gonzalez","- - -",0.302040816,1.583333333,0.261904761,0.452380952,0.285714285,0.055555555,0.111111111,4,0.035087719,1,0.5,0.44094488,0.35826772,0.2007874,0.14173228,0.5511811,0.30708661,"Marwin Gonzalez",5497,503556
"Delino DeShields","- - -",0.336134453,1,0.217391304,0.391304347,0.391304347,0.155555555,0.088888888,6,0.133333333,5,0.416666666,0.38582677,0.34645669,0.26771654,0.12598425,0.56692913,0.30708661,"Delino DeShields",11379,592261
"David Villar","SFG",0.3125,0.804878048,0.26,0.33,0.41,0.073170731,0.121951219,2,0.06060606,0,0,0.32673267,0.35643564,0.31683168,0.14851485,0.54455446,0.30693069,"David Villar",24782,681584
"Ian Happ","CHC",0.310986964,1.474860335,0.20323741,0.474820143,0.321942446,0.12849162,0.134078212,28,0.106060606,3,0.375,0.39893617,0.33865248,0.26241135,0.20035461,0.4929078,0.30673759,"Ian Happ",17919,664023
"Ji Man Choi","- - -",0.308219178,1.545454545,0.243243243,0.459459459,0.297297297,0.068181818,0.09090909,4,0.058823529,2,1,0.3,0.43333333,0.26666667,0.16,0.53333333,0.30666667,"Ji Man Choi",5452,596847
"Nick Pratto","KCR",0.327586206,0.962962962,0.14516129,0.419354838,0.43548387,0.111111111,0.148148148,1,0.038461538,0,0,0.41935484,0.37096774,0.20967742,0.16129032,0.53225806,0.30645161,"Nick Pratto",22117,668472
"Todd Frazier","- - -",0.328467153,0.695652173,0.204081632,0.326530612,0.469387755,0.144927536,0.144927536,1,0.020833333,0,0,0.49659864,0.31972789,0.18367347,0.19727891,0.49659864,0.30612245,"Todd Frazier",785,453943
"Nasim Nuñez","WSN",0.288888888,1.846153846,0.159090909,0.545454545,0.295454545,0,0.153846153,1,0.041666666,0,0,0.2244898,0.46938776,0.30612245,0.14285714,0.55102041,0.30612245,"Nasim Nunez",25979,683083
"Kerry Carpenter","DET",0.236220472,1.619047619,0.179104477,0.507462686,0.313432835,0.119047619,0.166666666,4,0.058823529,0,0,0.46268657,0.3358209,0.20149254,0.12686567,0.56716418,0.30597015,"Kerry Carpenter",25961,681481
"Cristian Pache","- - -",0.301075268,1.551724137,0.204301075,0.483870967,0.311827956,0.017241379,0.086206896,4,0.044444444,0,0,0.4611399,0.28497409,0.25388601,0.11917098,0.57512953,0.30569948,"Cristian Pache",19948,665506
"Max Kepler","- - -",0.261569416,0.976415094,0.189555125,0.400386847,0.410058027,0.16981132,0.094339622,11,0.053140096,0,0,0.45067698,0.36170213,0.18762089,0.20502901,0.4893617,0.30560928,"Max Kepler",12144,596146
"Drew Butera","- - -",0.222222222,1,0.166666666,0.416666666,0.416666666,0.266666666,0,0,0,0,0,0.61111111,0.27777778,0.11111111,0.16666667,0.52777778,0.30555556,"Drew Butera",3411,460077
"Alexander Canario","- - -",0.294117647,1,0.166666666,0.416666666,0.416666666,0.1,0.133333333,4,0.133333333,0,0,0.41666667,0.33333333,0.25,0.22222222,0.47222222,0.30555556,"Alexander Canario",22842,672744
"José Peraza","- - -",0.256830601,0.734939759,0.229946524,0.326203208,0.443850267,0.108433734,0.048192771,3,0.049180327,0,0,0.36363636,0.36898396,0.26737968,0.18181818,0.51336898,0.30481283,"Jose Peraza",13593,606299
"Charlie Blackmon","COL",0.334375,1.339622641,0.249621785,0.429652042,0.320726172,0.122641509,0.103773584,23,0.080985915,1,0.5,0.3785822,0.36349925,0.25791855,0.20211161,0.49321267,0.30467572,"Charlie Blackmon",7859,453568
"Joc Pederson","- - -",0.331578947,1.836363636,0.191709844,0.523316062,0.284974093,0.109090909,0.127272727,9,0.08910891,1,0.25,0.39086294,0.36040609,0.24873096,0.14213198,0.55329949,0.30456853,"Joc Pederson",11899,592626
"Anthony Volpe","NYY",0.309375,1.275862068,0.187692307,0.455384615,0.356923076,0.103448275,0.103448275,9,0.06081081,3,0.3,0.37014925,0.40298507,0.22686567,0.12537313,0.57014925,0.30447761,"Anthony Volpe",27647,683011
"Leo Rivas","SEA",0.347826086,1.266666666,0.227272727,0.431818181,0.34090909,0.133333333,0,0,0,2,1,0.36956522,0.45652174,0.17391304,0.10869565,0.58695652,0.30434783,"Leo Rivas",21009,660844
"Nick Yorke","PIT",0.347826086,1.125,0.260869565,0.391304347,0.347826086,0.125,0,0,0,0,0,0.34782609,0.34782609,0.30434783,0.13043478,0.56521739,0.30434783,"Nick Yorke",27504,694377
"Justyn-Henry Malloy","DET",0.348484848,0.625,0.246376811,0.289855072,0.463768115,0.125,0.09375,2,0.1,0,0,0.4057971,0.31884058,0.27536232,0.20289855,0.49275362,0.30434783,"Justyn-Henry Malloy",29606,669234
"Daniel Vogelbach","- - -",0.169696969,0.891891891,0.181286549,0.385964912,0.432748538,0.094594594,0.081081081,1,0.015151515,0,0,0.40935673,0.30409357,0.28654971,0.22807018,0.46783626,0.30409357,"Daniel Vogelbach",14130,596129
"Tim Locastro","- - -",0.254658385,0.926470588,0.210843373,0.379518072,0.409638554,0.205882352,0.102941176,9,0.142857142,1,0.2,0.42690058,0.30409357,0.26900585,0.23391813,0.4619883,0.30409357,"Tim Locastro",15124,641796
"Tim Lopes","- - -",0.315789473,1.185185185,0.253164556,0.405063291,0.341772151,0.185185185,0.111111111,7,0.21875,0,0,0.39240506,0.29113924,0.3164557,0.21518987,0.48101266,0.30379747,"Tim Lopes",14137,621005
"Derek Hill","- - -",0.364864864,1.282608695,0.244604316,0.424460431,0.330935251,0.04347826,0.152173913,9,0.152542372,7,0.368421052,0.29113924,0.35443038,0.35443038,0.13924051,0.55696203,0.30379747,"Derek Hill",16947,656537
"Manuel Margot","- - -",0.327868852,1.172588832,0.220400728,0.420765027,0.358834244,0.116751269,0.060913705,25,0.108225108,8,0.571428571,0.37833037,0.39609236,0.22557726,0.14920071,0.54706927,0.30373002,"Manuel Margot",14712,622534
"Adam Haseley","- - -",0.327272727,3.777777777,0.218181818,0.618181818,0.163636363,0.111111111,0,3,0.088235294,0,0,0.28571429,0.5,0.21428571,0.17857143,0.51785714,0.30357143,"Adam Haseley",19878,656514
"Thairo Estrada","- - -",0.283116883,1.396946564,0.213032581,0.458646616,0.328320802,0.091603053,0.106870229,11,0.060109289,0,0,0.445,0.335,0.22,0.18295739,0.51378446,0.30325815,"Thairo Estrada",16426,642731
"Tyler Nevin","- - -",0.267123287,0.791666666,0.167741935,0.367741935,0.464516129,0.069444444,0.125,3,0.052631578,0,0,0.39354839,0.25806452,0.3483871,0.13548387,0.56129032,0.30322581,"Tyler Nevin",17893,663527
"Eric Sogard","- - -",0.272,0.74137931,0.223076923,0.33076923,0.446153846,0.172413793,0.103448275,1,0.023255813,1,0.5,0.29545455,0.33333333,0.37121212,0.22727273,0.46969697,0.3030303,"Eric Sogard",7927,519299
"Lars Nootbaar","STL",0.309446254,1.554455445,0.175718849,0.501597444,0.322683706,0.158415841,0.08910891,12,0.076433121,2,0.5,0.35962145,0.43217666,0.20820189,0.22397476,0.47318612,0.30283912,"Lars Nootbaar",21454,663457
"Jonathan India","- - -",0.321266968,1.173913043,0.229074889,0.416299559,0.35462555,0.093167701,0.074534161,20,0.105820105,0,0,0.44736842,0.31359649,0.23903509,0.16008772,0.5372807,0.30263158,"Jonathan India",21523,663697
"Jonathan Aranda","TBR",0.346666666,2.705882352,0.171052631,0.605263157,0.22368421,0.058823529,0.058823529,4,0.086956521,0,0,0.43421053,0.31578947,0.25,0.17105263,0.52631579,0.30263158,"Jonathan Aranda",21837,666018
"Owen Miller","- - -",0.283950617,1.223529411,0.237903225,0.419354838,0.342741935,0.058823529,0.058823529,2,0.019230769,0,0,0.2983871,0.41935484,0.28225806,0.1733871,0.52419355,0.30241935,"Owen Miller",24655,680911
"Jeimer Candelario","- - -",0.29224652,1.070351758,0.216730038,0.404942965,0.378326996,0.060301507,0.115577889,17,0.079812206,0,0,0.45627376,0.35741445,0.18631179,0.18060837,0.51711027,0.30228137,"Jeimer Candelario",13621,600869
"Jonny DeLuca","- - -",0.288461538,1.184210526,0.209523809,0.428571428,0.361904761,0.105263157,0.052631578,4,0.088888888,1,1,0.5,0.27358491,0.22641509,0.17924528,0.51886792,0.30188679,"Jonny DeLuca",26365,676356
"Luis Robert Jr.","CHW",0.354740061,0.937931034,0.201704545,0.386363636,0.411931818,0.062068965,0.172413793,16,0.117647058,0,0,0.38352273,0.32954545,0.28693182,0.16193182,0.53693182,0.30113636,"Luis Robert Jr.",20043,673357
"Keston Hiura","- - -",0.326923076,1.033333333,0.251533742,0.380368098,0.368098159,0.066666666,0.116666666,3,0.048387096,0,0,0.35582822,0.38650307,0.25766871,0.13496933,0.56441718,0.3006135,"Keston Hiura",20003,669374
"Maikel Franco","- - -",0.269624573,1.387755102,0.227722772,0.448844884,0.323432343,0.163265306,0.102040816,4,0.029411764,0,0,0.40924092,0.34653465,0.24422442,0.19141914,0.50825083,0.30033003,"Maikel Franco",12179,596748
"Brandon Crawford","- - -",0.288515406,1.333333333,0.217983651,0.446866485,0.335149863,0.121951219,0.097560975,9,0.054878048,2,0.666666666,0.38378378,0.38378378,0.23243243,0.22432432,0.47567568,0.3,"Brandon Crawford",5343,543063
"Gordon Beckham","DET",0.225,1.333333333,0.125,0.5,0.375,0,0,1,0.05,0,0,0.625,0.25,0.125,0.075,0.625,0.3,"Gordon Beckham",9015,493596
"Adrian Houser","MIL",0.25,0.666666666,0.166666666,0.333333333,0.5,0.333333333,0.666666666,0,0,0,0,0.1,0.5,0.4,0.3,0.4,0.3,"Adrian Houser",12718,605288
"Yu Darvish","- - -",0.2,8,0,0.888888888,0.111111111,0,0,0,0,0,0,0,0.5,0.5,0.1,0.6,0.3,"Yu Darvish",13074,506433
"Ildemaro Vargas","- - -",0.267676767,1.372262773,0.203431372,0.460784313,0.335784313,0.102189781,0.09489051,14,0.074468085,0,0,0.51219512,0.30731707,0.1804878,0.1804878,0.5195122,0.3,"Ildemaro Vargas",13324,545121
"Brian Serven","- - -",0.224489795,0.904761904,0.2,0.38,0.42,0.142857142,0.047619047,1,0.052631578,0,0,0.5,0.3,0.2,0.24,0.46,0.3,"Brian Serven",19422,661531
"Jake Noll","WSN",0.4,1.333333333,0.3,0.4,0.3,0.333333333,0,1,0.25,0,0,0.2,0.7,0.1,0.2,0.5,0.3,"Jake Noll",19703,669738
"J.C. Escarra","NYY",0.4,1.333333333,0.3,0.4,0.3,0.333333333,0,0,0,0,0,0.5,0.1,0.4,0.2,0.5,0.3,"J.C. Escarra",20084,641555
"Griffin Conine","MIA",0.413793103,1.4,0.2,0.466666666,0.333333333,0.2,0.1,0,0,0,0,0.4,0.3,0.3,0.2,0.5,0.3,"Griffin Conine",21626,665052
"Maximo Acosta","MIA",0.3,1.333333333,0.3,0.4,0.3,0,0,0,0,0,0,0.6,0.3,0.1,0,0.7,0.3,"Maximo Acosta",27963,691185
"Jordan Lawlar","ARI",0.233333333,0.692307692,0.185185185,0.333333333,0.481481481,0.153846153,0,0,0,1,0.333333333,0.56666667,0.3,0.13333333,0.13333333,0.56666667,0.3,"Jordan Lawlar",29976,691783
"Andy Pages","LAD",0.41436464,0.666666666,0.278074866,0.288770053,0.43315508,0.024691358,0.074074074,4,0.074074074,0,0,0.38502674,0.31016043,0.30481283,0.11229947,0.58823529,0.29946524,"Andy Pages",24816,681624
"Brooks Lee","MIN",0.303571428,1.563636363,0.184971098,0.497109826,0.317919075,0.072727272,0.109090909,6,0.069767441,1,1,0.37356322,0.40804598,0.2183908,0.14942529,0.55172414,0.29885057,"Brooks Lee",31595,686797
"Trent Grisham","- - -",0.281173594,1.265306122,0.197590361,0.448192771,0.354216867,0.1292517,0.170068027,14,0.075268817,7,0.259259259,0.40271493,0.39140271,0.20588235,0.17647059,0.52488688,0.29864253,"Trent Grisham",18564,663757
"Ryan Cordell","- - -",0.307692307,1,0.225806451,0.387096774,0.387096774,0.291666666,0.083333333,4,0.166666666,2,0.4,0.49253731,0.25373134,0.25373134,0.2238806,0.47761194,0.29850746,"Ryan Cordell",15181,641477
"Whit Merrifield","- - -",0.274853801,0.909090909,0.241329479,0.361271676,0.397398843,0.047272727,0.083636363,15,0.06,6,0.4,0.37057992,0.34653465,0.28288543,0.12446959,0.57708628,0.29844413,"Whit Merrifield",11281,593160
"Nolan Gorman","STL",0.291666666,0.56043956,0.211111111,0.283333333,0.505555555,0.175824175,0.142857142,8,0.156862745,1,1,0.39779006,0.33701657,0.26519337,0.22651934,0.47513812,0.29834254,"Nolan Gorman",22263,669357
"Brett Wisely","SFG",0.433962264,1.111111111,0.25490196,0.392156862,0.352941176,0.277777777,0.111111111,0,0,3,0.5,0.38596491,0.40350877,0.21052632,0.22807018,0.47368421,0.29824561,"Brett Wisely",27735,689172
"Starling Marte","- - -",0.333884297,1.698863636,0.230145867,0.484602917,0.285251215,0.068181818,0.142045454,27,0.090301003,8,0.470588235,0.44164038,0.32018927,0.23817035,0.16719243,0.53470032,0.29810726,"Starling Marte",9241,516782
"Garrett Hampson","- - -",0.316027088,0.875,0.223529411,0.362352941,0.414117647,0.102272727,0.056818181,14,0.09090909,14,0.368421052,0.34557235,0.34557235,0.30885529,0.15334773,0.54859611,0.29805616,"Garrett Hampson",19262,641658
"Kyren Paris","LAA",0.171428571,1.23076923,0.194444444,0.444444444,0.361111111,0.076923076,0.153846153,1,0.0625,1,1,0.43243243,0.2972973,0.27027027,0.05405405,0.64864865,0.2972973,"Kyren Paris",26420,677347
"Henry Davis","PIT",0.216981132,0.854166666,0.198198198,0.369369369,0.432432432,0.291666666,0.104166666,1,0.024390243,0,0,0.53153153,0.31531532,0.15315315,0.28828829,0.41441441,0.2972973,"Henry Davis",29617,680779
"Isaac Collins","MIL",0.278350515,1,0.207920792,0.396039603,0.396039603,0.125,0.1,2,0.05,0,0,0.41584158,0.33663366,0.24752475,0.13861386,0.56435644,0.2970297,"Isaac Collins",25477,686555
"Gerardo Parra","- - -",0.262295081,2.5,0.196721311,0.573770491,0.229508196,0.142857142,0.071428571,1,0.028571428,0,0,0.40625,0.3125,0.28125,0.234375,0.46875,0.296875,"Gerardo Parra",8553,467827
"Austin Barnes","LAD",0.253333333,1.084210526,0.142857142,0.445887445,0.411255411,0.042105263,0.07368421,8,0.077669902,1,0.2,0.40254237,0.37711864,0.22033898,0.15677966,0.54661017,0.29661017,"Austin Barnes",12158,605131
"Luke Raley","- - -",0.238938053,1.594594594,0.172413793,0.508620689,0.318965517,0.054054054,0.108108108,4,0.06779661,1,0.5,0.44067797,0.37288136,0.18644068,0.16949153,0.53389831,0.29661017,"Luke Raley",19354,670042
"Joey Rickard","- - -",0.365384615,1.625,0.222222222,0.481481481,0.296296296,0.125,0.125,4,0.153846153,0,0,0.48148148,0.31481481,0.2037037,0.12962963,0.57407407,0.2962963,"Joey Rickard",13277,572073
"Kevin Smith","- - -",0.287671232,0.763157894,0.141025641,0.371794871,0.487179487,0.078947368,0.131578947,2,0.068965517,0,0,0.44444444,0.28395062,0.27160494,0.13580247,0.56790123,0.2962963,"Kevin Smith",20242,675656
"Warming Bernabel","COL",0.269230769,0.785714285,0.074074074,0.407407407,0.518518518,0.142857142,0.071428571,1,0.09090909,0,0,0.2962963,0.40740741,0.2962963,0.14814815,0.55555556,0.2962963,"Warming Bernabel",26536,682653
"Yu Chang","- - -",0.261627906,0.985915492,0.212290502,0.391061452,0.396648044,0.084507042,0.098591549,6,0.085714285,0,0,0.40223464,0.30726257,0.29050279,0.18435754,0.51955307,0.29608939,"Yu Chang",14773,644374
"Luis Urías","- - -",0.29117647,1.127819548,0.205056179,0.421348314,0.373595505,0.142857142,0.127819548,10,0.066666666,1,0.5,0.49441341,0.29888268,0.20670391,0.19553073,0.50837989,0.29608939,"Luis Urias",16622,649966
"Rodolfo Castro","- - -",0.277419354,1.79245283,0.124260355,0.562130177,0.313609467,0.094339622,0.264150943,11,0.115789473,0,0,0.47928994,0.32544379,0.19526627,0.17751479,0.52662722,0.29585799,"Rodolfo Castro",21987,666801
"Dylan Carlson","- - -",0.338753387,0.973154362,0.224274406,0.382585751,0.393139841,0.040268456,0.080536912,13,0.089655172,0,0,0.39790576,0.31937173,0.28272251,0.13612565,0.56806283,0.29581152,"Dylan Carlson",20126,666185
"Leo Jiménez","TOR",0.357142857,1.1875,0.204545454,0.431818181,0.363636363,0,0.125,2,0.105263157,0,0,0.52272727,0.22727273,0.25,0.09090909,0.61363636,0.29545455,"Leo Jimenez",23782,677870
"DJ Stewart","- - -",0.287128712,1.371428571,0.178217821,0.475247524,0.346534653,0.171428571,0.057142857,3,0.0625,0,0,0.46666667,0.2952381,0.23809524,0.19047619,0.51428571,0.2952381,"DJ Stewart",17766,621466
"Luis García Jr.","WSN",0.284688995,1.808333333,0.191846522,0.520383693,0.287769784,0.091666666,0.033333333,11,0.050691244,1,0.142857142,0.35141509,0.40801887,0.24056604,0.20518868,0.5,0.29481132,"Luis Garcia Jr.",20391,671277
"Gunnar Henderson","BAL",0.287206266,1.448529411,0.161209068,0.496221662,0.342569269,0.183823529,0.102941176,9,0.045685279,0,0,0.38539043,0.36775819,0.24685139,0.19647355,0.50881612,0.29471033,"Gunnar Henderson",26289,683002
"Ehire Adrianza","- - -",0.267605633,1.972972972,0.219858156,0.517730496,0.262411347,0.162162162,0.081081081,4,0.05479452,3,0.6,0.43150685,0.34931507,0.21917808,0.17123288,0.53424658,0.29452055,"Ehire Adrianza",8418,501303
"Jose Miranda","MIN",0.262711864,0.826086956,0.153225806,0.383064516,0.463709677,0.113043478,0.104347826,6,0.063157894,0,0,0.44354839,0.35887097,0.19758065,0.14919355,0.55645161,0.29435484,"Jose Miranda",20538,669304
"Zack Greinke","- - -",0.428571428,0.833333333,0.266666666,0.333333333,0.4,0.166666666,0.333333333,0,0,1,0.5,0.52941176,0.29411765,0.17647059,0.17647059,0.52941176,0.29411765,"Zack Greinke",1943,425844
"Ben Zobrist","CHC",0.235294117,2.5,0.125,0.625,0.25,0.25,0,0,0,1,1,0.29411765,0.52941176,0.17647059,0.29411765,0.41176471,0.29411765,"Ben Zobrist",7435,450314
"Scott Schebler","- - -",0.0625,2.2,0.058823529,0.647058823,0.294117647,0.2,0.2,1,0.09090909,0,0,0.41176471,0.29411765,0.29411765,0.35294118,0.35294118,0.29411765,"Scott Schebler",12225,594988
"Matt Reynolds","- - -",0.3,1.411764705,0.196078431,0.470588235,0.333333333,0,0.058823529,2,0.083333333,0,0,0.29411765,0.39215686,0.31372549,0.11764706,0.58823529,0.29411765,"Matt Reynolds",13788,608703
"Aramis Garcia","- - -",0.34,1.222222222,0.215686274,0.431372549,0.352941176,0.055555555,0.055555555,2,0.09090909,0,0,0.49019608,0.25490196,0.25490196,0.1372549,0.56862745,0.29411765,"Aramis Garcia",16925,605244
"Ronny Mauricio","NYM",0.2,2.583333333,0.156862745,0.607843137,0.235294117,0.083333333,0.083333333,2,0.064516129,0,0,0.43137255,0.39215686,0.17647059,0.21568627,0.49019608,0.29411765,"Ronny Mauricio",23698,677595
"Rece Hinds","CIN",0.0625,1.125,0,0.529411764,0.470588235,0,0.125,0,0,0,0,0.35294118,0.35294118,0.29411765,0.17647059,0.52941176,0.29411765,"Rece Hinds",27493,677956
"Justin Foscue","TEX",0.117647058,0.454545454,0.058823529,0.294117647,0.647058823,0.363636363,0,0,0,0,0,0.41176471,0.29411765,0.29411765,0.29411765,0.41176471,0.29411765,"Justin Foscue",27501,679822
"Austin Wells","NYY",0.270072992,0.796875,0.178571428,0.364285714,0.457142857,0.046875,0.09375,1,0.019607843,1,0.333333333,0.39160839,0.35664336,0.25174825,0.15384615,0.55244755,0.29370629,"Austin Wells",27562,669224
"Christin Stewart","DET",0.315789473,1.388888888,0.258620689,0.431034482,0.310344827,0.111111111,0.055555555,0,0,0,0,0.46551724,0.36206897,0.17241379,0.18965517,0.51724138,0.29310345,"Christin Stewart",17714,621514
"Andruw Monasterio","MIL",0.31617647,0.714285714,0.217391304,0.326086956,0.456521739,0.047619047,0.063492063,3,0.066666666,0,0,0.39285714,0.36428571,0.24285714,0.11428571,0.59285714,0.29285714,"Andruw Monasterio",19455,655316
"Edgar Quero","CHW",0.428571428,2,0.235849056,0.509433962,0.254716981,0.111111111,0.037037037,5,0.092592592,0,0,0.29245283,0.35849057,0.3490566,0.08490566,0.62264151,0.29245283,"Edgar Quero",28022,700337
"Nick Fortes","- - -",0.251724137,0.886363636,0.150170648,0.399317406,0.450511945,0.166666666,0.068181818,7,0.059829059,2,0.25,0.46843854,0.27242525,0.25913621,0.20265781,0.50498339,0.2923588,"Nick Fortes",21538,663743
"Joey Ortiz","- - -",0.303738317,1.24691358,0.172727272,0.459090909,0.368181818,0.098765432,0.098765432,8,0.07920792,0,0,0.2920354,0.37610619,0.33185841,0.22566372,0.48230088,0.2920354,"Joey Ortiz",25493,687401
"Robinson Canó","- - -",0.251908396,2.189189189,0.119402985,0.604477611,0.276119402,0.108108108,0.162162162,4,0.049382716,2,0.666666666,0.32116788,0.32846715,0.35036496,0.21167883,0.49635036,0.2919708,"Robinson Cano",3269,429664
"Elly De La Cruz","CIN",0.313099041,1.736842105,0.1875,0.515625,0.296875,0.084210526,0.136842105,14,0.084848484,2,0.222222222,0.41641337,0.37993921,0.20364742,0.14893617,0.55927052,0.29179331,"Elly De La Cruz",26668,682829
"Kristopher Negrón","- - -",0.217391304,2.5,0.086956521,0.652173913,0.260869565,0,0.166666666,1,0.066666666,0,0,0.20833333,0.5,0.29166667,0.20833333,0.5,0.29166667,"Kristopher Negron",5306,502117
"Rosell Herrera","MIA",0.136363636,1.571428571,0.217391304,0.478260869,0.304347826,0.142857142,0.142857142,0,0,0,0,0.45833333,0.29166667,0.25,0.125,0.58333333,0.29166667,"Rosell Herrera",11611,594011
"Taylor Motter","- - -",0.333333333,0.7,0.291666666,0.291666666,0.416666666,0.2,0,1,0.142857142,0,0,0.54166667,0.29166667,0.16666667,0.25,0.45833333,0.29166667,"Taylor Motter",12399,600301
"Michael Harris II","ATL",0.319809069,1.887096774,0.171296296,0.541666666,0.287037037,0.080645161,0.137096774,19,0.081196581,3,0.428571428,0.40091116,0.38952164,0.2095672,0.18906606,0.51936219,0.29157175,"Michael Harris II",25931,671739
"Brian Goodwin","- - -",0.261904761,1.191489361,0.219696969,0.424242424,0.356060606,0.085106382,0.127659574,4,0.071428571,0,0,0.44776119,0.35074627,0.20149254,0.14925373,0.55970149,0.29104478,"Brian Goodwin",12858,571718
"Brandon Lockridge","- - -",0.288461538,1.333333333,0.16,0.48,0.36,0.055555555,0.055555555,0,0,3,0.6,0.23636364,0.32727273,0.43636364,0.16363636,0.54545455,0.29090909,"Brandon Lockridge",21496,663604
"Christian Vázquez","- - -",0.264077669,0.84680851,0.200736648,0.366482504,0.432780847,0.114893617,0.119148936,13,0.065326633,0,0,0.42463235,0.31617647,0.25919118,0.17463235,0.53492647,0.29044118,"Christian Vazquez",9774,543877
"Frank Schwindel","- - -",0.25409836,1,0.190839694,0.404580152,0.404580152,0.094339622,0.16981132,6,0.113207547,0,0,0.42748092,0.3129771,0.25954198,0.17557252,0.53435115,0.29007634,"Frank Schwindel",15351,643524
"Wilmer Difo","- - -",0.338235294,1.04,0.203125,0.40625,0.390625,0.08,0.04,5,0.192307692,1,0.2,0.49275362,0.28985507,0.2173913,0.23188406,0.47826087,0.28985507,"Wilmer Difo",14320,594694
"Dominic Smith","- - -",0.317142857,1.570093457,0.233983286,0.467966573,0.298050139,0.06542056,0.084112149,7,0.041666666,0,0,0.3816156,0.39275766,0.22562674,0.14763231,0.56267409,0.28969359,"Dominic Smith",15653,642086
"Wilfredo Tovar","- - -",0.263157894,1.5,0.210526315,0.47368421,0.315789473,0.25,0,0,0,0,0,0.26315789,0.36842105,0.36842105,0.21052632,0.5,0.28947368,"Wilfredo Tovar",10416,541600
"Caleb Durbin","MIL",0.247706422,0.916666666,0.148148148,0.407407407,0.444444444,0.125,0.083333333,4,0.09090909,3,0.5,0.47368421,0.25438596,0.27192982,0.14035088,0.57017544,0.28947368,"Caleb Durbin",29646,702332
"Nacho Alvarez Jr.","ATL",0.216216216,0.684210526,0.135135135,0.351351351,0.513513513,0.157894736,0,0,0,0,0,0.31578947,0.34210526,0.34210526,0.34210526,0.36842105,0.28947368,"Nacho Alvarez Jr.",31765,805373
"Pedro Pagés","STL",0.336,1.2,0.2265625,0.421875,0.3515625,0.133333333,0.066666666,5,0.092592592,0,0,0.328125,0.3359375,0.3359375,0.1328125,0.578125,0.2890625,"Pedro Pages",25782,686780
"Jackie Bradley Jr.","- - -",0.260377358,2.064935064,0.138686131,0.58029197,0.281021897,0.064935064,0.129870129,8,0.050314465,0,0,0.3898917,0.38628159,0.22382671,0.22382671,0.48736462,0.28880866,"Jackie Bradley Jr.",12984,598265
"DJ Peters","- - -",0.183673469,1,0.153846153,0.423076923,0.423076923,0.181818181,0.136363636,0,0,0,0,0.26923077,0.53846154,0.19230769,0.28846154,0.42307692,0.28846154,"DJ Peters",19348,656847
"Adam Engel","- - -",0.286549707,0.944444444,0.181286549,0.397660818,0.421052631,0.208333333,0.083333333,3,0.044117647,2,0.333333333,0.39548023,0.30508475,0.29943503,0.25423729,0.45762712,0.28813559,"Adam Engel",15082,641553
"Dwight Smith Jr.","BAL",0.285714285,2,0.166666666,0.555555555,0.277777777,0.15,0.15,3,0.075,1,1,0.42465753,0.31506849,0.26027397,0.26027397,0.45205479,0.28767123,"Dwight Smith Jr.",13473,596105
"Cavan Biggio","- - -",0.364444444,1.103896103,0.286343612,0.374449339,0.339207048,0.077922077,0.064935064,3,0.035294117,1,0.166666666,0.45064378,0.31759657,0.23175966,0.12446352,0.58798283,0.28755365,"Cavan Biggio",19252,624415
"Isan Díaz","- - -",0.209302325,1.551724137,0.139534883,0.523255813,0.337209302,0.034482758,0.034482758,0,0,1,1,0.34482759,0.35632184,0.29885057,0.20689655,0.50574713,0.28735632,"Isan Diaz",17922,656371
"Daniel Murphy","COL",0.361344537,1.657142857,0.237704918,0.475409836,0.286885245,0.057142857,0.085714285,3,0.051724137,0,0,0.36885246,0.33606557,0.29508197,0.16393443,0.54918033,0.28688525,"Daniel Murphy",4316,502517
"Richie Martin Jr.","BAL",0.315068493,1.22,0.201438848,0.43884892,0.35971223,0.14,0.06,6,0.098360655,4,0.363636363,0.25333333,0.39333333,0.35333333,0.2,0.51333333,0.28666667,"Richie Martin Jr.",17736,621006
"Kurt Suzuki","- - -",0.26344086,0.902439024,0.204081632,0.37755102,0.418367346,0.085365853,0.134146341,2,0.027027027,0,0,0.52763819,0.32663317,0.14572864,0.19095477,0.52261307,0.28643216,"Kurt Suzuki",8259,435559
"Melky Cabrera","PIT",0.284403669,1.405405405,0.198198198,0.468468468,0.333333333,0.189189189,0.081081081,6,0.115384615,0,0,0.40178571,0.33035714,0.26785714,0.25892857,0.45535714,0.28571429,"Melky Cabrera",4022,466320
"Ben Gamel","- - -",0.341463414,1.144927536,0.26,0.395,0.345,0.086956521,0.04347826,3,0.037974683,6,0.6,0.3952381,0.35238095,0.25238095,0.14761905,0.56666667,0.28571429,"Ben Gamel",12160,592325
"Tzu-Wei Lin","BOS",0.285714285,1.5,0.285714285,0.428571428,0.285714285,0,0,0,0,0,0,0.57142857,0.28571429,0.14285714,0.42857143,0.28571429,0.28571429,"Tzu-Wei Lin",14678,624407
"Yoán Moncada","- - -",0.366459627,1.456310679,0.247023809,0.446428571,0.306547619,0.08737864,0.13592233,13,0.086666666,0,0,0.375,0.36011905,0.26488095,0.16369048,0.55059524,0.28571429,"Yoan Moncada",17232,660162
"Payton Henry","MIA",0.214285714,2.666666666,0.214285714,0.571428571,0.214285714,0,0,0,0,0,0,0.21428571,0.57142857,0.21428571,0.21428571,0.5,0.28571429,"Payton Henry",22164,668721
"Matt Gorski","PIT",0.23076923,1,0.142857142,0.428571428,0.428571428,0,0.166666666,1,0.166666666,0,0,0.5,0.21428571,0.28571429,0.21428571,0.5,0.28571429,"Matt Gorski",25855,685301
"Kevin Alcántara","CHC",0.285714285,3,0.428571428,0.428571428,0.142857142,0,0,0,0,0,0,0.42857143,0.28571429,0.28571429,0,0.71428571,0.28571429,"Kevin Alcantara",25971,682634
"Matt Mervis","- - -",0.307692307,0.375,0.214285714,0.214285714,0.571428571,0.375,0.125,0,0,0,0,0.35714286,0.35714286,0.28571429,0.42857143,0.28571429,0.28571429,"Matt Mervis",27845,670223
"Zach Dezenzo","HOU",0.357142857,1.25,0.357142857,0.357142857,0.285714285,0,0,1,0.2,0,0,0.21428571,0.42857143,0.35714286,0.14285714,0.57142857,0.28571429,"Zach Dezenzo",31562,701305
"CJ Kayfus","CLE",0.23076923,1.75,0.214285714,0.5,0.285714285,0,0.25,0,0,0,0,0.42857143,0.42857143,0.14285714,0.21428571,0.5,0.28571429,"CJ Kayfus",33704,692216
"Eddie Rosario","- - -",0.282051282,1.358974358,0.229050279,0.444134078,0.326815642,0.119658119,0.085470085,9,0.056603773,2,0.285714285,0.4,0.34520548,0.25479452,0.15068493,0.56438356,0.28493151,"Eddie Rosario",12155,592696
"Jonah Bride","- - -",0.24858757,1.4,0.191011235,0.471910112,0.337078651,0.133333333,0.016666666,8,0.095238095,0,0,0.43575419,0.29050279,0.27374302,0.19553073,0.51955307,0.2849162,"Jonah Bride",24703,681146
"Nolan Jones","- - -",0.344827586,2.039215686,0.143646408,0.574585635,0.281767955,0.117647058,0.156862745,9,0.086538461,1,0.5,0.33333333,0.34972678,0.31693989,0.17486339,0.54098361,0.28415301,"Nolan Jones",20529,666134
"Jesús Sánchez","- - -",0.252293577,1.776119402,0.17699115,0.526548672,0.296460176,0.074626865,0.134328358,6,0.050420168,0,0,0.31441048,0.36244541,0.3231441,0.19650655,0.51965066,0.28384279,"Jesus Sanchez",19913,660821
"Miguel Amaya","CHC",0.231404958,1.104166666,0.178861788,0.430894308,0.390243902,0.0625,0.0625,3,0.056603773,1,0.25,0.35433071,0.37795276,0.26771654,0.14173228,0.57480315,0.28346457,"Miguel Amaya",21693,665804
"Colson Montgomery","CHW",0.25,1.208333333,0.116666666,0.483333333,0.4,0.083333333,0.166666666,2,0.068965517,0,0,0.5,0.26666667,0.23333333,0.25,0.46666667,0.28333333,"Colson Montgomery",29712,695657
"Leody Taveras","- - -",0.313915857,1.5625,0.196078431,0.490196078,0.31372549,0.135416666,0.0625,17,0.113333333,4,0.333333333,0.31761006,0.38050314,0.30188679,0.18553459,0.53144654,0.28301887,"Leody Taveras",18900,665750
"Ha-Seong Kim","- - -",0.299145299,0.978947368,0.213389121,0.389121338,0.397489539,0.131578947,0.084210526,10,0.05376344,3,0.3,0.44672131,0.35245902,0.20081967,0.17622951,0.54098361,0.28278689,"Ha-Seong Kim",27506,673490
"Rio Ruiz","- - -",0.32183908,2.35,0.263736263,0.516483516,0.219780219,0.15,0.2,2,0.042553191,0,0,0.45652174,0.31521739,0.22826087,0.27173913,0.44565217,0.2826087,"Rio Ruiz",14103,547004
"Andrelton Simmons","- - -",0.279527559,1.743589743,0.176923076,0.523076923,0.3,0.153846153,0.076923076,5,0.036764705,0,0,0.40076336,0.40076336,0.19847328,0.20610687,0.51145038,0.28244275,"Andrelton Simmons",10847,592743
"Anthony Alford","- - -",0.166666666,0.894736842,0.076923076,0.435897435,0.487179487,0.052631578,0.157894736,2,0.117647058,0,0,0.38461538,0.41025641,0.20512821,0.1025641,0.61538462,0.28205128,"Anthony Alford",14329,546990
"Corey Julks","- - -",0.330434782,0.807692307,0.196581196,0.358974358,0.444444444,0.096153846,0.038461538,4,0.095238095,0,0,0.37606838,0.39316239,0.23076923,0.23076923,0.48717949,0.28205128,"Corey Julks",20311,667452
"Jonatan Clase","- - -",0.256410256,0.842105263,0.102564102,0.41025641,0.487179487,0,0,2,0.125,0,0,0.43589744,0.35897436,0.20512821,0.17948718,0.53846154,0.28205128,"Jonatan Clase",26599,682729
"Patrick Mazeika","NYM",0.258064516,1,0.266666666,0.366666666,0.366666666,0,0,0,0,0,0,0.4375,0.34375,0.21875,0.15625,0.5625,0.28125,"Patrick Mazeika",18142,664850
"Blake Perkins","MIL",0.295698924,1.166666666,0.161290322,0.451612903,0.387096774,0.138888888,0.083333333,11,0.13095238,2,0.333333333,0.39583333,0.36979167,0.234375,0.15625,0.5625,0.28125,"Blake Perkins",19921,663368
"Isiah Kiner-Falefa","- - -",0.282747603,1.823863636,0.209856915,0.510333863,0.27980922,0.045454545,0.039772727,24,0.074766355,0,0,0.37362637,0.35792779,0.26844584,0.14756672,0.57142857,0.28100471,"Isiah Kiner-Falefa",16512,643396
"Robbie Grossman","- - -",0.336538461,0.99386503,0.249422632,0.374133949,0.376443418,0.049079754,0.110429447,15,0.092592592,0,0,0.44137931,0.33793103,0.22068966,0.12643678,0.59310345,0.28045977,"Robbie Grossman",5254,543257
"Andrew Knizner","- - -",0.190751445,1.159420289,0.17679558,0.44198895,0.381215469,0.130434782,0.115942028,2,0.025,0,0,0.38461538,0.31318681,0.3021978,0.19230769,0.52747253,0.28021978,"Andrew Knizner",19514,668800
"Jose Trevino","- - -",0.243169398,1.164285714,0.198412698,0.431216931,0.37037037,0.128571428,0.092857142,7,0.042944785,0,0,0.43717277,0.34031414,0.22251309,0.19109948,0.52879581,0.28010471,"Jose Trevino",16725,624431
"Samad Taylor","- - -",0.304347826,2,0.142857142,0.571428571,0.285714285,0,0,3,0.25,2,0.5,0.36,0.32,0.32,0,0.72,0.28,"Samad Taylor",22274,669392
"Mickey Gasper","- - -",0.25,1.222222222,0.166666666,0.458333333,0.375,0.333333333,0,0,0,0,0,0.36,0.24,0.4,0.32,0.4,0.28,"Mickey Gasper",24759,681508
"Hanser Alberto","- - -",0.377011494,1.067484662,0.218097447,0.403712296,0.378190255,0.036809815,0.061349693,15,0.086206896,9,0.5625,0.44295302,0.34675615,0.21029083,0.14988814,0.5704698,0.27964206,"Hanser Alberto",11902,593643
"Austin Hedges","- - -",0.209302325,0.788321167,0.199346405,0.352941176,0.447712418,0.197080291,0.08029197,7,0.064814814,2,0.125,0.5,0.30745342,0.19254658,0.19254658,0.52795031,0.27950311,"Austin Hedges",12976,595978
"Matt Duffy","- - -",0.297397769,1.435294117,0.233333333,0.451851851,0.314814814,0.035294117,0.035294117,5,0.040983606,1,0.5,0.31617647,0.35294118,0.33088235,0.15441176,0.56617647,0.27941176,"Matt Duffy",13836,622110
"Buddy Kennedy","- - -",0.253731343,1.375,0.161764705,0.485294117,0.352941176,0.041666666,0.041666666,2,0.06060606,0,0,0.26470588,0.5,0.23529412,0.11764706,0.60294118,0.27941176,"Buddy Kennedy",22505,671083
"Josh Lowe","TBR",0.266272189,1.481481481,0.207100591,0.473372781,0.319526627,0.092592592,0.055555555,1,0.0125,3,1,0.30232558,0.36046512,0.3372093,0.1627907,0.55813953,0.27906977,"Josh Lowe",19953,666139
"Michael Helman","- - -",0.205128205,0.407407407,0.05,0.275,0.675,0.111111111,0.111111111,0,0,0,0,0.58139535,0.20930233,0.20930233,0.18604651,0.53488372,0.27906977,"Michael Helman",24605,680737
"Jackson Merrill","SDP",0.267489711,1.181818181,0.225806451,0.419354838,0.354838709,0.056818181,0.079545454,8,0.076923076,1,0.333333333,0.32270916,0.39442231,0.28286853,0.15936255,0.56175299,0.27888446,"Jackson Merrill",29490,701538
"Kody Clemens","- - -",0.28,0.904761904,0.215686274,0.372549019,0.411764705,0.071428571,0.047619047,2,0.052631578,0,0,0.40384615,0.40384615,0.19230769,0.21153846,0.50961538,0.27884615,"Kody Clemens",20572,665019
"Kolten Wong","- - -",0.280757097,1.942528735,0.171521035,0.546925566,0.281553398,0.091954022,0.103448275,12,0.071005917,9,0.428571428,0.40909091,0.35757576,0.23333333,0.2030303,0.51818182,0.27878788,"Kolten Wong",12532,543939
"Masataka Yoshida","BOS",0.257009345,3.042553191,0.132420091,0.652968036,0.214611872,0.085106382,0.106382978,15,0.104895104,0,0,0.38812785,0.33789954,0.2739726,0.23744292,0.48401826,0.27853881,"Masataka Yoshida",31837,807799
"Cam Smith","HOU",0.346666666,0.735294117,0.253164556,0.316455696,0.430379746,0.088235294,0.117647058,3,0.12,0,0,0.3164557,0.40506329,0.27848101,0.15189873,0.56962025,0.27848101,"Cam Smith",35108,701358
"Carlos Gómez","NYM",0.277777777,0.444444444,0.277777777,0.222222222,0.5,0.333333333,0,0,0,0,0,0.44444444,0.22222222,0.33333333,0.16666667,0.55555556,0.27777778,"Carlos Gomez",4881,460576
"Ryon Healy","- - -",0.25,0.866666666,0.222222222,0.361111111,0.416666666,0.066666666,0,0,0,0,0,0.25,0.41666667,0.33333333,0.13888889,0.58333333,0.27777778,"Ryon Healy",15447,592387
"Bligh Madris","- - -",0.277777777,1,0.111111111,0.444444444,0.444444444,0,0,0,0,0,0,0.27777778,0.38888889,0.33333333,0.27777778,0.44444444,0.27777778,"Bligh Madris",20054,676632
"Cade Marlowe","SEA",0.352941176,0.454545454,0.111111111,0.277777777,0.611111111,0.09090909,0.09090909,0,0,0,0,0.38888889,0.38888889,0.22222222,0.11111111,0.61111111,0.27777778,"Cade Marlowe",25505,687799
"Carson Williams","TBR",0.2,0.857142857,0.277777777,0.333333333,0.388888888,0.142857142,0.428571428,0,0,0,0,0.5,0.33333333,0.16666667,0.27777778,0.44444444,0.27777778,"Carson Williams",30038,700246
"Drake Baldwin","ATL",0.323529411,2.8125,0.152777777,0.625,0.222222222,0.0625,0.25,2,0.044444444,0,0,0.375,0.38888889,0.23611111,0.15277778,0.56944444,0.27777778,"Drake Baldwin",31539,686948
"Alan Roden","- - -",0.117647058,1.5,0.117647058,0.529411764,0.352941176,0.5,0.166666666,0,0,0,0,0.33333333,0.38888889,0.27777778,0.27777778,0.44444444,0.27777778,"Alan Roden",31564,702176
"Brendan Donovan","STL",0.285714285,1.759259259,0.209549071,0.503978779,0.286472148,0.092592592,0.018518518,9,0.047368421,3,0.6,0.35602094,0.35602094,0.28795812,0.17801047,0.54450262,0.27748691,"Brendan Donovan",24679,680977
"Yonathan Daza","COL",0.347826086,2.574074074,0.231075697,0.55378486,0.215139442,0.018518518,0.018518518,13,0.093525179,2,0.4,0.3984375,0.34375,0.2578125,0.140625,0.58203125,0.27734375,"Yonathan Daza",15794,602074
"Josh Naylor","- - -",0.286738351,1.56084656,0.162629757,0.510380622,0.326989619,0.111111111,0.105820105,14,0.047457627,0,0,0.40311419,0.37024221,0.2266436,0.19723183,0.52595156,0.27681661,"Josh Naylor",18839,647304
"Anthony Rizzo","- - -",0.282208588,1.226519337,0.214424951,0.432748538,0.35282651,0.14917127,0.138121546,9,0.04054054,0,0,0.49027237,0.32101167,0.18871595,0.17509728,0.54863813,0.27626459,"Anthony Rizzo",3473,519203
"Nick Loftin","KCR",0.264705882,1,0.18095238,0.409523809,0.409523809,0.162790697,0.069767441,4,0.093023255,0,0,0.45714286,0.34285714,0.2,0.20952381,0.51428571,0.27619048,"Nick Loftin",27630,679845
"Abraham Almonte","- - -",0.206896551,2,0.172413793,0.551724137,0.275862068,0.375,0,0,0,0,0,0.37931034,0.27586207,0.34482759,0.31034483,0.4137931,0.27586207,"Abraham Almonte",5486,501659
"Tyler Flowers","ATL",0.245614035,1.136363636,0.189655172,0.431034482,0.379310344,0.045454545,0.045454545,1,0.04,0,0,0.39655172,0.25862069,0.34482759,0.10344828,0.62068966,0.27586207,"Tyler Flowers",9134,452095
"Ali Sánchez","- - -",0.222222222,1.3,0.148148148,0.481481481,0.37037037,0.1,0,0,0,0,0,0.48275862,0.37931034,0.13793103,0.13793103,0.5862069,0.27586207,"Ali Sanchez",18551,645305
"Everson Pereira","- - -",0.259259259,1.363636363,0.103448275,0.517241379,0.379310344,0,0.181818181,0,0,0,0,0.51724138,0.31034483,0.17241379,0.03448276,0.68965517,0.27586207,"Everson Pereira",23695,677592
"Davis Wendzel","TEX",0.107142857,0.928571428,0.068965517,0.448275862,0.48275862,0.142857142,0.071428571,0,0,0,0,0.37931034,0.44827586,0.17241379,0.13793103,0.5862069,0.27586207,"Davis Wendzel",26469,673995
"Trevor Larnach","MIN",0.309392265,1.475409836,0.183783783,0.486486486,0.329729729,0.049180327,0.06557377,2,0.022222222,0,0,0.34594595,0.39459459,0.25945946,0.13513514,0.58918919,0.27567568,"Trevor Larnach",21501,663616
"Luke Williams","- - -",0.319587628,1.258064516,0.239130434,0.423913043,0.336956521,0.096774193,0.032258064,3,0.076923076,4,0.666666666,0.51020408,0.31632653,0.17346939,0.15306122,0.57142857,0.2755102,"Luke Williams",19931,663897
"Mark Mathias","- - -",0.302631578,1.695652173,0.225,0.4875,0.2875,0.086956521,0.173913043,4,0.102564102,0,0,0.475,0.325,0.2,0.1375,0.5875,0.275,"Mark Mathias",18032,664029
"Josh Harrison","- - -",0.288732394,1.350515463,0.213793103,0.451724137,0.334482758,0.103092783,0.072164948,5,0.038167938,0,0,0.41580756,0.35395189,0.23024055,0.14776632,0.57731959,0.27491409,"Josh Harrison",8202,543281
"Jon Berti","- - -",0.307936507,2.119047619,0.196319018,0.546012269,0.257668711,0.071428571,0.13095238,23,0.129213483,0,0,0.37195122,0.34146341,0.28658537,0.20426829,0.52134146,0.27439024,"Jon Berti",12037,542932
"Brett Gardner","NYY",0.285714285,1.979166666,0.201117318,0.530726256,0.268156424,0.145833333,0.125,4,0.042105263,1,0.142857142,0.4516129,0.32795699,0.22043011,0.2688172,0.45698925,0.27419355,"Brett Gardner",9927,458731
"Jackson Holliday","BAL",0.226950354,1.755555555,0.150684931,0.54109589,0.308219178,0.066666666,0.111111111,7,0.088607594,0,0,0.41780822,0.35616438,0.2260274,0.16438356,0.56164384,0.2739726,"Jackson Holliday",31781,702616
"Ceddanne Rafaela","BOS",0.26635514,1.164705882,0.174887892,0.443946188,0.381165919,0.129411764,0.129411764,15,0.151515151,0,0,0.45814978,0.32599119,0.21585903,0.15418502,0.57268722,0.27312775,"Ceddanne Rafaela",24262,678882
"Derek Dietrich","- - -",0.2,2.6,0.181818181,0.59090909,0.227272727,0,0.4,0,0,0,0,0.68181818,0.18181818,0.13636364,0.22727273,0.5,0.27272727,"Derek Dietrich",10542,518618
"Christian Colón","CIN",0.272727272,1.75,0,0.636363636,0.363636363,0.25,0,1,0.142857142,0,0,0.72727273,0.18181818,0.09090909,0.45454545,0.27272727,0.27272727,"Christian Colon",11145,518568
"Blake Swihart","- - -",0.181818181,1.25,0.181818181,0.454545454,0.363636363,0.25,0,0,0,0,0,0.45454545,0.36363636,0.18181818,0.18181818,0.54545455,0.27272727,"Blake Swihart",13176,596119
"Brandon Woodruff","MIL",0.454545454,1.333333333,0.3,0.4,0.3,0,0,0,0,0,0,0.18181818,0.27272727,0.54545455,0.36363636,0.36363636,0.27272727,"Brandon Woodruff",16162,605540
"Alan Trejo","COL",0.226890756,0.711538461,0.25210084,0.310924369,0.436974789,0.057692307,0.038461538,0,0,1,0.5,0.39669421,0.32231405,0.28099174,0.1322314,0.59504132,0.27272727,"Alan Trejo",20056,676701
"Jonathan Araúz","- - -",0.307692307,0.681818181,0.274509803,0.294117647,0.431372549,0.136363636,0,2,0.133333333,0,0,0.34545455,0.47272727,0.18181818,0.16363636,0.56363636,0.27272727,"Jonathan Arauz",20275,660620
"Jarred Kelenic","- - -",0.255605381,1.243902439,0.2,0.44347826,0.356521739,0.158536585,0.097560975,5,0.049019607,1,1,0.4025974,0.36796537,0.22943723,0.21212121,0.51515152,0.27272727,"Jarred Kelenic",22558,672284
"José Tena","- - -",0.29090909,2.142857142,0.137254901,0.588235294,0.274509803,0,0,1,0.033333333,2,0.5,0.27272727,0.4,0.32727273,0.16363636,0.56363636,0.27272727,"Jose Tena",23691,677588
"Blaine Crim","- - -",0.2,0.5,0.181818181,0.272727272,0.545454545,0.166666666,0.166666666,0,0,0,0,0.18181818,0.45454545,0.36363636,0.09090909,0.63636364,0.27272727,"Blaine Crim",25714,688760
"Corbin Carroll","ARI",0.274509803,1.544117647,0.176190476,0.5,0.323809523,0.132352941,0.147058823,12,0.057142857,4,0.235294117,0.44393593,0.32951945,0.22654462,0.1784897,0.54919908,0.27231121,"Corbin Carroll",25878,682998
"Sandy León","- - -",0.242857142,1.16,0.244755244,0.405594405,0.349650349,0.18,0.06,9,0.155172413,0,0,0.46938776,0.29931973,0.23129252,0.18367347,0.54421769,0.27210884,"Sandy Leon",5273,506702
"Yolmer Sánchez","- - -",0.346534653,1.166666666,0.212121212,0.424242424,0.363636363,0.166666666,0.027777777,5,0.119047619,2,0.5,0.29126214,0.33980583,0.36893204,0.22330097,0.50485437,0.27184466,"Yolmer Sanchez",11602,570560
"Mike Yastrzemski","- - -",0.264976958,1.038674033,0.172645739,0.421524663,0.405829596,0.116022099,0.110497237,5,0.026595744,5,0.454545454,0.44857768,0.32822757,0.22319475,0.15754923,0.57111597,0.27133479,"Mike Yastrzemski",14854,573262
"Dustin Garneau","- - -",0.333333333,0.772727272,0.1875,0.354166666,0.458333333,0.181818181,0.136363636,1,0.058823529,0,0,0.47916667,0.33333333,0.1875,0.22916667,0.5,0.27083333,"Dustin Garneau",9433,572863
"Evan White","SEA",0.173913043,1.294117647,0.170212765,0.468085106,0.361702127,0.058823529,0.117647058,1,0.045454545,0,0,0.47916667,0.35416667,0.16666667,0.14583333,0.58333333,0.27083333,"Evan White",20078,657108
"Tyler Fitzgerald","SFG",0.375,0.87755102,0.226890756,0.361344537,0.411764705,0.081632653,0.183673469,7,0.162790697,1,0.333333333,0.50819672,0.22131148,0.2704918,0.13934426,0.59016393,0.2704918,"Tyler Fitzgerald",26208,666149
"Henry Ramos","- - -",0.305555555,1.153846153,0.222222222,0.416666666,0.361111111,0.153846153,0.076923076,1,0.066666666,0,0,0.43243243,0.32432432,0.24324324,0.27027027,0.45945946,0.27027027,"Henry Ramos",11481,592656
"Donovan Walton","- - -",0.176470588,1.23076923,0.216216216,0.432432432,0.351351351,0.076923076,0.23076923,0,0,0,0,0.43243243,0.40540541,0.16216216,0.21621622,0.51351351,0.27027027,"Donovan Walton",19314,622268
"Addison Barger","TOR",0.301369863,2.277777777,0.202702702,0.554054054,0.243243243,0.166666666,0.055555555,3,0.073170731,0,0,0.37837838,0.35135135,0.27027027,0.22972973,0.5,0.27027027,"Addison Barger",24598,680718
"Wander Franco","TBR",0.341013824,1.333333333,0.225663716,0.442477876,0.331858407,0.106666666,0.12,8,0.08,0,0,0.41150442,0.34513274,0.24336283,0.13716814,0.59292035,0.2699115,"Wander Franco",23667,677551
"Matt Beaty","- - -",0.25490196,1.35,0.096153846,0.519230769,0.384615384,0.15,0.05,4,0.148148148,0,0,0.48076923,0.32692308,0.19230769,0.30769231,0.42307692,0.26923077,"Matt Beaty",17710,607461
"Will Wilson","CLE",0.391304347,0.583333333,0.173913043,0.304347826,0.52173913,0.166666666,0,1,0.142857142,0,0,0.42307692,0.42307692,0.15384615,0.23076923,0.5,0.26923077,"Will Wilson",25434,669717
"Max Muncy","ATH",0.28,2.142857142,0.153846153,0.576923076,0.269230769,0,0.142857142,0,0,0,0,0.42307692,0.26923077,0.30769231,0.19230769,0.53846154,0.26923077,"Max Muncy",29779,691777
"Oswaldo Cabrera","NYY",0.284671532,1,0.124087591,0.437956204,0.437956204,0.05,0.05,4,0.066666666,0,0,0.35211268,0.35915493,0.28873239,0.19014085,0.54225352,0.26760563,"Oswaldo Cabrera",21707,665828
"Jose Iglesias","- - -",0.335135135,1.643312101,0.265486725,0.456637168,0.277876106,0.070063694,0.076433121,31,0.120155038,0,0,0.35676626,0.39718805,0.24604569,0.17926186,0.55360281,0.26713533,"Jose Iglesias",10231,578428
"Eduardo Núñez","- - -",0.224137931,1.842105263,0.1,0.583333333,0.316666666,0.263157894,0.105263157,4,0.114285714,0,0,0.41666667,0.35,0.23333333,0.26666667,0.46666667,0.26666667,"Eduardo Nunez",6848,456488
"Monte Harrison","- - -",0.153846153,2.666666666,0.214285714,0.571428571,0.214285714,0,0.333333333,1,0.125,0,0,0.33333333,0.2,0.46666667,0.26666667,0.46666667,0.26666667,"Monte Harrison",17216,656509
"José Fermín","STL",0.166666666,1.611111111,0.189655172,0.5,0.310344827,0.277777777,0,1,0.034482758,1,0.5,0.46666667,0.35,0.18333333,0.15,0.58333333,0.26666667,"Jose Fermin",21746,665877
"Luis Campusano","SDP",0.222222222,0.894736842,0.129032258,0.411290322,0.459677419,0.122807017,0.122807017,2,0.039215686,0,0,0.39516129,0.37903226,0.22580645,0.25806452,0.47580645,0.26612903,"Luis Campusano",22217,669134
"Mitch Moreland","- - -",0.253333333,2.045454545,0.141025641,0.576923076,0.282051282,0,0.181818181,3,0.066666666,0,0,0.39240506,0.3164557,0.29113924,0.15189873,0.58227848,0.26582278,"Mitch Moreland",3086,519048
"Otto Lopez","- - -",0.254980079,1.819444444,0.203921568,0.51372549,0.282352941,0.055555555,0.055555555,14,0.106870229,0,0,0.31640625,0.40625,0.27734375,0.16796875,0.56640625,0.265625,"Otto Lopez",19608,672640
"Charlie Culberson","- - -",0.379807692,1.53125,0.242990654,0.457943925,0.29906542,0.15625,0.09375,12,0.122448979,0,0,0.42922374,0.35159817,0.21917808,0.17351598,0.56164384,0.26484018,"Charlie Culberson",3298,518586
"Bryson Stott","PHI",0.303278688,1.529914529,0.202156334,0.482479784,0.315363881,0.076923076,0.059829059,17,0.094972067,2,0.666666666,0.31016043,0.34759358,0.34224599,0.1631016,0.57219251,0.26470588,"Bryson Stott",26294,681082
"Alex Verdugo","- - -",0.296242774,2.005524861,0.220630372,0.520057306,0.25931232,0.093922651,0.049723756,25,0.068870523,2,0.4,0.31721195,0.43243243,0.25035562,0.18634424,0.54907539,0.26458037,"Alex Verdugo",17027,657077
"Isaac Paredes","- - -",0.278873239,0.763975155,0.242666666,0.328,0.429333333,0.167701863,0.124223602,7,0.056910569,0,0,0.52533333,0.30666667,0.168,0.17866667,0.55733333,0.264,"Isaac Paredes",20036,670623
"Jesús Sucre","BAL",0.263157894,1.142857142,0.210526315,0.421052631,0.368421052,0.285714285,0,1,0.125,0,0,0.21052632,0.47368421,0.31578947,0.26315789,0.47368421,0.26315789,"Jesus Sucre",5942,491696
"Roman Quinn","- - -",0.208791208,1.066666666,0.225,0.4,0.375,0.166666666,0.133333333,4,0.125,4,0.266666666,0.52631579,0.23157895,0.24210526,0.18947368,0.54736842,0.26315789,"Roman Quinn",13546,596451
"Jake Bauers","- - -",0.315151515,0.939393939,0.233532934,0.371257485,0.39520958,0.075757575,0.09090909,3,0.048387096,1,0.25,0.4502924,0.29239766,0.25730994,0.16374269,0.57309942,0.26315789,"Jake Bauers",15194,641343
"Eddy Alvarez","- - -",0.105263157,2.4,0.105263157,0.631578947,0.263157894,0,0,0,0,0,0,0.31578947,0.47368421,0.21052632,0.05263158,0.68421053,0.26315789,"Eddy Alvarez",16959,657193
"Juan Yepez","- - -",0.301587301,0.809523809,0.136363636,0.386363636,0.477272727,0.126984126,0.095238095,5,0.098039215,0,0,0.43609023,0.30827068,0.2556391,0.23308271,0.5037594,0.26315789,"Juan Yepez",18400,660766
"Phillip Ervin","- - -",0.326315789,0.925,0.222222222,0.373737373,0.404040404,0.075,0.1,5,0.135135135,0,0,0.4040404,0.34343434,0.25252525,0.22222222,0.51515152,0.26262626,"Phillip Ervin",14738,640447
"Yadiel Hernandez","WSN",0.353535353,2.304347826,0.25490196,0.519607843,0.225490196,0,0.173913043,1,0.018867924,0,0,0.32038835,0.31067961,0.36893204,0.16504854,0.57281553,0.26213592,"Yadiel Hernandez",19334,628450
"Grayson Greiner","- - -",0.210526315,1.375,0.073170731,0.536585365,0.390243902,0.1875,0.1875,2,0.09090909,0,0,0.47619048,0.30952381,0.21428571,0.19047619,0.54761905,0.26190476,"Grayson Greiner",17062,606988
"Eli White","- - -",0.24260355,0.957142857,0.179640718,0.401197604,0.419161676,0.157142857,0.1,3,0.044776119,5,0.555555555,0.43181818,0.33522727,0.23295455,0.19318182,0.54545455,0.26136364,"Eli White",19346,642201
"Michael Massey","KCR",0.294117647,0.916666666,0.178571428,0.392857142,0.428571428,0.083333333,0.041666666,1,0.015151515,4,0.5,0.52840909,0.27840909,0.19318182,0.15909091,0.57954545,0.26136364,"Michael Massey",27684,686681
"Mike Freeman","- - -",0.441860465,2.181818181,0.186046511,0.558139534,0.255813953,0.09090909,0.181818181,3,0.125,1,0.333333333,0.30434783,0.30434783,0.39130435,0.26086957,0.47826087,0.26086957,"Mike Freeman",11241,502273
"Joe Musgrove","- - -",0.368421052,1.166666666,0.277777777,0.388888888,0.333333333,0,0,1,0.142857142,0,0,0.26086957,0.39130435,0.34782609,0.17391304,0.56521739,0.26086957,"Joe Musgrove",12970,605397
"Jhonny Pereda","- - -",0.347826086,2.166666666,0.173913043,0.565217391,0.260869565,0,0,2,0.153846153,0,0,0.26086957,0.30434783,0.43478261,0.08695652,0.65217391,0.26086957,"Jhonny Pereda",19802,640902
"Drew Millas","WSN",0.227272727,1.125,0.227272727,0.409090909,0.363636363,0.125,0,1,0.111111111,0,0,0.39130435,0.34782609,0.26086957,0.2173913,0.52173913,0.26086957,"Drew Millas",25643,686452
"Jake Cronenworth","SDP",0.286163522,1.303964757,0.187888198,0.459627329,0.352484472,0.123348017,0.070484581,24,0.081081081,5,0.416666666,0.3429878,0.35670732,0.30030488,0.21646341,0.52286585,0.26067073,"Jake Cronenworth",18036,630105
"Jack Suwinski","PIT",0.255474452,1.236363636,0.145833333,0.472222222,0.381944444,0.127272727,0.145454545,4,0.058823529,0,0,0.38356164,0.39041096,0.2260274,0.23287671,0.50684932,0.26027397,"Jack Suwinski",22244,669261
"Danny Mendick","- - -",0.305389221,1.142857142,0.205882352,0.423529411,0.370588235,0.063492063,0.079365079,5,0.069444444,0,0,0.32947977,0.39884393,0.2716763,0.16184971,0.57803468,0.26011561,"Danny Mendick",18889,664901
"Didi Gregorius","- - -",0.177966101,1.018348623,0.116465863,0.445783132,0.437751004,0.201834862,0.119266055,5,0.045045045,0,0,0.448,0.32,0.232,0.288,0.452,0.26,"Didi Gregorius",6012,544369
"José Barrero","- - -",0.257731958,0.727272727,0.24,0.32,0.44,0.113636363,0.068181818,2,0.0625,0,0,0.49,0.38,0.13,0.18,0.56,0.26,"Jose Barrero",23378,676480
"Jonathan Villar","- - -",0.330357142,1.760416666,0.2228739,0.495601173,0.281524926,0.114583333,0.145833333,14,0.082840236,2,0.2,0.41025641,0.33333333,0.25641026,0.22222222,0.51851852,0.25925926,"Jonathan Villar",10071,542340
"Shed Long Jr.","SEA",0.256410256,4.153846153,0.151898734,0.683544303,0.164556962,0.076923076,0.153846153,4,0.074074074,0,0,0.37037037,0.33333333,0.2962963,0.22222222,0.51851852,0.25925926,"Shed Long Jr.",16542,643418
"Michael Busch","- - -",0.3,0.912280701,0.192592592,0.385185185,0.422222222,0.087719298,0.087719298,3,0.057692307,0,0,0.48888889,0.31111111,0.2,0.14814815,0.59259259,0.25925926,"Michael Busch",26319,683737
"David Fletcher","- - -",0.299212598,1.516339869,0.242125984,0.456692913,0.301181102,0.143790849,0.052287581,18,0.077586206,6,0.666666666,0.38297872,0.34622824,0.27079304,0.17601547,0.56479691,0.25918762,"David Fletcher",17992,664058
"Tommy La Stella","- - -",0.245398773,1.452830188,0.216867469,0.463855421,0.319277108,0.150943396,0.056603773,0,0,0,0,0.48795181,0.3313253,0.18072289,0.19879518,0.54216867,0.25903614,"Tommy La Stella",12371,600303
"Willians Astudillo","- - -",0.230215827,0.967213114,0.16083916,0.412587412,0.426573426,0.163934426,0.06557377,2,0.033898305,0,0,0.40559441,0.34265734,0.25174825,0.22377622,0.51748252,0.25874126,"Willians Astudillo",15608,553902
"Jarrod Dyson","- - -",0.385964912,3.888888888,0.185185185,0.648148148,0.166666666,0.222222222,0,7,0.2,0,0,0.32758621,0.46551724,0.20689655,0.34482759,0.39655172,0.25862069,"Jarrod Dyson",4866,502481
"Tyler Freeman","- - -",0.259398496,1.181818181,0.2,0.433333333,0.366666666,0.131313131,0.07070707,10,0.085470085,2,0.4,0.36727273,0.36727273,0.26545455,0.17454545,0.56727273,0.25818182,"Tyler Freeman",22532,671289
"Leury García","CHW",0.346801346,1.94047619,0.168350168,0.548821548,0.282828282,0.107142857,0.059523809,11,0.067484662,4,0.307692307,0.38709677,0.32580645,0.28709677,0.18064516,0.56129032,0.25806452,"Leury Garcia",5913,544725
"Zach McKinstry","- - -",0.308108108,1.87755102,0.237837837,0.497297297,0.264864864,0.122448979,0.040816326,6,0.065217391,0,0,0.46315789,0.31578947,0.22105263,0.14736842,0.59473684,0.25789474,"Zach McKinstry",19392,656716
"Santiago Espinal","- - -",0.314741035,1.052910052,0.237721021,0.390962671,0.371316306,0.095238095,0.052910052,16,0.08040201,1,0.142857142,0.44767442,0.32170543,0.23062016,0.14922481,0.59302326,0.25775194,"Santiago Espinal",19997,669289
"Cole Tucker","- - -",0.27368421,2.038461538,0.177083333,0.552083333,0.270833333,0.076923076,0.076923076,2,0.037735849,1,1,0.41237113,0.36082474,0.22680412,0.24742268,0.49484536,0.25773196,"Cole Tucker",17326,657061
"Jared Triolo","PIT",0.326530612,0.795454545,0.20603015,0.351758793,0.442211055,0.056818181,0.056818181,3,0.042857142,1,0.333333333,0.38613861,0.36138614,0.25247525,0.12871287,0.61386139,0.25742574,"Jared Triolo",25807,669707
"Seth Brown","OAK",0.237410071,1.129629629,0.190140845,0.429577464,0.38028169,0.185185185,0.092592592,1,0.016393442,2,1,0.44444444,0.3125,0.24305556,0.28472222,0.45833333,0.25694444,"Seth Brown",18171,664913
"Nico Hoerner","CHC",0.337349397,1.237373737,0.250423011,0.414551607,0.33502538,0.116161616,0.05050505,22,0.089795918,0,0,0.33671743,0.40101523,0.26226734,0.18443316,0.56006768,0.25549915,"Nico Hoerner",21479,663538
"Tony Kemp","- - -",0.279792746,1.126760563,0.188172043,0.430107526,0.38172043,0.112676056,0.070422535,3,0.0375,6,0.333333333,0.42156863,0.41666667,0.16176471,0.12745098,0.61764706,0.25490196,"Tony Kemp",14894,643393
"Kevin Newman","- - -",0.292929292,1.1875,0.237855946,0.413735343,0.34840871,0.086538461,0.048076923,18,0.072874493,3,0.2,0.36111111,0.38888889,0.25,0.1503268,0.59477124,0.25490196,"Kevin Newman",17696,621028
"Ryan McKenna","- - -",0.29054054,1.207547169,0.22,0.426666666,0.353333333,0.075471698,0.113207547,4,0.0625,2,0.285714285,0.45859873,0.29936306,0.24203822,0.15286624,0.59235669,0.25477707,"Ryan McKenna",19928,663630
"Jarren Duran","BOS",0.3091922,1.711711711,0.166204986,0.526315789,0.307479224,0.072072072,0.072072072,17,0.089473684,2,0.25,0.25203252,0.42276423,0.32520325,0.16260163,0.58265583,0.25474255,"Jarren Duran",24617,680776
"Nick Allen","- - -",0.271653543,1.482352941,0.169291338,0.496062992,0.334645669,0.176470588,0.070588235,7,0.055555555,3,0.23076923,0.33333333,0.34082397,0.3258427,0.20973783,0.53558052,0.25468165,"Nick Allen",22277,669397
"Kevin Plawecki","- - -",0.279503105,1.266666666,0.170731707,0.463414634,0.365853658,0.2,0.066666666,7,0.092105263,0,0,0.43030303,0.32727273,0.24242424,0.2,0.54545455,0.25454545,"Kevin Plawecki",13807,608700
"Daylen Lile","WSN",0.307692307,1.05,0.24074074,0.388888888,0.37037037,0.15,0.1,1,0.047619047,0,0,0.32727273,0.38181818,0.29090909,0.21818182,0.52727273,0.25454545,"Daylen Lile",29995,695734
"Jack Mayfield","- - -",0.232142857,1,0.130434782,0.434782608,0.434782608,0.24,0.12,4,0.08,2,0.666666666,0.43220339,0.26271186,0.30508475,0.24576271,0.5,0.25423729,"Jack Mayfield",15402,608686
"Abraham Toro","- - -",0.272455089,1.1640625,0.180473372,0.440828402,0.378698224,0.078125,0.03125,21,0.140939597,0,0,0.37058824,0.37352941,0.25588235,0.16176471,0.58529412,0.25294118,"Abraham Toro",19844,647351
"Billy McKinney","- - -",0.275,1.09090909,0.197674418,0.418604651,0.38372093,0.121212121,0.181818181,2,0.055555555,0,0,0.43678161,0.40229885,0.16091954,0.22988506,0.51724138,0.25287356,"Billy McKinney",15654,641856
"Odúbel Herrera","PHI",0.305389221,2.023255813,0.216867469,0.524096385,0.259036144,0.093023255,0.069767441,11,0.126436781,2,0.4,0.3625731,0.33333333,0.30409357,0.1871345,0.56140351,0.25146199,"Odubel Herrera",11476,546318
"Ernie Clement","- - -",0.279301745,0.822857142,0.225728155,0.349514563,0.424757281,0.068571428,0.068571428,15,0.104166666,0,0,0.38995215,0.35645933,0.25358852,0.16985646,0.57894737,0.25119617,"Ernie Clement",20352,676391
"Josh Rojas","- - -",0.333333333,1.573033707,0.210344827,0.48275862,0.306896551,0.033707865,0.06741573,7,0.05,4,0.444444444,0.3812709,0.37792642,0.24080268,0.18729097,0.56187291,0.25083612,"Josh Rojas",19734,668942
"Jake Arrieta","- - -",0.333333333,1.666666666,0.111111111,0.555555555,0.333333333,0.666666666,0,1,0.2,0,0,0.33333333,0.5,0.16666667,0.16666667,0.58333333,0.25,"Jake Arrieta",4153,453562
"Tim Beckham","- - -",0.359375,2.3125,0.220588235,0.544117647,0.235294117,0,0.25,4,0.108108108,0,0,0.33823529,0.42647059,0.23529412,0.25,0.5,0.25,"Tim Beckham",7949,542921
"Steve Pearce","BOS",0.304347826,0.545454545,0.291666666,0.25,0.458333333,0.181818181,0.09090909,1,0.166666666,0,0,0.45833333,0.20833333,0.33333333,0.16666667,0.58333333,0.25,"Steve Pearce",9957,456665
"Travis Shaw","- - -",0.244680851,0.59574468,0.202127659,0.29787234,0.5,0.127659574,0.021276595,0,0,0,0,0.30208333,0.41666667,0.28125,0.20833333,0.54166667,0.25,"Travis Shaw",11982,543768
"Franchy Cordero","- - -",0.222222222,1,0.157894736,0.421052631,0.421052631,0,0.1875,1,0.0625,0,0,0.375,0.475,0.15,0.225,0.525,0.25,"Franchy Cordero",14567,614173
"Harold Castro","- - -",0.309210526,2,0.25,0.5,0.25,0.027027027,0,8,0.108108108,1,0.125,0.31410256,0.34615385,0.33974359,0.16025641,0.58974359,0.25,"Harold Castro",14691,605612
"Julio Urías","LAD",0.444444444,1,0.25,0.375,0.375,0.333333333,0,0,0,0,0,0.25,0.41666667,0.33333333,0.25,0.5,0.25,"Julio Urias",14765,628711
"Chance Sisco","- - -",0.136363636,1.222222222,0.09090909,0.5,0.409090909,0.222222222,0.222222222,1,0.09090909,0,0,0.5,0.33333333,0.16666667,0.29166667,0.45833333,0.25,"Chance Sisco",15694,642082
"Jason Vosler","- - -",0.181818181,1,0.166666666,0.416666666,0.416666666,0.1,0.2,0,0,0,0,0.58333333,0.25,0.16666667,0.125,0.625,0.25,"Jason Vosler",16686,613564
"Nathan Lukes","TOR",0.292682926,3.125,0.153846153,0.641025641,0.205128205,0,0,1,0.04,0,0,0.25,0.40909091,0.34090909,0.09090909,0.65909091,0.25,"Nathan Lukes",18123,664770
"Chris Gittens","NYY",0.181818181,3.5,0.25,0.583333333,0.166666666,0,0.5,0,0,0,0,0.33333333,0.5,0.16666667,0.16666667,0.58333333,0.25,"Chris Gittens",18482,656467
"Jose Rojas","LAA",0.269230769,1,0.142857142,0.428571428,0.428571428,0.083333333,0.166666666,0,0,0,0,0.57142857,0.28571429,0.14285714,0.21428571,0.53571429,0.25,"Jose Rojas",19331,670351
"Darick Hall","PHI",0.181818181,1.2,0.083333333,0.5,0.416666666,0.4,0.2,0,0,0,0,0.58333333,0.08333333,0.33333333,0.25,0.5,0.25,"Darick Hall",19717,669742
"Mickey Moniak","- - -",0.277777777,1.53125,0.25,0.453703703,0.296296296,0.03125,0.09375,2,0.040816326,3,0.75,0.42857143,0.34821429,0.22321429,0.22321429,0.52678571,0.25,"Mickey Moniak",19956,666160
"Jared Oliva","PIT",0.333333333,4,0.166666666,0.666666666,0.166666666,0,0,2,0.25,0,0,0.5,0.25,0.25,0.25,0.5,0.25,"Jared Oliva",19968,666931
"Dalton Guthrie","PHI",0.4375,1.25,0.4375,0.3125,0.25,0.25,0,1,0.2,0,0,0.125,0.5,0.375,0.1875,0.5625,0.25,"Dalton Guthrie",21293,656495
"Steward Berroa","- - -",0.375,0.5,0.25,0.25,0.5,0,0,1,0.5,0,0,0.5,0.5,0,0,0.75,0.25,"Steward Berroa",22766,672642
"José Caballero","- - -",0.348484848,0.960526315,0.243654822,0.370558375,0.385786802,0.118421052,0.105263157,7,0.09589041,4,0.363636363,0.51923077,0.29326923,0.1875,0.21153846,0.53846154,0.25,"Jose Caballero",23401,676609
"Osleivis Basabe","TBR",0.4,2.8,0.05,0.7,0.25,0,0,3,0.214285714,0,0,0.25,0.4,0.35,0.2,0.55,0.25,"Osleivis Basabe",23985,678545
"Max Schuemann","OAK",0.198198198,1.116279069,0.194690265,0.424778761,0.380530973,0.069767441,0.046511627,5,0.104166666,0,0,0.37068966,0.40517241,0.22413793,0.1637931,0.5862069,0.25,"Max Schuemann",24488,680474
"Jonathan Ornelas","- - -",0.25,2.333333333,0.09090909,0.636363636,0.272727272,0,0,1,0.142857142,0,0,0.16666667,0.58333333,0.25,0.08333333,0.66666667,0.25,"Jonathan Ornelas",24597,680716
"Willie MacIver","ATH",0.192307692,1.166666666,0.071428571,0.5,0.428571428,0,0.166666666,0,0,0,0,0.28571429,0.39285714,0.32142857,0.07142857,0.67857143,0.25,"Willie MacIver",24641,680862
"Cam Devanney","PIT",0.75,1,0.5,0.25,0.25,0,0,0,0,0,0,0.25,0,0.75,0.25,0.5,0.25,"Cam Devanney",25688,687478
"Spencer Horwitz","- - -",0.241758241,1.92,0.206521739,0.52173913,0.27173913,0.04,0.04,2,0.041666666,0,0,0.40217391,0.33695652,0.26086957,0.18478261,0.56521739,0.25,"Spencer Horwitz",26477,687462
"Zach DeLoach","CHW",0.272727272,3.5,0.181818181,0.636363636,0.181818181,0,0.5,1,0.142857142,1,1,0.33333333,0.41666667,0.25,0.08333333,0.66666667,0.25,"Zach DeLoach",27471,676113
"Pedro León","HOU",0.25,2,0,0.666666666,0.333333333,0,0,0,0,0,0,0.5,0.25,0.25,0,0.75,0.25,"Pedro Leon",27781,694175
"Brett Harris","OAK",0.282051282,1.133333333,0.157894736,0.447368421,0.394736842,0.2,0,6,0.352941176,0,0,0.525,0.225,0.25,0.175,0.575,0.25,"Brett Harris",29788,695391
"Jacob Young","WSN",0.3125,2.019607843,0.222222222,0.52020202,0.257575757,0.058823529,0.019607843,6,0.058252427,6,0.428571428,0.33962264,0.36320755,0.29716981,0.12264151,0.62735849,0.25,"Jacob Young",29931,696285
"Trey Lipscomb","WSN",0.166666666,2.714285714,0.133333333,0.633333333,0.233333333,0.071428571,0,1,0.026315789,0,0,0.38333333,0.31666667,0.3,0.23333333,0.51666667,0.25,"Trey Lipscomb",31567,702358
"Zach Cole","HOU",0.25,3,0,0.75,0.25,1,0,0,0,0,0,0.5,0.5,0,0.5,0.25,0.25,"Zach Cole",31583,805904
"Brice Matthews","HOU",0,1,0,0.5,0.5,0,0,0,0,0,0,0.5,0,0.5,0.25,0.5,0.25,"Brice Matthews",33280,694728
"Albert Almora Jr.","- - -",0.242236024,1.913043478,0.187878787,0.533333333,0.278787878,0.195652173,0.086956521,7,0.079545454,0,0,0.40606061,0.34545455,0.24848485,0.17575758,0.57575758,0.24848485,"Albert Almora Jr.",14109,546991
"Jacob Wilson","OAK",0.327586206,1.9375,0.210084033,0.521008403,0.268907563,0,0.125,4,0.064516129,1,0.5,0.3553719,0.38842975,0.25619835,0.16528926,0.58677686,0.24793388,"Jacob Wilson",33266,805779
"Gavin Lux","- - -",0.274881516,1.868852459,0.18224299,0.53271028,0.285046728,0.081967213,0.049180327,8,0.070175438,0,0,0.40186916,0.42056075,0.17757009,0.20093458,0.55140187,0.24766355,"Gavin Lux",19955,666158
"J.P. Crawford","SEA",0.289215686,1.513618677,0.221686746,0.468674698,0.309638554,0.13618677,0.073929961,25,0.064267352,4,0.4,0.32142857,0.39166667,0.28690476,0.22857143,0.52380952,0.24761905,"J.P. Crawford",15491,641487
"Greg Allen","- - -",0.264705882,1.766666666,0.144329896,0.546391752,0.30927835,0.033333333,0.033333333,7,0.132075471,3,0.375,0.48571429,0.24761905,0.26666667,0.12380952,0.62857143,0.24761905,"Greg Allen",16623,656185
"Myles Straw","- - -",0.307240704,1.52112676,0.285429141,0.431137724,0.283433133,0.042253521,0.007042253,20,0.092592592,5,0.3125,0.30560928,0.38491296,0.30947776,0.13346228,0.61895551,0.24758221,"Myles Straw",17620,664702
"Pete Crow-Armstrong","CHC",0.254143646,0.776470588,0.165745856,0.364640883,0.469613259,0.105882352,0.094117647,7,0.106060606,3,0.23076923,0.46907216,0.28865979,0.24226804,0.19072165,0.56185567,0.24742268,"Pete Crow-Armstrong",27769,691718
"Darell Hernaiz","OAK",0.294871794,1.68,0.151898734,0.531645569,0.316455696,0.08,0.04,2,0.047619047,0,0,0.28395062,0.48148148,0.2345679,0.18518519,0.56790123,0.24691358,"Darell Hernaiz",26224,687231
"Tucupita Marcano","- - -",0.271428571,1.363636363,0.2,0.461538461,0.338461538,0.09090909,0.045454545,5,0.166666666,1,0.125,0.38356164,0.4109589,0.20547945,0.21917808,0.53424658,0.24657534,"Tucupita Marcano",22871,672779
"Brice Turang","MIL",0.327272727,2.389830508,0.23076923,0.542307692,0.226923076,0.084745762,0.050847457,15,0.106382978,10,0.5,0.29285714,0.375,0.33214286,0.18928571,0.56428571,0.24642857,"Brice Turang",22186,668930
"Jon Singleton","HOU",0.213114754,1.454545454,0.169230769,0.492307692,0.338461538,0.09090909,0.181818181,3,0.09375,0,0,0.44615385,0.35384615,0.2,0.2,0.55384615,0.24615385,"Jon Singleton",10441,572138
"Yairo Muñoz","- - -",0.328125,4.2,0.2,0.646153846,0.153846153,0,0.1,2,0.047619047,0,0,0.46153846,0.30769231,0.23076923,0.16923077,0.58461538,0.24615385,"Yairo Munoz",16313,622168
"Chase Meidroth","CHW",0.333333333,2.739130434,0.232142857,0.5625,0.205357142,0.130434782,0.086956521,4,0.063492063,1,0.5,0.37719298,0.36842105,0.25438596,0.14912281,0.60526316,0.24561404,"Chase Meidroth",31580,805367
"Yermín Mercedes","- - -",0.343434343,0.704545454,0.264705882,0.303921568,0.431372549,0.09090909,0.068181818,2,0.064516129,0,0,0.34313725,0.37254902,0.28431373,0.1372549,0.61764706,0.24509804,"Yermin Mercedes",17423,606213
"Skye Bolt","OAK",0.139534883,0.857142857,0.113636363,0.409090909,0.477272727,0.095238095,0.047619047,0,0,0,0,0.42222222,0.35555556,0.22222222,0.22222222,0.53333333,0.24444444,"Skye Bolt",17723,621450
"Luke Keaschall","MIN",0.204545454,1.176470588,0.159090909,0.454545454,0.386363636,0,0.058823529,1,0.05,0,0,0.28888889,0.46666667,0.24444444,0.13333333,0.62222222,0.24444444,"Luke Keaschall",33321,807712
"Mauricio Dubón","- - -",0.30472103,1.083798882,0.219665271,0.40585774,0.374476987,0.089385474,0.094972067,17,0.087628865,2,0.222222222,0.3798768,0.34907598,0.27104723,0.20533881,0.55030801,0.24435318,"Mauricio Dubon",16530,643289
"CJ Abrams","- - -",0.28271028,1.208588957,0.176201372,0.450800915,0.372997711,0.171779141,0.073619631,11,0.055837563,2,0.4,0.44343891,0.33710407,0.21945701,0.21719457,0.53846154,0.24434389,"CJ Abrams",25768,682928
"Johan Rojas","PHI",0.329341317,1.461538461,0.174193548,0.49032258,0.33548387,0.153846153,0.019230769,11,0.144736842,6,0.285714285,0.33522727,0.42045455,0.24431818,0.22159091,0.53409091,0.24431818,"Johan Rojas",24336,679032
"Tres Barrera","WSN",0.282051282,0.7,0.170731707,0.341463414,0.487804878,0.2,0.1,0,0,0,0,0.36585366,0.3902439,0.24390244,0.26829268,0.48780488,0.24390244,"Tres Barrera",19977,668663
"Tucker Barnhart","- - -",0.274509803,2.23076923,0.171052631,0.572368421,0.256578947,0.128205128,0.025641025,1,0.011494252,0,0,0.35897436,0.3525641,0.28846154,0.20512821,0.55128205,0.24358974,"Tucker Barnhart",10200,571466
"Omar Narváez","- - -",0.244047619,0.861111111,0.216374269,0.362573099,0.421052631,0.097222222,0.041666666,3,0.048387096,0,0,0.32947977,0.38150289,0.28901734,0.1849711,0.57225434,0.24277457,"Omar Narvaez",13338,553882
"Alec Burleson","STL",0.257510729,1.279069767,0.176470588,0.462184873,0.361344537,0.127906976,0.069767441,5,0.045454545,1,1,0.30125523,0.42259414,0.27615063,0.16736402,0.58995816,0.24267782,"Alec Burleson",27615,676475
"René Pinto","TBR",0.375,0.35,0.181818181,0.212121212,0.606060606,0.15,0.05,1,0.142857142,0,0,0.27272727,0.36363636,0.36363636,0.24242424,0.51515152,0.24242424,"Rene Pinto",19859,650907
"Jazz Chisholm Jr.","- - -",0.291457286,1.482014388,0.160583941,0.501216545,0.338199513,0.100719424,0.143884892,20,0.097087378,3,0.3,0.44418052,0.33254157,0.22327791,0.19239905,0.56532067,0.24228029,"Jazz Chisholm Jr.",20454,665862
"Dawel Lugo","DET",0.298245614,1.647058823,0.224137931,0.48275862,0.293103448,0,0.058823529,4,0.142857142,0,0,0.36206897,0.34482759,0.29310345,0.17241379,0.5862069,0.24137931,"Dawel Lugo",14713,608475
"Steven Duggar","- - -",0.313953488,1.653846153,0.197674418,0.5,0.302325581,0.076923076,0.038461538,5,0.116279069,1,1,0.28735632,0.3908046,0.32183908,0.17241379,0.5862069,0.24137931,"Steven Duggar",17719,621453
"Dominic Fletcher","- - -",0.245614035,1.933333333,0.214285714,0.517857142,0.267857142,0,0,0,0,1,0.5,0.27586207,0.46551724,0.25862069,0.17241379,0.5862069,0.24137931,"Dominic Fletcher",26149,666150
"José Azocar","- - -",0.285714285,1.288461538,0.242038216,0.426751592,0.331210191,0.019230769,0,8,0.119402985,0,0,0.26506024,0.36144578,0.37349398,0.15662651,0.60240964,0.24096386,"Jose Azocar",18821,640492
"Miguel Andujar","- - -",0.353846153,1.388888888,0.203703703,0.462962962,0.333333333,0.133333333,0.111111111,3,0.024,0,0,0.38888889,0.34814815,0.26296296,0.20740741,0.55185185,0.24074074,"Miguel Andujar",15878,609280
"Daniel Schneemann","CLE",0.367346938,1.375,0.208333333,0.458333333,0.333333333,0.1875,0.0625,5,0.227272727,0,0,0.22,0.56,0.22,0.3,0.46,0.24,"Daniel Schneemann",25180,682177
"Brett Baty","NYM",0.256944444,2.606060606,0.19047619,0.585034013,0.224489795,0.09090909,0.151515151,4,0.046511627,1,0.333333333,0.31333333,0.43333333,0.25333333,0.21333333,0.54666667,0.24,"Brett Baty",26123,683146
"TJ Friedl","CIN",0.31768953,1.188888888,0.202429149,0.43319838,0.364372469,0.188888888,0.111111111,7,0.06542056,24,0.533333333,0.4760274,0.31164384,0.21232877,0.16438356,0.59589041,0.23972603,"TJ Friedl",19522,670770
"Sergio Alcántara","- - -",0.215053763,1.53125,0.15625,0.510416666,0.333333333,0,0.09375,4,0.081632653,0,0,0.46875,0.28125,0.25,0.20833333,0.55208333,0.23958333,"Sergio Alcantara",16417,642727
"Cedric Mullins","- - -",0.276041666,0.995833333,0.186757215,0.405772495,0.407470288,0.191666666,0.0875,23,0.096234309,6,0.352941176,0.4620462,0.32508251,0.21287129,0.21947195,0.54125413,0.23927393,"Cedric Mullins",17929,656775
"David Hamilton","BOS",0.288888888,1.333333333,0.186046511,0.465116279,0.348837209,0.066666666,0.066666666,2,0.1,1,0.333333333,0.47826087,0.34782609,0.17391304,0.17391304,0.58695652,0.23913043,"David Hamilton",27531,666152
"Tyler Naquin","- - -",0.226666666,1.470588235,0.197452229,0.477707006,0.324840764,0.156862745,0.137254901,3,0.04,0,0,0.38993711,0.37106918,0.23899371,0.23899371,0.52201258,0.23899371,"Tyler Naquin",13359,571980
"Dominic Canzone","- - -",0.303030303,1.304347826,0.208955223,0.447761194,0.343283582,0.04347826,0.04347826,2,0.066666666,0,0,0.43283582,0.32835821,0.23880597,0.10447761,0.65671642,0.23880597,"Dominic Canzone",26438,686527
"Ka'ai Tom","- - -",0.2,0.9,0.095238095,0.428571428,0.476190476,0.1,0.1,2,0.222222222,0,0,0.42857143,0.19047619,0.38095238,0.38095238,0.38095238,0.23809524,"Ka'ai Tom",18136,664789
"Angel Martínez","CLE",0.323741007,1.266666666,0.276595744,0.404255319,0.319148936,0.133333333,0.111111111,4,0.070175438,2,0.333333333,0.53741497,0.31292517,0.14965986,0.14965986,0.6122449,0.23809524,"Angel Martinez",26540,682657
"Zack Cozart","LAA",0.131578947,0.45,0.236842105,0.236842105,0.526315789,0.3,0,0,0,0,0,0.34210526,0.39473684,0.26315789,0.28947368,0.47368421,0.23684211,"Zack Cozart",2616,446359
"Adam Eaton","- - -",0.283236994,1.538461538,0.185185185,0.49382716,0.320987654,0.019230769,0.057692307,4,0.05,9,0.45,0.28021978,0.33516484,0.38461538,0.18131868,0.58241758,0.23626374,"Adam Eaton",11205,594809
"Steven Souza Jr.","- - -",0.3125,0.444444444,0.235294117,0.235294117,0.529411764,0.111111111,0.111111111,1,0.25,0,0,0.35294118,0.29411765,0.35294118,0.29411765,0.47058824,0.23529412,"Steven Souza Jr.",5667,519306
"Chris Davis","BAL",0.1875,1.142857142,0.117647058,0.470588235,0.411764705,0,0.142857142,1,0.0625,0,0,0.35294118,0.44117647,0.20588235,0.11764706,0.64705882,0.23529412,"Chris Davis",9272,448801
"Nick Martini","- - -",0.18,1.19047619,0.098039215,0.490196078,0.411764705,0.142857142,0.047619047,1,0.04,0,0,0.35294118,0.41176471,0.23529412,0.2745098,0.49019608,0.23529412,"Nick Martini",12005,605361
"Anthony DeSclafani","- - -",0.076923076,2.666666666,0.153846153,0.615384615,0.23076923,0.333333333,0,1,0.125,0,0,0.29411765,0.23529412,0.47058824,0.11764706,0.64705882,0.23529412,"Anthony DeSclafani",13050,543101
"Humberto Arteaga","- - -",0.28125,1.272727272,0.21875,0.4375,0.34375,0,0,1,0.071428571,0,0,0.29411765,0.47058824,0.23529412,0.17647059,0.58823529,0.23529412,"Humberto Arteaga",13595,600858
"Mac Williamson","- - -",0.235294117,2.2,0.058823529,0.647058823,0.294117647,0,0,2,0.181818181,0,0,0.58823529,0.29411765,0.11764706,0.35294118,0.41176471,0.23529412,"Mac Williamson",14158,607776
"Kyle Isbel","KCR",0.337423312,2.823529411,0.182389937,0.603773584,0.213836477,0.117647058,0,11,0.114583333,3,0.272727272,0.43529412,0.37647059,0.18823529,0.15882353,0.60588235,0.23529412,"Kyle Isbel",21614,664728
"Shogo Akiyama","CIN",0.294117647,4.75,0.323529411,0.558823529,0.117647058,0.25,0,2,0.105263157,0,0,0.29411765,0.29411765,0.41176471,0.14705882,0.61764706,0.23529412,"Shogo Akiyama",27461,673451
"Willi Castro","- - -",0.30632411,1.394117647,0.214285714,0.457528957,0.328185328,0.123529411,0.088235294,18,0.075949367,1,0.2,0.32695985,0.40344168,0.26959847,0.21988528,0.54493308,0.23518164,"Willi Castro",17338,650489
"Andrew Velazquez","- - -",0.298387096,2.576923076,0.211864406,0.56779661,0.220338983,0.192307692,0.038461538,10,0.149253731,1,0.1,0.3359375,0.3984375,0.265625,0.15625,0.609375,0.234375,"Andrew Velazquez",14196,623205
"Josh Smith","TEX",0.285714285,1.171052631,0.206730769,0.427884615,0.365384615,0.118421052,0.092105263,7,0.078651685,2,0.333333333,0.38317757,0.38317757,0.23364486,0.21028037,0.55607477,0.23364486,"Josh Smith",26396,669701
"Drew Ellis","- - -",0.266666666,1.09090909,0.233333333,0.4,0.366666666,0,0,1,0.083333333,0,0,0.53333333,0.33333333,0.13333333,0.1,0.66666667,0.23333333,"Drew Ellis",19873,656403
"Scott Heineman","- - -",0.188679245,0.96,0.125,0.428571428,0.446428571,0.12,0.12,2,0.083333333,0,0,0.26785714,0.44642857,0.28571429,0.17857143,0.58928571,0.23214286,"Scott Heineman",14453,595981
"Bradley Zimmer","- - -",0.279411764,2.466666666,0.161290322,0.596774193,0.241935483,0.133333333,0.066666666,6,0.162162162,1,0.142857142,0.34782609,0.39130435,0.26086957,0.13043478,0.63768116,0.23188406,"Bradley Zimmer",16221,605548
"Will Benson","- - -",0.179487179,1.21875,0.12345679,0.481481481,0.395061728,0.09375,0.09375,1,0.025641025,0,0,0.40243902,0.40243902,0.19512195,0.15853659,0.6097561,0.23170732,"Will Benson",21853,666181
"Victor Robles","- - -",0.327146171,1.163265306,0.231884057,0.413043478,0.355072463,0.102040816,0.047619047,21,0.122807017,12,0.342857142,0.48997773,0.28953229,0.22048998,0.19376392,0.57461024,0.23162584,"Victor Robles",18363,645302
"Daulton Varsho","- - -",0.323287671,1.053846153,0.202985074,0.408955223,0.388059701,0.161538461,0.069230769,16,0.116788321,24,0.585365853,0.49202128,0.28723404,0.22074468,0.19946809,0.56914894,0.23138298,"Daulton Varsho",19918,662139
"Corey Dickerson","- - -",0.262411347,1.5625,0.163265306,0.510204081,0.326530612,0.104166666,0.125,5,0.066666666,0,0,0.27891156,0.37414966,0.34693878,0.24489796,0.52380952,0.23129252,"Corey Dickerson",10762,572816
"Rajai Davis","NYM",0.25,1.25,0.307692307,0.384615384,0.307692307,0.25,0.25,1,0.2,0,0,0.46153846,0.23076923,0.30769231,0.15384615,0.61538462,0.23076923,"Rajai Davis",3708,434658
"Adrián Sanchez","WSN",0.23076923,2.666666666,0.153846153,0.615384615,0.23076923,0.333333333,0,0,0,0,0,0.23076923,0.61538462,0.15384615,0.30769231,0.46153846,0.23076923,"Adrian Sanchez",11338,506703
"Alen Hanson","TOR",0.307692307,1,0.166666666,0.416666666,0.416666666,0.2,0,0,0,0,0,0.53846154,0.30769231,0.15384615,0.30769231,0.46153846,0.23076923,"Alen Hanson",12926,593700
"Rafael Marchán","PHI",0.3,1.823529411,0.238095238,0.492063492,0.269841269,0.117647058,0.176470588,2,0.064516129,0,0,0.46153846,0.33846154,0.2,0.18461538,0.58461538,0.23076923,"Rafael Marchan",21646,665561
"Michael Stefanic","- - -",0.233766233,1.84,0.077922077,0.597402597,0.324675324,0.08,0,2,0.04347826,0,0,0.35897436,0.42307692,0.21794872,0.11538462,0.65384615,0.23076923,"Michael Stefanic",25353,683021
"Blake Sabol","- - -",0.28,1,0.217391304,0.391304347,0.391304347,0,0,1,0.111111111,2,0.666666666,0.34615385,0.19230769,0.46153846,0.15384615,0.61538462,0.23076923,"Blake Sabol",25805,666165
"Christian Koss","SFG",0.461538461,2,0.28,0.48,0.24,0,0,3,0.25,0,0,0.34615385,0.26923077,0.38461538,0.19230769,0.57692308,0.23076923,"Christian Koss",27653,683766
"Nicky Lopez","- - -",0.274698795,2.951219512,0.203931203,0.594594594,0.201474201,0.048780487,0.036585365,17,0.070247933,2,0.086956521,0.29069767,0.37674419,0.33255814,0.18604651,0.58372093,0.23023256,"Nicky Lopez",19339,670032
"Jason Delay","PIT",0.34375,1.607142857,0.24742268,0.463917525,0.288659793,0.035714285,0.035714285,4,0.088888888,0,0,0.4,0.38,0.22,0.17,0.6,0.23,"Jason Delay",19806,641511
"Jake McCarthy","ARI",0.310714285,1.923076923,0.182795698,0.537634408,0.279569892,0.089743589,0.064102564,15,0.1,2,0.25,0.42508711,0.36585366,0.20905923,0.17770035,0.59233449,0.22996516,"Jake McCarthy",21622,664983
"Gavin Sheets","- - -",0.263392857,1.207317073,0.20614035,0.434210526,0.359649122,0.134146341,0.048780487,12,0.121212121,0,0,0.37719298,0.33333333,0.28947368,0.22368421,0.54824561,0.22807018,"Gavin Sheets",19901,657757
"Francisco Mejía","- - -",0.320833333,1.164705882,0.245901639,0.405737704,0.348360655,0.117647058,0.058823529,10,0.101010101,1,0.5,0.38617886,0.34146341,0.27235772,0.21138211,0.56097561,0.22764228,"Francisco Mejia",16403,642336
"Richard Urena","TOR",0.3,2,0.1,0.6,0.3,0.166666666,0,1,0.083333333,0,0,0.45454545,0.27272727,0.27272727,0.18181818,0.59090909,0.22727273,"Richard Urena",16411,620446
"Alex Kirilloff","MIN",0.238095238,2.172413793,0.163636363,0.572727272,0.263636363,0.068965517,0.172413793,1,0.015873015,0,0,0.37272727,0.34545455,0.28181818,0.14545455,0.62727273,0.22727273,"Alex Kirilloff",20325,666135
"Gustavo Campero","LAA",0.05,1.111111111,0.095238095,0.476190476,0.428571428,0,0.222222222,0,0,0,0,0.18181818,0.54545455,0.27272727,0.13636364,0.63636364,0.22727273,"Gustavo Campero",22707,672569
"Robert Hassell III","WSN",0.363636363,4.666666666,0.227272727,0.636363636,0.136363636,0,0,2,0.142857142,0,0,0.5,0.27272727,0.22727273,0.22727273,0.54545455,0.22727273,"Robert Hassell III",27482,690987
"Oscar Colás","CHW",0.279069767,2.166666666,0.116279069,0.604651162,0.279069767,0.333333333,0.083333333,1,0.038461538,0,0,0.34090909,0.34090909,0.31818182,0.31818182,0.45454545,0.22727273,"Oscar Colas",30162,693049
"Nick Madrigal","- - -",0.293388429,2.897959183,0.217213114,0.581967213,0.200819672,0.020408163,0.061224489,11,0.077464788,1,0.142857142,0.32270916,0.38645418,0.29083665,0.17928287,0.5936255,0.22709163,"Nick Madrigal",20521,663611
"Keibert Ruiz","- - -",0.278728606,1.333333333,0.20145631,0.456310679,0.342233009,0.191489361,0.028368794,9,0.04787234,0,0,0.46376812,0.31884058,0.2173913,0.21256039,0.56038647,0.22705314,"Keibert Ruiz",19610,660688
"Vaughn Grissom","- - -",0.356164383,1.304347826,0.293333333,0.4,0.306666666,0.04347826,0.086956521,1,0.033333333,0,0,0.36,0.36,0.28,0.12,0.65333333,0.22666667,"Vaughn Grissom",26031,687093
"Christian Encarnacion-Strand","CIN",0.253012048,0.970588235,0.202380952,0.392857142,0.404761904,0.176470588,0.029411764,0,0,0,0,0.45238095,0.26190476,0.28571429,0.16666667,0.60714286,0.22619048,"Christian Encarnacion-Strand",30011,687952
"Jung Hoo Lee","SFG",0.268292682,2.04347826,0.156626506,0.56626506,0.277108433,0.108695652,0.086956521,8,0.085106382,2,1,0.35714286,0.38095238,0.26190476,0.18452381,0.58928571,0.22619048,"Jung Hoo Lee",33824,808982
"Joshua Palacios","- - -",0.293103448,1.875,0.178571428,0.535714285,0.285714285,0,0.1875,5,0.166666666,1,0.166666666,0.37096774,0.43548387,0.19354839,0.19354839,0.58064516,0.22580645,"Joshua Palacios",19818,641943
"Edouard Julien","MIN",0.318840579,5.111111111,0.225352112,0.647887323,0.126760563,0,0.222222222,3,0.065217391,0,0,0.33802817,0.38028169,0.28169014,0.12676056,0.64788732,0.22535211,"Edouard Julien",27534,666397
"Ryan O'Hearn","- - -",0.300518134,1.857142857,0.195979899,0.522613065,0.281407035,0.125,0.107142857,7,0.067307692,0,0,0.38,0.36,0.26,0.23,0.545,0.225,"Ryan O'Hearn",16442,656811
"Vidal Bruján","- - -",0.237288135,0.75,0.155172413,0.362068965,0.48275862,0.196428571,0.035714285,3,0.071428571,1,0.25,0.53333333,0.25,0.21666667,0.2,0.575,0.225,"Vidal Brujan",20536,660644
"Taylor Walls","TBR",0.298245614,0.944954128,0.250883392,0.363957597,0.38515901,0.091743119,0.027522935,8,0.077669902,3,0.5,0.42560554,0.35640138,0.21799308,0.16262976,0.61245675,0.22491349,"Taylor Walls",22458,670764
"Stevie Wilkerson","BAL",0.253333333,1.407407407,0.144736842,0.5,0.355263157,0.037037037,0.037037037,1,0.026315789,0,0,0.43421053,0.34210526,0.22368421,0.25,0.52631579,0.22368421,"Stevie Wilkerson",16041,592859
"Jeff McNeil","NYM",0.318881118,1.360515021,0.226441631,0.445850914,0.327707454,0.107296137,0.034334763,20,0.063091482,6,0.352941176,0.36538462,0.37225275,0.26236264,0.17445055,0.60302198,0.22252747,"Jeff McNeil",15362,643446
"Andrew Romine","CHC",0.333333333,4,0.444444444,0.444444444,0.111111111,0,0,1,0.25,0,0,0.33333333,0.44444444,0.22222222,0,0.77777778,0.22222222,"Andrew Romine",1159,461865
"Robel García","- - -",0.352941176,3,0.333333333,0.5,0.166666666,0,0.333333333,0,0,0,0,0.5,0.27777778,0.22222222,0.22222222,0.55555556,0.22222222,"Robel Garcia",13167,596825
"Jacob Wilson","- - -",0.111111111,3.5,0,0.777777777,0.222222222,0.5,0,0,0,0,0,0.44444444,0.33333333,0.22222222,0.22222222,0.55555556,0.22222222,"Jacob Wilson",13254,607111
"Domingo Leyba","- - -",0.222222222,1.5,0.166666666,0.5,0.333333333,0,0,0,0,0,0,0.38888889,0.5,0.11111111,0.33333333,0.44444444,0.22222222,"Domingo Leyba",16404,642736
"Johneshwy Fargas","- - -",0.277777777,2.5,0.222222222,0.555555555,0.222222222,0,0,1,0.1,0,0,0.5,0.22222222,0.27777778,0.33333333,0.44444444,0.22222222,"Johneshwy Fargas",16446,641561
"Livan Soto","- - -",0.3125,1.4,0.25,0.4375,0.3125,0.2,0.2,0,0,1,0.5,0.55555556,0.38888889,0.05555556,0.22222222,0.55555556,0.22222222,"Livan Soto",22471,670869
"Billy Hamilton","- - -",0.254545454,0.686274509,0.203703703,0.324074074,0.472222222,0.274509803,0.058823529,3,0.085714285,2,0.2,0.43220339,0.31355932,0.25423729,0.26271186,0.51694915,0.22033898,"Billy Hamilton",10199,571740
"Zack Gelof","OAK",0.234782608,1.195121951,0.23076923,0.418803418,0.35042735,0.048780487,0.073170731,3,0.061224489,0,0,0.45762712,0.34745763,0.19491525,0.11016949,0.66949153,0.22033898,"Zack Gelof",29766,680869
"Jose Herrera","ARI",0.357142857,2.263157894,0.261904761,0.511904761,0.226190476,0,0,2,0.046511627,0,0,0.47252747,0.32967033,0.1978022,0.15384615,0.62637363,0.21978022,"Jose Herrera",17040,645444
"Jake Mangum","TBR",0.3125,2.37037037,0.1875,0.571428571,0.241071428,0.074074074,0.037037037,7,0.109375,1,0.5,0.35087719,0.3245614,0.3245614,0.22807018,0.55263158,0.21929825,"Jake Mangum",26202,663968
"Korey Lee","- - -",0.239130434,1.333333333,0.125,0.5,0.375,0.138888888,0.111111111,3,0.0625,0,0,0.36458333,0.33333333,0.30208333,0.14583333,0.63541667,0.21875,"Korey Lee",25543,686676
"Luis Vázquez","- - -",0.181818181,1.285714285,0.2,0.45,0.35,0,0.142857142,0,0,1,0.333333333,0.30434783,0.56521739,0.13043478,0.17391304,0.60869565,0.2173913,"Luis Vazquez",23442,676679
"Blake Dunn","CIN",0.272727272,5,0.217391304,0.652173913,0.130434782,0.333333333,0.333333333,0,0,0,0,0.39130435,0.34782609,0.26086957,0.13043478,0.65217391,0.2173913,"Blake Dunn",29487,694362
"Phillip Evans","PIT",0.327586206,1.526315789,0.2,0.483333333,0.316666666,0.052631578,0.105263157,1,0.034482758,0,0,0.4,0.41666667,0.18333333,0.2,0.58333333,0.21666667,"Phillip Evans",12950,595943
"Joey Wendle","- - -",0.268722466,2.345454545,0.185840707,0.57079646,0.243362831,0.054545454,0.036363636,5,0.038759689,2,0.4,0.31168831,0.38095238,0.30735931,0.17316017,0.61038961,0.21645022,"Joey Wendle",13853,621563
"Cam Gallagher","- - -",0.228070175,1.044444444,0.171171171,0.423423423,0.405405405,0.111111111,0.022222222,2,0.042553191,3,0.6,0.40517241,0.31896552,0.27586207,0.20689655,0.57758621,0.21551724,"Cam Gallagher",12981,595956
"Julio Teheran","ATL",0.153846153,1.4,0.076923076,0.538461538,0.384615384,0,0,0,0,0,0,0.57142857,0.21428571,0.21428571,0.21428571,0.57142857,0.21428571,"Julio Teheran",6797,527054
"Aaron Altherr","- - -",0.214285714,0.8,0.357142857,0.285714285,0.357142857,0.2,0,1,0.25,0,0,0.57142857,0.28571429,0.14285714,0.21428571,0.57142857,0.21428571,"Aaron Altherr",11270,571437
"Carlos Pérez","CHW",0.23076923,1.2,0.214285714,0.428571428,0.357142857,0.6,0.2,1,0.166666666,0,0,0.35714286,0.28571429,0.35714286,0.5,0.28571429,0.21428571,"Carlos Perez",20805,656024
"Jordyn Adams","- - -",0.142857142,1.2,0.153846153,0.461538461,0.384615384,0,0,1,0.166666666,0,0,0.57142857,0.07142857,0.35714286,0.14285714,0.64285714,0.21428571,"Jordyn Adams",23788,677941
"Parker Meadows","DET",0.341463414,1.5,0.1875,0.4875,0.325,0.038461538,0.038461538,2,0.051282051,2,0.5,0.33333333,0.4047619,0.26190476,0.17857143,0.60714286,0.21428571,"Parker Meadows",23800,678009
"Austin Wynns","- - -",0.335616438,1.215686274,0.241610738,0.416107382,0.342281879,0.098039215,0.058823529,8,0.129032258,0,0,0.42666667,0.32666667,0.24666667,0.21333333,0.57333333,0.21333333,"Austin Wynns",15271,642851
"Leonys Martin","CLE",0.222222222,0.947368421,0.139534883,0.418604651,0.441860465,0.210526315,0.052631578,3,0.166666666,2,0.5,0.38297872,0.38297872,0.23404255,0.23404255,0.55319149,0.21276596,"Leonys Martin",11846,547982
"Matt Thaiss","- - -",0.260416666,0.925,0.214285714,0.37755102,0.408163265,0.175,0.05,2,0.054054054,0,0,0.35353535,0.35353535,0.29292929,0.23232323,0.55555556,0.21212121,"Matt Thaiss",19318,642136
"Ryan Ritter","COL",0.375,1.444444444,0.3125,0.40625,0.28125,0.111111111,0,1,0.076923076,0,0,0.36363636,0.39393939,0.24242424,0.21212121,0.57575758,0.21212121,"Ryan Ritter",31500,690022
"Neil Walker","- - -",0.269230769,1.055555555,0.288461538,0.365384615,0.346153846,0.222222222,0,0,0,0,0,0.30769231,0.42307692,0.26923077,0.21153846,0.57692308,0.21153846,"Neil Walker",7539,435522
"Taylor Trammell","- - -",0.204081632,0.952380952,0.163265306,0.408163265,0.428571428,0.333333333,0.047619047,2,0.1,0,0,0.46153846,0.28846154,0.25,0.23076923,0.55769231,0.21153846,"Taylor Trammell",19960,666211
"Kevin Kiermaier","- - -",0.358064516,2.52112676,0.201277955,0.571884984,0.22683706,0.056338028,0.056338028,19,0.106145251,0,0,0.27444795,0.41324921,0.31230284,0.21451104,0.57413249,0.21135647,"Kevin Kiermaier",11038,595281
"Gorkys Hernández","BOS",0.055555555,1,0.125,0.4375,0.4375,0,0,0,0,0,0,0.31578947,0.47368421,0.21052632,0.21052632,0.57894737,0.21052632,"Gorkys Hernandez",4146,491676
"Carlos González","- - -",0.210526315,4,0.210526315,0.631578947,0.157894736,0,0,0,0,0,0,0.36842105,0.31578947,0.31578947,0.21052632,0.57894737,0.21052632,"Carlos Gonzalez",7287,471865
"Jake Elmore","PIT",0.157894736,0.857142857,0.277777777,0.333333333,0.388888888,0,0,0,0,0,0,0.42105263,0.26315789,0.31578947,0.10526316,0.68421053,0.21052632,"Jake Elmore",7290,518653
"John Nogowski","- - -",0.315789473,0.9375,0.184210526,0.394736842,0.421052631,0.125,0,1,0.066666666,0,0,0.36842105,0.44736842,0.18421053,0.10526316,0.68421053,0.21052632,"John Nogowski",16852,596056
"Miles Mastrobuoni","- - -",0.305555555,2.5,0.2,0.571428571,0.228571428,0.125,0,2,0.1,0,0,0.47368421,0.26315789,0.26315789,0.15789474,0.63157895,0.21052632,"Miles Mastrobuoni",20017,670156
"Steven Kwan","CLE",0.301184433,1.534482758,0.239655172,0.460344827,0.3,0.086206896,0.034482758,17,0.063670411,10,0.476190476,0.2828619,0.40099834,0.31613977,0.1547421,0.63560732,0.20965058,"Steven Kwan",24610,680757
"Reese McGuire","- - -",0.283333333,1.292682926,0.235772357,0.430894308,0.333333333,0.097560975,0.097560975,3,0.056603773,0,0,0.35658915,0.36434109,0.27906977,0.27131783,0.51937984,0.20930233,"Reese McGuire",15674,624512
"Garrett Mitchell","MIL",0.394736842,2.875,0.162162162,0.621621621,0.216216216,0.5,0.125,4,0.173913043,2,0.333333333,0.44186047,0.25581395,0.30232558,0.25581395,0.53488372,0.20930233,"Garrett Mitchell",27555,669003
"Alek Thomas","ARI",0.228155339,2.461538461,0.13875598,0.612440191,0.248803827,0.096153846,0.096153846,10,0.078125,0,0,0.38888889,0.375,0.23611111,0.18981481,0.60185185,0.20833333,"Alek Thomas",23792,677950
"Kameron Misner","TBR",0.217391304,0.727272727,0.095238095,0.38095238,0.523809523,0,0.09090909,0,0,2,0.666666666,0.29166667,0.33333333,0.375,0.125,0.66666667,0.20833333,"Kameron Misner",26374,670224
"Kyle Teel","CHW",0.347826086,1.5,0.347826086,0.391304347,0.260869565,0,0,4,0.444444444,0,0,0.375,0.29166667,0.33333333,0.33333333,0.45833333,0.20833333,"Kyle Teel",33549,691019
"Adam Frazier","- - -",0.269902912,1.644295302,0.243761996,0.47024952,0.285988483,0.080536912,0.060402684,9,0.036734693,1,0.125,0.39886578,0.32136106,0.27977316,0.20604915,0.58601134,0.20793951,"Adam Frazier",15223,624428
"James Outman","- - -",0.339449541,1.388888888,0.218181818,0.454545454,0.327272727,0.138888888,0.055555555,5,0.1,0,0,0.41441441,0.32432432,0.26126126,0.18018018,0.61261261,0.20720721,"James Outman",24770,681546
"Xavier Edwards","MIA",0.315555555,2.264150943,0.202764976,0.552995391,0.244239631,0.056603773,0,10,0.083333333,4,0.4,0.28193833,0.39207048,0.32599119,0.14537445,0.64757709,0.20704846,"Xavier Edwards",22266,669364
"Bubba Thompson","- - -",0.254545454,1.235294117,0.191489361,0.44680851,0.361702127,0.058823529,0.058823529,1,0.047619047,4,0.363636363,0.31034483,0.36206897,0.32758621,0.20689655,0.5862069,0.20689655,"Bubba Thompson",22261,669352
"Luis Arraez","- - -",0.293405114,1.753554502,0.221179624,0.495978552,0.282841823,0.071090047,0.042654028,12,0.032432432,5,0.277777777,0.30890052,0.36256545,0.32853403,0.14921466,0.64397906,0.20680628,"Luis Arraez",18568,650333
"Nate Eaton","- - -",0.333333333,1.2,0.179104477,0.447761194,0.373134328,0.2,0.04,8,0.266666666,0,0,0.38235294,0.32352941,0.29411765,0.23529412,0.55882353,0.20588235,"Nate Eaton",25055,681987
"Geraldo Perdomo","ARI",0.322580645,1.661157024,0.225961538,0.483173076,0.290865384,0.181818181,0.049586776,13,0.064676616,15,0.405405405,0.32671082,0.39514349,0.2781457,0.17218543,0.62251656,0.20529801,"Geraldo Perdomo",22799,672695
"Cody Freeman","TEX",0.189189189,1.125,0.128205128,0.461538461,0.41025641,0.1875,0.125,0,0,0,0,0.41025641,0.23076923,0.35897436,0.25641026,0.53846154,0.20512821,"Cody Freeman",25629,683227
"Ronald Torreyes","- - -",0.285714285,1,0.222222222,0.388888888,0.388888888,0.142857142,0.071428571,5,0.119047619,0,0,0.42592593,0.32407407,0.25,0.25925926,0.53703704,0.2037037,"Ronald Torreyes",11400,591720
"Mallex Smith","SEA",0.339285714,2.84,0.127272727,0.645454545,0.227272727,0.08,0.04,12,0.169014084,1,0.333333333,0.30973451,0.40707965,0.28318584,0.31858407,0.47787611,0.20353982,"Mallex Smith",13608,605480
"Jace Peterson","- - -",0.318965517,2.423076923,0.239316239,0.538461538,0.222222222,0,0.038461538,2,0.031746031,0,0,0.3220339,0.39830508,0.27966102,0.09322034,0.70338983,0.20338983,"Jace Peterson",12325,607054
"Andrés Giménez","- - -",0.294363256,1.860294117,0.170575692,0.539445628,0.289978678,0.132352941,0.080882352,16,0.063241106,14,0.538461538,0.41212121,0.34141414,0.24646465,0.21818182,0.57979798,0.2020202,"Andres Gimenez",19950,665926
"Ender Inciarte","- - -",0.285714285,2.916666666,0.253968253,0.555555555,0.19047619,0.166666666,0.166666666,3,0.085714285,1,0.5,0.32307692,0.35384615,0.32307692,0.27692308,0.52307692,0.2,"Ender Inciarte",4922,542255
"Ryan Lavarnway","- - -",0.4,0.5,0.4,0.2,0.4,0,0,0,0,0,0,0.4,0.4,0.2,0,0.8,0.2,"Ryan Lavarnway",8879,543432
"Trevor Bauer","- - -",0.071428571,4.5,0.214285714,0.642857142,0.142857142,0,0,0,0,0,0,0.13333333,0.53333333,0.33333333,0.33333333,0.46666667,0.2,"Trevor Bauer",12703,545333
"Breyvic Valera","- - -",0.379310344,1.333333333,0.25,0.428571428,0.321428571,0.222222222,0,0,0,0,0,0.3,0.36666667,0.33333333,0.1,0.7,0.2,"Breyvic Valera",12758,591971
"Wynton Bernard","COL",0.3,3.5,0.1,0.7,0.2,0.5,0,2,0.285714285,0,0,0.3,0.6,0.1,0.4,0.4,0.2,"Wynton Bernard",13408,592144
"Elier Hernandez","TEX",0.3,0.166666666,0.3,0.1,0.6,0,0,0,0,0,0,0.4,0.1,0.5,0,0.8,0.2,"Elier Hernandez",13750,609274
"Tyler Heineman","- - -",0.327102803,0.951219512,0.22330097,0.378640776,0.398058252,0.268292682,0.024390243,2,0.051282051,4,0.571428571,0.34545455,0.37272727,0.28181818,0.24545455,0.55454545,0.2,"Tyler Heineman",13897,623168
"Germán Márquez","COL",0.428571428,1,0.09090909,0.454545454,0.454545454,0.2,0,0,0,1,0.111111111,0.35,0.45,0.2,0.3,0.5,0.2,"German Marquez",15038,608566
"Dom Nuñez","- - -",0.214285714,0.533333333,0.178571428,0.285714285,0.535714285,0.266666666,0.133333333,1,0.125,1,0.5,0.3,0.43333333,0.26666667,0.33333333,0.46666667,0.2,"Dom Nunez",15055,624513
"Dustin Peterson","DET",0.6,0.5,0.4,0.2,0.4,0.5,0,0,0,0,0,0.4,0.4,0.2,0.2,0.6,0.2,"Dustin Peterson",15189,640460
"Nick Gordon","- - -",0.270491803,2.366666666,0.18548387,0.572580645,0.241935483,0.133333333,0.066666666,4,0.056338028,0,0,0.296,0.408,0.296,0.208,0.592,0.2,"Nick Gordon",16337,624503
"Adbert Alzolay","CHC",0.2,3,0.25,0.75,0,0,0,0,0,0,0,0.8,0,0.2,0.4,0.4,0.2,"Adbert Alzolay",17859,640470
"Sandy Alcantara","MIA",0.5,1,0,0.5,0.5,0,0,0,0,0,0,0.4,0.6,0,0,0.8,0.2,"Sandy Alcantara",18684,645261
"Will Craig","PIT",0.4,6,0.3,0.6,0.1,0,0,2,0.333333333,0,0,0.4,0.5,0.1,0.1,0.7,0.2,"Will Craig",19267,643269
"Nick Heath","- - -",0.2,4,0.2,0.8,0,0,0,0,0,0,0,0,0.2,0.8,0.4,0.4,0.2,"Nick Heath",19577,670084
"Tylor Megill","NYM",0.75,2,0.5,0.5,0,0,0,0,0,0,0,0,0.2,0.8,0.2,0.6,0.2,"Tylor Megill",21318,656731
"Vinny Capra","- - -",0.196078431,1.647058823,0.117647058,0.549019607,0.333333333,0.176470588,0.058823529,1,0.035714285,0,0,0.52727273,0.29090909,0.18181818,0.2,0.6,0.2,"Vinny Capra",25040,681962
"Aaron Schunk","COL",0.3,0.615384615,0.3,0.266666666,0.433333333,0,0,0,0,0,0,0.33333333,0.4,0.26666667,0.06666667,0.73333333,0.2,"Aaron Schunk",25524,668845
"Alika Williams","PIT",0.225,1.25,0.307692307,0.384615384,0.307692307,0,0,1,0.066666666,0,0,0.4,0.37777778,0.22222222,0.08888889,0.71111111,0.2,"Alika Williams",27604,675961
"Joey Loperfido","- - -",0.325581395,3.125,0.232558139,0.581395348,0.186046511,0.25,0.125,2,0.08,0,0,0.51111111,0.33333333,0.15555556,0.13333333,0.66666667,0.2,"Joey Loperfido",29630,694388
"Nathan Church","STL",0.625,6,0.125,0.75,0.125,0,0,1,0.166666666,0,0,0.4,0.3,0.3,0.1,0.7,0.2,"Nathan Church",31357,701675
"Akil Baddoo","DET",0.333333333,1.724137931,0.217821782,0.495049504,0.287128712,0.172413793,0,7,0.14,1,0.5,0.40776699,0.26213592,0.33009709,0.26213592,0.54368932,0.19417476,"Akil Baddoo",22168,668731
"Andrew Stevenson","- - -",0.206896551,1.666666666,0.172413793,0.517241379,0.310344827,0,0.222222222,4,0.266666666,0,0,0.25806452,0.41935484,0.32258065,0.19354839,0.61290323,0.19354839,"Andrew Stevenson",17932,664057
"Brock Holt","- - -",0.284090909,1.321428571,0.261363636,0.420454545,0.318181818,0.142857142,0,1,0.027027027,0,0,0.28409091,0.38636364,0.32954545,0.22727273,0.57954545,0.19318182,"Brock Holt",9345,571788
"Vimael Machín","- - -",0.2,1.857142857,0.2,0.52,0.28,0,0,0,0,0,0,0.23076923,0.30769231,0.46153846,0.23076923,0.57692308,0.19230769,"Vimael Machin",17684,605353
"Bryce Johnson","- - -",0.283783783,1.823529411,0.225806451,0.5,0.274193548,0,0,2,0.064516129,3,0.1875,0.41025641,0.3974359,0.19230769,0.07692308,0.73076923,0.19230769,"Bryce Johnson",20002,669369
"Richie Palacios","- - -",0.367346938,1.3125,0.274509803,0.411764705,0.31372549,0,0.125,3,0.142857142,0,0,0.42307692,0.34615385,0.23076923,0.17307692,0.63461538,0.19230769,"Richie Palacios",24589,680700
"Jake Fraley","- - -",0.229729729,1.833333333,0.211920529,0.509933774,0.278145695,0.095238095,0.071428571,6,0.077922077,0,0,0.45695364,0.37748344,0.16556291,0.29801325,0.50993377,0.19205298,"Jake Fraley",19260,641584
"Brett Phillips","- - -",0.19117647,1.6,0.212121212,0.484848484,0.303030303,0,0.05,2,0.0625,1,0.142857142,0.50684932,0.31506849,0.17808219,0.1369863,0.67123288,0.19178082,"Brett Phillips",14735,621433
"Alcides Escobar","WSN",0.333333333,1,0.31372549,0.343137254,0.343137254,0.057142857,0,0,0,3,1,0.33333333,0.35238095,0.31428571,0.22857143,0.58095238,0.19047619,"Alcides Escobar",6310,444876
"David MacKinnon","- - -",0.095238095,1.5,0.047619047,0.571428571,0.38095238,0.125,0,1,0.083333333,0,0,0.47619048,0.33333333,0.19047619,0.19047619,0.61904762,0.19047619,"David MacKinnon",19625,676950
"Enmanuel Valdez","- - -",0.146341463,1.909090909,0.219512195,0.512195121,0.268292682,0.09090909,0,1,0.047619047,0,0,0.5,0.33333333,0.16666667,0.19047619,0.61904762,0.19047619,"Enmanuel Valdez",21716,665839
"Bubba Starling","KCR",0.196428571,1.705882352,0.178571428,0.517857142,0.303571428,0.117647058,0.058823529,5,0.172413793,0,0,0.48275862,0.29310345,0.22413793,0.20689655,0.60344828,0.18965517,"Bubba Starling",13356,605490
"Max Scherzer","- - -",0.166666666,1.25,0.1,0.5,0.4,0,0,0,0,0,0,0.125,0.5,0.375,0.125,0.6875,0.1875,"Max Scherzer",3137,453286
"Jon Lester","- - -",0.1875,1.75,0.153846153,0.538461538,0.307692307,0.25,0,1,0.142857142,0,0,0.25,0.5625,0.1875,0.375,0.4375,0.1875,"Jon Lester",4930,452657
"Jason Martin","- - -",0.1875,1.666666666,0.172413793,0.517241379,0.310344827,0.333333333,0,0,0,0,0,0.40625,0.28125,0.3125,0.34375,0.46875,0.1875,"Jason Martin",16429,641829
"Ryan Fitzgerald","MIN",0,1.142857142,0,0.533333333,0.466666666,0.142857142,0.285714285,0,0,0,0,0.5625,0.4375,0,0.3125,0.5,0.1875,"Ryan Fitzgerald",24622,680837
"Adrian Del Castillo","ARI",0.5,1,0.125,0.4375,0.4375,0.142857142,0,0,0,0,0,0.375,0.4375,0.1875,0.0625,0.75,0.1875,"Adrian Del Castillo",29554,680728
"Dylan Beavers","BAL",0.133333333,0.555555555,0.125,0.3125,0.5625,0.111111111,0.111111111,0,0,0,0,0.125,0.625,0.25,0.25,0.5625,0.1875,"Dylan Beavers",31695,687637
"Victor Scott II","STL",0.292929292,1.357142857,0.25,0.431818181,0.318181818,0.035714285,0.035714285,4,0.105263157,2,0.105263157,0.35514019,0.39252336,0.25233645,0.1588785,0.65420561,0.18691589,"Victor Scott II",31349,687363
"Jon Jay","- - -",0.285714285,2.818181818,0.236363636,0.563636363,0.2,0,0,5,0.161290322,1,0.25,0.27118644,0.28813559,0.44067797,0.16949153,0.6440678,0.18644068,"Jon Jay",5227,445055
"Ji Hwan Bae","PIT",0.345238095,5,0.210526315,0.657894736,0.131578947,0.1,0,8,0.16,2,0.2,0.31395349,0.36046512,0.3255814,0.22093023,0.59302326,0.18604651,"Ji Hwan Bae",23818,678225
"Braden Bishop","SEA",0.259259259,2,0.192307692,0.538461538,0.269230769,0.428571428,0,2,0.142857142,1,1,0.48148148,0.33333333,0.18518519,0.2962963,0.51851852,0.18518519,"Braden Bishop",17806,623323
"LaMonte Wade Jr.","- - -",0.253333333,1.307692307,0.194630872,0.456375838,0.348993288,0.115384615,0.019230769,3,0.044117647,1,0.1,0.36477987,0.36477987,0.27044025,0.16352201,0.65408805,0.18238994,"LaMonte Wade Jr.",18126,664774
"José Marmolejos","SEA",0.19047619,1.5,0.09090909,0.545454545,0.363636363,0.25,0.125,0,0,0,0,0.45454545,0.36363636,0.18181818,0.22727273,0.59090909,0.18181818,"Jose Marmolejos",15767,592530
"Erick Mejia","KCR",0.272727272,1,0.09090909,0.454545454,0.454545454,0.2,0,2,0.4,0,0,0.45454545,0.45454545,0.09090909,0.54545455,0.27272727,0.18181818,"Erick Mejia",15817,625510
"Austin Gomber","COL",0.375,1,0.142857142,0.428571428,0.428571428,0.333333333,0,1,0.333333333,0,0,0.27272727,0.54545455,0.18181818,0.18181818,0.63636364,0.18181818,"Austin Gomber",16561,596295
"Eric Lauer","- - -",0.2,0.333333333,0.2,0.2,0.6,0,0,0,0,0,0,0.18181818,0.27272727,0.54545455,0.09090909,0.72727273,0.18181818,"Eric Lauer",19316,641778
"Zach Remillard","CHW",0.45,1.416666666,0.236842105,0.447368421,0.315789473,0.083333333,0,3,0.176470588,1,0.166666666,0.36363636,0.36363636,0.27272727,0.13636364,0.68181818,0.18181818,"Zach Remillard",19788,621545
"Ronny Simon","- - -",0.2,0.8,0.1,0.4,0.5,0.4,0,1,0.25,0,0,0.36363636,0.27272727,0.36363636,0.36363636,0.45454545,0.18181818,"Ronny Simon",25346,682927
"Bo Naylor","CLE",0.225352112,0.833333333,0.171232876,0.376712328,0.452054794,0.181818181,0.075757575,2,0.036363636,0,0,0.4295302,0.33557047,0.23489933,0.17449664,0.6442953,0.18120805,"Bo Naylor",21865,666310
"Raimel Tapia","- - -",0.364620938,3.891304347,0.196428571,0.639285714,0.164285714,0.065217391,0.086956521,16,0.089385474,0,0,0.22261484,0.42756184,0.34982332,0.22968198,0.59010601,0.18021201,"Raimel Tapia",14350,606132
"Anthony Bemboom","- - -",0.166666666,0.571428571,0.153846153,0.307692307,0.538461538,0.071428571,0.214285714,0,0,1,0.5,0.42857143,0.32142857,0.25,0.17857143,0.64285714,0.17857143,"Anthony Bemboom",13854,621532
"Cole Young","SEA",0.288888888,0.947368421,0.177777777,0.4,0.422222222,0,0,0,0,0,0,0.35555556,0.28888889,0.35555556,0.17777778,0.64444444,0.17777778,"Cole Young",31680,702284
"Gilberto Celestino","MIN",0.240384615,1.892857142,0.235849056,0.5,0.264150943,0.178571428,0.071428571,9,0.16981132,0,0,0.36448598,0.31775701,0.31775701,0.24299065,0.57943925,0.17757009,"Gilberto Celestino",20233,665482
"Nolan Schanuel","LAA",0.288557213,1.872727272,0.217821782,0.50990099,0.272277227,0.018181818,0.09090909,4,0.038834951,1,0.142857142,0.37799043,0.36842105,0.25358852,0.14354067,0.67942584,0.17703349,"Nolan Schanuel",33189,694384
"Peter Bourjos","LAA",0.117647058,0.666666666,0.117647058,0.352941176,0.529411764,0,0,1,0.166666666,0,0,0.17647059,0.23529412,0.58823529,0.23529412,0.58823529,0.17647059,"Peter Bourjos",2578,488721
"Webster Rivas","SDP",0.352941176,5.5,0.235294117,0.647058823,0.117647058,0,0,0,0,0,0,0.23529412,0.47058824,0.29411765,0.11764706,0.70588235,0.17647059,"Webster Rivas",14636,593590
"Michael Papierski","- - -",0.125,0.714285714,0.25,0.3125,0.4375,0.285714285,0,0,0,0,0,0.35294118,0.41176471,0.23529412,0.29411765,0.52941176,0.17647059,"Michael Papierski",21386,657709
"Meibrys Viloria","- - -",0.272727272,2.166666666,0.095238095,0.619047619,0.285714285,0,0.166666666,3,0.23076923,2,1,0.43478261,0.34782609,0.2173913,0.08695652,0.73913043,0.17391304,"Meibrys Viloria",17109,650619
"Esteury Ruiz","- - -",0.300653594,1.222222222,0.210526315,0.434210526,0.355263157,0.148148148,0.111111111,4,0.06060606,1,0.142857142,0.39622642,0.36477987,0.23899371,0.22012579,0.61006289,0.16981132,"Esteury Ruiz",21780,665923
"Will Brennan","CLE",0.224299065,1.485714285,0.179245283,0.490566037,0.330188679,0.142857142,0,5,0.096153846,1,1,0.23364486,0.48598131,0.28037383,0.26168224,0.57009346,0.1682243,"Will Brennan",25660,686823
"Cristhian Adames","SFG",0.333333333,3,0.333333333,0.5,0.166666666,0,0,0,0,0,0,0.66666667,0.33333333,0,0.16666667,0.66666667,0.16666667,"Cristhian Adames",6013,542436
"JB Shuck","PIT",0.363636363,3,0.272727272,0.545454545,0.181818181,0,0,1,0.166666666,0,0,0.25,0.5,0.25,0.33333333,0.5,0.16666667,"JB Shuck",6677,543776
"Caleb Joseph","- - -",0.333333333,0.5,0.5,0.166666666,0.333333333,0,0,0,0,0,0,0.16666667,0.33333333,0.5,0.16666667,0.66666667,0.16666667,"Caleb Joseph",7087,543376
"Paolo Espino","WSN",0.25,1,0.333333333,0.333333333,0.333333333,0,0,1,1,0,0,0.33333333,0.5,0.16666667,0,0.83333333,0.16666667,"Paolo Espino",8246,502179
"Miles Mikolas","STL",0.375,4,0.375,0.5,0.125,1,0,0,0,0,0,0.33333333,0.33333333,0.33333333,0.33333333,0.5,0.16666667,"Miles Mikolas",9803,571945
"Max Moroff","- - -",0,0.666666666,0,0.4,0.6,0,0,0,0,0,0,0.5,0.16666667,0.33333333,0.16666667,0.66666667,0.16666667,"Max Moroff",14556,621559
"Elieser Hernández","MIA",0.333333333,2,0.333333333,0.666666666,0,0,0,0,0,0,0,0,0.5,0.5,0.16666667,0.66666667,0.16666667,"Elieser Hernandez",16933,622694
"Kevin Kramer","PIT",0.166666666,0.666666666,0.166666666,0.333333333,0.5,0,0,0,0,0,0,0.33333333,0.5,0.16666667,0,0.83333333,0.16666667,"Kevin Kramer",17689,596012
"Joey Lucchesi","- - -",0,2,0,0.666666666,0.333333333,0,0,0,0,0,0,0.16666667,0.33333333,0.5,0.33333333,0.5,0.16666667,"Joey Lucchesi",19320,664192
"Tony Gonsolin","LAD",0.166666666,1.5,0.166666666,0.5,0.333333333,0,0,1,0.333333333,0,0,0,1,0,0.16666667,0.66666667,0.16666667,"Tony Gonsolin",19388,664062
"Rylan Bannon","- - -",0.333333333,1.5,0.166666666,0.5,0.333333333,0,0,0,0,0,0,0.33333333,0.16666667,0.5,0,0.83333333,0.16666667,"Rylan Bannon",19768,676625
"Luis González","- - -",0.28169014,1.260869565,0.212121212,0.439393939,0.348484848,0.130434782,0.04347826,4,0.137931034,2,0.333333333,0.20833333,0.375,0.41666667,0.20833333,0.625,0.16666667,"Luis Gonzalez",20332,670768
"Alejo Lopez","CIN",0.3125,2.181818181,0.270833333,0.5,0.229166666,0,0,1,0.041666666,0,0,0.29166667,0.3125,0.39583333,0.16666667,0.66666667,0.16666667,"Alejo Lopez",21127,664670
"Sherten Apostel","TEX",0.166666666,5,0.166666666,0.833333333,0,0,0,0,0,0,0,0.66666667,0,0.33333333,0.16666667,0.66666667,0.16666667,"Sherten Apostel",21794,665947
"Grant McCray","SFG",0.181818181,1.5,0,0.6,0.4,0.25,0.25,1,0.166666666,1,0.5,0.33333333,0.33333333,0.33333333,0.25,0.58333333,0.16666667,"Grant McCray",25690,687529
"Jacob Hurtubise","CIN",0.25,2,0,0.666666666,0.333333333,0,0,0,0,1,0.333333333,0.5,0.16666667,0.33333333,0,0.83333333,0.16666667,"Jacob Hurtubise",27599,674441
"Niko Kavadas","LAA",0.2,1,0.333333333,0.333333333,0.333333333,0,0.5,0,0,0,0,0.5,0.16666667,0.33333333,0.16666667,0.66666667,0.16666667,"Niko Kavadas",29782,694359
"Tim Elko","CHW",0.2,0.666666666,0.166666666,0.333333333,0.5,0.333333333,0.333333333,0,0,0,0,0.33333333,0.16666667,0.5,0.5,0.33333333,0.16666667,"Tim Elko",31522,671284
"Luis Guillorme","- - -",0.272727272,2.92,0.234375,0.5703125,0.1953125,0,0,4,0.05479452,1,0.142857142,0.24444444,0.40740741,0.34814815,0.16296296,0.67407407,0.16296296,"Luis Guillorme",16451,641645
"Yangervis Solarte","SFG",0.2,5.666666666,0.333333333,0.566666666,0.1,0,0,0,0,0,0,0.41935484,0.4516129,0.12903226,0.16129032,0.67741935,0.16129032,"Yangervis Solarte",5352,500208
"P.J. Higgins","CHC",0.272727272,1.625,0.236363636,0.472727272,0.29090909,0,0.0625,0,0,1,1,0.41071429,0.32142857,0.26785714,0.17857143,0.66071429,0.16071429,"P.J. Higgins",18433,664731
"Jorge Bonifacio","- - -",0.48,1.375,0.24,0.44,0.32,0.25,0,3,0.272727272,0,0,0.48,0.08,0.44,0.2,0.64,0.16,"Jorge Bonifacio",12174,593528
"Yonny Hernández","- - -",0.224489795,1.833333333,0.260869565,0.478260869,0.260869565,0,0,2,0.09090909,0,0,0.36,0.32,0.32,0.2,0.64,0.16,"Yonny Hernandez",19432,660634
"Clayton Kershaw","LAD",0.142857142,1.666666666,0.333333333,0.416666666,0.25,0.333333333,0,1,0.2,0,0,0.15789474,0.42105263,0.42105263,0.21052632,0.63157895,0.15789474,"Clayton Kershaw",2036,477132
"Walker Buehler","LAD",0.235294117,2,0.117647058,0.588235294,0.294117647,0,0,1,0.1,0,0,0.21052632,0.36842105,0.42105263,0.26315789,0.57894737,0.15789474,"Walker Buehler",19374,621111
"Travis Jankowski","- - -",0.246376811,2.352941176,0.123076923,0.615384615,0.261538461,0.235294117,0,3,0.075,1,0.166666666,0.28169014,0.33802817,0.38028169,0.26760563,0.57746479,0.15492958,"Travis Jankowski",13768,608671
"Brooks Baldwin","CHW",0.235294117,0.758620689,0.203125,0.34375,0.453125,0.068965517,0.034482758,2,0.09090909,2,0.285714285,0.30985915,0.4084507,0.28169014,0.15492958,0.69014085,0.15492958,"Brooks Baldwin",31394,681460
"Jack López","- - -",0.363636363,1,0.09090909,0.454545454,0.454545454,0,0,2,0.4,0,0,0.23076923,0.53846154,0.23076923,0.07692308,0.76923077,0.15384615,"Jack Lopez",13663,605346
"Curtis Terry","TEX",0.076923076,0.2,0.076923076,0.153846153,0.769230769,0.2,0,0,0,0,0,0.30769231,0.38461538,0.30769231,0.23076923,0.61538462,0.15384615,"Curtis Terry",18881,663799
"Armando Alvarez","OAK",0.23076923,0.8,0.307692307,0.307692307,0.384615384,0.2,0,0,0,0,0,0.38461538,0.30769231,0.30769231,0.15384615,0.69230769,0.15384615,"Armando Alvarez",19292,669137
"Drew Gilbert","SFG",0.153846153,0.833333333,0.153846153,0.384615384,0.461538461,0.333333333,0,0,0,0,0,0.23076923,0.61538462,0.15384615,0.38461538,0.46153846,0.15384615,"Drew Gilbert",31545,687551
"Sal Frelick","MIL",0.310344827,1.506666666,0.168141592,0.5,0.331858407,0.173333333,0.026666666,10,0.088495575,6,0.545454545,0.36708861,0.40506329,0.2278481,0.27004219,0.57805907,0.15189873,"Sal Frelick",29622,686217
"Garrett Stubbs","- - -",0.314606741,1.461538461,0.219512195,0.463414634,0.31707317,0.192307692,0.115384615,2,0.052631578,6,0.545454545,0.46236559,0.27956989,0.25806452,0.23655914,0.61290323,0.15053763,"Garrett Stubbs",18067,596117
"Zach Davies","- - -",0.235294117,1.4,0.294117647,0.411764705,0.294117647,0.2,0,0,0,0,0,0.3,0.35,0.35,0.05,0.8,0.15,"Zach Davies",13183,605200
"Nick Maton","- - -",0.357142857,1.0625,0.266666666,0.377777777,0.355555555,0.25,0.25,1,0.058823529,1,0.5,0.46808511,0.27659574,0.25531915,0.19148936,0.65957447,0.14893617,"Nick Maton",21635,665155
"Matthew Batten","SDP",0.4,1.285714285,0.219512195,0.43902439,0.341463414,0.071428571,0.071428571,1,0.055555555,0,0,0.26829268,0.36585366,0.36585366,0.14634146,0.70731707,0.14634146,"Matthew Batten",20157,676946
"Colt Keith","DET",0.352272727,1.92,0.17977528,0.539325842,0.280898876,0.08,0.04,6,0.125,0,0,0.33707865,0.40449438,0.25842697,0.24719101,0.60674157,0.14606742,"Colt Keith",27899,690993
"Ben Rortvedt","- - -",0.24137931,1.529411764,0.258620689,0.448275862,0.293103448,0.176470588,0.058823529,0,0,0,0,0.33870968,0.35483871,0.30645161,0.19354839,0.66129032,0.14516129,"Ben Rortvedt",20287,666163
"Zach Eflin","PHI",0.333333333,1.5,0.23076923,0.461538461,0.307692307,0,0,0,0,1,0.125,0.19047619,0.42857143,0.38095238,0.19047619,0.66666667,0.14285714,"Zach Eflin",13774,621107
"Eric Stamets","CLE",0.166666666,0.666666666,0.166666666,0.333333333,0.5,0.333333333,0,0,0,0,0,0.42857143,0.42857143,0.14285714,0.14285714,0.71428571,0.14285714,"Eric Stamets",13795,608715
"Brian O'Grady","- - -",0.285714285,4,0.285714285,0.571428571,0.142857142,1,0,0,0,0,0,0.71428571,0.14285714,0.14285714,0.28571429,0.57142857,0.14285714,"Brian O'Grady",16729,657434
"Pablo López","MIA",0.214285714,3,0.272727272,0.545454545,0.181818181,0,0,0,0,0,0,0.07142857,0.64285714,0.28571429,0.42857143,0.42857143,0.14285714,"Pablo Lopez",17085,641154
"Mitch Keller","PIT",0.285714285,6,0.142857142,0.857142857,0,0,0,1,0.166666666,0,0,0.42857143,0.28571429,0.28571429,0.57142857,0.28571429,0.14285714,"Mitch Keller",17594,656605
"Kenta Maeda","- - -",0.428571428,4,0.285714285,0.571428571,0.142857142,0,0,0,0,0,0,0.21428571,0.5,0.28571429,0.35714286,0.5,0.14285714,"Kenta Maeda",18498,628317
"Luis De Los Santos","TOR",0.571428571,1,0.428571428,0.285714285,0.285714285,0,0,1,0.5,0,0,0.42857143,0.14285714,0.42857143,0.28571429,0.57142857,0.14285714,"Luis De Los Santos",21682,665782
"Will Robertson","- - -",0.285714285,2,0.142857142,0.571428571,0.285714285,0.5,0,0,0,0,0,0.71428571,0.28571429,0,0.14285714,0.71428571,0.14285714,"Will Robertson",25467,683770
"John Rave","KCR",0.384615384,0.75,0.222222222,0.333333333,0.444444444,0.25,0,1,0.333333333,3,0.6,0.42857143,0.28571429,0.28571429,0.35714286,0.5,0.14285714,"John Rave",26284,670231
"Oliver Dunn","MIL",0.166666666,0,0.4,0,0.6,0,0,0,0,0,0,0.28571429,0.14285714,0.57142857,0,0.85714286,0.14285714,"Oliver Dunn",26295,686554
"Michael Siani","- - -",0.261538461,1.722222222,0.140350877,0.543859649,0.315789473,0.166666666,0.055555555,5,0.161290322,4,0.266666666,0.375,0.26388889,0.36111111,0.25,0.61111111,0.13888889,"Michael Siani",22557,672279
"Dee Strange-Gordon","- - -",0.326732673,1.807692307,0.262626262,0.474747474,0.262626262,0.153846153,0.038461538,3,0.063829787,3,1,0.29411765,0.41176471,0.29411765,0.24509804,0.61764706,0.1372549,"Dee Strange-Gordon",8203,543829
"Jake Hager","- - -",0.38095238,1.142857142,0.25,0.4,0.35,0.142857142,0,2,0.25,1,0.5,0.27272727,0.36363636,0.36363636,0.22727273,0.63636364,0.13636364,"Jake Hager",12198,606993
"Sonny Gray","CIN",0.153846153,12,0.076923076,0.923076923,0,0,0,0,0,0,0,0.2,0.33333333,0.46666667,0.26666667,0.6,0.13333333,"Sonny Gray",12768,543243
"Zac Gallen","- - -",0.571428571,2,0.6,0.4,0,0,0,1,0.5,1,0.1,0.33333333,0.6,0.06666667,0.13333333,0.73333333,0.13333333,"Zac Gallen",19291,668678
"Zack Wheeler","- - -",0.421052631,10,0.411764705,0.588235294,0,0,0,0,0,0,0,0.30434783,0.26086957,0.43478261,0.13043478,0.73913043,0.13043478,"Zack Wheeler",10310,554430
"Adam Wainwright","STL",0.157894736,1.428571428,0,0.588235294,0.411764705,0.142857142,0,1,0.1,0,0,0.54166667,0.29166667,0.16666667,0.16666667,0.70833333,0.125,"Adam Wainwright",2233,425794
"Jason Vargas","- - -",0,1.5,0.166666666,0.5,0.333333333,0,0,0,0,0,0,0.25,0.5,0.25,0.125,0.75,0.125,"Jason Vargas",8044,450306
"Kyle Gibson","- - -",0.166666666,4,0,0.8,0.2,1,0,0,0,0,0,0.375,0.25,0.375,0.25,0.625,0.125,"Kyle Gibson",10123,502043
"Ryan Court","SEA",0.5,2,0.25,0.5,0.25,0.5,0,0,0,0,0,0.25,0.375,0.375,0.375,0.5,0.125,"Ryan Court",12268,606956
"Steven Matz","NYM",0.357142857,2,0.2,0.533333333,0.266666666,0,0.25,2,0.25,0,0,0.25,0.375,0.375,0.4375,0.4375,0.125,"Steven Matz",13361,571927
"Terrance Gore","- - -",0.529411764,2.666666666,0.153846153,0.615384615,0.23076923,0.333333333,0,1,0.125,3,1,0.4375,0.3125,0.25,0.4375,0.4375,0.125,"Terrance Gore",13658,605253
"Daniel Palka","CHW",0.125,1.333333333,0.125,0.5,0.375,0,0,0,0,0,0,0.125,0.5,0.375,0.5,0.375,0.125,"Daniel Palka",14897,594953
"Tyler Mahle","CIN",0,4.5,0.083333333,0.75,0.166666666,0,0,0,0,0,0,0.3125,0.25,0.4375,0.375,0.5,0.125,"Tyler Mahle",16358,641816
"Taylor Clarke","ARI",0.5,1,0.428571428,0.285714285,0.285714285,0,0.5,1,0.5,0,0,0.25,0.625,0.125,0.25,0.625,0.125,"Taylor Clarke",17611,664199
"Jermaine Palacios","MIN",0.166666666,1.444444444,0.083333333,0.541666666,0.375,0,0,2,0.153846153,0,0,0.45833333,0.375,0.16666667,0.125,0.75,0.125,"Jermaine Palacios",18371,650339
"Nick Plummer","NYM",0,2.5,0.125,0.625,0.25,0,0,0,0,0,0,0.25,0.625,0.125,0.125,0.75,0.125,"Nick Plummer",18690,663911
"Alejandro Osuna","TEX",0.125,1.333333333,0,0.571428571,0.428571428,0,0,0,0,0,0,0.125,0.875,0,0.25,0.625,0.125,"Alejandro Osuna",27915,696030
"Samuel Basallo","BAL",0.133333333,1.285714285,0,0.5625,0.4375,0,0.142857142,0,0,0,0,0.5,0.375,0.125,0.3125,0.5625,0.125,"Samuel Basallo",28824,694212
"Marcelo Mayer","BOS",0.25,2.25,0.1875,0.5625,0.25,0,0,0,0,0,0,0.375,0.375,0.25,0.3125,0.5625,0.125,"Marcelo Mayer",29668,691785
"Chandler Simpson","TBR",0.326530612,6.5,0.210526315,0.684210526,0.105263157,0,0,6,0.092307692,0,0,0.25510204,0.43877551,0.30612245,0.19387755,0.68367347,0.12244898,"Chandler Simpson",31912,802415
"Heston Kjerstad","BAL",0.32,2,0.28,0.48,0.24,0.166666666,0,2,0.166666666,0,0,0.16,0.56,0.28,0.24,0.64,0.12,"Heston Kjerstad",31166,677008
"Alfonso Rivas III","- - -",0.235294117,1.888888888,0.235294117,0.5,0.264705882,0.111111111,0,0,0,0,0,0.31428571,0.28571429,0.4,0.22857143,0.65714286,0.11428571,"Alfonso Rivas III",21560,663845
"Rob Brantly","- - -",0.333333333,1,0.25,0.375,0.375,0,0,0,0,1,1,0.22222222,0.22222222,0.55555556,0.11111111,0.77777778,0.11111111,"Rob Brantly",10655,542963
"Robbie Ray","- - -",0.142857142,5,0.166666666,0.833333333,0,0,0,0,0,0,0,0.22222222,0.55555556,0.22222222,0.11111111,0.77777778,0.11111111,"Robbie Ray",11486,592662
"Ross Stripling","- - -",0,6,0,0.857142857,0.142857142,0,0,0,0,0,0,0.33333333,0.44444444,0.22222222,0.11111111,0.77777778,0.11111111,"Ross Stripling",13273,548389
"Hyun Jin Ryu","- - -",0.142857142,2,0.142857142,0.571428571,0.285714285,0,0,0,0,0,0,0.33333333,0.22222222,0.44444444,0.33333333,0.55555556,0.11111111,"Hyun Jin Ryu",14444,547943
"Kyle Freeland","COL",0.166666666,2,0,0.666666666,0.333333333,0,0,0,0,1,0.166666666,0.44444444,0.55555556,0,0.11111111,0.77777778,0.11111111,"Kyle Freeland",16256,607536
"Matt Peacock","ARI",0.222222222,7,0,0.875,0.125,0,0,0,0,0,0,0.33333333,0.66666667,0,0.11111111,0.77777778,0.11111111,"Matt Peacock",20339,676840
"Mark Kolozsvary","CIN",0.222222222,5,0.333333333,0.555555555,0.111111111,0,0,1,0.2,0,0,0.11111111,0.88888889,0,0.22222222,0.66666667,0.11111111,"Mark Kolozsvary",21304,656627
"Liam Hicks","MIA",0.238095238,0.736842105,0.195121951,0.341463414,0.463414634,0.105263157,0,2,0.142857142,0,0,0.4,0.31111111,0.28888889,0.22222222,0.66666667,0.11111111,"Liam Hicks",29844,689414
"Jon Gray","COL",0,1.5,0.09090909,0.545454545,0.363636363,0.25,0,0,0,0,0,0.15789474,0.42105263,0.42105263,0.15789474,0.73684211,0.10526316,"Jon Gray",14916,592351
"Rafael Ortega","- - -",0.272727272,1.56,0.123287671,0.534246575,0.342465753,0.12,0,4,0.102564102,2,0.333333333,0.30379747,0.29113924,0.40506329,0.30379747,0.59493671,0.10126582,"Rafael Ortega",10323,542364
"Greg Garcia","SDP",0.24137931,3.6,0.148148148,0.666666666,0.185185185,0,0,2,0.111111111,1,0.333333333,0.23333333,0.4,0.36666667,0.4,0.5,0.1,"Greg Garcia",10951,594824
"Steven Brault","PIT",0.5,5,0.25,0.625,0.125,0,0,0,0,0,0,0.3,0.4,0.3,0.1,0.8,0.1,"Steven Brault",15291,643230
"Aaron Nola","PHI",0.153846153,11,0,0.916666666,0.083333333,0,0,0,0,0,0,0.2,0.4,0.4,0.3,0.6,0.1,"Aaron Nola",16149,605400
"Austin Allen","- - -",0.2,3.5,0.1,0.7,0.2,0,0,0,0,0,0,0.5,0.4,0.1,0.2,0.7,0.1,"Austin Allen",18083,664119
"César Salazar","HOU",0.5,5,0.25,0.625,0.125,0,0,0,0,1,0.5,0.4,0.2,0.4,0.2,0.7,0.1,"Cesar Salazar",21587,663967
"Mason McCoy","- - -",0.2,6,0.3,0.6,0.1,0,0,0,0,0,0,0.3,0.3,0.4,0.1,0.8,0.1,"Mason McCoy",22232,669200
"DaShawn Keirsey Jr.","MIN",0.111111111,0.6,0.111111111,0.333333333,0.555555555,0,0,0,0,0,0,0.4,0.1,0.5,0.4,0.5,0.1,"DaShawn Keirsey Jr.",24496,680577
"Victor Mesa Jr.","MIA",0.25,0.6,0.111111111,0.333333333,0.555555555,0,0.2,1,0.333333333,0,0,0.5,0.1,0.4,0.3,0.6,0.1,"Victor Mesa Jr.",25999,683748
"Tyler Wade","- - -",0.297029702,2.217391304,0.221052631,0.536842105,0.242105263,0.173913043,0.04347826,8,0.156862745,2,0.181818181,0.32075472,0.4245283,0.25471698,0.20754717,0.69811321,0.09433962,"Tyler Wade",15730,642180
"Marcus Stroman","NYM",0.181818181,4,0.285714285,0.571428571,0.142857142,1,0,1,0.25,2,0.5,0.72727273,0.18181818,0.09090909,0.27272727,0.63636364,0.09090909,"Marcus Stroman",13431,573186
"Logan Webb","SFG",0.125,4,0.285714285,0.571428571,0.142857142,0,0,0,0,0,0,0.27272727,0.18181818,0.54545455,0.18181818,0.72727273,0.09090909,"Logan Webb",17995,657277
"Conner Capel","- - -",0.454545454,0.75,0.363636363,0.272727272,0.363636363,0,0,0,0,0,0,0.18181818,0.36363636,0.45454545,0.18181818,0.72727273,0.09090909,"Conner Capel",19983,668843
"Jeter Downs","- - -",0.4,1.666666666,0.272727272,0.454545454,0.272727272,0,0,0,0,0,0,0.45454545,0.45454545,0.09090909,0.27272727,0.63636364,0.09090909,"Jeter Downs",22202,669023
"Hunter Feduccia","- - -",0.09090909,1.666666666,0.272727272,0.454545454,0.272727272,0,0,0,0,0,0,0.27272727,0.27272727,0.45454545,0.09090909,0.81818182,0.09090909,"Hunter Feduccia",23372,676439
"Stephen Strasburg","WSN",0.181818181,8,0.181818181,0.727272727,0.09090909,0,0,0,0,0,0,0.23076923,0.30769231,0.46153846,0.38461538,0.53846154,0.07692308,"Stephen Strasburg",10131,544931
"Luis Castillo","CIN",0.210526315,5,0.25,0.625,0.125,0.5,0,0,0,1,0.1,0.38461538,0.5,0.11538462,0.23076923,0.69230769,0.07692308,"Luis Castillo",15689,622491
"Trevor Williams","- - -",0.333333333,6,0.142857142,0.857142857,0,0,0,0,0,1,0.166666666,0.23076923,0.61538462,0.15384615,0.30769231,0.61538462,0.07692308,"Trevor Williams",16977,592866
"Evan Carter","TEX",0.128205128,2.083333333,0.051282051,0.641025641,0.307692307,0.333333333,0,3,0.12,0,0,0.46153846,0.35897436,0.17948718,0.33333333,0.58974359,0.07692308,"Evan Carter",27790,694497
"Magneuris Sierra","- - -",0.296875,2.176470588,0.068965517,0.637931034,0.293103448,0.176470588,0,2,0.054054054,4,0.571428571,0.32307692,0.33846154,0.33846154,0.32307692,0.61538462,0.06153846,"Magneuris Sierra",17023,642423
"Antonio Senzatela","COL",0.09090909,7,0.2,0.7,0.1,1,0,0,0,0,0,0.35294118,0.23529412,0.41176471,0.29411765,0.64705882,0.05882353,"Antonio Senzatela",15488,622608
"Erick Fedde","WSN",0,3.333333333,0.071428571,0.714285714,0.214285714,0.333333333,0,1,0.1,0,0,0.17647059,0.47058824,0.35294118,0.41176471,0.52941176,0.05882353,"Erick Fedde",17425,607200
"Jacob deGrom","NYM",0.470588235,3,0.25,0.5625,0.1875,0,0,3,0.333333333,0,0,0.27777778,0.33333333,0.38888889,0.27777778,0.66666667,0.05555556,"Jacob deGrom",10954,594798
"Charlie Morton","- - -",0.333333333,2,0.5,0.333333333,0.166666666,1,0,0,0,0,0,0.33333333,0.16666667,0.5,0.33333333,0.66666667,0,"Charlie Morton",4676,450203
"Rich Hill","- - -",0,4,0,1,0,0,0,0,0,0,0,0,0.28571429,0.71428571,0.42857143,0.57142857,0,"Rich Hill",4806,448179
"Johnny Cueto","SFG",0.1,1.75,0,0.636363636,0.363636363,0,0,1,0.142857142,0,0,0.15384615,0.15384615,0.69230769,0.61538462,0.38461538,0,"Johnny Cueto",6893,456501
"J.A. Happ","- - -",0,1,0.2,0.4,0.4,0,0,0,0,0,0,0.125,0.5,0.375,0.125,0.875,0,"J.A. Happ",7410,457918
"Jordan Lyles","- - -",0,0,0,0,1,1,0,0,0,0,0,0,0,1,1,0,0,"Jordan Lyles",7593,543475
"Wade Miley","CIN",0,5,0.166666666,0.833333333,0,0,0,0,0,0,0,0.25,0.5,0.25,0,1,0,"Wade Miley",8779,489119
"Patrick Corbin","WSN",0.136363636,16,0.15,0.8,0.05,0,0,1,0.0625,0,0,0.14285714,0.53571429,0.32142857,0.39285714,0.60714286,0,"Patrick Corbin",9323,571578
"Dallas Keuchel","ATL",0.333333333,2,0,0.666666666,0.333333333,0,0,0,0,0,0,0,1,0,0.33333333,0.66666667,0,"Dallas Keuchel",9434,572971
"Mike Foltynewicz","- - -",0,3,0,1,0,0,0,0,0,0,0,0.4,0.2,0.4,0.6,0.4,0,"Mike Foltynewicz",10811,592314
"Merrill Kelly","ARI",0,3.5,0.1,0.7,0.2,0.5,0,0,0,0,0,0.25,0.375,0.375,0.3125,0.6875,0,"Merrill Kelly",11156,518876
"Jose Quintana","- - -",0,2,0,1,0,0,0,0,0,0,0,0.4,0.4,0.2,0.4,0.6,0,"Jose Quintana",11423,500779
"Dixon Machado","SFG",0.285714285,1,0.142857142,0.428571428,0.428571428,0,0,0,0,0,0,0.14285714,0.57142857,0.28571429,0.14285714,0.85714286,0,"Dixon Machado",11472,553988
"Drew Smyly","- - -",0.1,7,0.222222222,0.777777777,0,0,0,1,0.142857142,0,0,0.18181818,0.27272727,0.54545455,0.45454545,0.54545455,0,"Drew Smyly",11760,592767
"Noah Syndergaard","NYM",0,1,0,1,0,0,0,0,0,0,0,1,0,0,1,0,0,"Noah Syndergaard",11762,592789
"Taijuan Walker","NYM",0,2,0,1,0,0,0,0,0,0,0,0,0,1,0.33333333,0.66666667,0,"Taijuan Walker",11836,592836
"Kyle Hendricks","CHC",0.076923076,2.333333333,0.09090909,0.636363636,0.272727272,0,0,0,0,0,0,0.11111111,0.38888889,0.5,0.05555556,0.94444444,0,"Kyle Hendricks",12049,543294
"Tyler Anderson","- - -",0,3,0,1,0,0,0,0,0,0,0,0,0.6,0.4,0,1,0,"Tyler Anderson",12880,542881
"Joe Ross","WSN",0.166666666,5,0,0.833333333,0.166666666,0,0,1,0.2,0,0,0.5,0.16666667,0.33333333,0.16666667,0.83333333,0,"Joe Ross",12972,605452
"Blake Snell","SDP",0.111111111,8,0,0.888888888,0.111111111,0,0,0,0,0,0,0.4,0.3,0.3,0.5,0.5,0,"Blake Snell",13543,605483
"Kevin Gausman","- - -",0.3,7,0.125,0.875,0,0,0,0,0,0,0,0.2,0.3,0.5,0.1,0.9,0,"Kevin Gausman",14107,592332
"Chi Chi González","COL",0.25,2,0.25,0.5,0.25,0,0,0,0,0,0,0.2,0.8,0,0.2,0.8,0,"Chi Chi Gonzalez",14663,592346
"Justin Williams","STL",0.25,6,0.125,0.75,0.125,0,0,1,0.166666666,0,0,0.5,0.375,0.125,0.375,0.625,0,"Justin Williams",15490,642211
"Joseph Odom","- - -",0,1,0,0.5,0.5,1,0,0,0,0,0,0,0.5,0.5,0.5,0.5,0,"Joseph Odom",15535,641929
"Brian O'Keefe","SEA",0.333333333,0,0.333333333,0,0.666666666,1,0,0,0,0,0,0.33333333,0,0.66666667,0.66666667,0.33333333,0,"Brian O'Keefe",16680,657247
"Tyler Beede","SFG",0,1,0,0.5,0.5,0.5,0,0,0,0,0,0.25,0.5,0.25,0.25,0.75,0,"Tyler Beede",16981,595881
"JT Brubaker","PIT",0.125,5,0,0.833333333,0.166666666,1,0,0,0,0,0,0,0.375,0.625,0.375,0.625,0,"JT Brubaker",17578,664141
"Travis Blankenhorn","- - -",0.333333333,0,0.333333333,0,0.666666666,0.25,0,0,0,0,0,0.16666667,0.5,0.33333333,0.5,0.5,0,"Travis Blankenhorn",18395,663905
"Freddy Peralta","MIL",0.25,5,0.285714285,0.714285714,0,0,0,0,0,0,0,0.22222222,0.55555556,0.22222222,0.22222222,0.77777778,0,"Freddy Peralta",18679,642547
"Ian Anderson","ATL",0,1,0,1,0,0,0,0,0,0,0,0,0.33333333,0.66666667,0,1,0,"Ian Anderson",19951,666120
"Bryse Wilson","- - -",0,4,0,1,0,0,0,0,0,0,0,0,0.5,0.5,0.16666667,0.83333333,0,"Bryse Wilson",19990,669060
"Chris Paddack","SDP",0.222222222,4,0.285714285,0.571428571,0.142857142,0,0,0,0,1,0.333333333,0.2,0.3,0.5,0.4,0.6,0,"Chris Paddack",20099,663978
"Trey Cabbage","- - -",0.333333333,2,0,1,0,0,0,0,0,1,1,1,0,0,0,1,0,"Trey Cabbage",21078,663550
"Trevor Rogers","- - -",0.2,5,0,1,0,0,0,1,0.2,0,0,0,0.83333333,0.16666667,0.5,0.5,0,"Trevor Rogers",22286,669432
"Terrin Vavra","BAL",0.333333333,0.75,0.222222222,0.333333333,0.444444444,0,0,0,0,0,0,0.33333333,0.11111111,0.55555556,0,1,0,"Terrin Vavra",24400,679631
"Kyle McCann","OAK",0.166666666,5,0,0.833333333,0.166666666,0,0,0,0,0,0,0.33333333,0.66666667,0,0.16666667,0.83333333,0,"Kyle McCann",25575,668832