"last_name, first_name","player_id","team_name_alt","pitch_type","pitch_name","run_value_per_100","run_value","pitches","pitch_usage","pa","ba","slg","woba","whiff_percent","k_percent","put_away","est_ba","est_slg","est_woba","hard_hit_percent"
"Polanco, Jorge",593871,"MIN","FF","4-Seam Fastball",1,10,"972",35.3,"265","0.274","0.517","0.391",10.4,14,12.7,"0.263","0.522","0.363",41.3
"Villar, Jonathan",542340,"BAL","FF","4-Seam Fastball",-0.5,-6,"1179",41.5,"264","0.22","0.41","0.334",27,23.1,15.8,"0.221","0.396","0.321",31.9
"Bogaerts, Xander",593428,"BOS","FF","4-Seam Fastball",2.6,25,"954",33.4,"258","0.369","0.712","0.478",12.5,12,12.9,"0.312","0.587","0.402",52.5
"Merrifield, Whit",593160,"KC","FF","4-Seam Fastball",1,10,"990",35.8,"257","0.339","0.561","0.419",15.2,14,12,"0.335","0.559","0.396",38.4
"Bellinger, Cody",641355,"LAD","FF","4-Seam Fastball",2,20,"970",36.3,"255","0.321","0.652","0.457",20.6,18,16.7,"0.322","0.651","0.437",50.6
"Choo, Shin-Soo",425783,"TEX","FF","4-Seam Fastball",1,11,"1011",37.6,"254","0.301","0.541","0.428",22.1,16.9,15.2,"0.302","0.561","0.417",50.3
"Freeman, Freddie",518692,"ATL","FF","4-Seam Fastball",2.2,22,"985",35.9,"254","0.298","0.628","0.43",18.6,15.4,14.1,"0.325","0.697","0.46",48
"García, Leury",544725,"CWS","FF","4-Seam Fastball",-0.2,-2,"889",41.1,"253","0.303","0.404","0.352",16.8,17.8,20.2,"0.259","0.384","0.306",31.6
"Hoskins, Rhys",656555,"PHI","FF","4-Seam Fastball",0.3,3,"1111",34.5,"252","0.222","0.468","0.367",15,15.9,12,"0.24","0.506","0.379",47.3
"Escobar, Eduardo",500871,"AZ","FF","4-Seam Fastball",0.1,1,"1071",39.8,"252","0.26","0.452","0.36",29,21.8,16.7,"0.242","0.444","0.337",35.8
"Hernández, César",514917,"PHI","FF","4-Seam Fastball",-0.8,-8,"992",38.2,"250","0.248","0.396","0.335",9.6,11.2,10.3,"0.267","0.405","0.332",27.8
"Gordon, Alex",460086,"KC","FF","4-Seam Fastball",-0.5,-5,"896",38.2,"246","0.276","0.39","0.348",14.9,11.8,11.5,"0.274","0.435","0.35",41.3
"Acuña Jr., Ronald",660670,"ATL","FF","4-Seam Fastball",0.1,2,"1117",36.7,"245","0.234","0.464","0.351",28.5,31.8,19.9,"0.241","0.504","0.362",48.5
"Santana, Carlos",467793,"CLE","FF","4-Seam Fastball",0.6,6,"953",34.3,"244","0.282","0.445","0.366",17.7,13.9,13.7,"0.267","0.426","0.348",46
"Marte, Ketel",606466,"AZ","FF","4-Seam Fastball",1.5,13,"923",38.4,"243","0.335","0.587","0.425",11.6,14.4,13.9,"0.285","0.488","0.359",37
"Semien, Marcus",543760,"ATH","FF","4-Seam Fastball",1.9,19,"980",33.6,"241","0.294","0.642","0.457",14.5,12.9,12,"0.283","0.598","0.412",43.9
"Benintendi, Andrew",643217,"BOS","FF","4-Seam Fastball",-0.1,-1,"936",38.4,"241","0.265","0.442","0.346",25.7,23.7,22.7,"0.276","0.478","0.35",46.3
"Belt, Brandon",474832,"SF","FF","4-Seam Fastball",0.2,2,"1052",41.9,"238","0.247","0.424","0.349",21.3,21,16,"0.237","0.455","0.354",33.6
"Devers, Rafael",646240,"BOS","FF","4-Seam Fastball",1,10,"997",37.9,"237","0.288","0.567","0.402",27.5,24.9,18.8,"0.285","0.583","0.388",50.3
"Trout, Mike",545361,"LAA","FF","4-Seam Fastball",1.6,18,"1077",43.5,"236","0.266","0.549","0.425",16.9,18.6,14.5,"0.297","0.635","0.451",40
"Grandal, Yasmani",518735,"MIL","FF","4-Seam Fastball",1.5,15,"965",36.1,"236","0.277","0.586","0.425",22.3,22.5,19.3,"0.267","0.585","0.414",45.3
"Betts, Mookie",605141,"BOS","FF","4-Seam Fastball",1.2,13,"1113",38.3,"234","0.306","0.585","0.432",13,14.5,11.7,"0.304","0.62","0.44",55.8
"Smith, Mallex",605480,"SEA","FF","4-Seam Fastball",-0.8,-7,"888",39.9,"233","0.228","0.361","0.327",21.8,18.9,17.1,"0.218","0.333","0.301",27
"Eaton, Adam",594809,"WSH","FF","4-Seam Fastball",-0.1,-1,"1115",41.9,"232","0.247","0.352","0.348",13.7,15.5,10.5,"0.263","0.434","0.376",38.7
"Rendon, Anthony",543685,"WSH","FF","4-Seam Fastball",1.3,11,"907",34.7,"232","0.289","0.603","0.416",11.7,12.9,11.1,"0.31","0.655","0.44",55.6
"Blackmon, Charlie",453568,"COL","FF","4-Seam Fastball",2.3,21,"920",39,"232","0.335","0.631","0.447",17,15.5,13.9,"0.295","0.561","0.392",45.6
"Hosmer, Eric",543333,"SD","FF","4-Seam Fastball",-0.6,-6,"920",36,"229","0.284","0.455","0.338",20.8,18.8,17.8,"0.285","0.47","0.342",52.6
"Schwarber, Kyle",656941,"CHC","FF","4-Seam Fastball",1.1,10,"896",35.6,"223","0.238","0.556","0.38",21.8,19.3,15.2,"0.281","0.601","0.408",56.1
"Conforto, Michael",624424,"NYM","FF","4-Seam Fastball",1,9,"882",34.4,"223","0.25","0.527","0.385",21.7,18.8,17.1,"0.281","0.586","0.415",44.4
"Bregman, Alex",608324,"HOU","FF","4-Seam Fastball",3.2,30,"941",32.9,"222","0.339","0.719","0.5",10.7,7.2,6.9,"0.284","0.524","0.416",45.2
"Calhoun, Kole",594777,"LAA","FF","4-Seam Fastball",1.2,10,"785",33.2,"222","0.287","0.564","0.415",25.4,22.5,23.8,"0.286","0.563","0.403",49.3
"Bryant, Kris",592178,"CHC","FF","4-Seam Fastball",3.3,26,"798",32.4,"222","0.326","0.727","0.484",22.4,22.5,21.6,"0.267","0.622","0.414",47.4
"Puig, Yasiel",624577,"CLE","FF","4-Seam Fastball",-0.2,-1,"865",39,"218","0.253","0.443","0.35",27.6,22.9,20.7,"0.267","0.491","0.354",41.4
"Machado, Manny",592518,"SD","FF","4-Seam Fastball",1.9,17,"890",36.8,"216","0.291","0.593","0.426",19.7,19.9,18.4,"0.292","0.58","0.411",56.7
"Arenado, Nolan",571448,"COL","FF","4-Seam Fastball",2.1,18,"899",37.6,"216","0.316","0.6","0.416",16.6,9.7,9.2,"0.25","0.465","0.332",37.6
"Fletcher, David",664058,"LAA","FF","4-Seam Fastball",0.4,4,"1021",39.3,"216","0.346","0.473","0.407",4.3,7.4,8,"0.338","0.45","0.392",24
"Cain, Lorenzo",456715,"MIL","FF","4-Seam Fastball",0.1,1,"959",38.9,"214","0.297","0.443","0.377",13.7,15.4,12.4,"0.307","0.469","0.376",47.4
"Lindor, Francisco",596019,"CLE","FF","4-Seam Fastball",1.7,15,"848",35.2,"214","0.309","0.597","0.415",11.5,12.1,12.9,"0.288","0.513","0.371",40.4
"Brantley, Michael",488726,"HOU","FF","4-Seam Fastball",0.3,3,"883",38.8,"214","0.314","0.515","0.385",6.7,7.9,8.1,"0.308","0.53","0.381",44.7
"Sánchez, Yolmer",570560,"CWS","FF","4-Seam Fastball",-1.1,-11,"970",43.2,"213","0.208","0.287","0.306",22.8,22.1,14.9,"0.195","0.277","0.275",25.9
"Kepler, Max",596146,"MIN","FF","4-Seam Fastball",1.8,14,"794",37,"211","0.274","0.581","0.416",13.8,10,10.7,"0.291","0.549","0.397",46.3
"DeJong, Paul",657557,"STL","FF","4-Seam Fastball",0.5,4,"888",34.9,"211","0.228","0.522","0.371",22.6,25.6,23,"0.241","0.555","0.374",43
"Story, Trevor",596115,"COL","FF","4-Seam Fastball",0.8,8,"1045",38.9,"211","0.259","0.494","0.384",23.6,29.9,20.3,"0.235","0.437","0.353",53.6
"Harper, Bryce",547180,"PHI","FF","4-Seam Fastball",2.6,26,"989",35.5,"210","0.324","0.682","0.464",26.7,24.8,17.1,"0.306","0.688","0.453",52.1
"LeMahieu, DJ",518934,"NYY","FF","4-Seam Fastball",0.7,7,"1012",41.1,"210","0.357","0.551","0.425",14.7,13.8,12,"0.329","0.545","0.4",58.5
"Pham, Tommy",502054,"TB","FF","4-Seam Fastball",1.9,17,"875",33.6,"209","0.369","0.587","0.46",13.1,12.4,11.7,"0.353","0.615","0.447",56.9
"Vogelbach, Daniel",596129,"SEA","FF","4-Seam Fastball",1.1,10,"913",36.3,"209","0.256","0.588","0.433",21.9,23.9,21.5,"0.265","0.595","0.433",50.9
"Chapman, Matt",656305,"ATH","FF","4-Seam Fastball",0.1,1,"978",35.5,"209","0.225","0.42","0.356",26.1,27.3,20.6,"0.222","0.44","0.351",51.3
"Rizzo, Anthony",519203,"CHC","FF","4-Seam Fastball",1,9,"908",37.1,"208","0.287","0.529","0.397",16.7,15.4,12.3,"0.314","0.543","0.413",45.8
"Goldschmidt, Paul",502671,"STL","FF","4-Seam Fastball",0.8,7,"931",32.8,"208","0.243","0.559","0.383",23.2,23.1,15.7,"0.26","0.628","0.405",47
"Gardner, Brett",458731,"NYY","FF","4-Seam Fastball",0.9,9,"991",41.7,"206","0.272","0.671","0.438",20.8,20.4,17.5,"0.219","0.399","0.325",38.6
"Muncy, Max",571970,"LAD","FF","4-Seam Fastball",2.5,22,"894",35,"206","0.287","0.689","0.474",22.9,25.2,20,"0.279","0.622","0.435",57.5
"Heyward, Jason",518792,"CHC","FF","4-Seam Fastball",1.7,14,"811",36.7,"206","0.326","0.547","0.428",17.5,12.1,12.4,"0.293","0.439","0.372",36.5
"Walker, Christian",572233,"AZ","FF","4-Seam Fastball",0.1,1,"900",37.3,"206","0.208","0.417","0.34",31.3,31.1,21.8,"0.235","0.481","0.367",52.4
"Cabrera, Miguel",408234,"DET","FF","4-Seam Fastball",0.5,4,"782",38.6,"205","0.303","0.461","0.376",20.4,19.5,18.8,"0.286","0.484","0.367",50
"Frazier, Adam",624428,"PIT","FF","4-Seam Fastball",0,0,"817",35.7,"205","0.257","0.464","0.366",12.4,9.8,9.7,"0.272","0.432","0.338",31.7
"Suárez, Eugenio",553993,"CIN","FF","4-Seam Fastball",1.8,16,"888",33.5,"204","0.303","0.636","0.451",24.5,23.5,16.1,"0.28","0.589","0.419",42.9
"Abreu, José",547989,"CWS","FF","4-Seam Fastball",1.7,16,"962",35.2,"202","0.324","0.616","0.429",19.8,21.8,15.1,"0.334","0.674","0.438",57
"Odor, Rougned",596059,"TEX","FF","4-Seam Fastball",-1.3,-11,"882",37.8,"202","0.16","0.337","0.267",30,33.2,25.8,"0.194","0.431","0.313",50.5
"Castro, Starlin",516770,"MIA","FF","4-Seam Fastball",-0.7,-6,"816",32.9,"202","0.257","0.443","0.323",18.7,18.8,17.6,"0.271","0.487","0.344",43.6
"Mancini, Trey",641820,"BAL","FF","4-Seam Fastball",3.2,26,"818",30.1,"202","0.322","0.77","0.485",22.9,18.8,15.4,"0.31","0.669","0.433",51.1
"Fowler, Dexter",451594,"STL","FF","4-Seam Fastball",2.8,24,"847",35.5,"201","0.394","0.709","0.516",22.5,20.4,16.3,"0.326","0.591","0.435",35.2
"Martinez, J.D.",502110,"BOS","FF","4-Seam Fastball",0.7,7,"911",37,"201","0.297","0.506","0.387",19,20.4,17.6,"0.315","0.6","0.424",51.9
"Galvis, Freddy",520471,"CIN","FF","4-Seam Fastball",-0.1,-1,"864",37.7,"200","0.281","0.466","0.358",29,23.5,18.5,"0.243","0.387","0.308",32.3
"Pillar, Kevin",607680,"SF","FF","4-Seam Fastball",-2.1,-15,"711",33.5,"200","0.229","0.394","0.289",11.8,12.5,13.8,"0.263","0.448","0.318",35.2
"Realmuto, J.T.",592663,"PHI","FF","4-Seam Fastball",1.5,12,"791",33.9,"200","0.309","0.601","0.422",18.6,22,17.1,"0.285","0.536","0.378",50.4
"Soler, Jorge",624585,"KC","FF","4-Seam Fastball",3.7,31,"833",30.3,"200","0.328","0.787","0.503",19.5,23,18.1,"0.333","0.841","0.502",68.2
"McMahon, Ryan",641857,"COL","FF","4-Seam Fastball",-0.3,-3,"895",39.8,"199","0.228","0.389","0.34",34.8,34.2,21.6,"0.225","0.365","0.321",49.5
"Alonso, Pete",624413,"NYM","FF","4-Seam Fastball",2,17,"864",31.5,"199","0.287","0.744","0.472",25.7,26.6,19.9,"0.267","0.663","0.44",52.3
"Andrus, Elvis",462101,"TEX","FF","4-Seam Fastball",0,0,"845",33.7,"198","0.333","0.441","0.383",12.8,13.6,11.7,"0.331","0.508","0.38",46.8
"Turner, Justin",457759,"LAD","FF","4-Seam Fastball",2.1,18,"848",39.8,"198","0.301","0.596","0.429",15.6,17.7,14.5,"0.297","0.597","0.416",53.7
"Soto, Juan",665742,"WSH","FF","4-Seam Fastball",1.4,12,"870",31.2,"198","0.277","0.581","0.423",19.3,19.2,14,"0.331","0.705","0.477",58.3
"Robles, Victor",645302,"WSH","FF","4-Seam Fastball",-0.9,-7,"749",32.8,"197","0.234","0.339","0.314",18.6,22.8,20.4,"0.212","0.337","0.286",21.7
"Albies, Ozzie",645277,"ATL","FF","4-Seam Fastball",1.8,15,"825",33.1,"196","0.297","0.61","0.431",21.1,11.2,9.7,"0.291","0.536","0.387",35.3
"Ramírez, José",608070,"CLE","FF","4-Seam Fastball",-0.2,-1,"719",33.3,"195","0.22","0.509","0.357",9.9,9.7,9.9,"0.232","0.465","0.333",32.5
"Olson, Matt",621566,"ATH","FF","4-Seam Fastball",1,9,"871",38.5,"195","0.277","0.599","0.402",32.6,29.7,22.4,"0.276","0.614","0.394",57.1
"Moncada, Yoán",660162,"CWS","FF","4-Seam Fastball",1.2,11,"857",38.6,"195","0.328","0.599","0.428",23.6,27.2,19.6,"0.269","0.528","0.362",45.2
"Dozier, Brian",572821,"WSH","FF","4-Seam Fastball",0.2,1,"747",36.6,"195","0.235","0.47","0.362",20.5,15.9,14.9,"0.238","0.483","0.356",38.5
"Gurriel, Yuli",493329,"HOU","FF","4-Seam Fastball",1.3,9,"682",33.3,"194","0.293","0.569","0.4",12.5,11.9,13.9,"0.289","0.443","0.342",43.8
"Votto, Joey",458015,"CIN","FF","4-Seam Fastball",1.2,10,"828",34.7,"194","0.297","0.509","0.426",14.6,16,13.2,"0.288","0.538","0.392",49.6
"Segura, Jean",516416,"PHI","FF","4-Seam Fastball",0.4,3,"780",35,"194","0.328","0.503","0.386",12.2,8.2,7.9,"0.324","0.524","0.385",37.7
"Ahmed, Nick",605113,"AZ","FF","4-Seam Fastball",0.2,2,"775",32.9,"193","0.276","0.488","0.381",15.5,18.7,14.9,"0.277","0.478","0.362",48.1
"Pederson, Joc",592626,"LAD","FF","4-Seam Fastball",0.1,1,"849",41.7,"193","0.247","0.565","0.387",20.9,21.8,17.5,"0.253","0.519","0.36",54.3
"McNeil, Jeff",643446,"NYM","FF","4-Seam Fastball",1.3,11,"784",37.9,"192","0.322","0.526","0.413",16.6,10.9,8.9,"0.3","0.492","0.368",38.4
"Rosario, Amed",642708,"NYM","FF","4-Seam Fastball",1.3,10,"758",31.7,"192","0.357","0.55","0.43",13.8,13,11.3,"0.335","0.547","0.404",52.4
"Dozier, Hunter",641531,"KC","FF","4-Seam Fastball",1.8,13,"716",31.8,"192","0.287","0.617","0.417",13.8,20.3,18,"0.275","0.589","0.392",50.8
"Cabrera, Asdrúbal",452678,"WSH","FF","4-Seam Fastball",-0.2,-2,"807",38.6,"192","0.27","0.436","0.36",17.9,18.2,14.9,"0.238","0.412","0.334",35.4
"Altuve, Jose",514888,"HOU","FF","4-Seam Fastball",1,7,"634",32.8,"191","0.299","0.592","0.401",10.4,7.3,8.8,"0.29","0.532","0.373",41
"Marte, Starling",516782,"PIT","FF","4-Seam Fastball",1.5,10,"646",30.8,"191","0.324","0.572","0.404",14.6,14.7,14.5,"0.291","0.528","0.368",40.5
"García, Avisaíl",541645,"TB","FF","4-Seam Fastball",0.6,4,"642",33.9,"190","0.312","0.457","0.371",29.4,24.7,25,"0.297","0.549","0.382",44.4
"Adames, Willy",642715,"TB","FF","4-Seam Fastball",-0.4,-3,"787",33.7,"189","0.254","0.438","0.337",27.1,28.6,21.1,"0.248","0.482","0.336",49.2
"Meadows, Austin",640457,"TB","FF","4-Seam Fastball",1.3,11,"847",33.9,"189","0.314","0.627","0.433",19.8,20.1,15.3,"0.286","0.608","0.4",51.1
"Donaldson, Josh",518626,"ATL","FF","4-Seam Fastball",1.7,15,"881",32.1,"189","0.257","0.611","0.442",30.3,23.8,16.8,"0.278","0.601","0.436",70
"Braun, Ryan",460075,"MIL","FF","4-Seam Fastball",2.1,14,"664",36,"187","0.32","0.609","0.427",16.4,14.4,14.3,"0.308","0.618","0.409",53.5
"Carpenter, Matt",572761,"STL","FF","4-Seam Fastball",0.8,6,"780",36.8,"187","0.269","0.506","0.393",22.5,20.3,16.8,"0.276","0.579","0.405",37
"Bradley Jr., Jackie",598265,"BOS","FF","4-Seam Fastball",0.2,2,"772",34.9,"186","0.231","0.494","0.369",27.3,23.1,19.7,"0.254","0.513","0.371",47.4
"Narváez, Omar",553882,"SEA","FF","4-Seam Fastball",2,16,"801",41.7,"186","0.333","0.606","0.434",22.8,23.7,17.7,"0.252","0.46","0.342",27.3
"Seager, Corey",608369,"LAD","FF","4-Seam Fastball",0.9,6,"650",34.3,"185","0.306","0.544","0.4",17.7,16.2,17.9,"0.296","0.528","0.384",49.6
"Grossman, Robbie",543257,"ATH","FF","4-Seam Fastball",-0.2,-1,"739",39.2,"185","0.275","0.438","0.36",9.5,13,12.3,"0.276","0.446","0.354",32.8
"Reynolds, Bryan",668804,"PIT","FF","4-Seam Fastball",2.5,17,"676",31.7,"184","0.404","0.669","0.488",14.6,14.7,14.8,"0.353","0.648","0.44",52.9
"Kingery, Scott",664068,"PHI","FF","4-Seam Fastball",0.5,3,"701",35.5,"184","0.262","0.543","0.382",31.1,29.3,24.9,"0.272","0.555","0.379",56.4
"Wong, Kolten",543939,"STL","FF","4-Seam Fastball",1,8,"722",36.5,"183","0.327","0.487","0.423",12.6,8.7,8.5,"0.288","0.432","0.365",24.6
"Rojas, Miguel",500743,"MIA","FF","4-Seam Fastball",-0.8,-6,"662",35.5,"183","0.282","0.405","0.331",7.8,8.7,9.8,"0.273","0.385","0.319",27.8
"Profar, Jurickson",595777,"ATH","FF","4-Seam Fastball",-0.4,-3,"784",38.6,"183","0.196","0.361","0.31",14.5,10.9,10.1,"0.264","0.476","0.362",34.8
"Torres, Gleyber",650402,"NYY","FF","4-Seam Fastball",1.6,13,"821",34.3,"182","0.306","0.701","0.455",29.7,22.5,17.1,"0.294","0.692","0.435",57.6
"Panik, Joe",605412,"NYM","FF","4-Seam Fastball",-0.5,-4,"747",39.9,"182","0.288","0.449","0.366",6.1,5.5,6.3,"0.264","0.439","0.349",31.1
"Swanson, Dansby",621020,"ATL","FF","4-Seam Fastball",0.7,5,"711",32,"180","0.316","0.57","0.404",21.2,21.7,18.4,"0.319","0.608","0.416",52.5
"Goodrum, Niko",592348,"DET","FF","4-Seam Fastball",1.3,10,"774",39.5,"179","0.31","0.555","0.417",26.7,24,17.8,"0.281","0.478","0.368",47.3
"Yelich, Christian",592885,"MIL","FF","4-Seam Fastball",2.5,19,"747",32.9,"179","0.349","0.711","0.486",16.5,12.8,10.8,"0.318","0.639","0.439",49.6
"Kipnis, Jason",543401,"CLE","FF","4-Seam Fastball",-1.1,-9,"751",38.1,"179","0.243","0.401","0.328",18.7,19,16.2,"0.264","0.435","0.346",38
"Reddick, Josh",502210,"HOU","FF","4-Seam Fastball",-0.5,-4,"756",38.6,"178","0.295","0.417","0.345",12.7,13.5,11.5,"0.298","0.426","0.343",27
"Moran, Colin",592567,"PIT","FF","4-Seam Fastball",0,0,"649",36.5,"178","0.284","0.444","0.353",24.2,27,24.7,"0.265","0.504","0.352",35.1
"Turner, Trea",607208,"WSH","FF","4-Seam Fastball",0.9,7,"727",32.6,"178","0.329","0.584","0.418",15.6,20.2,16.5,"0.303","0.547","0.385",52
"Choi, Ji Man",596847,"TB","FF","4-Seam Fastball",1,8,"773",38.3,"178","0.255","0.511","0.397",21.3,19.7,15.6,"0.266","0.574","0.418",46.7
"Pujols, Albert",405395,"LAA","FF","4-Seam Fastball",-0.1,-1,"634",31,"177","0.273","0.474","0.368",12.6,6.2,7.6,"0.281","0.534","0.378",44.2
"Moustakas, Mike",519058,"MIL","FF","4-Seam Fastball",-0.1,-1,"783",35.6,"176","0.258","0.503","0.371",21.5,15.9,14.7,"0.243","0.449","0.338",40.9
"Dyson, Jarrod",502481,"AZ","FF","4-Seam Fastball",-1.1,-8,"738",43.4,"176","0.231","0.313","0.307",22.2,21.6,22.2,"0.209","0.295","0.293",25.5
"Smoak, Justin",475253,"TOR","FF","4-Seam Fastball",0,0,"708",34.6,"176","0.223","0.446","0.353",13.5,16.5,16.3,"0.29","0.589","0.415",42
"Bell, Josh",605137,"PIT","FF","4-Seam Fastball",1.2,9,"742",30.8,"175","0.277","0.61","0.401",21.7,25.1,22.2,"0.239","0.525","0.347",54.3
"Vázquez, Christian",543877,"BOS","FF","4-Seam Fastball",-0.2,-1,"767",38.2,"174","0.263","0.506","0.36",22.5,24.7,20.1,"0.242","0.487","0.331",53
"Reyes, Franmil",614177,"CLE","FF","4-Seam Fastball",0.4,3,"713",33.6,"174","0.263","0.577","0.371",33.8,30.5,24.1,"0.258","0.574","0.376",62.6
"Núñez, Renato",600524,"BAL","FF","4-Seam Fastball",0.2,2,"754",30.6,"174","0.237","0.5","0.364",23.3,21.8,15.7,"0.283","0.567","0.393",44.7
"Castellanos, Nick",592206,"CHC","FF","4-Seam Fastball",3,24,"807",33.3,"173","0.373","0.725","0.496",16.1,15,11.2,"0.352","0.789","0.495",56.3
"Myers, Wil",571976,"SD","FF","4-Seam Fastball",1.3,9,"689",33.8,"173","0.303","0.559","0.427",30,34.1,28.2,"0.267","0.536","0.391",53.5
"Biggio, Cavan",624415,"TOR","FF","4-Seam Fastball",1.1,8,"731",39.1,"173","0.226","0.403","0.392",20.6,24.9,22.2,"0.232","0.45","0.394",53
"Crawford, Brandon",543063,"SF","FF","4-Seam Fastball",-1.2,-9,"777",35.7,"173","0.23","0.349","0.305",26.2,23.1,20.5,"0.251","0.443","0.337",42.5
"Strange-Gordon, Dee",543829,"SEA","FF","4-Seam Fastball",-0.9,-6,"654",46.1,"172","0.286","0.396","0.324",16.9,16.9,15.7,"0.249","0.312","0.278",24
"Mazara, Nomar",608577,"TEX","FF","4-Seam Fastball",-0.7,-5,"770",40.6,"172","0.263","0.442","0.327",19.8,19.8,14.8,"0.242","0.423","0.307",28.6
"Canha, Mark",592192,"ATH","FF","4-Seam Fastball",2.6,18,"674",32.2,"172","0.304","0.645","0.469",19.1,17.4,14.2,"0.278","0.59","0.42",49.5
"Frazier, Todd",453943,"NYM","FF","4-Seam Fastball",1.2,8,"631",32,"172","0.307","0.627","0.442",19.4,16.9,17.8,"0.282","0.576","0.397",58.7
"Rosario, Eddie",592696,"MIN","FF","4-Seam Fastball",1,6,"605",29.6,"171","0.288","0.546","0.376",19.1,7,7.5,"0.304","0.632","0.399",49.3
"Grichuk, Randal",545341,"TOR","FF","4-Seam Fastball",-1.3,-10,"766",31.7,"170","0.2","0.419","0.303",23.4,27.6,19.3,"0.22","0.436","0.307",47.2
"Springer, George",543807,"HOU","FF","4-Seam Fastball",3.1,24,"775",34.6,"170","0.366","0.845","0.534",22.9,21.8,17.3,"0.316","0.725","0.47",55.1
"Hamilton, Billy",571740,"ATL","FF","4-Seam Fastball",-1.6,-10,"663",47.3,"169","0.233","0.3","0.296",18.2,21.3,18.4,"0.224","0.269","0.269",8.8
"Voit, Luke",572228,"NYY","FF","4-Seam Fastball",0.8,6,"699",34.7,"168","0.28","0.455","0.393",28.9,27.4,22.4,"0.259","0.543","0.404",42.5
"Ramos, Wilson",467092,"NYM","FF","4-Seam Fastball",0.7,4,"579",33.7,"167","0.305","0.45","0.386",12,9.6,10.5,"0.301","0.471","0.36",47.8
"Cruz, Nelson",443558,"MIN","FF","4-Seam Fastball",2.7,18,"655",31,"166","0.324","0.696","0.473",21.2,21.1,19.6,"0.314","0.756","0.462",56.6
"Castro, Starlin",516770,"MIA","SI","Sinker",0.9,5,"559",22.5,"166","0.359","0.551","0.412",8.6,7.2,10.7,"0.316","0.493","0.362",44.1
"Santana, Domingo",570267,"SEA","FF","4-Seam Fastball",0.7,5,"750",36.3,"165","0.257","0.465","0.358",26.5,33.9,23.6,"0.267","0.556","0.385",53.9
"Forsythe, Logan",523253,"TEX","FF","4-Seam Fastball",-0.2,-2,"734",44.6,"165","0.23","0.41","0.336",21.5,27.9,22.4,"0.252","0.506","0.369",46.8
"Alberto, Hanser",593643,"BAL","FF","4-Seam Fastball",1.2,7,"587",33.3,"165","0.346","0.532","0.398",11.7,7.3,8.3,"0.31","0.464","0.339",21.1
"Renfroe, Hunter",592669,"SD","FF","4-Seam Fastball",-0.8,-6,"719",35.6,"164","0.207","0.46","0.301",31.7,36.6,27.6,"0.205","0.451","0.292",51.6
"Encarnación, Edwin",429665,"NYY","FF","4-Seam Fastball",0.1,1,"618",29.5,"164","0.221","0.483","0.341",21.6,20.1,16.3,"0.218","0.504","0.34",46.4
"Sogard, Eric",519299,"TB","FF","4-Seam Fastball",0.9,6,"691",39.5,"163","0.333","0.58","0.423",3.6,10.4,9,"0.283","0.449","0.36",23.4
"Cain, Lorenzo",456715,"MIL","SI","Sinker",-0.6,-3,"548",22.2,"163","0.289","0.383","0.335",9.1,9.2,12.3,"0.315","0.425","0.349",47.4
"DeShields, Delino",592261,"TEX","FF","4-Seam Fastball",-1,-7,"696",41.7,"163","0.243","0.375","0.327",17.5,21.5,16.5,"0.212","0.353","0.304",28.6
"Soler, Jorge",624585,"KC","SL","Slider",0,0,"664",24.2,"162","0.229","0.424","0.321",47.2,33.3,25.7,"0.211","0.364","0.282",40.2
"Kiermaier, Kevin",595281,"TB","FF","4-Seam Fastball",0.3,2,"672",37.7,"161","0.299","0.542","0.386",23.8,19.9,16.8,"0.28","0.5","0.362",45.6
"McCann, James",543510,"CWS","FF","4-Seam Fastball",-0.5,-4,"770",39.2,"161","0.264","0.431","0.34",27.1,36.6,22.3,"0.267","0.474","0.349",56.5
"Yastrzemski, Mike",573262,"SF","FF","4-Seam Fastball",0.1,0,"654",40.1,"161","0.203","0.49","0.344",31.9,32.3,26.3,"0.194","0.495","0.322",44.6
"Mercado, Óscar",640458,"CLE","FF","4-Seam Fastball",-1.7,-10,"573",33.2,"161","0.248","0.396","0.294",14.7,12.4,12.7,"0.276","0.462","0.326",41
"Ozuna, Marcell",542303,"STL","FF","4-Seam Fastball",2.4,15,"635",28.6,"159","0.336","0.664","0.461",18.1,10.1,9.2,"0.363","0.721","0.483",60.5
"Murphy, Daniel",502517,"COL","FF","4-Seam Fastball",-0.2,-2,"746",41,"159","0.262","0.462","0.348",12.5,17.6,13.7,"0.264","0.398","0.316",32.5
"Santana, Danny",542454,"TEX","FF","4-Seam Fastball",1.8,12,"676",34.8,"158","0.304","0.659","0.433",29.2,25.3,18.9,"0.287","0.613","0.405",51.5
"Bauers, Jake",641343,"CLE","FF","4-Seam Fastball",-1.1,-6,"575",33.1,"158","0.225","0.391","0.318",19.5,29.1,24.9,"0.194","0.324","0.278",33.7
"Lopez, Nicky",670032,"KC","FF","4-Seam Fastball",-1.3,-9,"656",43.4,"157","0.266","0.35","0.312",12,10.8,8.8,"0.243","0.323","0.28",25
"Jones, Adam",430945,"AZ","FF","4-Seam Fastball",0,0,"673",35.1,"157","0.276","0.462","0.348",19.9,15.9,13.8,"0.257","0.476","0.331",31.4
"Markakis, Nick",455976,"ATL","FF","4-Seam Fastball",1.1,8,"712",38.1,"157","0.352","0.584","0.455",15.4,13.4,11.6,"0.346","0.549","0.436",51.9
"Jiménez, Eloy",650391,"CWS","FF","4-Seam Fastball",-0.1,0,"540",29,"157","0.248","0.572","0.375",24.1,28.7,30.6,"0.281","0.624","0.395",59
"Garcia, Greg",594824,"SD","FF","4-Seam Fastball",0.5,3,"671",42.4,"157","0.301","0.423","0.398",6.3,15.9,14,"0.267","0.394","0.372",29.6
"Longoria, Evan",446334,"SF","FF","4-Seam Fastball",0.9,6,"722",35.9,"156","0.28","0.561","0.404",22.6,23.1,17.7,"0.261","0.537","0.379",50
"Wolters, Tony",547172,"COL","FF","4-Seam Fastball",0.9,5,"561",36.3,"156","0.375","0.478","0.402",10.3,8.3,9.6,"0.307","0.42","0.347",25.4
"Chirinos, Robinson",455139,"HOU","FF","4-Seam Fastball",1,7,"665",38.9,"156","0.228","0.472","0.37",33.3,32.1,24.2,"0.217","0.452","0.35",40.3
"Hernández, Teoscar",606192,"TOR","FF","4-Seam Fastball",0.8,6,"717",37.3,"155","0.237","0.57","0.388",37.7,40,28.7,"0.219","0.553","0.36",57.5
"Judge, Aaron",592450,"NYY","FF","4-Seam Fastball",3,19,"618",32.3,"154","0.318","0.705","0.485",21.1,28.6,23.2,"0.337","0.761","0.484",65.2
"Seager, Kyle",572122,"SEA","FF","4-Seam Fastball",-0.1,-1,"634",35.2,"154","0.201","0.418","0.319",14.7,16.2,14.5,"0.259","0.552","0.374",46.4
"Castellanos, Nick",592206,"CHC","SL","Slider",-1,-5,"528",21.8,"154","0.25","0.419","0.307",40.1,31.2,28.1,"0.228","0.38","0.272",27
"Posey, Buster",457763,"SF","FF","4-Seam Fastball",-0.3,-2,"638",36.2,"153","0.295","0.439","0.352",12.2,11.8,10.3,"0.249","0.451","0.329",42.1
"Dahl, David",621311,"COL","FF","4-Seam Fastball",2.8,17,"597",37.2,"153","0.366","0.748","0.491",32.7,31.4,23.8,"0.293","0.615","0.411",50.6
"Rosario, Amed",642708,"NYM","SL","Slider",-1.3,-7,"517",21.6,"152","0.24","0.397","0.28",37.2,26.3,26,"0.228","0.355","0.261",33.3
"Abreu, José",547989,"CWS","SL","Slider",-1.1,-6,"532",19.5,"151","0.217","0.341","0.273",37.1,29.8,25.3,"0.215","0.339","0.27",39.2
"Andrus, Elvis",462101,"TEX","SL","Slider",-0.2,-1,"596",23.8,"151","0.271","0.438","0.32",28.1,18.5,13.7,"0.245","0.355","0.271",26.1
"Anderson, Tim",641313,"CWS","FF","4-Seam Fastball",0.3,2,"572",32.4,"151","0.345","0.545","0.396",17.1,17.9,17.6,"0.33","0.523","0.368",44.5
"Albies, Ozzie",645277,"ATL","CH","Changeup",1.5,6,"420",16.8,"151","0.338","0.517","0.374",18.2,9.9,13.6,"0.319","0.577","0.376",35.3
"Arcia, Orlando",606115,"MIL","FF","4-Seam Fastball",-2.6,-18,"696",33.5,"151","0.165","0.293","0.245",24.7,19.2,14.4,"0.215","0.382","0.292",33.6
"Stewart, Christin",621514,"DET","FF","4-Seam Fastball",0.5,3,"585",35.8,"151","0.28","0.424","0.369",23,23.8,20.8,"0.275","0.526","0.387",41.8
"Desmond, Ian",435622,"COL","FF","4-Seam Fastball",0.9,6,"684",37.4,"151","0.306","0.552","0.409",20,23.2,17.5,"0.264","0.506","0.359",48
"Alonso, Pete",624413,"NYM","SI","Sinker",2.6,14,"554",20.2,"150","0.297","0.57","0.446",14.9,16,19.5,"0.287","0.545","0.398",34.6
"Drury, Brandon",592273,"TOR","FF","4-Seam Fastball",-1,-7,"629",35.3,"150","0.174","0.399","0.281",25.2,30.7,24.1,"0.221","0.445","0.308",44.6
"Hernández, Enrique",571771,"LAD","FF","4-Seam Fastball",-0.5,-3,"614",33.2,"149","0.246","0.455","0.324",14.6,13.4,10.4,"0.286","0.509","0.358",44.4
"Thames, Eric",519346,"MIL","FF","4-Seam Fastball",1.2,9,"687",37.1,"149","0.231","0.545","0.398",29.1,31.5,20.6,"0.212","0.474","0.363",62.2
"Anderson, Brian",605119,"MIA","FF","4-Seam Fastball",-0.7,-5,"613",31.8,"149","0.217","0.395","0.324",23.8,15.4,14.6,"0.254","0.48","0.357",50
"Margot, Manuel",622534,"SD","FF","4-Seam Fastball",-1.4,-10,"719",41.3,"148","0.171","0.301","0.29",23.9,25,20.8,"0.191","0.282","0.283",40.2
"Acuña Jr., Ronald",660670,"ATL","SI","Sinker",2.2,13,"594",19.5,"148","0.315","0.559","0.443",19.2,16.9,15,"0.323","0.64","0.441",45.1
"Candelario, Jeimer",600869,"DET","FF","4-Seam Fastball",-0.6,-4,"637",39.4,"148","0.217","0.308","0.329",16.7,20.3,15.1,"0.237","0.354","0.336",22.2
"Arraez, Luis",650333,"MIN","FF","4-Seam Fastball",0.4,2,"608",41.3,"147","0.376","0.392","0.397",4.2,4.8,4,"0.318","0.424","0.376",26.3
"Crawford, J.P.",641487,"SEA","FF","4-Seam Fastball",-1,-7,"697",41.2,"147","0.23","0.336","0.323",25.2,23.1,16.7,"0.208","0.319","0.298",18.9
"Semien, Marcus",543760,"ATH","SI","Sinker",1.7,8,"468",16.1,"147","0.321","0.612","0.439",9.1,8.2,11.9,"0.323","0.598","0.412",49.2
"Pérez, Roberto",547379,"CLE","FF","4-Seam Fastball",2.4,14,"599",31.5,"146","0.331","0.718","0.477",26.9,24.7,20.1,"0.273","0.587","0.399",49.5
"Goodwin, Brian",571718,"LAA","FF","4-Seam Fastball",1.6,11,"677",34.9,"146","0.336","0.68","0.45",15.9,17.8,13.7,"0.302","0.603","0.407",43.3
"Gonzalez, Marwin",503556,"MIN","FF","4-Seam Fastball",0.2,1,"556",31.2,"146","0.293","0.459","0.357",14.3,16.4,14.4,"0.304","0.51","0.373",47.7
"Rengifo, Luis",650859,"LAA","FF","4-Seam Fastball",0.9,6,"617",37.5,"146","0.306","0.496","0.416",22.1,16.4,13.5,"0.263","0.417","0.355",29.3
"Bregman, Alex",608324,"HOU","SI","Sinker",0.8,4,"535",18.7,"146","0.291","0.487","0.407",10.1,9.6,12.7,"0.286","0.454","0.385",35.6
"Urshela, Gio",570482,"NYY","FF","4-Seam Fastball",1.3,8,"626",34.9,"146","0.331","0.6","0.436",22.3,19.2,14.1,"0.302","0.563","0.391",46.6
"Molina, Yadier",425877,"STL","FF","4-Seam Fastball",-0.6,-3,"538",34.1,"146","0.275","0.42","0.337",20.5,16.4,14.4,"0.275","0.441","0.338",37.6
"Votto, Joey",458015,"CIN","SI","Sinker",1.9,9,"491",20.6,"146","0.336","0.467","0.413",13.3,17.1,19.4,"0.335","0.578","0.433",45.4
"Tapia, Raimel",606132,"COL","FF","4-Seam Fastball",-0.1,0,"688",42.5,"146","0.313","0.44","0.37",25.2,19.2,14.9,"0.28","0.418","0.329",30.2
"Mondesi, Adalberto",609275,"KC","FF","4-Seam Fastball",-1.5,-9,"567",35.3,"145","0.233","0.436","0.3",32.8,31.7,27.2,"0.242","0.436","0.319",40
"Fletcher, David",664058,"LAA","SL","Slider",-1.6,-7,"459",17.7,"144","0.218","0.275","0.231",18.2,16,14.4,"0.277","0.345","0.278",9.2
"O'Hearn, Ryan",656811,"KC","FF","4-Seam Fastball",-0.2,-1,"541",36,"144","0.25","0.444","0.346",22.8,19.4,17.7,"0.271","0.504","0.369",54.6
"Báez, Javier",595879,"CHC","FF","4-Seam Fastball",0.4,3,"654",32.9,"144","0.287","0.588","0.392",34.9,38.2,27.2,"0.259","0.617","0.374",61.7
"Grichuk, Randal",545341,"TOR","SL","Slider",-1.4,-7,"517",21.4,"144","0.193","0.407","0.27",36,28.5,24.7,"0.216","0.381","0.263",26.3
"Merrifield, Whit",593160,"KC","SI","Sinker",0.9,4,"415",15,"143","0.341","0.5","0.395",8.2,7.7,11.8,"0.313","0.439","0.348",28.1
"Ohtani, Shohei",660271,"LAA","FF","4-Seam Fastball",0.5,3,"599",35.6,"143","0.302","0.516","0.417",22.7,24.5,19.8,"0.313","0.538","0.394",56.5
"Marte, Starling",516782,"PIT","SI","Sinker",0.5,2,"497",23.7,"143","0.297","0.508","0.374",15.6,6.3,7.8,"0.353","0.539","0.41",40.8
"Smith Jr., Dwight",596105,"BAL","FF","4-Seam Fastball",1,5,"472",31.6,"142","0.336","0.552","0.413",9.6,8.5,11.9,"0.298","0.468","0.358",48.3
"Goldschmidt, Paul",502671,"STL","SI","Sinker",-0.9,-4,"504",17.7,"142","0.265","0.417","0.341",17.8,20.4,20.6,"0.276","0.458","0.335",44.7
"Maldonado, Martín",455117,"HOU","FF","4-Seam Fastball",-0.9,-4,"502",35.3,"142","0.187","0.382","0.308",18.4,21.8,23.1,"0.222","0.422","0.319",33
"Davis, Khris",501981,"ATH","FF","4-Seam Fastball",0.8,5,"674",33.2,"142","0.26","0.512","0.382",38.8,36.6,25.7,"0.246","0.518","0.364",63.4
"DeJong, Paul",657557,"STL","SL","Slider",-0.8,-5,"536",21.1,"142","0.203","0.406","0.286",34.6,26.1,21.6,"0.205","0.375","0.27",29.9
"Martinez, J.D.",502110,"BOS","SL","Slider",-1,-5,"474",19.3,"142","0.215","0.362","0.293",37.8,30.3,26.5,"0.234","0.427","0.311",45.5
"Castro, Harold",605612,"DET","FF","4-Seam Fastball",-0.7,-4,"550",42.2,"141","0.308","0.451","0.342",21.7,24.1,22.7,"0.262","0.417","0.299",31.4
"Torres, Gleyber",650402,"NYY","SL","Slider",0.4,2,"519",21.7,"141","0.25","0.477","0.328",34.1,24.1,20,"0.213","0.363","0.269",26
"Adames, Willy",642715,"TB","SL","Slider",-1.3,-7,"532",22.8,"141","0.202","0.287","0.273",35.6,32.6,24,"0.231","0.342","0.288",20.5
"Guerrero Jr., Vladimir",665489,"TOR","FF","4-Seam Fastball",1.1,7,"647",32.6,"140","0.336","0.521","0.42",13.8,12.1,10.8,"0.303","0.474","0.382",37.9
"Cooper, Garrett",643265,"MIA","FF","4-Seam Fastball",1.3,8,"600",35.2,"140","0.333","0.569","0.421",21.1,27.1,20.4,"0.295","0.544","0.387",48.8
"Davis, J.D.",605204,"NYM","FF","4-Seam Fastball",0.9,6,"705",39.5,"139","0.283","0.533","0.394",35.1,32.4,19.5,"0.255","0.494","0.364",50.7
"Arenado, Nolan",571448,"COL","SL","Slider",0.9,4,"489",20.5,"139","0.276","0.425","0.351",32.2,21.6,20.3,"0.211","0.324","0.265",24.5
"Ramos, Wilson",467092,"NYM","SI","Sinker",-2.5,-10,"403",23.4,"139","0.208","0.272","0.261",18,14.4,24.7,"0.21","0.309","0.269",42.5
"Ruiz, Rio",547004,"BAL","FF","4-Seam Fastball",-0.3,-1,"534",33.5,"138","0.223","0.438","0.326",22,22.5,20.7,"0.222","0.401","0.311",42.9
"Davis, Chris",448801,"BAL","FF","4-Seam Fastball",1.2,8,"622",40.8,"138","0.257","0.504","0.386",26.7,28.3,22.4,"0.252","0.465","0.364",42.1
"Villar, Jonathan",542340,"BAL","SI","Sinker",1.7,7,"409",14.4,"138","0.357","0.579","0.423",15.1,15.9,21.2,"0.326","0.543","0.383",54.6
"Newman, Kevin",621028,"PIT","SI","Sinker",-1.4,-5,"380",20.3,"138","0.27","0.333","0.32",5,9.4,14.1,"0.285","0.357","0.312",26.3
"Taylor, Chris",621035,"LAD","FF","4-Seam Fastball",1.1,6,"601",35.3,"137","0.328","0.552","0.434",21.4,19.7,14.8,"0.293","0.491","0.378",34.1
"Lindor, Francisco",596019,"CLE","SI","Sinker",1.3,5,"423",17.6,"137","0.341","0.543","0.409",8.6,6.6,10.3,"0.334","0.519","0.378",56.9
"Cron, C.J.",543068,"MIN","FF","4-Seam Fastball",0.3,2,"658",34.6,"137","0.25","0.524","0.362",28.4,30.7,23,"0.256","0.588","0.375",57.8
"d'Arnaud, Travis",518595,"TB","FF","4-Seam Fastball",-0.9,-5,"552",36.7,"137","0.222","0.41","0.326",30,24.8,21,"0.238","0.429","0.334",44
"Merrifield, Whit",593160,"KC","SL","Slider",-2,-12,"567",20.5,"137","0.212","0.303","0.22",31.6,29.9,20.2,"0.182","0.295","0.206",18.9
"Puig, Yasiel",624577,"CLE","SI","Sinker",0.7,3,"468",21.1,"136","0.295","0.443","0.372",14.2,15.4,20,"0.283","0.46","0.349",38.2
"Polanco, Jorge",593871,"MIN","CH","Changeup",0.8,4,"514",18.7,"136","0.305","0.445","0.343",26.8,17.6,17,"0.254","0.366","0.286",17.1
"Newman, Kevin",621028,"PIT","FF","4-Seam Fastball",0.2,1,"594",31.8,"136","0.339","0.528","0.414",9.4,13.2,10.2,"0.293","0.431","0.334",32.1
"Sanó, Miguel",593934,"MIN","FF","4-Seam Fastball",2.7,16,"600",31.8,"136","0.294","0.748","0.477",28.3,35.3,25,"0.28","0.71","0.437",66.2
"Peralta, David",444482,"AZ","FF","4-Seam Fastball",0.3,2,"567",36.3,"136","0.328","0.466","0.416",19.5,16.2,13.4,"0.294","0.431","0.367",50
"Suárez, Eugenio",553993,"CIN","SI","Sinker",3.8,20,"523",19.7,"136","0.333","0.724","0.465",16,17.6,18.2,"0.286","0.587","0.393",41.2
"Moustakas, Mike",519058,"MIL","SI","Sinker",1.8,8,"424",19.3,"135","0.299","0.521","0.41",14.1,6.7,13.2,"0.3","0.554","0.401",42.6
"Iglesias, Jose",578428,"CIN","FF","4-Seam Fastball",-0.9,-6,"645",34.4,"135","0.256","0.405","0.329",11.3,11.9,9.1,"0.297","0.458","0.357",35.8
"Segura, Jean",516416,"PHI","SI","Sinker",0,0,"441",19.8,"134","0.306","0.463","0.367",6.1,6.7,11.7,"0.274","0.371","0.319",38.4
"Machado, Manny",592518,"SD","SL","Slider",-1.4,-6,"435",18,"134","0.225","0.364","0.276",32.6,28.4,27.3,"0.233","0.402","0.282",37.4
"Bryant, Kris",592178,"CHC","SI","Sinker",0.5,2,"474",19.3,"134","0.293","0.414","0.374",14.9,11.2,14.6,"0.277","0.418","0.349",31.7
"Laureano, Ramón",657656,"ATH","FF","4-Seam Fastball",0.9,6,"595",31,"134","0.3","0.592","0.404",23.5,24.6,16.6,"0.276","0.553","0.374",43.3
"Pham, Tommy",502054,"TB","SI","Sinker",-1.8,-8,"438",16.8,"132","0.2","0.296","0.284",12,12.1,15.7,"0.205","0.29","0.276",30.3
"Story, Trevor",596115,"COL","SL","Slider",0.4,2,"519",19.3,"132","0.26","0.545","0.352",35.7,25.8,19.1,"0.231","0.427","0.294",37.4
"Betts, Mookie",605141,"BOS","SL","Slider",1.2,6,"542",18.7,"132","0.263","0.491","0.362",22.6,19.7,15.3,"0.267","0.456","0.35",45.1
"Wilkerson, Stevie",592859,"BAL","FF","4-Seam Fastball",-0.4,-3,"606",41,"132","0.268","0.482","0.37",29.3,28,21.8,"0.198","0.321","0.289",25
"Chavis, Michael",656308,"BOS","FF","4-Seam Fastball",-1,-6,"638",42.8,"131","0.209","0.327","0.306",36.6,35.9,23.4,"0.197","0.369","0.31",36.5
"Calhoun, Willie",641432,"TEX","FF","4-Seam Fastball",0.4,2,"476",37.3,"131","0.286","0.555","0.381",13.1,13.7,13.3,"0.284","0.489","0.358",44.1
"Alonso, Yonder",475174,"COL","FF","4-Seam Fastball",0.2,1,"493",36.1,"131","0.248","0.477","0.387",16.4,14.5,16,"0.245","0.445","0.351",41.8
"Schoop, Jonathan",570731,"MIN","FF","4-Seam Fastball",-2,-10,"516",31.2,"131","0.233","0.336","0.298",24.5,18.3,16.8,"0.252","0.416","0.329",33.7
"Garver, Mitch",641598,"MIN","FF","4-Seam Fastball",2.4,12,"503",33.5,"131","0.345","0.836","0.523",16.8,22.1,22.3,"0.285","0.672","0.439",65.4
"Robles, Victor",645302,"WSH","SL","Slider",-1.3,-6,"486",21.3,"131","0.182","0.339","0.266",32.5,32.1,23.2,"0.178","0.292","0.229",12.3
"Castro, Starlin",516770,"MIA","SL","Slider",-1.2,-5,"458",18.5,"130","0.22","0.346","0.25",25.2,16.2,15.8,"0.241","0.356","0.26",29.6
"Sánchez, Gary",596142,"NYY","FF","4-Seam Fastball",0.6,3,"601",32,"130","0.19","0.526","0.346",33.6,34.6,24.5,"0.239","0.648","0.397",51.4
"Donaldson, Josh",518626,"ATL","SI","Sinker",3.1,17,"555",20.2,"130","0.361","0.611","0.472",15.2,12.3,16.2,"0.298","0.573","0.413",45.2
"Jansen, Danny",643376,"TOR","FF","4-Seam Fastball",-1.8,-9,"537",36.9,"130","0.171","0.333","0.263",23,26.2,21.3,"0.203","0.414","0.294",41.7
"Mancini, Trey",641820,"BAL","SL","Slider",1,5,"538",19.8,"130","0.3","0.458","0.364",35.4,26.2,17.8,"0.262","0.483","0.339",46
"Hoskins, Rhys",656555,"PHI","SI","Sinker",2.2,12,"550",17.1,"129","0.355","0.613","0.487",14,16.3,15.4,"0.31","0.566","0.454",45.2
"Granderson, Curtis",434158,"MIA","FF","4-Seam Fastball",0,0,"562",35.8,"129","0.232","0.482","0.353",20.9,25.6,18.1,"0.221","0.389","0.317",38.8
"Reyes, Franmil",614177,"CLE","SL","Slider",0.2,1,"480",22.7,"129","0.242","0.525","0.347",50,37.2,29.1,"0.252","0.534","0.349",45.8
"Rendon, Anthony",543685,"WSH","SI","Sinker",5.3,24,"443",17,"129","0.474","0.879","0.593",8.3,10.9,11.8,"0.401","0.745","0.496",52.9
"Dixon, Brandon",641525,"DET","FF","4-Seam Fastball",-0.1,0,"555",33.5,"129","0.246","0.456","0.354",35.2,35.7,23.5,"0.235","0.517","0.351",57.1
"LeMahieu, DJ",518934,"NYY","SL","Slider",1.9,7,"388",15.8,"129","0.289","0.521","0.36",26.7,19.4,18.5,"0.288","0.54","0.361",45.4
"Gomes, Yan",543228,"WSH","FF","4-Seam Fastball",-0.7,-4,"502",35.5,"128","0.207","0.431","0.322",23,26.6,21.9,"0.205","0.432","0.303",32.9
"Franco, Maikel",596748,"PHI","FF","4-Seam Fastball",-0.7,-3,"458",30.3,"128","0.283","0.425","0.32",10.8,7.8,7.8,"0.271","0.434","0.324",42.3
"Gamel, Ben",592325,"MIL","FF","4-Seam Fastball",0,0,"573",38.8,"128","0.31","0.398","0.377",13.1,18.8,15,"0.276","0.373","0.327",41.6
"Winker, Jesse",608385,"CIN","FF","4-Seam Fastball",1.4,7,"473",32,"128","0.302","0.528","0.413",15.3,13.3,13.2,"0.303","0.509","0.402",39.3
"Hoskins, Rhys",656555,"PHI","SL","Slider",0,0,"630",19.6,"128","0.171","0.333","0.291",43.6,43,25.1,"0.145","0.263","0.24",26.8
"Báez, Javier",595879,"CHC","SL","Slider",0,0,"433",21.8,"127","0.25","0.5","0.324",40.4,26,27.3,"0.257","0.499","0.322",34.1
"Gurriel, Yuli",493329,"HOU","SL","Slider",0.4,1,"376",18.4,"127","0.274","0.524","0.329",22.1,13.4,17,"0.277","0.425","0.299",35.5
"Kendrick, Howie",435062,"WSH","FF","4-Seam Fastball",2.2,10,"459",32.9,"127","0.321","0.607","0.444",8.7,11,11.5,"0.365","0.785","0.492",53.5
"Hampson, Garrett",641658,"COL","FF","4-Seam Fastball",0.3,2,"567",42.6,"127","0.272","0.421","0.369",17.2,21.3,17.6,"0.209","0.339","0.28",29.9
"Pham, Tommy",502054,"TB","SL","Slider",-0.8,-4,"562",21.6,"127","0.186","0.283","0.266",29.9,32.3,22.4,"0.222","0.344","0.292",41.7
"Alfaro, Jorge",595751,"MIA","FF","4-Seam Fastball",1.6,9,"565",32.8,"127","0.279","0.568","0.4",39.5,41.7,26.2,"0.278","0.611","0.407",65.5
"Verdugo, Alex",657077,"LAD","FF","4-Seam Fastball",0.4,2,"591",40.7,"126","0.342","0.541","0.412",11.5,11.9,10.3,"0.316","0.544","0.396",49.5
"Simmons, Andrelton",592743,"LAA","FF","4-Seam Fastball",-1.7,-6,"356",26,"126","0.311","0.378","0.333",4.3,4,7.6,"0.254","0.368","0.291",35.1
"Chapman, Matt",656305,"ATH","SI","Sinker",3.7,17,"466",16.9,"125","0.305","0.638","0.453",14,19.2,20,"0.294","0.619","0.427",59.8
"Ahmed, Nick",605113,"AZ","SI","Sinker",0,0,"457",19.4,"125","0.308","0.442","0.382",12.9,13.6,18.5,"0.293","0.414","0.357",35.9
"Ozuna, Marcell",542303,"STL","SL","Slider",-1.2,-6,"544",24.5,"125","0.137","0.316","0.234",44.7,37.6,27.5,"0.202","0.424","0.292",42.9
"Edman, Tommy",669242,"STL","FF","4-Seam Fastball",0.2,1,"537",39.1,"124","0.261","0.468","0.372",13.4,13.7,11,"0.271","0.459","0.346",36.2
"Contreras, Willson",575929,"CHC","FF","4-Seam Fastball",-0.5,-3,"550",35.1,"124","0.217","0.377","0.318",31,33.9,23.5,"0.221","0.403","0.324",45.3
"Dozier, Hunter",641531,"KC","SL","Slider",1.5,8,"517",22.9,"124","0.316","0.573","0.394",47.8,32.3,27.6,"0.255","0.402","0.301",32.5
"Hedges, Austin",595978,"SD","FF","4-Seam Fastball",-1,-5,"507",37,"124","0.213","0.407","0.313",28.5,24.2,19.9,"0.242","0.489","0.343",38.8
"Martin Jr., Richie",621006,"BAL","FF","4-Seam Fastball",-0.9,-5,"505",41.1,"124","0.248","0.372","0.306",23.2,25.8,17.4,"0.218","0.312","0.256",23.8
"McCann, Brian",435263,"ATL","FF","4-Seam Fastball",-1.7,-9,"497",38.8,"124","0.212","0.389","0.29",21.8,16.9,17.4,"0.226","0.387","0.291",29
"Anderson, Tim",641313,"CWS","SL","Slider",2.2,8,"363",20.6,"123","0.364","0.554","0.408",34.5,26.8,28.9,"0.261","0.416","0.29",30.7
"Ahmed, Nick",605113,"AZ","SL","Slider",-0.6,-3,"456",19.4,"123","0.216","0.378","0.29",28,17.9,14.2,"0.218","0.377","0.273",21.3
"Freeman, Freddie",518692,"ATL","SI","Sinker",3.2,14,"425",15.5,"123","0.37","0.676","0.475",15.8,8.9,10.6,"0.356","0.661","0.456",50.5
"Gregorius, Didi",544369,"NYY","FF","4-Seam Fastball",-0.7,-4,"506",36.7,"123","0.235","0.479","0.328",17.5,13.8,10.2,"0.253","0.466","0.311",35.3
"Rojas, Miguel",500743,"MIA","SI","Sinker",-0.9,-3,"374",20,"123","0.304","0.383","0.335",4.9,4.1,6.8,"0.259","0.337","0.288",35.5
"Robles, Victor",645302,"WSH","SI","Sinker",1,4,"400",17.5,"123","0.33","0.541","0.404",12.1,8.9,14.1,"0.316","0.495","0.369",29.4
"Bader, Harrison",664056,"STL","FF","4-Seam Fastball",1.9,10,"500",29.2,"123","0.271","0.583","0.43",15.8,22,17.2,"0.302","0.691","0.467",55.7
"Goldschmidt, Paul",502671,"STL","SL","Slider",1,6,"562",19.8,"123","0.309","0.5","0.392",41.3,33.3,21.7,"0.239","0.413","0.317",39.1
"Eaton, Adam",594809,"WSH","SI","Sinker",2.2,9,"423",15.9,"123","0.374","0.617","0.451",12.8,14.6,20,"0.295","0.497","0.377",42.2
"Kemp, Tony",643393,"CHC","FF","4-Seam Fastball",-1,-4,"407",41.4,"122","0.221","0.404","0.32",13.1,12.3,12.7,"0.224","0.323","0.292",16.5
"Hiura, Keston",669374,"MIL","FF","4-Seam Fastball",1.2,6,"506",38.1,"122","0.305","0.571","0.417",31.6,27.9,23,"0.266","0.563","0.39",50.7
"Anderson, Brian",605119,"MIA","SI","Sinker",1,5,"472",24.5,"122","0.28","0.505","0.402",14.5,14.8,18.9,"0.282","0.478","0.366",50
"Escobar, Eduardo",500871,"AZ","CH","Changeup",-1.5,-5,"344",12.8,"122","0.231","0.402","0.27",19.2,8.2,10,"0.233","0.366","0.257",17.3
"Jones, JaCoby",592444,"DET","FF","4-Seam Fastball",0.1,1,"475",36.4,"121","0.283","0.462","0.374",21.2,27.3,21.3,"0.253","0.497","0.358",57.5
"Walker, Neil",435522,"MIA","FF","4-Seam Fastball",-0.1,0,"513",34.2,"121","0.295","0.438","0.375",17.2,12.4,10.8,"0.31","0.503","0.388",33.3
"Mancini, Trey",641820,"BAL","SI","Sinker",1.5,6,"380",14,"121","0.318","0.518","0.406",14.7,10.7,15.3,"0.305","0.48","0.361",40.8
"DeJong, Paul",657557,"STL","SI","Sinker",-0.3,-1,"443",17.4,"121","0.31","0.44","0.381",13.5,8.3,11,"0.306","0.467","0.386",36.6
"Canó, Robinson",429664,"NYM","FF","4-Seam Fastball",-0.4,-2,"532",35.9,"120","0.286","0.411","0.338",15.2,16.7,14.5,"0.304","0.493","0.354",53.8
"Acuña Jr., Ronald",660670,"ATL","SL","Slider",0.5,3,"521",17.1,"120","0.257","0.413","0.348",35.7,30,23.1,"0.288","0.556","0.383",42.5
"Machado, Manny",592518,"SD","SI","Sinker",1,4,"416",17.2,"120","0.343","0.509","0.416",7.1,3.3,5.7,"0.331","0.541","0.402",51
"Pollock, AJ",572041,"LAD","FF","4-Seam Fastball",-0.2,-1,"407",32.6,"120","0.245","0.441","0.341",17.2,15.8,17.1,"0.249","0.47","0.359",47.1
"Arcia, Orlando",606115,"MIL","SL","Slider",-0.8,-4,"431",20.7,"120","0.211","0.307","0.261",36,26.7,23.9,"0.182","0.275","0.215",21.4
"Guerrero Jr., Vladimir",665489,"TOR","SL","Slider",-2.1,-9,"439",22.1,"119","0.18","0.243","0.221",42,26.1,21.8,"0.224","0.414","0.295",34.6
"La Stella, Tommy",600303,"LAA","FF","4-Seam Fastball",1.2,5,"444",36.8,"119","0.308","0.644","0.449",13.2,11.8,14,"0.315","0.615","0.424",40
"Turner, Trea",607208,"WSH","SI","Sinker",2,9,"443",19.8,"119","0.364","0.636","0.461",14.4,9.2,8.9,"0.327","0.527","0.387",53.5
"Semien, Marcus",543760,"ATH","SL","Slider",-0.1,0,"533",18.3,"119","0.236","0.409","0.309",25.9,21,14.6,"0.235","0.426","0.303",31.4
"Bruce, Jay",457803,"PHI","FF","4-Seam Fastball",0.9,3,"401",34,"119","0.272","0.64","0.379",19.6,17.6,19.1,"0.286","0.628","0.382",41.5
"Pillar, Kevin",607680,"SF","SI","Sinker",-0.2,-1,"344",16.2,"119","0.304","0.5","0.361",6.6,5.9,10.8,"0.308","0.488","0.354",37.4
"Piscotty, Stephen",572039,"ATH","FF","4-Seam Fastball",1.3,6,"480",33.1,"118","0.284","0.578","0.397",28.5,20.3,15.2,"0.308","0.646","0.423",52.5
"Santana, Carlos",467793,"CLE","SI","Sinker",2.6,11,"420",15.1,"118","0.302","0.635","0.465",9.3,8.5,12.5,"0.304","0.641","0.448",58.1
"Betts, Mookie",605141,"BOS","SI","Sinker",0.7,3,"495",17,"118","0.3","0.52","0.411",9.1,11.9,13.9,"0.386","0.704","0.491",53.5
"Chapman, Matt",656305,"ATH","SL","Slider",-0.3,-1,"477",17.3,"118","0.229","0.468","0.318",31.6,26.3,20.9,"0.231","0.462","0.31",45.6
"Ramírez, Harold",623912,"MIA","FF","4-Seam Fastball",1,5,"491",29.4,"117","0.339","0.615","0.432",23.6,21.4,18.2,"0.291","0.475","0.348",38.1
"Suárez, Eugenio",553993,"CIN","SL","Slider",-0.7,-3,"435",16.4,"117","0.209","0.436","0.291",43.5,39.3,29.1,"0.209","0.385","0.268",30.8
"Brantley, Michael",488726,"HOU","SI","Sinker",-0.5,-2,"422",18.6,"117","0.275","0.412","0.349",7.1,6.8,8.3,"0.288","0.433","0.357",36.2
"Martínez, José A.",500874,"STL","FF","4-Seam Fastball",0.5,3,"576",37,"117","0.303","0.485","0.388",18.7,22.2,15.5,"0.299","0.557","0.405",48.6
"Holt, Brock",571788,"BOS","FF","4-Seam Fastball",0.7,3,"477",39.1,"117","0.337","0.535","0.408",16.7,19.7,17.7,"0.288","0.462","0.358",42
"Bell, Josh",605137,"PIT","CH","Changeup",-1,-5,"460",19.1,"117","0.2","0.381","0.288",38.7,22.2,21.7,"0.232","0.402","0.303",27.2
"Frazier, Adam",624428,"PIT","SI","Sinker",0.2,1,"455",19.9,"117","0.317","0.51","0.399",10.6,12,13.7,"0.284","0.454","0.348",33.7
"Conforto, Michael",624424,"NYM","SI","Sinker",0.5,2,"403",15.7,"116","0.34","0.55","0.425",19,13.8,18,"0.323","0.557","0.405",46.5
"Alonso, Pete",624413,"NYM","SL","Slider",0,0,"468",17,"116","0.248","0.429","0.327",40.4,34.5,25.6,"0.228","0.412","0.306",40
"Abreu, José",547989,"CWS","SI","Sinker",0.8,4,"442",16.2,"116","0.308","0.57","0.415",13.9,8.6,14.9,"0.296","0.529","0.372",51
"Hernández, César",514917,"PHI","CH","Changeup",-1.1,-4,"386",14.8,"116","0.25","0.306","0.279",29.9,12.1,11.3,"0.246","0.302","0.257",15.6
"Iglesias, Jose",578428,"CIN","SI","Sinker",0.8,3,"365",19.5,"116","0.389","0.496","0.404",6.4,6,8.3,"0.294","0.36","0.295",26.4
"Dietrich, Derek",518618,"CIN","FF","4-Seam Fastball",-1.1,-5,"438",37.8,"116","0.14","0.28","0.304",30,23.3,22.9,"0.188","0.309","0.306",19.7
"Peraza, José",606299,"CIN","FF","4-Seam Fastball",-1,-5,"494",38.1,"115","0.255","0.396","0.313",12.7,17.4,14.6,"0.259","0.374","0.303",32.6
"Walker, Christian",572233,"AZ","SL","Slider",-0.2,-1,"422",17.5,"115","0.243","0.449","0.322",38.8,32.2,29.1,"0.244","0.5","0.335",47.1
"Alvarez, Yordan",670541,"HOU","FF","4-Seam Fastball",2.8,15,"541",36.7,"115","0.34","0.723","0.486",19.7,21.7,18.9,"0.338","0.762","0.49",57.1
"Alfaro, Jorge",595751,"MIA","SL","Slider",-2,-7,"360",20.9,"115","0.243","0.333","0.275",47.8,43.5,36,"0.221","0.354","0.262",40.3
"Guzmán, Ronald",608597,"TEX","FF","4-Seam Fastball",-1,-5,"515",42.4,"115","0.206","0.351","0.311",33.6,33.9,22.5,"0.211","0.365","0.308",35.6
"Rosario, Amed",642708,"NYM","SI","Sinker",-0.5,-2,"415",17.4,"115","0.324","0.444","0.366",15,10.4,12.9,"0.322","0.425","0.338",39.8
"Tatis Jr., Fernando",665487,"SD","FF","4-Seam Fastball",2.5,11,"437",31.2,"115","0.35","0.709","0.48",24.7,27,24.6,"0.288","0.591","0.397",44.4
"Ozuna, Marcell",542303,"STL","SI","Sinker",-0.3,-1,"426",19.2,"115","0.277","0.446","0.381",16.1,13,14.3,"0.317","0.51","0.391",53.5
"Pillar, Kevin",607680,"SF","SL","Slider",1.9,8,"396",18.7,"115","0.354","0.558","0.405",31.3,21.7,18.5,"0.261","0.402","0.29",29.5
"Cron, C.J.",543068,"MIN","SL","Slider",-1.2,-4,"382",20.1,"115","0.214","0.411","0.291",31.3,23.5,22.9,"0.28","0.58","0.364",47.1
"Martin, Leonys",547982,"CLE","FF","4-Seam Fastball",-0.8,-3,"406",39.7,"114","0.204","0.408","0.305",24.6,21.9,22.9,"0.194","0.404","0.3",26.3
"Harper, Bryce",547180,"PHI","SI","Sinker",2.9,12,"434",15.6,"114","0.326","0.587","0.464",17.1,13.2,16.5,"0.342","0.679","0.476",49.4
"Voit, Luke",572228,"NYY","SL","Slider",1.1,5,"448",22.2,"114","0.255","0.51","0.378",47.6,34.2,26.7,"0.217","0.454","0.323",42.9
"Soto, Juan",665742,"WSH","SI","Sinker",3.1,15,"477",17.1,"114","0.357","0.714","0.487",13.3,14,13.9,"0.313","0.668","0.443",50.6
"Cabrera, Melky",466320,"PIT","FF","4-Seam Fastball",0.5,2,"442",33,"114","0.342","0.45","0.38",11.8,15.8,14,"0.284","0.393","0.299",30.1
"Tauchman, Mike",643565,"NYY","FF","4-Seam Fastball",2.5,13,"534",41.5,"114","0.354","0.687","0.467",25,30.7,19.9,"0.272","0.502","0.364",56.9
"Senzel, Nick",669222,"CIN","FF","4-Seam Fastball",0.4,2,"540",33.7,"114","0.245","0.531","0.392",22.5,27.2,17.6,"0.25","0.536","0.375",55.2
"LeMahieu, DJ",518934,"NYY","SI","Sinker",-1.1,-5,"429",17.4,"113","0.238","0.307","0.305",7.1,11.5,15.9,"0.287","0.416","0.342",43.8
"Castellanos, Nick",592206,"CHC","SI","Sinker",1.2,4,"352",14.5,"113","0.327","0.515","0.413",14.8,8.8,13.2,"0.339","0.586","0.42",51.6
"Reyes, Victor",622682,"DET","FF","4-Seam Fastball",0.3,1,"542",44.7,"113","0.362","0.457","0.376",20,19.5,13,"0.292","0.398","0.319",34.5
"Santander, Anthony",623993,"BAL","FF","4-Seam Fastball",-0.8,-5,"600",36.2,"113","0.233","0.379","0.317",25.4,31,17.8,"0.216","0.378","0.288",38.2
"Alberto, Hanser",593643,"BAL","SL","Slider",-1.2,-4,"344",19.5,"113","0.234","0.324","0.285",15,8.8,10.1,"0.253","0.355","0.262",15.7
"Bote, David",623520,"CHC","FF","4-Seam Fastball",0.4,2,"543",37.9,"113","0.205","0.432","0.37",39.2,37.2,25.8,"0.212","0.41","0.355",45.7
"Moore, Dylan",664238,"SEA","FF","4-Seam Fastball",0.8,3,"413",35.7,"113","0.198","0.484","0.36",28.1,27.4,27,"0.218","0.457","0.356",42.6
"Segura, Jean",516416,"PHI","SL","Slider",-0.8,-3,"394",17.7,"112","0.257","0.321","0.28",22.4,16.1,15,"0.215","0.275","0.233",25.3
"McNeil, Jeff",643446,"NYM","SI","Sinker",2.2,7,"338",16.4,"112","0.386","0.584","0.442",9.7,8,10.8,"0.302","0.492","0.371",43.5
"Bogaerts, Xander",593428,"BOS","SL","Slider",1.9,11,"595",20.8,"112","0.271","0.531","0.41",30,20.5,12.8,"0.271","0.513","0.371",42.7
"Adams, Matt",571431,"WSH","FF","4-Seam Fastball",-0.1,0,"473",36.2,"112","0.252","0.544","0.356",27,30.4,24.1,"0.232","0.512","0.346",45.7
"Eaton, Adam",594809,"WSH","SL","Slider",-2.7,-10,"379",14.2,"112","0.204","0.35","0.241",27.2,24.1,21.3,"0.207","0.321","0.243",27.5
"Bell, Josh",605137,"PIT","SI","Sinker",2.5,11,"449",18.6,"112","0.374","0.703","0.495",15.7,8.9,11.2,"0.366","0.666","0.474",56.1
"Kinsler, Ian",435079,"SD","FF","4-Seam Fastball",-0.6,-3,"480",44.4,"111","0.267","0.416","0.334",16.8,18,15.9,"0.212","0.301","0.262",23.5
"Kelly, Carson",608348,"AZ","FF","4-Seam Fastball",1.6,9,"551",35.2,"111","0.297","0.571","0.451",18.2,18,11.9,"0.307","0.607","0.436",47.9
"Jiménez, Eloy",650391,"CWS","SL","Slider",1.2,5,"436",23.4,"111","0.275","0.549","0.371",46.3,29.7,24.3,"0.236","0.478","0.323",39.4
"Devers, Rafael",646240,"BOS","SL","Slider",0.9,3,"362",13.8,"111","0.282","0.491","0.348",22,15.3,13.1,"0.289","0.478","0.328",44.1
"Realmuto, J.T.",592663,"PHI","SI","Sinker",-0.4,-1,"374",16,"111","0.299","0.454","0.346",12.8,6.3,8.8,"0.336","0.537","0.394",43.6
"Bregman, Alex",608324,"HOU","SL","Slider",1.8,9,"519",18.2,"111","0.24","0.542","0.376",17.4,15.3,10.9,"0.237","0.436","0.336",37.5
"Aguilar, Jesús",542583,"TB","FF","4-Seam Fastball",0.2,1,"543",35.8,"111","0.255","0.436","0.359",15.2,18.9,14.7,"0.253","0.492","0.362",40.5
"Devers, Rafael",646240,"BOS","SI","Sinker",0.7,2,"372",14.2,"110","0.33","0.5","0.405",16.8,10.9,14.8,"0.317","0.49","0.375",48.9
"Pujols, Albert",405395,"LAA","SI","Sinker",0.9,3,"391",19.1,"110","0.286","0.531","0.386",10.8,4.5,8.1,"0.256","0.457","0.343",36.2
"Bogaerts, Xander",593428,"BOS","SI","Sinker",0.5,2,"448",15.7,"110","0.344","0.505","0.42",15.6,12.7,15.1,"0.313","0.467","0.383",48.8
"Suzuki, Kurt",435559,"WSH","FF","4-Seam Fastball",2.5,9,"356",33.8,"110","0.323","0.625","0.44",9.2,3.6,4.3,"0.342","0.612","0.431",37.6
"Bryant, Kris",592178,"CHC","SL","Slider",0.6,3,"479",19.5,"110","0.228","0.467","0.36",36.7,25.5,19.9,"0.224","0.405","0.328",26.2
"Santana, Carlos",467793,"CLE","CH","Changeup",2.9,13,"459",16.5,"110","0.32","0.608","0.445",25.8,16.4,15.9,"0.303","0.546","0.395",43
"Naquin, Tyler",571980,"CLE","FF","4-Seam Fastball",-0.5,-3,"516",47.7,"110","0.228","0.455","0.317",29.1,26.4,17.9,"0.255","0.506","0.342",39.7
"Turner, Trea",607208,"WSH","SL","Slider",-0.2,-1,"432",19.3,"109","0.214","0.388","0.294",34.6,29.4,22.2,"0.224","0.392","0.288",33.8
"Díaz, Elias",553869,"PIT","FF","4-Seam Fastball",-0.5,-2,"493",36,"109","0.297","0.363","0.355",18.5,16.5,11.2,"0.26","0.372","0.337",43.2
"Tellez, Rowdy",642133,"TOR","FF","4-Seam Fastball",-0.3,-2,"551",34.4,"109","0.239","0.38","0.327",32.7,33.9,22.4,"0.23","0.496","0.367",58.9
"Harper, Bryce",547180,"PHI","CH","Changeup",0.8,3,"382",13.7,"109","0.271","0.469","0.344",36.9,23.9,23,"0.289","0.492","0.367",39.4
"Donaldson, Josh",518626,"ATL","SL","Slider",1.4,6,"436",15.9,"109","0.253","0.596","0.392",40.2,29.4,22.5,"0.273","0.587","0.385",47.8
"Bellinger, Cody",641355,"LAD","SI","Sinker",2.2,10,"443",16.6,"108","0.359","0.685","0.474",14.4,13.9,13.6,"0.35","0.697","0.474",51.3
"Hosmer, Eric",543333,"SD","SL","Slider",-2.3,-10,"448",17.5,"108","0.13","0.19","0.168",43.8,38,27.2,"0.167","0.266","0.216",36.1
"Newman, Kevin",621028,"PIT","SL","Slider",0.5,2,"387",20.7,"108","0.294","0.48","0.356",24.6,16.7,14.3,"0.269","0.388","0.302",27.4
"Choo, Shin-Soo",425783,"TEX","SL","Slider",1.5,7,"432",16.1,"108","0.24","0.448","0.353",42.4,39.8,24.9,"0.226","0.483","0.336",47.2
"Adames, Willy",642715,"TB","SI","Sinker",3.4,12,"340",14.5,"108","0.398","0.633","0.486",11.6,17.6,20.7,"0.33","0.549","0.396",38.8
"Arenado, Nolan",571448,"COL","SI","Sinker",4,14,"340",14.2,"108","0.394","0.798","0.53",10.6,5.6,7.2,"0.368","0.667","0.456",52.2
"Springer, George",543807,"HOU","SL","Slider",3.2,12,"383",17.1,"108","0.341","0.604","0.449",36.4,20.4,18.5,"0.296","0.548","0.405",42
"Ramírez, Harold",623912,"MIA","SI","Sinker",-0.8,-3,"368",22,"108","0.284","0.373","0.352",16.4,13.9,21.1,"0.263","0.352","0.291",42.5
"Cuthbert, Cheslor",596144,"KC","FF","4-Seam Fastball",-1.7,-8,"446",34.7,"107","0.229","0.281","0.273",19.8,20.6,14.5,"0.227","0.349","0.29",40.5
"Gallo, Joey",608336,"TEX","FF","4-Seam Fastball",1.5,8,"544",42.2,"107","0.268","0.683","0.456",35,36.4,27.9,"0.239","0.707","0.45",64.4
"Realmuto, J.T.",592663,"PHI","SL","Slider",-1.3,-6,"455",19.5,"107","0.175","0.32","0.256",37.9,32.7,22.6,"0.199","0.315","0.261",30.6
"Pinder, Chad",640461,"ATH","FF","4-Seam Fastball",-0.8,-3,"422",32.7,"107","0.207","0.435","0.337",32.5,31.8,28.8,"0.245","0.457","0.348",62.1
"Rizzo, Anthony",519203,"CHC","SI","Sinker",1.5,6,"421",17.2,"107","0.333","0.56","0.454",12,7.5,8,"0.336","0.538","0.44",35.5
"Yelich, Christian",592885,"MIL","SI","Sinker",2.3,10,"415",18.3,"107","0.32","0.649","0.451",12.6,14,16.5,"0.349","0.679","0.453",53.7
"Marisnick, Jake",545350,"HOU","FF","4-Seam Fastball",-1,-5,"458",36.4,"107","0.174","0.348","0.294",27.4,33.6,24.3,"0.154","0.266","0.245",24.6
"Arcia, Orlando",606115,"MIL","SI","Sinker",0.5,2,"373",17.9,"106","0.33","0.521","0.4",12.6,8.5,11.5,"0.295","0.491","0.365",36.8
"Polanco, Jorge",593871,"MIN","SI","Sinker",1.2,5,"408",14.8,"106","0.341","0.516","0.417",13.2,8.5,12.9,"0.352","0.586","0.435",37.8
"Crawford, Brandon",543063,"SF","SI","Sinker",1.7,6,"373",17.1,"106","0.318","0.557","0.445",16.8,8.5,12.3,"0.309","0.534","0.412",44.3
"Hernández, Teoscar",606192,"TOR","SL","Slider",-1.1,-5,"413",21.5,"106","0.165","0.34","0.268",38.5,37.7,27.2,"0.166","0.317","0.248",35.1
"Lowe, Brandon",664040,"TB","FF","4-Seam Fastball",2.8,11,"398",30.4,"106","0.318","0.727","0.479",31,32.1,24.5,"0.251","0.609","0.407",59.3
"Molina, Yadier",425877,"STL","SI","Sinker",0.4,1,"326",20.6,"105","0.286","0.49","0.373",7.7,4.8,7.6,"0.285","0.564","0.372",44.1
"Renfroe, Hunter",592669,"SD","SL","Slider",0.2,1,"416",20.6,"105","0.2","0.47","0.307",38.3,34.3,21.3,"0.194","0.366","0.254",25
"Duggar, Steven",621453,"SF","FF","4-Seam Fastball",-2.3,-10,"437",38.7,"105","0.234","0.266","0.268",17.1,22.9,19.5,"0.229","0.326","0.28",35.2
"Muncy, Max",571970,"LAD","SL","Slider",2.2,9,"402",15.7,"105","0.258","0.506","0.41",36.4,31.4,22.3,"0.222","0.484","0.34",41.4
"Beckham, Tim",542921,"SEA","FF","4-Seam Fastball",0.1,0,"443",33.6,"105","0.289","0.536","0.384",24.1,28.6,23.1,"0.254","0.525","0.349",37.3
"McKinney, Billy",641856,"TOR","FF","4-Seam Fastball",-1.6,-7,"426",41.1,"105","0.208","0.396","0.285",21,20,17.8,"0.248","0.426","0.313",31.2
"Kepler, Max",596146,"MIN","SI","Sinker",0.9,3,"334",15.6,"105","0.267","0.467","0.361",10.7,8.6,15,"0.329","0.577","0.417",48.8
"Hernández, César",514917,"PHI","SI","Sinker",-1.5,-6,"403",15.5,"105","0.293","0.364","0.295",7.7,12.4,15.7,"0.304","0.41","0.331",43
"Núñez, Renato",600524,"BAL","SL","Slider",-0.9,-4,"497",20.2,"105","0.196","0.371","0.277",40.6,33.3,18.4,"0.185","0.329","0.245",30.2
"Almora Jr., Albert",546991,"CHC","FF","4-Seam Fastball",1.1,4,"361",27.4,"105","0.303","0.586","0.399",11.2,10.5,10.5,"0.31","0.522","0.354",38.5
"Braun, Ryan",460075,"MIL","SI","Sinker",-0.3,-1,"414",22.4,"105","0.286","0.451","0.368",17.6,11.4,13.6,"0.267","0.412","0.343",34.2
"Gurriel, Yuli",493329,"HOU","SI","Sinker",-0.7,-2,"353",17.2,"105","0.316","0.439","0.356",8.9,11.4,17.9,"0.267","0.346","0.29",39.1
"Barnhart, Tucker",571466,"CIN","FF","4-Seam Fastball",0.5,2,"458",33.4,"104","0.258","0.517","0.38",21.1,17.3,12.4,"0.241","0.395","0.331",26.8
"Moreland, Mitch",519048,"BOS","FF","4-Seam Fastball",1.3,6,"472",35,"104","0.352","0.703","0.471",21.9,21.2,16.4,"0.322","0.611","0.422",59.2
"Fowler, Dexter",451594,"STL","CH","Changeup",-2.4,-9,"376",15.7,"104","0.138","0.191","0.202",32.4,24,24.5,"0.183","0.232","0.221",9.9
"Castro, Jason",488771,"MIN","FF","4-Seam Fastball",0,0,"460",40.2,"104","0.227","0.466","0.363",40.6,35.6,29.1,"0.252","0.592","0.397",60.8
"Albies, Ozzie",645277,"ATL","SL","Slider",0.3,1,"348",14,"104","0.296","0.5","0.354",29.1,25,20.2,"0.278","0.46","0.324",32.9
"Castillo, Welington",456078,"CWS","FF","4-Seam Fastball",-0.8,-3,"365",36.8,"104","0.25","0.531","0.358",16.7,22.1,22.5,"0.253","0.51","0.339",47.3
"Phegley, Josh",572033,"ATH","FF","4-Seam Fastball",3.2,13,"413",32.9,"104","0.345","0.736","0.499",10,7.7,7.8,"0.314","0.578","0.405",37.8
"Vázquez, Christian",543877,"BOS","SL","Slider",2.2,8,"373",18.6,"104","0.32","0.485","0.366",23.8,23.1,18.2,"0.238","0.41","0.291",30.3
"Davis, Khris",501981,"ATH","SL","Slider",-1.7,-7,"427",21,"104","0.18","0.31","0.237",37.7,29.8,21.8,"0.227","0.395","0.277",29
"Fletcher, David",664058,"LAA","SI","Sinker",-1.5,-7,"456",17.6,"104","0.268","0.33","0.31",7.5,8.7,11.5,"0.275","0.348","0.297",26.1
"Galvis, Freddy",520471,"CIN","CH","Changeup",-0.1,-1,"354",15.5,"104","0.282","0.379","0.31",25.9,20.2,18.1,"0.269","0.395","0.287",34.1
"Sánchez, Gary",596142,"NYY","SL","Slider",1.8,7,"409",21.8,"103","0.237","0.505","0.366",42.9,30.1,22.8,"0.275","0.558","0.379",35.5
"Zunino, Mike",572287,"TB","FF","4-Seam Fastball",-1.5,-7,"484",40.7,"103","0.176","0.308","0.281",38.8,39.8,27.2,"0.19","0.369","0.284",50
"Ramírez, Harold",623912,"MIA","SL","Slider",0.2,1,"320",19.2,"103","0.276","0.378","0.313",33.7,25.2,20.6,"0.237","0.374","0.279",33.3
"Lindor, Francisco",596019,"CLE","CH","Changeup",-0.4,-1,"364",15.1,"103","0.245","0.48","0.323",18.3,13.6,15.1,"0.25","0.441","0.301",29.1
"Myers, Wil",571976,"SD","SL","Slider",-2.6,-11,"416",20.4,"103","0.141","0.293","0.198",41.5,40.8,29.2,"0.172","0.345","0.229",29.3
"Reddick, Josh",502210,"HOU","SI","Sinker",-1.3,-4,"312",15.9,"103","0.283","0.37","0.316",7.4,3.9,6.9,"0.321","0.429","0.366",34.4
"Gardner, Brett",458731,"NYY","SI","Sinker",2.3,9,"389",16.4,"103","0.326","0.663","0.472",14.3,13.6,16.5,"0.283","0.481","0.362",43.6
"Beaty, Matt",607461,"LAD","FF","4-Seam Fastball",-1.6,-6,"383",39.3,"103","0.237","0.398","0.312",10.8,12.6,17.1,"0.25","0.368","0.304",38.8
"Olson, Matt",621566,"ATH","SI","Sinker",1.1,4,"361",16,"103","0.291","0.547","0.422",22.5,17.5,18.4,"0.325","0.608","0.435",53.6
"Hicks, Aaron",543305,"NYY","FF","4-Seam Fastball",0.8,3,"380",35.5,"103","0.289","0.467","0.367",15,20.4,19.1,"0.232","0.418","0.314",42.3
"Lucroy, Jonathan",518960,"CHC","FF","4-Seam Fastball",-1.7,-9,"510",38.7,"102","0.2","0.341","0.302",11.4,16.7,12.1,"0.255","0.46","0.36",39.1
"Swanson, Dansby",621020,"ATL","SI","Sinker",0.9,4,"426",19.2,"102","0.31","0.494","0.398",22.3,10.8,12.9,"0.315","0.509","0.398",42.1
"Moncada, Yoán",660162,"CWS","CH","Changeup",2.4,9,"356",16.1,"102","0.305","0.589","0.418",32.1,22.5,24,"0.284","0.52","0.357",40.3
"McCann, James",543510,"CWS","SL","Slider",-1,-4,"372",18.9,"102","0.216","0.412","0.296",39.2,35.3,24.7,"0.228","0.436","0.296",36.1
"Meadows, Austin",640457,"TB","SI","Sinker",0,0,"419",16.8,"102","0.273","0.511","0.382",14,6.9,7.7,"0.343","0.704","0.468",51.9
"Ramírez, José",608070,"CLE","SI","Sinker",1.4,5,"355",16.4,"102","0.341","0.602","0.437",8.5,7.8,10.4,"0.368","0.689","0.467",54.9
"Soto, Juan",665742,"WSH","SL","Slider",0.3,2,"466",16.7,"102","0.2","0.318","0.314",33.1,30.4,19,"0.221","0.391","0.329",38.9
"Andrus, Elvis",462101,"TEX","SI","Sinker",-0.5,-2,"351",14,"102","0.269","0.398","0.343",14.7,9.8,12.8,"0.243","0.389","0.307",36.1
"Correa, Carlos",621043,"HOU","FF","4-Seam Fastball",1,4,"417",33.1,"102","0.247","0.624","0.418",20.1,24.5,21.2,"0.27","0.608","0.417",44.3
"Parra, Gerardo",467827,"WSH","FF","4-Seam Fastball",1.4,5,"372",34.6,"101","0.311","0.633","0.427",12.2,15.8,18.4,"0.271","0.536","0.369",29.3
"Schwarber, Kyle",656941,"CHC","SI","Sinker",3.2,12,"365",14.5,"101","0.326","0.753","0.487",12.2,15.8,18,"0.33","0.779","0.479",50.7
"Heyward, Jason",518792,"CHC","SI","Sinker",1.1,4,"347",15.7,"100","0.311","0.533","0.414",9.4,7,12.1,"0.322","0.531","0.386",47.6
"McCutchen, Andrew",457705,"PHI","FF","4-Seam Fastball",1.9,8,"396",34,"100","0.338","0.65","0.473",23.7,14,14.3,"0.331","0.645","0.464",48.5
"Walker, Christian",572233,"AZ","SI","Sinker",2.4,9,"369",15.3,"100","0.371","0.652","0.483",13.8,11,13.8,"0.362","0.674","0.464",55.1
"Gordon, Alex",460086,"KC","SI","Sinker",-0.3,-1,"358",15.3,"100","0.237","0.409","0.316",19.5,18,26.5,"0.278","0.502","0.354",42.1
"Benintendi, Andrew",643217,"BOS","SI","Sinker",2.1,8,"387",15.9,"100","0.329","0.481","0.428",17.6,13,12.5,"0.286","0.482","0.395",41.2
"Harper, Bryce",547180,"PHI","SL","Slider",1.1,5,"433",15.5,"100","0.184","0.494","0.352",50.7,40,24.7,"0.2","0.493","0.335",53.2
"Calhoun, Kole",594777,"LAA","SL","Slider",0.6,2,"357",15.1,"100","0.223","0.426","0.327",47.8,41,34.7,"0.228","0.43","0.298",46.3
"Severino, Pedro",600474,"BAL","FF","4-Seam Fastball",-0.2,-1,"441",31.5,"100","0.236","0.517","0.359",18.9,26,19.3,"0.248","0.493","0.344",37.5
"Rizzo, Anthony",519203,"CHC","CH","Changeup",0.2,1,"354",14.4,"100","0.253","0.379","0.322",22.9,10,10.3,"0.265","0.431","0.342",28.2
"Trout, Mike",545361,"LAA","SI","Sinker",5.1,18,"354",14.3,"100","0.413","0.867","0.571",9,14,16.7,"0.416","0.87","0.567",51.6
"Núñez, Renato",600524,"BAL","SI","Sinker",0.7,3,"372",15.1,"99","0.3","0.5","0.384",12.3,14.1,18.9,"0.312","0.585","0.405",44.7
"Drury, Brandon",592273,"TOR","SL","Slider",-0.6,-2,"370",20.8,"99","0.2","0.3","0.271",33.5,23.2,18.7,"0.206","0.335","0.268",29
"Martinez, J.D.",502110,"BOS","SI","Sinker",4.1,14,"337",13.7,"99","0.379","0.644","0.48",13.8,8.1,13.1,"0.409","0.692","0.484",58.8
"Allen, Greg",656185,"CLE","FF","4-Seam Fastball",-1,-4,"357",37.5,"99","0.261","0.409","0.323",20.4,18.2,19.4,"0.268","0.42","0.33",37.5
"Hicks, John",543308,"DET","FF","4-Seam Fastball",-2.1,-10,"464",37.2,"99","0.189","0.4","0.258",30.4,36.4,22.4,"0.21","0.42","0.271",38.3
"Encarnación, Edwin",429665,"NYY","SL","Slider",-0.4,-2,"471",22.4,"99","0.17","0.284","0.262",28.8,22.2,13.1,"0.228","0.399","0.31",31.3
"Springer, George",543807,"HOU","SI","Sinker",0.9,4,"424",18.9,"99","0.315","0.584","0.422",16.5,11.1,10.4,"0.312","0.622","0.418",44.9
"García, Avisaíl",541645,"TB","SL","Slider",-0.4,-2,"380",20.1,"99","0.253","0.505","0.313",32.8,25.3,23.8,"0.249","0.49","0.308",47.9
"Vogelbach, Daniel",596129,"SEA","SL","Slider",-1.8,-7,"403",16,"99","0.111","0.244","0.208",35.7,42.4,29,"0.144","0.259","0.217",20.8
"Mercado, Óscar",640458,"CLE","SL","Slider",0.8,3,"383",22.2,"99","0.253","0.527","0.355",38.7,27.3,21.1,"0.208","0.317","0.254",22.7
"Jones, Adam",430945,"AZ","SL","Slider",-1.8,-6,"349",18.2,"98","0.198","0.363","0.263",39.1,24.5,23.5,"0.221","0.339","0.273",24.6
"Altuve, Jose",514888,"HOU","SL","Slider",-0.4,-1,"363",18.8,"98","0.269","0.43","0.33",34.2,27.6,27.8,"0.212","0.344","0.26",25.8
"Rendon, Anthony",543685,"WSH","SL","Slider",0.4,2,"461",17.6,"98","0.268","0.415","0.372",17.4,14.3,11,"0.281","0.474","0.374",36.2
"Santana, Domingo",570267,"SEA","SL","Slider",0.6,2,"391",18.9,"98","0.232","0.484","0.322",40.5,39.8,27.5,"0.229","0.5","0.31",37.5
"Vázquez, Christian",543877,"BOS","SI","Sinker",-0.2,-1,"321",16,"98","0.289","0.422","0.342",9.1,10.2,13.9,"0.281","0.425","0.329",39.5
"Frazier, Clint",640449,"NYY","FF","4-Seam Fastball",2.3,9,"373",38.2,"98","0.341","0.625","0.439",20.4,22.4,20.4,"0.302","0.598","0.404",43.9
"Nimmo, Brandon",607043,"NYM","FF","4-Seam Fastball",1.8,8,"460",42.4,"98","0.264","0.528","0.437",28,25.5,17.5,"0.249","0.414","0.388",37.5
"Grichuk, Randal",545341,"TOR","SI","Sinker",4.7,16,"345",14.3,"98","0.417","0.774","0.52",12.8,10.2,14.1,"0.372","0.702","0.478",61.8
"Pujols, Albert",405395,"LAA","SL","Slider",-2.4,-9,"398",19.5,"98","0.151","0.204","0.185",28,23.5,18.4,"0.206","0.272","0.225",31
"Santana, Danny",542454,"TEX","CH","Changeup",-2.1,-8,"365",18.8,"98","0.258","0.33","0.279",35,26.5,23.4,"0.267","0.333","0.27",22.5
"Swanson, Dansby",621020,"ATL","SL","Slider",-1,-4,"390",17.6,"98","0.216","0.375","0.297",37.5,26.5,21.3,"0.25","0.473","0.327",41.5
"Báez, Javier",595879,"CHC","SI","Sinker",-1.2,-4,"331",16.7,"98","0.228","0.467","0.335",22.2,19.4,30.6,"0.251","0.424","0.31",41.1
"Maybin, Cameron",457727,"NYY","FF","4-Seam Fastball",0.5,2,"379",33.8,"98","0.272","0.494","0.39",22.5,19.4,16.4,"0.267","0.541","0.398",43.5
"Pence, Hunter",452254,"TEX","FF","4-Seam Fastball",2,8,"399",32.4,"97","0.31","0.679","0.444",24.3,20.6,16.3,"0.298","0.615","0.416",44.6
"Gurriel Jr., Lourdes",666971,"TOR","FF","4-Seam Fastball",-0.5,-2,"458",35.7,"97","0.233","0.465","0.325",32.5,32,25.4,"0.231","0.474","0.331",52.6
"Yelich, Christian",592885,"MIL","SL","Slider",2.6,10,"375",16.5,"97","0.279","0.674","0.434",46,34,26.2,"0.254","0.55","0.371",39.6
"Grandal, Yasmani",518735,"MIL","SI","Sinker",1.1,5,"441",16.5,"97","0.3","0.414","0.42",15.9,10.3,10.4,"0.26","0.424","0.402",41.7
"Flores, Wilmer",527038,"AZ","FF","4-Seam Fastball",-0.7,-3,"400",36.2,"97","0.295","0.409","0.345",3.9,5.2,5.3,"0.277","0.438","0.331",32.1
"Longoria, Evan",446334,"SF","SI","Sinker",0.7,2,"334",16.6,"97","0.341","0.415","0.418",15.2,8.2,9.9,"0.323","0.501","0.403",41.9
"Iglesias, Jose",578428,"CIN","SL","Slider",-1,-3,"300",16,"97","0.232","0.347","0.253",27.7,23.7,20.5,"0.207","0.282","0.213",20.5
"Villar, Jonathan",542340,"BAL","CH","Changeup",0.6,3,"430",15.1,"97","0.289","0.422","0.323",35.4,19.6,15.3,"0.239","0.396","0.293",25
"Hosmer, Eric",543333,"SD","SI","Sinker",1.1,4,"354",13.8,"97","0.344","0.556","0.427",18.5,17.5,25,"0.278","0.443","0.334",50.7
"Reyes, Franmil",614177,"CLE","SI","Sinker",-0.4,-1,"334",15.8,"96","0.235","0.365","0.321",23.6,15.6,22.1,"0.227","0.376","0.298",33.8
"Caratini, Victor",605170,"CHC","FF","4-Seam Fastball",1.5,5,"339",31.2,"96","0.361","0.542","0.418",8.9,11.5,11.8,"0.316","0.475","0.385",32.4
"Berti, Jon",542932,"MIA","FF","4-Seam Fastball",-1.2,-4,"369",31.5,"96","0.16","0.259","0.28",23.4,29.2,25,"0.194","0.292","0.282",39.6
"Trout, Mike",545361,"LAA","SL","Slider",3.2,13,"387",15.6,"96","0.284","0.691","0.444",29.7,25,18.6,"0.272","0.626","0.417",42.4
"Rosario, Eddie",592696,"MIN","SI","Sinker",-0.1,0,"324",15.9,"95","0.311","0.478","0.354",11.1,5.3,9.3,"0.317","0.559","0.373",40.2
"Sanó, Miguel",593934,"MIN","SL","Slider",-1.3,-6,"426",22.6,"95","0.134","0.317","0.259",53,45.3,29.9,"0.159","0.391","0.283",35
"Cruz, Nelson",443558,"MIN","SL","Slider",1,5,"497",23.5,"95","0.234","0.455","0.368",49.8,36.8,21.3,"0.154","0.346","0.306",32.6
"Soler, Jorge",624585,"KC","SI","Sinker",1,4,"368",13.4,"95","0.293","0.561","0.435",17.6,12.6,14.6,"0.319","0.639","0.437",51.4
"Wong, Kolten",543939,"STL","SI","Sinker",1.3,4,"311",15.7,"95","0.341","0.494","0.395",6.5,7.4,12.5,"0.285","0.401","0.328",32.5
"Martin, Russell",431145,"LAD","FF","4-Seam Fastball",1.9,7,"367",35,"95","0.333","0.487","0.453",17.1,14.7,12.1,"0.312","0.496","0.412",43.8
"Anderson, Brian",605119,"MIA","SL","Slider",1.8,6,"343",17.8,"95","0.313","0.59","0.423",42.6,31.6,26.1,"0.227","0.412","0.321",45.3
"Sánchez, Yolmer",570560,"CWS","CH","Changeup",-0.4,-1,"320",14.3,"95","0.256","0.311","0.296",23.1,16.8,16,"0.212","0.252","0.229",9.5
"Story, Trevor",596115,"COL","SI","Sinker",2.7,10,"368",13.7,"95","0.361","0.663","0.477",10.4,11.6,11.5,"0.325","0.529","0.401",41.7
"Escobar, Eduardo",500871,"AZ","SI","Sinker",1.9,7,"373",13.9,"94","0.345","0.701","0.48",14.3,8.5,10.3,"0.308","0.613","0.397",40
"Sandoval, Pablo",467055,"SF","FF","4-Seam Fastball",0.6,3,"447",39.4,"94","0.272","0.519","0.387",30.7,27.7,18.6,"0.25","0.425","0.326",47.5
"Naylor, Josh",647304,"SD","FF","4-Seam Fastball",1.4,5,"364",31.6,"94","0.333","0.543","0.423",17.3,17,14.2,"0.29","0.465","0.365",39.4
"Haniger, Mitch",571745,"SEA","FF","4-Seam Fastball",1.4,6,"393",34.1,"94","0.291","0.633","0.429",14.3,20.2,17.3,"0.268","0.588","0.396",52.5
"Blackmon, Charlie",453568,"COL","SI","Sinker",-0.9,-3,"374",15.8,"94","0.279","0.337","0.31",15.6,14.9,15.1,"0.287","0.417","0.328",32.9
"Grandal, Yasmani",518735,"MIL","SL","Slider",-0.8,-3,"376",14.1,"94","0.16","0.309","0.287",36.2,33,20,"0.215","0.402","0.316",46
"Dozier, Hunter",641531,"KC","SI","Sinker",0.6,2,"309",13.7,"94","0.365","0.565","0.414",7.5,20.2,25,"0.335","0.495","0.371",51.5
"Grossman, Robbie",543257,"ATH","SI","Sinker",-0.1,0,"306",16.2,"94","0.269","0.372","0.353",4.9,13.8,19.1,"0.312","0.424","0.382",42.4
"Turner, Justin",457759,"LAD","SI","Sinker",1.1,4,"326",15.3,"94","0.31","0.464","0.392",6.6,9.6,10.5,"0.357","0.587","0.427",40
"Calhoun, Kole",594777,"LAA","SI","Sinker",-0.2,-1,"378",16,"94","0.237","0.475","0.352",18.3,13.8,18.8,"0.241","0.443","0.344",38.2
"Soto, Juan",665742,"WSH","CH","Changeup",1.8,7,"377",13.5,"94","0.295","0.564","0.412",32.3,20.2,17.9,"0.253","0.434","0.35",35
"Kiermaier, Kevin",595281,"TB","SL","Slider",0.3,1,"316",17.7,"94","0.244","0.389","0.29",28,25.5,20.5,"0.248","0.422","0.299",33.3
"Lagares, Juan",501571,"NYM","FF","4-Seam Fastball",-0.7,-3,"371",34.3,"94","0.232","0.39","0.317",22.9,27.7,22.2,"0.208","0.308","0.283",35.1
"Belt, Brandon",474832,"SF","SI","Sinker",-1.1,-4,"368",14.7,"94","0.271","0.412","0.332",14.4,10.6,11.4,"0.311","0.533","0.388",44
"Díaz, Yandy",650490,"TB","FF","4-Seam Fastball",0.3,1,"435",33.2,"94","0.303","0.539","0.401",24.7,25.5,23.3,"0.286","0.506","0.384",54.5
"Brantley, Michael",488726,"HOU","CH","Changeup",0.8,2,"263",11.6,"94","0.3","0.511","0.356",9.9,6.4,9.2,"0.283","0.444","0.325",26.2
"Santana, Carlos",467793,"CLE","SL","Slider",0.1,0,"352",12.7,"93","0.222","0.519","0.351",25.2,22.6,17.9,"0.205","0.427","0.312",32.8
"Freeman, Freddie",518692,"ATL","SL","Slider",-1.2,-5,"381",13.9,"93","0.176","0.282","0.258",40.9,39.8,30.8,"0.209","0.412","0.301",29.2
"Upton, Justin",457708,"LAA","FF","4-Seam Fastball",1,4,"349",30.9,"93","0.244","0.474","0.367",23.3,22.6,16.4,"0.252","0.505","0.374",42.1
"Reynolds, Bryan",668804,"PIT","SI","Sinker",-1.2,-4,"372",17.4,"93","0.253","0.43","0.365",17.4,14,13.7,"0.302","0.447","0.373",46.3
"Starling, Bubba",605490,"KC","FF","4-Seam Fastball",-3,-8,"278",40.6,"93","0.216","0.318","0.249",10.4,15.1,22.2,"0.234","0.372","0.279",20.3
"Buxton, Byron",621439,"MIN","FF","4-Seam Fastball",-1.8,-6,"309",30.6,"93","0.221","0.419","0.308",25.7,21.5,24.7,"0.247","0.441","0.309",38.8
"Shaw, Travis",543768,"MIL","FF","4-Seam Fastball",-2.1,-9,"447",39,"93","0.127","0.266","0.245",30.3,34.4,23.9,"0.149","0.315","0.267",36.2
"Bradley Jr., Jackie",598265,"BOS","SI","Sinker",1.1,3,"311",14.1,"93","0.282","0.423","0.397",21.8,17.2,20,"0.243","0.377","0.36",35.1
"Albies, Ozzie",645277,"ATL","SI","Sinker",0.6,2,"366",14.7,"93","0.31","0.529","0.399",21.2,17.2,17.6,"0.276","0.463","0.334",45.1
"Mathis, Jeff",425772,"TEX","FF","4-Seam Fastball",-3.7,-15,"396",42.7,"93","0.114","0.17","0.155",40.5,48.4,36.9,"0.128","0.177","0.16",37.2
"Desmond, Ian",435622,"COL","SI","Sinker",-3.3,-11,"346",18.9,"93","0.167","0.274","0.226",9.9,11.8,15.7,"0.282","0.436","0.332",41.3
"Markakis, Nick",455976,"ATL","SI","Sinker",-0.2,-1,"372",19.9,"92","0.256","0.366","0.346",6,10.9,11.6,"0.264","0.344","0.31",45.8
"Schoop, Jonathan",570731,"MIN","SI","Sinker",-2.2,-7,"297",17.9,"92","0.233","0.326","0.282",23.9,14.1,22.8,"0.271","0.387","0.31",38.4
"Marte, Starling",516782,"PIT","SL","Slider",-1.8,-7,"372",17.7,"92","0.209","0.319","0.245",44.7,29.3,21.8,"0.246","0.42","0.284",37.5
"Mercer, Jordy",474568,"DET","FF","4-Seam Fastball",0.4,2,"396",36.6,"92","0.318","0.557","0.416",12.4,15.2,14,"0.319","0.559","0.378",48.6
"Cabrera, Miguel",408234,"DET","SL","Slider",-0.1,0,"361",17.8,"92","0.253","0.368","0.302",35.9,20.7,17,"0.221","0.345","0.264",42.6
"Bradley Jr., Jackie",598265,"BOS","SL","Slider",0.2,1,"347",15.7,"92","0.212","0.376","0.303",38.5,37,24.5,"0.208","0.361","0.272",45.1
"Flowers, Tyler",452095,"ATL","FF","4-Seam Fastball",2.2,9,"396",32,"92","0.309","0.63","0.431",33.5,37,28.8,"0.244","0.575","0.376",44.7
"Wong, Kolten",543939,"STL","CH","Changeup",-2.5,-7,"288",14.6,"92","0.193","0.25","0.213",18.2,15.2,20.6,"0.173","0.229","0.191",24
"Conforto, Michael",624424,"NYM","CH","Changeup",2,7,"382",14.9,"92","0.304","0.544","0.401",36.5,25,21.9,"0.273","0.495","0.372",19.3
"Cruz, Nelson",443558,"MIN","SI","Sinker",2.9,10,"347",16.4,"92","0.446","0.747","0.521",24,15.2,19.7,"0.376","0.662","0.461",61.4
"García, Leury",544725,"CWS","SL","Slider",-1.9,-6,"289",13.4,"92","0.229","0.277","0.249",36.3,37,30.9,"0.159","0.233","0.202",28.8
"Hernández, Enrique",571771,"LAD","SI","Sinker",-1,-3,"312",16.9,"91","0.253","0.434","0.329",14.2,12.1,19,"0.248","0.409","0.313",34.7
"Murphy, Tom",608596,"SEA","FF","4-Seam Fastball",2.4,10,"410",33.5,"91","0.333","0.769","0.485",18.7,19.8,15,"0.256","0.599","0.398",55.7
"Conforto, Michael",624424,"NYM","SL","Slider",0.9,3,"386",15,"91","0.171","0.382","0.331",35.8,31.9,21.3,"0.196","0.399","0.32",38.3
"Frazier, Todd",453943,"NYM","SI","Sinker",1.6,5,"328",16.6,"91","0.316","0.582","0.423",13.3,12.1,15.5,"0.255","0.411","0.336",33.8
"Kingery, Scott",664068,"PHI","SI","Sinker",-1.1,-4,"342",17.3,"91","0.274","0.452","0.335",15.3,18.7,19.5,"0.278","0.452","0.332",40.6
"Riley, Austin",663586,"ATL","FF","4-Seam Fastball",-1.1,-4,"324",29,"91","0.221","0.488","0.31",33.7,37.4,30.4,"0.208","0.471","0.296",39.6
"Vogt, Stephen",519390,"SF","FF","4-Seam Fastball",2.3,9,"389",34.8,"91","0.313","0.688","0.446",25.3,20.9,16,"0.26","0.582","0.374",52.4
"Sogard, Eric",519299,"TB","SI","Sinker",0,0,"316",18,"91","0.284","0.37","0.338",2.5,11,12.2,"0.311","0.404","0.348",26.4
"Freeman, Freddie",518692,"ATL","CH","Changeup",0.3,1,"438",16,"91","0.262","0.464","0.341",30,19.8,18.4,"0.232","0.379","0.283",38.8
"Rosario, Eddie",592696,"MIN","SL","Slider",-2.2,-7,"318",15.6,"91","0.184","0.299","0.216",26.4,23.1,20,"0.154","0.247","0.188",19.1
"Franco, Maikel",596748,"PHI","SL","Slider",-0.8,-3,"329",21.8,"91","0.161","0.356","0.269",38.2,25.3,21.7,"0.208","0.362","0.252",30.8
"Choo, Shin-Soo",425783,"TEX","SI","Sinker",1.3,4,"343",12.8,"91","0.303","0.5","0.432",21.5,19.8,22.5,"0.295","0.508","0.397",62.1
"Sisco, Chance",642082,"BAL","FF","4-Seam Fastball",0.2,1,"334",39.2,"91","0.216","0.405","0.345",26.6,26.4,24.7,"0.233","0.481","0.369",50
"Dixon, Brandon",641525,"DET","SL","Slider",3.8,12,"318",19.2,"91","0.321","0.655","0.424",45.5,36.3,30.3,"0.23","0.483","0.32",42.3
"Adrianza, Ehire",501303,"MIN","FF","4-Seam Fastball",1.2,4,"341",39.2,"90","0.289","0.526","0.403",13.7,15.6,15.6,"0.266","0.475","0.367",27
"Urshela, Gio",570482,"NYY","SL","Slider",-0.1,0,"353",19.7,"90","0.259","0.447","0.307",26.7,25.6,19.5,"0.265","0.472","0.317",34.4
"Cabrera, Miguel",408234,"DET","SI","Sinker",-0.5,-2,"301",14.9,"90","0.325","0.386","0.339",11.3,11.1,14.5,"0.337","0.507","0.374",38.7
"Jones, Adam",430945,"AZ","SI","Sinker",0.5,2,"288",15,"90","0.313","0.434","0.364",10.7,7.8,14.6,"0.291","0.446","0.345",35.5
"Fowler, Dexter",451594,"STL","SI","Sinker",-2.1,-8,"366",15.3,"90","0.162","0.27","0.287",17.4,14.4,16.3,"0.28","0.489","0.388",42.6
"Seager, Corey",608369,"LAD","CH","Changeup",-1.9,-5,"265",14,"90","0.19","0.405","0.271",30.1,17.8,25.8,"0.201","0.357","0.257",27.5
"Pérez, Roberto",547379,"CLE","SL","Slider",-0.8,-3,"403",21.2,"90","0.195","0.26","0.287",37.3,36.7,22.8,"0.165","0.232","0.24",37.8
"Canha, Mark",592192,"ATH","SI","Sinker",4.8,16,"339",16.2,"90","0.352","0.704","0.518",18.5,15.6,15.9,"0.277","0.58","0.426",59.6
"Bellinger, Cody",641355,"LAD","CH","Changeup",2.5,10,"377",14.1,"90","0.295","0.551","0.397",34.7,15.6,14,"0.31","0.546","0.389",40.9
"Belt, Brandon",474832,"SF","CH","Changeup",0.9,3,"305",12.2,"90","0.282","0.474","0.376",26.6,12.2,13.6,"0.251","0.465","0.361",30.9
"Gonzalez, Marwin",503556,"MIN","CH","Changeup",-0.4,-1,"290",16.3,"90","0.267","0.43","0.321",26.3,11.1,13.5,"0.293","0.51","0.351",35.5
"Rosario, Eddie",592696,"MIN","CH","Changeup",0,0,"328",16,"90","0.282","0.471","0.343",26.2,15.6,18.2,"0.249","0.419","0.303",23.9
"Nola, Austin",543592,"SEA","FF","4-Seam Fastball",-0.6,-2,"380",36.3,"89","0.244","0.5","0.352",23.6,29.2,21.8,"0.185","0.305","0.264",45.3
"Turner, Justin",457759,"LAD","SL","Slider",-0.1,0,"347",16.3,"89","0.235","0.383","0.314",28.9,22.5,16,"0.195","0.327","0.263",36.1
"Margot, Manuel",622534,"SD","SI","Sinker",0,0,"322",18.5,"89","0.284","0.395","0.368",14.8,9,11.9,"0.259","0.362","0.301",35.1
"Hernández, Enrique",571771,"LAD","SL","Slider",-0.1,0,"376",20.4,"89","0.228","0.304","0.297",48.5,38.2,23.9,"0.178","0.277","0.246",26.1
"Puig, Yasiel",624577,"CLE","SL","Slider",2,7,"338",15.2,"89","0.268","0.61","0.376",44.6,34.8,25,"0.225","0.485","0.31",43.4
"Kipnis, Jason",543401,"CLE","SI","Sinker",1.3,4,"296",15,"89","0.329","0.544","0.421",14.4,9,18.2,"0.291","0.451","0.343",29.7
"Altuve, Jose",514888,"HOU","SI","Sinker",1.3,4,"315",16.3,"89","0.317","0.634","0.445",17.4,18,21.6,"0.289","0.571","0.383",39.4
"Marte, Ketel",606466,"AZ","SI","Sinker",3.5,11,"310",12.9,"89","0.385","0.782","0.515",6.7,9,16.7,"0.363","0.72","0.48",52.9
"Goldschmidt, Paul",502671,"STL","CH","Changeup",1,3,"282",9.9,"89","0.205","0.423","0.348",30.6,22.5,16.1,"0.251","0.501","0.359",36.2
"Desmond, Ian",435622,"COL","SL","Slider",0.9,3,"297",16.2,"89","0.241","0.494","0.348",43.7,34.8,26.3,"0.227","0.403","0.293",38.5
"Prado, Martín",445988,"MIA","FF","4-Seam Fastball",-1.2,-4,"350",34.7,"89","0.274","0.393","0.307",9.3,11.2,11.5,"0.302","0.448","0.324",35.5
"Engel, Adam",641553,"CWS","FF","4-Seam Fastball",0.4,2,"387",39.9,"89","0.25","0.5","0.37",31.1,31.5,22,"0.231","0.382","0.323",35.4
"Davis, J.D.",605204,"NYM","SI","Sinker",2.3,7,"320",17.9,"89","0.397","0.577","0.467",14,9,10.3,"0.372","0.574","0.435",41.4
"Guerrero Jr., Vladimir",665489,"TOR","SI","Sinker",0.7,2,"319",16.1,"88","0.299","0.519","0.403",11.8,12.5,18.6,"0.265","0.447","0.354",42.4
"Cain, Lorenzo",456715,"MIL","SL","Slider",-0.8,-3,"350",14.2,"88","0.232","0.354","0.293",29.4,21.6,16,"0.278","0.408","0.322",38.1
"Luplow, Jordan",656669,"CLE","FF","4-Seam Fastball",2.8,10,"372",33.5,"88","0.386","0.771","0.523",23.5,15.9,11.9,"0.282","0.609","0.431",49.1
"Schoop, Jonathan",570731,"MIN","SL","Slider",2.2,8,"339",20.5,"88","0.259","0.576","0.36",36.3,28.4,20.2,"0.222","0.439","0.289",36.7
"Bregman, Alex",608324,"HOU","CH","Changeup",2.2,8,"346",12.1,"88","0.254","0.507","0.385",17.9,15.9,12,"0.218","0.34","0.333",34.5
"Marte, Ketel",606466,"AZ","CH","Changeup",-0.2,-1,"364",15.2,"88","0.256","0.439","0.327",28.9,8,8,"0.263","0.458","0.326",35.5
"Galvis, Freddy",520471,"CIN","SI","Sinker",-0.4,-1,"323",14.1,"87","0.321","0.583","0.39",15.2,13.8,16.7,"0.296","0.494","0.345",51.4
"Smith, Mallex",605480,"SEA","SI","Sinker",0.2,1,"337",15.1,"87","0.316","0.418","0.391",22.2,11.5,14.9,"0.231","0.298","0.274",21.7
"Brantley, Michael",488726,"HOU","SL","Slider",1.6,5,"290",12.8,"87","0.325","0.455","0.372",22.9,21.8,18.3,"0.261","0.419","0.333",37.3
"Wendle, Joey",621563,"TB","FF","4-Seam Fastball",-2,-7,"364",35.5,"87","0.184","0.342","0.267",10.7,12.6,10.1,"0.245","0.337","0.297",35.8
"Moustakas, Mike",519058,"MIL","SL","Slider",1.2,4,"318",14.4,"87","0.198","0.457","0.325",34,25.3,22.9,"0.24","0.456","0.31",35
"Posey, Buster",457763,"SF","SI","Sinker",-0.8,-3,"319",18.1,"87","0.28","0.427","0.366",11.1,8,9.9,"0.289","0.51","0.38",43.5
"Cooper, Garrett",643265,"MIA","SI","Sinker",-1.7,-6,"338",19.8,"87","0.234","0.273","0.3",17.2,19.5,17.7,"0.266","0.379","0.326",36.7
"Pérez, Roberto",547379,"CLE","SI","Sinker",-1.2,-4,"318",16.7,"87","0.194","0.347","0.288",18.6,16.1,19.4,"0.225","0.385","0.31",31.7
"VanMeter, Josh",642165,"CIN","FF","4-Seam Fastball",1.9,7,"349",34,"87","0.31","0.704","0.465",15.5,17.2,16.5,"0.336","0.711","0.469",59.6
"Devers, Rafael",646240,"BOS","CH","Changeup",4,13,"328",12.5,"87","0.407","0.753","0.518",18.1,6.9,7.5,"0.373","0.631","0.436",50
"Almora Jr., Albert",546991,"CHC","SL","Slider",-3.3,-11,"334",25.4,"87","0.108","0.157","0.187",37.1,24.1,20.2,"0.192","0.271","0.215",19
"Laureano, Ramón",657656,"ATH","SL","Slider",-1.1,-4,"340",17.7,"87","0.235","0.412","0.293",39,34.5,24.6,"0.233","0.391","0.279",32.7
"Schwarber, Kyle",656941,"CHC","SL","Slider",1.1,4,"354",14.1,"86","0.219","0.493","0.342",41.9,38.4,23.9,"0.221","0.495","0.34",47.6
"Rojas, Miguel",500743,"MIA","SL","Slider",-0.5,-1,"304",16.3,"86","0.244","0.282","0.28",33.6,24.4,16.5,"0.218","0.29","0.264",19
"Blackmon, Charlie",453568,"COL","CH","Changeup",1.5,4,"263",11.1,"86","0.28","0.512","0.355",25.9,15.1,15.1,"0.279","0.451","0.322",38.6
"Blackmon, Charlie",453568,"COL","SL","Slider",2,6,"323",13.7,"86","0.291","0.646","0.426",25,17.4,13,"0.275","0.532","0.363",39.1
"Seager, Corey",608369,"LAD","SI","Sinker",1.3,4,"292",15.4,"86","0.309","0.63","0.422",14.8,7,11.5,"0.283","0.565","0.371",40
"Escobar, Eduardo",500871,"AZ","SL","Slider",1.3,4,"302",11.2,"86","0.289","0.605","0.397",34.8,30.2,22.2,"0.265","0.503","0.352",34.6
"Benintendi, Andrew",643217,"BOS","SL","Slider",0.7,2,"350",14.4,"86","0.257","0.365","0.325",31.3,31.4,19.6,"0.194","0.316","0.277",25
"Cron, C.J.",543068,"MIN","SI","Sinker",1,3,"331",17.4,"86","0.347","0.507","0.412",12.5,10.5,12.7,"0.31","0.483","0.382",40.9
"Haseley, Adam",656514,"PHI","FF","4-Seam Fastball",1,4,"357",36.6,"86","0.354","0.61","0.435",23.3,15.1,12.6,"0.279","0.494","0.342",43.5
"Biggio, Cavan",624415,"TOR","SI","Sinker",1.6,5,"306",16.4,"86","0.324","0.635","0.447",18.7,14,14.8,"0.31","0.554","0.408",38.7
"Profar, Jurickson",595777,"ATH","CH","Changeup",-0.9,-3,"365",18,"86","0.217","0.422","0.284",26.1,10.5,9.6,"0.224","0.362","0.262",25.7
"Laureano, Ramón",657656,"ATH","SI","Sinker",3.5,12,"354",18.5,"86","0.423","0.648","0.5",15.2,12.8,11.5,"0.342","0.542","0.409",38.1
"Franco, Maikel",596748,"PHI","SI","Sinker",-0.1,0,"276",18.3,"85","0.256","0.463","0.341",7.2,7.1,10.9,"0.278","0.534","0.352",51.3
"Davis, J.D.",605204,"NYM","SL","Slider",1.9,6,"303",17,"85","0.293","0.573","0.368",37.8,24.7,21,"0.274","0.562","0.348",45.2
"Bellinger, Cody",641355,"LAD","SL","Slider",2,8,"377",14.1,"85","0.253","0.6","0.395",29.9,21.2,14.6,"0.276","0.579","0.395",41.4
"Alberto, Hanser",593643,"BAL","SI","Sinker",1.6,5,"283",16.1,"85","0.368","0.461","0.423",9.9,5.9,8.8,"0.292","0.385","0.331",19.4
"Reddick, Josh",502210,"HOU","CH","Changeup",-2.1,-6,"283",14.5,"85","0.185","0.272","0.226",18.7,11.8,13,"0.239","0.333","0.252",17.8
"Contreras, Willson",575929,"CHC","SI","Sinker",0.3,1,"316",20.2,"85","0.269","0.577","0.368",25.9,20,23.9,"0.261","0.533","0.353",37.1
"Senzel, Nick",669222,"CIN","SI","Sinker",0.4,1,"273",17,"85","0.295","0.436","0.369",13.9,18.8,21.3,"0.298","0.492","0.363",48.4
"Rizzo, Anthony",519203,"CHC","SL","Slider",2.1,7,"341",13.9,"85","0.284","0.541","0.405",29.5,24.7,20.8,"0.278","0.487","0.368",34
"Hicks, John",543308,"DET","SL","Slider",-1.1,-3,"257",20.6,"85","0.214","0.405","0.267",39.3,29.4,26.6,"0.183","0.263","0.196",22
"Ramos, Wilson",467092,"NYM","SL","Slider",0.6,2,"287",16.7,"85","0.291","0.468","0.344",34.6,17.6,22.1,"0.232","0.361","0.277",27.7
"Broxton, Keon",542979,"SEA","FF","4-Seam Fastball",-3.2,-12,"377",38.9,"85","0.128","0.218","0.194",49.1,61.2,39.7,"0.111","0.205","0.178",30.8
"Ramírez, José",608070,"CLE","CH","Changeup",-0.2,-1,"360",16.7,"85","0.222","0.321","0.281",21.7,10.6,10.1,"0.252","0.336","0.273",28.8
"Frazier, Adam",624428,"PIT","SL","Slider",0.4,1,"303",13.2,"85","0.3","0.412","0.343",23,18.8,14.8,"0.24","0.323","0.268",31.3
"Kendrick, Howie",435062,"WSH","SI","Sinker",3.4,9,"276",19.8,"85","0.456","0.62","0.488",8.8,7.1,9,"0.372","0.556","0.419",50
"Yastrzemski, Mike",573262,"SF","SI","Sinker",0.4,1,"282",17.3,"85","0.346","0.58","0.415",14.1,12.9,17.2,"0.323","0.602","0.399",45.7
"Odor, Rougned",596059,"TEX","CH","Changeup",-0.4,-1,"268",11.5,"84","0.208","0.429","0.324",29.6,21.4,22.8,"0.249","0.454","0.327",35.6
"Carpenter, Matt",572761,"STL","CH","Changeup",-2.9,-9,"310",14.6,"84","0.128","0.192","0.179",30.7,28.6,21.2,"0.171","0.271","0.223",22.2
"Goodrum, Niko",592348,"DET","CH","Changeup",-0.5,-2,"329",16.8,"84","0.212","0.388","0.286",38.3,29.8,26.3,"0.221","0.3","0.245",21.8
"Soler, Jorge",624585,"KC","CH","Changeup",0.7,2,"288",10.5,"84","0.232","0.435","0.357",40,33.3,28.9,"0.267","0.54","0.397",39
"Crawford, Brandon",543063,"SF","CH","Changeup",-1.5,-4,"294",13.5,"84","0.212","0.338","0.25",32.5,17.9,18.8,"0.22","0.356","0.258",28.8
"Heredia, Guillermo",628338,"TB","FF","4-Seam Fastball",-0.7,-2,"289",31.5,"84","0.25","0.403","0.346",16.8,13.1,13.9,"0.265","0.389","0.342",30.2
"Cordell, Ryan",641477,"CWS","FF","4-Seam Fastball",-0.6,-2,"374",38.1,"84","0.203","0.406","0.322",34.3,28.6,20.3,"0.196","0.434","0.32",31.3
"Lindor, Francisco",596019,"CLE","SL","Slider",-1.4,-4,"309",12.8,"84","0.198","0.383","0.261",31.2,31,20.5,"0.2","0.316","0.234",34.5
"Cabrera, Asdrúbal",452678,"WSH","SI","Sinker",0.7,2,"324",15.5,"84","0.288","0.493","0.377",15.8,10.7,14.3,"0.274","0.459","0.356",43.1
"Seager, Corey",608369,"LAD","SL","Slider",-0.1,0,"356",18.8,"83","0.237","0.303","0.284",49.1,36.1,25.9,"0.227","0.359","0.294",32.6
"Vogelbach, Daniel",596129,"SEA","CH","Changeup",-0.7,-2,"332",13.2,"83","0.176","0.378","0.293",27.6,19.3,14.4,"0.252","0.409","0.325",31
"Smith, Kevan",607345,"LAA","FF","4-Seam Fastball",1.8,5,"266",34,"83","0.288","0.562","0.41",8.5,13.3,13.4,"0.345","0.665","0.451",53.2
"Robertson, Daniel",621002,"TB","FF","4-Seam Fastball",-0.7,-3,"388",39.7,"83","0.203","0.319","0.316",16.3,26.5,17.5,"0.214","0.325","0.308",34
"DeShields, Delino",592261,"TEX","SL","Slider",-1.7,-5,"306",18.3,"83","0.178","0.205","0.217",29.6,30.1,21.2,"0.145","0.187","0.207",8.2
"Judge, Aaron",592450,"NYY","SL","Slider",0.1,0,"381",19.9,"83","0.162","0.456","0.334",53.4,39.8,25.8,"0.213","0.504","0.365",60
"Meadows, Austin",640457,"TB","SL","Slider",1.8,7,"375",15,"83","0.247","0.584","0.37",31.9,34.9,20.6,"0.248","0.502","0.337",45.8
"Reynolds, Bryan",668804,"PIT","CH","Changeup",0.3,1,"309",14.5,"83","0.299","0.39","0.332",38.7,22.9,23.5,"0.253","0.305","0.272",13.6
"Cooper, Garrett",643265,"MIA","SL","Slider",1.5,5,"330",19.3,"83","0.316","0.461","0.378",30.9,25.3,17.6,"0.264","0.458","0.336",29.1
"Odor, Rougned",596059,"TEX","SL","Slider",0.1,0,"384",16.5,"83","0.218","0.487","0.338",41.4,43.4,26.1,"0.228","0.507","0.331",52.4
"Kepler, Max",596146,"MIN","CH","Changeup",-0.8,-2,"288",13.4,"83","0.197","0.382","0.295",24.8,19.3,22.9,"0.221","0.318","0.261",31.1
"Barnes, Austin",605131,"LAD","FF","4-Seam Fastball",-1.3,-4,"325",34.6,"83","0.229","0.343","0.311",15.7,15.7,15.7,"0.222","0.378","0.304",37.3
"Gardner, Brett",458731,"NYY","SL","Slider",-0.8,-2,"293",12.3,"83","0.197","0.276","0.24",18.5,22.9,15.3,"0.228","0.295","0.264",29.8
"Locastro, Tim",641796,"AZ","FF","4-Seam Fastball",-0.2,-1,"401",40.9,"82","0.254","0.333","0.355",26.9,22,16.1,"0.224","0.295","0.329",19.6
"Mercado, Óscar",640458,"CLE","SI","Sinker",2.7,8,"281",16.3,"82","0.384","0.575","0.459",14.2,12.2,21.3,"0.305","0.482","0.365",42.2
"Bradley Jr., Jackie",598265,"BOS","CH","Changeup",-1.6,-5,"302",13.7,"82","0.19","0.367","0.274",35.7,24.4,22.2,"0.23","0.359","0.266",42.4
"Rodríguez, Ronny",500135,"DET","FF","4-Seam Fastball",3.5,11,"301",28.8,"82","0.303","0.697","0.447",24.8,15.9,16.5,"0.279","0.604","0.386",46
"Torres, Gleyber",650402,"NYY","SI","Sinker",0.4,1,"316",13.2,"82","0.289","0.526","0.363",14.5,15.9,17.3,"0.25","0.408","0.304",37.5
"Alonso, Pete",624413,"NYM","CH","Changeup",3.6,9,"260",9.5,"82","0.269","0.641","0.437",31.4,29.3,25.5,"0.265","0.558","0.357",40.7
"McNeil, Jeff",643446,"NYM","SL","Slider",0.1,0,"284",13.7,"82","0.23","0.405","0.323",27.9,24.4,18.2,"0.227","0.412","0.307",29.6
"Hosmer, Eric",543333,"SD","CH","Changeup",2,6,"281",11,"82","0.299","0.468","0.386",30.9,20.7,22.4,"0.248","0.424","0.309",45
"Jiménez, Eloy",650391,"CWS","SI","Sinker",1.4,4,"276",14.8,"82","0.36","0.533","0.424",8.3,7.3,9.4,"0.341","0.543","0.404",42
"Kipnis, Jason",543401,"CLE","SL","Slider",-0.7,-2,"282",14.3,"82","0.195","0.403","0.268",28.9,26.8,23.2,"0.211","0.356","0.256",36.8
"Cabrera, Asdrúbal",452678,"WSH","SL","Slider",0,0,"308",14.7,"82","0.217","0.333","0.294",29.8,26.8,18,"0.192","0.319","0.278",20.4
"Hosmer, Eric",543333,"SD","CU","Curveball",0,0,"292",11.4,"82","0.256","0.359","0.288",41.9,39,29.6,"0.195","0.275","0.228",34.8
"Abreu, José",547989,"CWS","CU","Curveball",1.7,5,"285",10.4,"82","0.286","0.519","0.366",36,32.9,26.2,"0.242","0.506","0.334",52.9
"Calhoun, Kole",594777,"LAA","CH","Changeup",-0.7,-3,"356",15,"82","0.16","0.333","0.259",34.5,24.4,20.8,"0.198","0.407","0.287",38.2
"White, Tyler",643603,"LAD","FF","4-Seam Fastball",-0.9,-4,"423",34.4,"82","0.194","0.299","0.302",23.6,37.8,23,"0.175","0.328","0.298",30.6
"Grandal, Yasmani",518735,"MIL","CH","Changeup",1.5,6,"392",14.7,"81","0.268","0.507","0.377",27.4,17.3,13.5,"0.25","0.469","0.34",31
"Meadows, Austin",640457,"TB","CH","Changeup",2,7,"342",13.7,"81","0.303","0.539","0.379",28,21,17,"0.263","0.424","0.315",20.3
"Lamb, Jake",571875,"AZ","FF","4-Seam Fastball",-1.3,-5,"374",39.8,"81","0.154","0.308","0.285",27.2,33.3,25,"0.199","0.429","0.342",46.2
"Smoak, Justin",475253,"TOR","CH","Changeup",1,3,"310",15.2,"81","0.258","0.424","0.379",25.9,8.6,8.9,"0.275","0.496","0.391",30.5
"Simmons, Andrelton",592743,"LAA","SI","Sinker",1.1,3,"255",18.6,"81","0.329","0.5","0.394",5.6,3.7,9.1,"0.27","0.384","0.308",41.1
"Eaton, Adam",594809,"WSH","CH","Changeup",0,0,"254",9.5,"81","0.263","0.368","0.298",16.5,6.2,7.8,"0.269","0.361","0.283",26
"Moncada, Yoán",660162,"CWS","SL","Slider",1.3,4,"310",14,"81","0.307","0.493","0.361",46.1,40.7,24.3,"0.232","0.409","0.293",51.2
"Bader, Harrison",664056,"STL","SL","Slider",-2.4,-9,"374",21.8,"81","0.135","0.203","0.173",41.7,37,24.8,"0.118","0.17","0.164",21.7
"Anderson, Tim",641313,"CWS","SI","Sinker",-0.4,-1,"284",16.1,"81","0.342","0.425","0.365",13.2,7.4,10,"0.283","0.41","0.329",45.6
"Panik, Joe",605412,"NYM","SI","Sinker",-1.2,-3,"286",15.3,"81","0.25","0.319","0.317",2.4,6.2,9.6,"0.287","0.401","0.333",27.9
"Beckham, Gordon",493596,"DET","FF","4-Seam Fastball",-2.1,-8,"374",37.9,"81","0.176","0.392","0.276",30.7,33.3,23.7,"0.212","0.421","0.297",48.9
"Canó, Robinson",429664,"NYM","SI","Sinker",-0.2,-1,"289",19.5,"81","0.297","0.5","0.374",11.3,7.4,14,"0.285","0.466","0.343",47.8
"Joyce, Matt",459964,"ATL","FF","4-Seam Fastball",2.4,7,"291",29.1,"81","0.384","0.658","0.469",17.1,11.1,11.8,"0.332","0.625","0.426",50
"Pederson, Joc",592626,"LAD","CH","Changeup",-0.2,-1,"298",14.6,"81","0.211","0.338","0.293",32.1,16,14.3,"0.23","0.292","0.284",24.1
"Casali, Curt",592200,"CIN","FF","4-Seam Fastball",0.4,1,"282",30.4,"80","0.258","0.485","0.376",17.3,21.3,18.1,"0.263","0.487","0.37",43.1
"Galvis, Freddy",520471,"CIN","SL","Slider",-1.5,-4,"293",12.8,"80","0.165","0.304","0.219",36.6,40,26.2,"0.115","0.204","0.139",31.9
"Albies, Ozzie",645277,"ATL","CU","Curveball",-0.1,0,"276",11.1,"80","0.257","0.338","0.326",26.7,21.3,24.3,"0.242","0.355","0.285",17.5
"Merrifield, Whit",593160,"KC","CH","Changeup",-0.1,0,"284",10.3,"80","0.263","0.329","0.308",29.1,20,17,"0.261","0.338","0.28",23.3
"Odor, Rougned",596059,"TEX","SI","Sinker",3.1,10,"323",13.8,"80","0.324","0.797","0.501",15.1,22.5,20.9,"0.28","0.633","0.393",47.4
"Pérez, Hernán",541650,"MIL","FF","4-Seam Fastball",0.1,0,"346",37.4,"80","0.257","0.459","0.324",32.1,31.3,26.3,"0.231","0.418","0.292",43.1
"McCann, James",543510,"CWS","SI","Sinker",-0.1,0,"294",15,"80","0.324","0.473","0.391",15.6,16.3,22.4,"0.246","0.39","0.296",51.6
"Story, Trevor",596115,"COL","CU","Curveball",0.4,1,"306",11.4,"80","0.289","0.5","0.354",37.6,41.3,26.8,"0.226","0.417","0.288",48.8
"Reddick, Josh",502210,"HOU","SL","Slider",2.3,6,"273",13.9,"80","0.263","0.553","0.383",21.8,18.8,14.6,"0.237","0.437","0.302",41
"Villar, Jonathan",542340,"BAL","SL","Slider",1.1,3,"265",9.3,"80","0.274","0.452","0.351",33.8,33.8,25.2,"0.232","0.345","0.279",46.8
"Gordon, Alex",460086,"KC","CH","Changeup",1,3,"295",12.6,"80","0.333","0.542","0.413",28.3,15,18.5,"0.293","0.504","0.371",36.7
"Longoria, Evan",446334,"SF","SL","Slider",-0.1,0,"334",16.6,"79","0.208","0.403","0.302",35.9,30.4,20.5,"0.251","0.426","0.304",36
"Simmons, Andrelton",592743,"LAA","SL","Slider",-1.3,-4,"323",23.6,"79","0.178","0.329","0.252",29.6,21.5,22.1,"0.175","0.228","0.213",25
"Olson, Matt",621566,"ATH","SL","Slider",-1.2,-4,"350",15.5,"79","0.183","0.338","0.256",33.1,30.4,17.5,"0.223","0.429","0.314",46.8
"Smoak, Justin",475253,"TOR","SI","Sinker",-1.7,-5,"301",14.7,"79","0.185","0.385","0.311",16.9,20.3,27.1,"0.219","0.416","0.331",40
"Contreras, Willson",575929,"CHC","SL","Slider",0,0,"291",18.6,"79","0.224","0.342","0.273",36.9,26.6,23.1,"0.182","0.272","0.214",27.3
"Marte, Ketel",606466,"AZ","SL","Slider",2.8,8,"304",12.7,"79","0.296","0.662","0.441",21.6,19,13.3,"0.297","0.578","0.396",41.1
"Frazier, Todd",453943,"NYM","SL","Slider",-1.3,-5,"370",18.7,"79","0.194","0.208","0.226",38.2,31.6,24,"0.194","0.249","0.235",29.8
"Dozier, Brian",572821,"WSH","SI","Sinker",1.6,5,"328",16.1,"79","0.328","0.552","0.428",20.3,16.5,16.3,"0.301","0.55","0.402",45.5
"Urías, Luis",649966,"SD","FF","4-Seam Fastball",-0.9,-3,"360",35,"79","0.203","0.313","0.325",28.1,25.3,18.9,"0.23","0.357","0.332",36.4
"Margot, Manuel",622534,"SD","SL","Slider",0.1,0,"257",14.8,"79","0.197","0.394","0.29",25.2,19,18.1,"0.217","0.345","0.279",31.6
"Santana, Danny",542454,"TEX","SL","Slider",3.9,10,"261",13.4,"79","0.292","0.639","0.416",38.7,39.2,25.2,"0.274","0.541","0.368",51.2
"Betts, Mookie",605141,"BOS","CH","Changeup",1.7,4,"264",9.1,"79","0.278","0.458","0.361",16.3,13.9,13.1,"0.272","0.405","0.324",44.3
"Gordon, Alex",460086,"KC","SL","Slider",-0.1,0,"317",13.5,"79","0.239","0.408","0.301",30.6,25.3,21.3,"0.208","0.366","0.285",35.8
"Kepler, Max",596146,"MIN","SL","Slider",2.5,8,"301",14,"79","0.269","0.537","0.394",26.5,25.3,19,"0.222","0.374","0.32",40.4
"Muncy, Max",571970,"LAD","SI","Sinker",1.4,5,"358",14,"78","0.313","0.609","0.445",15.9,19.2,17,"0.303","0.55","0.414",40.8
"Moran, Colin",592567,"PIT","SL","Slider",-1.4,-4,"266",14.9,"78","0.236","0.375","0.29",32.7,26.9,21.6,"0.21","0.349","0.259",35.8
"Bell, Josh",605137,"PIT","SL","Slider",2.4,7,"289",12,"78","0.279","0.662","0.422",28,23.1,15.5,"0.26","0.649","0.404",49
"Martínez, José A.",500874,"STL","SL","Slider",-1.8,-6,"312",20,"78","0.205","0.288","0.246",34,35.9,22.4,"0.23","0.396","0.288",35.6
"Osuna, José",591741,"PIT","FF","4-Seam Fastball",1.2,3,"289",27.8,"78","0.299","0.612","0.429",22.2,14.1,12.6,"0.324","0.598","0.434",43.9
"Choi, Ji Man",596847,"TB","CH","Changeup",0.6,2,"330",16.3,"78","0.217","0.478","0.331",36.4,20.5,17.4,"0.276","0.505","0.355",38.2
"Pillar, Kevin",607680,"SF","CU","Curveball",-0.2,0,"266",12.5,"78","0.224","0.421","0.284",23.7,20.5,20.3,"0.255","0.406","0.29",25
"Carpenter, Matt",572761,"STL","SI","Sinker",1.4,5,"338",15.9,"78","0.381","0.587","0.451",16.4,15.4,16.4,"0.279","0.492","0.372",35.2
"Molina, Yadier",425877,"STL","SL","Slider",-0.7,-2,"263",16.6,"78","0.27","0.365","0.29",25.5,12.8,12.8,"0.278","0.397","0.3",26.2
"García, Leury",544725,"CWS","CH","Changeup",-1.4,-4,"279",12.9,"78","0.27","0.351","0.29",30.8,21.8,23.6,"0.291","0.431","0.311",23.3
"Chirinos, Robinson",455139,"HOU","SI","Sinker",2.9,9,"301",17.6,"78","0.361","0.623","0.507",26.8,10.3,14.5,"0.32","0.565","0.439",42.6
"Markakis, Nick",455976,"ATL","CH","Changeup",-1.2,-3,"247",13.2,"78","0.23","0.257","0.253",10.3,9,8.9,"0.273","0.348","0.29",28.4
"Inciarte, Ender",542255,"ATL","FF","4-Seam Fastball",-0.4,-2,"368",40.8,"78","0.224","0.373","0.32",22.7,21.8,15.7,"0.215","0.284","0.275",23.5
"Semien, Marcus",543760,"ATH","CU","Curveball",1.5,5,"320",11,"78","0.286","0.4","0.35",18.5,12.8,9.9,"0.256","0.363","0.306",23.3
"Santander, Anthony",623993,"BAL","CH","Changeup",-0.6,-2,"290",17.5,"78","0.208","0.442","0.292",18.7,14.1,12.8,"0.254","0.446","0.302",25.4
"Harper, Bryce",547180,"PHI","CU","Curveball",-1.8,-5,"303",10.9,"78","0.216","0.351","0.25",48.4,37.2,32.6,"0.204","0.329","0.251",31.1
"Dyson, Jarrod",502481,"AZ","SI","Sinker",-2,-5,"267",15.7,"78","0.224","0.254","0.281",7.3,7.7,14,"0.235","0.284","0.296",24.6
"Choi, Ji Man",596847,"TB","SL","Slider",0.7,2,"300",14.9,"78","0.279","0.5","0.37",22.8,23.1,16.5,"0.244","0.453","0.339",39.2
"Mejía, Francisco",642336,"SD","FF","4-Seam Fastball",-0.3,-1,"300",33.3,"78","0.246","0.406","0.328",27,20.5,22.2,"0.192","0.298","0.263",32.1
"Murphy, Daniel",502517,"COL","SI","Sinker",2,6,"283",15.5,"78","0.373","0.582","0.456",8.5,10.3,11.8,"0.257","0.372","0.314",32.8
"Canha, Mark",592192,"ATH","SL","Slider",1,4,"383",18.3,"77","0.235","0.456","0.34",28.9,31.2,20,"0.217","0.376","0.302",29.5
"Camargo, Johan",622666,"ATL","FF","4-Seam Fastball",-1.5,-5,"301",33.7,"77","0.257","0.419","0.305",18.5,14.3,12.6,"0.252","0.398","0.291",33.3
"Chavis, Michael",656308,"BOS","SL","Slider",2.3,6,"273",18.3,"77","0.28","0.587","0.373",46.6,41.6,32,"0.204","0.429","0.272",30.2
"Choo, Shin-Soo",425783,"TEX","CH","Changeup",-0.9,-3,"357",13.3,"77","0.205","0.288","0.243",40.5,35.1,25.7,"0.195","0.306","0.238",50
"Tatis Jr., Fernando",665487,"SD","SI","Sinker",2,5,"253",18.1,"77","0.38","0.493","0.443",18.9,13,23.3,"0.294","0.426","0.339",42.6
"Donaldson, Josh",518626,"ATL","CU","Curveball",0.9,2,"274",10,"77","0.246","0.464","0.366",30.9,26,20.2,"0.255","0.554","0.371",36.7
"Hedges, Austin",595978,"SD","SL","Slider",-3.7,-10,"285",20.8,"77","0.11","0.178","0.165",47.7,44.2,37,"0.156","0.225","0.191",25.6
"Greiner, Grayson",606988,"DET","FF","4-Seam Fastball",-0.5,-2,"306",35.6,"77","0.203","0.406","0.303",26.8,29.9,29.9,"0.221","0.488","0.333",52.2
"Semien, Marcus",543760,"ATH","CH","Changeup",1.9,6,"324",11.1,"77","0.273","0.485","0.392",26.8,18.2,13.7,"0.231","0.345","0.312",34.6
"d'Arnaud, Travis",518595,"TB","SL","Slider",2,6,"287",19.1,"77","0.32","0.547","0.391",30.3,24.7,20,"0.282","0.464","0.324",33.9
"Alfaro, Jorge",595751,"MIA","SI","Sinker",-1.3,-4,"313",18.2,"77","0.306","0.389","0.354",25.3,10.4,16.7,"0.289","0.415","0.328",42.2
"Thames, Eric",519346,"MIL","SI","Sinker",0.8,2,"302",16.3,"77","0.358","0.567","0.427",14.8,18.2,19.4,"0.332","0.591","0.421",51.9
"Panik, Joe",605412,"NYM","CH","Changeup",-1.7,-5,"274",14.6,"77","0.176","0.243","0.205",18.8,13,11.5,"0.194","0.276","0.215",18.5
"Yelich, Christian",592885,"MIL","CH","Changeup",5.5,17,"308",13.6,"77","0.391","0.75","0.519",38.7,19.5,16,"0.318","0.661","0.453",49
"Benintendi, Andrew",643217,"BOS","CH","Changeup",-1.5,-5,"298",12.2,"77","0.167","0.25","0.225",28.4,16.9,16.5,"0.235","0.374","0.286",28.8
"Judge, Aaron",592450,"NYY","SI","Sinker",2.2,6,"290",15.2,"76","0.379","0.576","0.461",17.2,14.5,14.3,"0.327","0.539","0.408",56.4
"Phegley, Josh",572033,"ATH","SL","Slider",-2.5,-6,"263",20.9,"76","0.178","0.247","0.225",37.5,39.5,33.7,"0.188","0.232","0.186",8.9
"Kiner-Falefa, Isiah",643396,"TEX","FF","4-Seam Fastball",-0.6,-2,"311",36.7,"76","0.284","0.388","0.327",10.7,18.4,18.2,"0.252","0.349","0.297",29.1
"Cabrera, Melky",466320,"PIT","SI","Sinker",-1.1,-3,"243",18.2,"76","0.271","0.343","0.322",2.6,2.6,5,"0.328","0.425","0.351",49.3
"Hernández, César",514917,"PHI","SL","Slider",2.8,8,"277",10.7,"76","0.338","0.554","0.39",24.7,26.3,16.9,"0.246","0.356","0.269",24.1
"Schwarber, Kyle",656941,"CHC","CH","Changeup",0.3,1,"337",13.4,"76","0.232","0.449","0.349",35.9,25,20.2,"0.273","0.515","0.362",48
"Sánchez, Yolmer",570560,"CWS","SI","Sinker",-1.2,-4,"338",15.1,"76","0.29","0.304","0.309",16.4,21.1,20,"0.26","0.338","0.298",44.4
"Vargas, Ildemaro",545121,"AZ","FF","4-Seam Fastball",0.8,2,"292",37.7,"76","0.328","0.552","0.418",6.9,3.9,4.2,"0.33","0.499","0.388",41.5
"France, Ty",664034,"SD","FF","4-Seam Fastball",-1.6,-5,"313",39.1,"76","0.206","0.353","0.287",27,22.4,17.5,"0.183","0.326","0.263",39.2
"Aguilar, Jesús",542583,"TB","SL","Slider",-1,-3,"290",19.1,"76","0.215","0.338","0.278",39.7,26.3,20.4,"0.253","0.4","0.319",37.5
"Devers, Rafael",646240,"BOS","CU","Curveball",0.5,1,"278",10.6,"76","0.284","0.514","0.348",26.9,21.1,16.7,"0.258","0.434","0.301",51.7
"Chirinos, Robinson",455139,"HOU","SL","Slider",-0.2,-1,"301",17.6,"76","0.224","0.358","0.322",40,36.8,28,"0.186","0.295","0.257",35
"Crawford, Brandon",543063,"SF","SL","Slider",-1.2,-3,"280",12.9,"76","0.197","0.296","0.257",38.2,31.6,21.4,"0.198","0.31","0.246",23.4
"Belt, Brandon",474832,"SF","SL","Slider",-0.5,-2,"331",13.2,"76","0.182","0.379","0.287",31.5,32.9,19.1,"0.186","0.383","0.285",35.7
"Freeman, Mike",502273,"CLE","FF","4-Seam Fastball",-0.3,-1,"324",38.4,"76","0.228","0.368","0.337",25.5,25,19,"0.194","0.274","0.279",26.7
"Encarnación, Edwin",429665,"NYY","SI","Sinker",2.3,8,"334",15.9,"76","0.297","0.734","0.481",23,15.8,11.1,"0.302","0.686","0.451",48.1
"Votto, Joey",458015,"CIN","CH","Changeup",-1.5,-4,"281",11.8,"76","0.162","0.279","0.253",27.4,19.7,15.6,"0.171","0.258","0.236",20.8
"Dozier, Brian",572821,"WSH","SL","Slider",-1.1,-4,"400",19.6,"75","0.191","0.221","0.231",32.3,29.3,17.9,"0.213","0.297","0.263",19.6
"McNeil, Jeff",643446,"NYM","CH","Changeup",2,5,"266",12.9,"75","0.361","0.514","0.405",26.6,13.3,11.8,"0.301","0.416","0.323",32.3
"Gomes, Yan",543228,"WSH","SI","Sinker",0.4,1,"282",19.9,"75","0.286","0.413","0.357",15.2,14.7,14.3,"0.264","0.417","0.357",41.5
"Maldonado, Martín",455117,"HOU","SI","Sinker",0.6,2,"252",17.7,"75","0.25","0.422","0.365",14.8,10.7,15.1,"0.237","0.409","0.337",41.1
"Lugo, Dawel",608475,"DET","FF","4-Seam Fastball",-0.7,-2,"349",34.7,"75","0.261","0.493","0.333",20.1,30.7,21.7,"0.272","0.448","0.315",42.9
"Dickerson, Corey",572816,"PHI","FF","4-Seam Fastball",1.3,6,"459",38.9,"75","0.3","0.686","0.419",27.5,25.3,12.1,"0.228","0.484","0.313",34.6
"Mondesi, Adalberto",609275,"KC","CH","Changeup",-1.5,-4,"302",18.8,"75","0.236","0.333","0.272",41.6,20,21.1,"0.197","0.3","0.226",13.8
"Alonso, Pete",624413,"NYM","CU","Curveball",-0.6,-2,"350",12.7,"75","0.134","0.388","0.28",28,30.7,22.1,"0.204","0.534","0.344",44.4
"McMahon, Ryan",641857,"COL","SL","Slider",2.1,6,"296",13.2,"75","0.294","0.618","0.413",40.1,29.3,18,"0.286","0.589","0.393",56.5
"Gordon, Alex",460086,"KC","CU","Curveball",-0.1,0,"274",11.7,"75","0.242","0.258","0.288",28.3,18.7,20.3,"0.229","0.329","0.299",30.2
"Cuthbert, Cheslor",596144,"KC","SL","Slider",-2,-6,"297",23.1,"75","0.164","0.301","0.211",36.6,29.3,21.6,"0.147","0.278","0.191",19.6
"León, Sandy",506702,"BOS","FF","4-Seam Fastball",-3.1,-10,"322",42.5,"75","0.121","0.227","0.216",12.1,17.3,15.9,"0.138","0.195","0.208",23.2
"Avila, Alex",488671,"AZ","FF","4-Seam Fastball",0.8,2,"272",31.8,"74","0.267","0.517","0.401",24.3,20.3,22.7,"0.329","0.694","0.473",48.9
"Rodríguez, Ronny",500135,"DET","SL","Slider",-4.1,-10,"245",23.5,"74","0.169","0.282","0.185",40.5,33.8,33.8,"0.2","0.353","0.232",34.7
"Pederson, Joc",592626,"LAD","SI","Sinker",3.8,10,"258",12.7,"74","0.364","0.833","0.511",9.5,10.8,14.8,"0.316","0.687","0.433",54.2
"Ruiz, Rio",547004,"BAL","SI","Sinker",-1.3,-3,"252",15.8,"74","0.219","0.281","0.318",17.4,13.5,22.2,"0.243","0.331","0.3",33.9
"Miller, Brad",543543,"PHI","FF","4-Seam Fastball",0.6,1,"269",40.8,"74","0.21","0.435","0.365",33.6,23,23,"0.236","0.528","0.376",46.7
"Odor, Rougned",596059,"TEX","CU","Curveball",-1.5,-4,"281",12,"74","0.174","0.348","0.242",32.2,37.8,28.6,"0.196","0.403","0.277",39
"Davis, Khris",501981,"ATH","SI","Sinker",-0.9,-2,"248",12.2,"74","0.277","0.308","0.304",21.5,16.2,24,"0.275","0.373","0.338",48.1
"Pham, Tommy",502054,"TB","FC","Cutter",0.8,2,"248",9.5,"74","0.239","0.463","0.386",26.1,24.3,26.1,"0.248","0.473","0.337",50
"Myers, Wil",571976,"SD","SI","Sinker",0,0,"297",14.6,"74","0.288","0.47","0.361",14.2,16.2,19.7,"0.31","0.529","0.38",45.5
"Díaz, Yandy",650490,"TB","SI","Sinker",1.3,3,"251",19.2,"74","0.266","0.484","0.394",14.4,16.2,20.3,"0.279","0.471","0.368",51.9
"Pederson, Joc",592626,"LAD","SL","Slider",0.7,2,"268",13.2,"74","0.175","0.46","0.339",34.1,31.1,21.9,"0.198","0.37","0.304",35
"Seager, Kyle",572122,"SEA","SL","Slider",0.8,2,"248",13.8,"73","0.258","0.439","0.345",31.5,31.5,25.3,"0.242","0.394","0.317",37.2
"Meadows, Austin",640457,"TB","CU","Curveball",1.2,3,"270",10.8,"73","0.258","0.47","0.347",30.8,34.2,26,"0.232","0.384","0.301",26.8
"Smith, Mallex",605480,"SEA","SL","Slider",-1.8,-4,"254",11.4,"73","0.176","0.279","0.227",39,43.8,32.3,"0.141","0.2","0.178",10.8
"Renfroe, Hunter",592669,"SD","SI","Sinker",0.5,2,"281",13.9,"73","0.276","0.569","0.407",10.1,16.4,19,"0.304","0.626","0.432",35.4
"Frazier, Adam",624428,"PIT","CU","Curveball",-1.2,-3,"283",12.4,"73","0.232","0.304","0.235",18.2,13.7,14.9,"0.243","0.31","0.248",16.4
"Heyward, Jason",518792,"CHC","CH","Changeup",-1.3,-4,"286",13,"73","0.2","0.385","0.287",27.6,23.3,23,"0.225","0.371","0.29",26.5
"Goodwin, Brian",571718,"LAA","CH","Changeup",0.2,0,"258",13.3,"73","0.269","0.403","0.306",38.8,31.5,28.7,"0.229","0.336","0.276",28.9
"Mazara, Nomar",608577,"TEX","SL","Slider",-0.8,-2,"297",15.6,"73","0.2","0.3","0.249",40.7,37,22.5,"0.21","0.379","0.265",44.2
"Sanó, Miguel",593934,"MIN","SI","Sinker",3.1,9,"301",16,"73","0.295","0.639","0.466",22,23.3,23.9,"0.28","0.642","0.431",72.7
"Pence, Hunter",452254,"TEX","SL","Slider",3.5,9,"267",21.7,"73","0.348","0.682","0.46",35.7,19.2,15.1,"0.342","0.619","0.43",48.1
"Farmer, Kyle",571657,"CIN","FF","4-Seam Fastball",-1,-3,"318",39.6,"72","0.235","0.353","0.279",24.2,27.8,19.2,"0.229","0.346","0.269",29.2
"García, Avisaíl",541645,"TB","SI","Sinker",0.6,2,"272",14.4,"72","0.348","0.478","0.387",31.5,20.8,29.4,"0.266","0.368","0.29",35.2
"Urshela, Gio",570482,"NYY","SI","Sinker",1.9,5,"258",14.4,"72","0.333","0.606","0.437",12.4,11.1,11.6,"0.312","0.549","0.39",51.7
"Núñez, Renato",600524,"BAL","CU","Curveball",0.2,0,"288",11.7,"72","0.224","0.493","0.317",34.9,36.1,25.7,"0.244","0.471","0.321",47.6
"Cabrera, Asdrúbal",452678,"WSH","CH","Changeup",3.3,9,"268",12.8,"72","0.266","0.594","0.402",16.1,16.7,16.2,"0.235","0.481","0.321",31.5
"Granderson, Curtis",434158,"MIA","SI","Sinker",-1,-3,"285",18.2,"72","0.136","0.305","0.302",16.2,22.2,22.9,"0.211","0.4","0.336",27.9
"Beckham, Tim",542921,"SEA","SL","Slider",0.6,1,"246",18.7,"72","0.197","0.424","0.321",42.2,36.1,31.3,"0.187","0.344","0.261",27.5
"Profar, Jurickson",595777,"ATH","SI","Sinker",-0.1,0,"276",13.6,"72","0.254","0.475","0.36",7.8,8.3,10.5,"0.323","0.599","0.423",34.5
"Tellez, Rowdy",642133,"TOR","SL","Slider",0.3,1,"251",15.7,"72","0.162","0.485","0.288",34.7,33.3,26.4,"0.198","0.464","0.294",34.1
"Bote, David",623520,"CHC","SL","Slider",-0.1,0,"266",18.5,"72","0.234","0.359","0.318",34.1,19.4,15.7,"0.218","0.298","0.275",26
"Dixon, Brandon",641525,"DET","SI","Sinker",-3.3,-8,"248",15,"72","0.221","0.265","0.241",22.8,23.6,28.3,"0.253","0.37","0.29",43.1
"Moustakas, Mike",519058,"MIL","CH","Changeup",2.7,7,"255",11.6,"72","0.294","0.706","0.43",33.6,20.8,17.6,"0.3","0.7","0.422",43.4
"Cave, Jake",595909,"MIN","FF","4-Seam Fastball",0.6,2,"345",37.4,"72","0.288","0.542","0.415",28.5,29.2,21,"0.312","0.628","0.442",52.6
"Thames, Eric",519346,"MIL","CH","Changeup",0.2,1,"259",14,"72","0.246","0.369","0.308",36.2,25,21.7,"0.211","0.316","0.27",17
"Mancini, Trey",641820,"BAL","CH","Changeup",1.1,3,"300",11,"71","0.262","0.443","0.357",34.2,19.7,13.5,"0.287","0.411","0.356",34
"DeJong, Paul",657557,"STL","CH","Changeup",-1.7,-4,"245",9.6,"71","0.136","0.242","0.237",27.6,26.8,21.3,"0.171","0.303","0.234",21.3
"Gurriel Jr., Lourdes",666971,"TOR","SL","Slider",3.2,8,"251",19.6,"71","0.288","0.712","0.437",34.5,22.5,18,"0.243","0.595","0.364",43.1
"Berti, Jon",542932,"MIA","SI","Sinker",0.1,0,"280",23.9,"71","0.295","0.475","0.386",15.3,11.3,16,"0.314","0.483","0.386",25.9
"Kingery, Scott",664068,"PHI","SL","Slider",2.2,8,"341",17.3,"71","0.323","0.6","0.43",39.9,31,19.8,"0.273","0.456","0.339",27.9
"Bogaerts, Xander",593428,"BOS","CU","Curveball",1.2,3,"272",9.5,"71","0.308","0.477","0.368",26.2,29.6,21,"0.214","0.31","0.264",31.8
"Plawecki, Kevin",608700,"CLE","FF","4-Seam Fastball",-0.9,-2,"274",42.2,"71","0.213","0.377","0.317",13.3,15.5,16.9,"0.221","0.415","0.322",35.3
"Lucroy, Jonathan",518960,"CHC","SI","Sinker",-0.1,0,"280",21.2,"71","0.302","0.413","0.356",6.3,8.5,15,"0.259","0.363","0.316",38.6
"Muncy, Max",571970,"LAD","CH","Changeup",-0.5,-1,"282",11,"71","0.19","0.345","0.279",38.8,21.1,18.5,"0.269","0.408","0.355",31.8
"McCutchen, Andrew",457705,"PHI","SI","Sinker",0.5,1,"258",22.1,"71","0.262","0.41","0.347",17.9,15.5,15.3,"0.247","0.384","0.326",42
"Pinder, Chad",640461,"ATH","SI","Sinker",-1.2,-3,"243",18.9,"71","0.246","0.344","0.316",17.1,16.9,24,"0.261","0.397","0.328",41.2
"Russell, Addison",608365,"CHC","FF","4-Seam Fastball",-0.3,-1,"285",30.4,"71","0.254","0.373","0.335",28.3,29.6,23.9,"0.213","0.343","0.318",33.3
"Seager, Kyle",572122,"SEA","SI","Sinker",5.6,16,"286",15.9,"71","0.441","1","0.63",6.4,1.4,1.9,"0.414","0.835","0.545",50
"Tatis Jr., Fernando",665487,"SD","SL","Slider",1.8,5,"295",21.1,"71","0.27","0.556","0.391",54.9,45.1,34,"0.208","0.47","0.325",45.2
"Winker, Jesse",608385,"CIN","SI","Sinker",0.1,0,"255",17.2,"71","0.292","0.523","0.377",19.3,22.5,23.5,"0.283","0.459","0.346",55.1
"Springer, George",543807,"HOU","CH","Changeup",-1.4,-4,"265",11.8,"71","0.161","0.306","0.265",29.8,15.5,13.9,"0.225","0.437","0.317",30.8
"Reynolds, Bryan",668804,"PIT","SL","Slider",1.7,5,"284",13.3,"70","0.254","0.458","0.376",40.3,31.4,22.4,"0.234","0.384","0.33",43.2
"Hernández, Teoscar",606192,"TOR","SI","Sinker",0,0,"288",15,"70","0.311","0.426","0.37",15.6,7.1,8.2,"0.296","0.463","0.37",41.1
"Posey, Buster",457763,"SF","SL","Slider",-1.2,-3,"250",14.2,"70","0.194","0.269","0.223",30.2,25.7,19.4,"0.234","0.302","0.249",18.4
"Solano, Donovan",456781,"SF","FF","4-Seam Fastball",0.1,0,"334",37,"70","0.354","0.523","0.402",17,14.3,10,"0.325","0.473","0.366",45.5
"Buxton, Byron",621439,"MIN","SL","Slider",0,0,"249",24.7,"70","0.203","0.453","0.303",43.4,30,26.9,"0.201","0.374","0.27",29.5
"Hiura, Keston",669374,"MIL","SI","Sinker",0.3,1,"273",20.6,"70","0.328","0.5","0.386",22.1,15.7,20,"0.291","0.486","0.359",41.5
"Acuña Jr., Ronald",660670,"ATL","CU","Curveball",3.8,10,"258",8.5,"70","0.355","0.758","0.506",29.4,27.1,21.1,"0.326","0.792","0.479",65.1
"Braun, Ryan",460075,"MIL","SL","Slider",0,0,"257",13.9,"70","0.265","0.456","0.308",39.3,35.7,27.8,"0.213","0.353","0.243",43.2
"McMahon, Ryan",641857,"COL","SI","Sinker",-0.6,-2,"320",14.2,"70","0.286","0.365","0.322",19.9,22.9,18.6,"0.273","0.402","0.322",50
"Díaz, Yandy",650490,"TB","SL","Slider",-1.1,-3,"246",18.8,"70","0.25","0.412","0.296",29,20,23,"0.282","0.563","0.357",44.4
"Jansen, Danny",643376,"TOR","SI","Sinker",-0.1,0,"258",17.7,"70","0.311","0.443","0.371",7.8,4.3,5.6,"0.319","0.466","0.375",42.4
"Wong, Kolten",543939,"STL","SL","Slider",-1.1,-3,"263",13.3,"70","0.266","0.391","0.297",35.1,30,23.3,"0.176","0.272","0.232",20.5
"Healy, Ryon",592387,"SEA","FF","4-Seam Fastball",0.6,1,"252",37.2,"70","0.344","0.623","0.427",12.4,15.7,20.8,"0.33","0.632","0.424",53.8
"Rosario, Amed",642708,"NYM","CU","Curveball",-0.1,0,"270",11.3,"70","0.257","0.357","0.267",26.4,20,17.1,"0.309","0.431","0.317",41.1
"Moran, Colin",592567,"PIT","SI","Sinker",-0.4,-1,"278",15.6,"70","0.333","0.439","0.359",20.8,12.9,16.7,"0.338","0.463","0.362",50.9
"Polanco, Jorge",593871,"MIN","SL","Slider",1.7,5,"312",11.3,"70","0.333","0.429","0.351",22.6,25.7,15.9,"0.265","0.387","0.306",29.8
"Garver, Mitch",641598,"MIN","SL","Slider",0.2,1,"292",19.4,"70","0.177","0.435","0.305",34.3,24.3,18.9,"0.195","0.469","0.32",33.3
"García, Leury",544725,"CWS","CU","Curveball",-2.5,-7,"274",12.7,"70","0.145","0.246","0.18",44.2,42.9,31.9,"0.139","0.218","0.153",20
"Moncada, Yoán",660162,"CWS","CU","Curveball",-1.5,-4,"269",12.1,"69","0.215","0.308","0.234",50.8,42,29,"0.232","0.338","0.251",44.7
"Rizzo, Anthony",519203,"CHC","CU","Curveball",2.1,6,"280",11.4,"69","0.295","0.508","0.396",19.7,11.6,10,"0.276","0.37","0.326",30.2
"García, Leury",544725,"CWS","SI","Sinker",0.4,1,"244",11.3,"69","0.373","0.418","0.362",8.9,7.2,9.1,"0.294","0.346","0.289",43.5
"Votto, Joey",458015,"CIN","SL","Slider",-1.6,-5,"309",12.9,"69","0.148","0.279","0.243",31.3,34.8,24.2,"0.179","0.326","0.273",26.3
"Santana, Domingo",570267,"SEA","SI","Sinker",1.7,5,"303",14.7,"69","0.322","0.542","0.407",19.5,18.8,17.1,"0.272","0.466","0.357",42.6
"Kipnis, Jason",543401,"CLE","CH","Changeup",-1.1,-3,"253",12.8,"69","0.231","0.354","0.266",20.9,11.6,11.6,"0.258","0.411","0.299",27.1
"Hoskins, Rhys",656555,"PHI","CH","Changeup",0.3,1,"268",8.3,"69","0.177","0.435","0.301",28.5,31.9,18.2,"0.181","0.345","0.257",26.8
"Senzel, Nick",669222,"CIN","SL","Slider",-2,-5,"272",17,"69","0.152","0.273","0.193",41.3,37.7,28.3,"0.183","0.315","0.222",26.8
"Rosario, Eddie",592696,"MIN","CU","Curveball",0.8,2,"255",12.5,"68","0.269","0.507","0.333",22.9,25,18.9,"0.233","0.476","0.298",28
"Piscotty, Stephen",572039,"ATH","SL","Slider",-2.2,-6,"252",17.4,"68","0.154","0.277","0.199",32.3,32.4,27.2,"0.157","0.297","0.202",22.7
"Murphy, Daniel",502517,"COL","SL","Slider",0.6,1,"250",13.7,"68","0.27","0.444","0.324",24.4,25,18.1,"0.204","0.312","0.246",21.3
"Segura, Jean",516416,"PHI","CU","Curveball",-1.2,-3,"246",11,"68","0.185","0.354","0.244",14.2,13.2,13.6,"0.221","0.321","0.238",27.6
"Smith, Dominic",642086,"NYM","FF","4-Seam Fastball",1.8,5,"279",36.6,"68","0.293","0.655","0.44",19.2,16.2,15.5,"0.255","0.545","0.384",36.2
"Ervin, Phillip",640447,"CIN","FF","4-Seam Fastball",0.4,1,"302",28.9,"68","0.295","0.492","0.374",28.6,35.3,23.5,"0.223","0.429","0.315",45.9
"Smith, Will",669257,"LAD","FF","4-Seam Fastball",0,0,"328",39.6,"68","0.217","0.6","0.391",21.4,23.5,16.3,"0.234","0.597","0.376",50
"Brinson, Lewis",621446,"MIA","FF","4-Seam Fastball",-2.3,-7,"278",28.8,"68","0.21","0.29","0.263",21.7,17.6,16.2,"0.232","0.375","0.285",39.2
"Hechavarría, Adeiny",588751,"ATL","FF","4-Seam Fastball",-1.9,-5,"280",35.4,"68","0.161","0.25","0.282",28.2,29.4,21.1,"0.184","0.281","0.287",36.1
"Heyward, Jason",518792,"CHC","CU","Curveball",-2.5,-7,"265",12,"68","0.143","0.27","0.213",26.2,23.5,21.1,"0.197","0.316","0.251",36.2
"Rickard, Joey",572073,"SF","FF","4-Seam Fastball",-1.7,-5,"274",34.9,"68","0.196","0.25","0.285",25.6,32.4,23.4,"0.188","0.278","0.285",26.5
"Canha, Mark",592192,"ATH","CH","Changeup",-1.1,-3,"245",11.7,"67","0.175","0.246","0.274",25.4,20.9,17.1,"0.196","0.292","0.281",23.3
"Narváez, Omar",553882,"SEA","SI","Sinker",0.6,2,"258",13.4,"67","0.283","0.491","0.397",14.6,7.5,9.3,"0.275","0.479","0.388",38.8
"Bauers, Jake",641343,"CLE","SI","Sinker",3,9,"292",16.8,"67","0.386","0.719","0.529",10.3,11.9,15.7,"0.346","0.654","0.46",44.9
"Jay, Jon",445055,"CWS","FF","4-Seam Fastball",-2.3,-7,"316",44.4,"67","0.242","0.274","0.265",16.3,23.9,17,"0.205","0.244","0.219",12.5
"Goodwin, Brian",571718,"LAA","SL","Slider",-1.4,-4,"293",15.1,"67","0.133","0.283","0.236",37.3,41.8,23.9,"0.164","0.307","0.241",36.4
"Chapman, Matt",656305,"ATH","CH","Changeup",1.5,4,"268",9.7,"67","0.241","0.638","0.407",25.2,14.9,11.5,"0.245","0.477","0.353",35.4
"Vogelbach, Daniel",596129,"SEA","SI","Sinker",0.9,3,"307",12.2,"67","0.245","0.528","0.406",23.4,16.4,18.3,"0.293","0.612","0.44",48.8
"McMahon, Ryan",641857,"COL","CH","Changeup",-3.3,-9,"265",11.8,"67","0.172","0.266","0.211",28.6,26.9,22.5,"0.198","0.311","0.236",30.4
"Morales, Kendrys",434778,"NYY","FF","4-Seam Fastball",0.8,2,"284",34.1,"67","0.314","0.471","0.415",12.2,11.9,10.5,"0.365","0.674","0.504",70.5
"Goins, Ryan",572365,"CWS","FF","4-Seam Fastball",-1.1,-3,"261",38.7,"67","0.241","0.397","0.322",26.4,29.9,28.6,"0.168","0.303","0.266",31.6
"Bogaerts, Xander",593428,"BOS","CH","Changeup",3.2,8,"250",8.7,"66","0.236","0.545","0.418",26.5,16.7,12.6,"0.244","0.474","0.372",28.9
"Heyward, Jason",518792,"CHC","SL","Slider",-1.4,-4,"282",12.8,"66","0.21","0.306","0.252",39.1,43.9,29.6,"0.215","0.288","0.245",42.4
"Thaiss, Matt",642136,"LAA","FF","4-Seam Fastball",1.7,5,"286",40.3,"66","0.298","0.684","0.448",33.3,33.3,25,"0.224","0.494","0.346",54.3
"Bader, Harrison",664056,"STL","SI","Sinker",2.1,6,"275",16.1,"66","0.3","0.54","0.495",15.1,12.1,11.6,"0.323","0.587","0.456",47.6
"Arraez, Luis",650333,"MIN","SI","Sinker",1.7,4,"247",16.8,"66","0.371","0.597","0.421",5.6,7.6,8.5,"0.313","0.455","0.339",25.9
"Núñez, Renato",600524,"BAL","CH","Changeup",0.6,1,"246",10,"66","0.262","0.475","0.356",27.3,16.7,12.8,"0.221","0.379","0.284",42
"Rengifo, Luis",650859,"LAA","SI","Sinker",1.2,3,"246",15,"66","0.298","0.526","0.425",10.8,12.1,15.7,"0.336","0.624","0.443",51
"Rendon, Anthony",543685,"WSH","CH","Changeup",0,0,"267",10.2,"65","0.25","0.339","0.308",11.8,10.8,7.8,"0.272","0.362","0.321",34
"Santana, Domingo",570267,"SEA","CH","Changeup",0.2,0,"244",11.8,"65","0.259","0.333","0.348",40.5,30.8,22.5,"0.231","0.336","0.318",26.5
"Zimmerman, Ryan",475582,"WSH","FF","4-Seam Fastball",-0.8,-2,"261",34.8,"65","0.236","0.4","0.327",20.2,18.5,21.1,"0.278","0.566","0.391",59.1
"Smith Jr., Dwight",596105,"BAL","SL","Slider",-1.4,-4,"251",16.8,"65","0.161","0.29","0.228",40.4,36.9,26.1,"0.171","0.229","0.198",42.1
"Correa, Carlos",621043,"HOU","SL","Slider",-0.5,-1,"262",20.8,"65","0.217","0.533","0.318",30.7,23.1,15.5,"0.3","0.637","0.411",40.4
"Escobar, Eduardo",500871,"AZ","CU","Curveball",0.2,0,"309",11.5,"65","0.29","0.468","0.321",22.6,27.7,16.4,"0.243","0.395","0.277",26.1
"Kelly, Carson",608348,"AZ","SI","Sinker",-0.6,-1,"256",16.3,"65","0.214","0.286","0.299",14.6,20,17.8,"0.225","0.359","0.311",32.6
"d'Arnaud, Travis",518595,"TB","SI","Sinker",-2.6,-6,"244",16.2,"65","0.224","0.345","0.252",14,9.2,11.8,"0.302","0.519","0.374",42.9
"Santana, Danny",542454,"TEX","SI","Sinker",1.2,3,"253",13,"65","0.302","0.651","0.421",23.6,21.5,23,"0.326","0.614","0.397",51
"Tellez, Rowdy",642133,"TOR","CU","Curveball",-3.9,-10,"245",15.3,"65","0.1","0.2","0.149",34.7,41.5,30,"0.166","0.304","0.215",40
"Biggio, Cavan",624415,"TOR","SL","Slider",-0.3,-1,"285",15.2,"65","0.222","0.46","0.298",32,47.7,28.4,"0.199","0.351","0.244",31.3
"Carpenter, Matt",572761,"STL","SL","Slider",-1.6,-5,"323",15.2,"65","0.125","0.143","0.199",31.4,40,20.6,"0.146","0.198","0.223",16.7
"Donaldson, Josh",518626,"ATL","CH","Changeup",0.4,1,"284",10.4,"65","0.179","0.357","0.305",33.9,29.2,20.2,"0.24","0.437","0.34",51.4
"Olson, Matt",621566,"ATH","CH","Changeup",0.8,2,"292",12.9,"65","0.271","0.525","0.369",21.9,24.6,21.3,"0.274","0.609","0.39",32.6
"Sánchez, Yolmer",570560,"CWS","SL","Slider",-0.8,-2,"245",10.9,"64","0.258","0.387","0.279",28.9,28.1,17.5,"0.265","0.404","0.288",42.2
"Taylor, Chris",621035,"LAD","SL","Slider",-2.6,-7,"259",15.2,"64","0.111","0.222","0.198",43.1,40.6,24.5,"0.127","0.23","0.218",32.3
"Soto, Juan",665742,"WSH","CU","Curveball",3.3,10,"306",11,"64","0.291","0.618","0.415",24.1,17.2,13.1,"0.282","0.547","0.384",53.3
"Descalso, Daniel",518614,"CHC","FF","4-Seam Fastball",0.1,0,"252",30.8,"64","0.321","0.464","0.372",28.8,31.3,24.1,"0.26","0.431","0.336",48.6
"Jansen, Danny",643376,"TOR","SL","Slider",-3.1,-8,"251",17.3,"64","0.133","0.2","0.179",22.8,25,20.5,"0.188","0.286","0.233",31.8
"Martínez, José A.",500874,"STL","SI","Sinker",1,3,"259",16.6,"64","0.291","0.473","0.394",13.7,12.5,12.1,"0.329","0.595","0.431",48.9
"Bauers, Jake",641343,"CLE","SL","Slider",-0.8,-2,"259",14.9,"64","0.214","0.321","0.257",33.6,31.3,21.7,"0.202","0.315","0.253",23.1
"Forsythe, Logan",523253,"TEX","SI","Sinker",-0.7,-2,"281",17.1,"64","0.208","0.283","0.328",11.4,20.3,20,"0.218","0.318","0.301",41.5
"Grichuk, Randal",545341,"TOR","CU","Curveball",-2.5,-7,"277",11.5,"64","0.156","0.234","0.18",40.3,43.8,31.1,"0.187","0.292","0.213",33.3
"Eaton, Adam",594809,"WSH","CU","Curveball",0.9,3,"270",10.1,"64","0.305","0.441","0.352",23.7,17.2,13.3,"0.257","0.393","0.307",31.3
"Fisher, Derek",605233,"TOR","FF","4-Seam Fastball",1.1,3,"247",37.1,"63","0.25","0.596","0.426",33,33.3,38.9,"0.279","0.606","0.42",48.4
"Gonzalez, Marwin",503556,"MIN","SL","Slider",-1,-3,"269",15.1,"63","0.224","0.379","0.293",37.1,41.3,25.2,"0.204","0.339","0.266",50
"Thames, Eric",519346,"MIL","SL","Slider",-1.3,-3,"252",13.6,"63","0.155","0.31","0.236",51.1,47.6,29.1,"0.162","0.287","0.227",39.3
"Suárez, Eugenio",553993,"CIN","CH","Changeup",0.2,0,"246",9.3,"63","0.2","0.4","0.31",32.2,36.5,23.7,"0.22","0.415","0.319",50
"Williamson, Mac",607776,"SEA","FF","4-Seam Fastball",-1.3,-3,"268",43.6,"63","0.182","0.345","0.284",36.4,33.3,22.3,"0.233","0.41","0.323",47.1
"Fowler, Dexter",451594,"STL","SL","Slider",0,0,"304",12.7,"63","0.096","0.269","0.249",44.2,39.7,21.6,"0.145","0.288","0.262",21.4
"Taylor, Chris",621035,"LAD","SI","Sinker",0.5,1,"250",14.7,"63","0.328","0.483","0.378",21.9,23.8,17.9,"0.255","0.438","0.324",37.2
"Crawford, J.P.",641487,"SEA","SI","Sinker",-0.1,0,"265",15.7,"63","0.288","0.442","0.36",12.3,6.3,6.7,"0.283","0.433","0.356",34
"Frazier, Todd",453943,"NYM","CU","Curveball",-0.9,-2,"248",12.6,"63","0.213","0.377","0.279",24.1,19,17.9,"0.199","0.298","0.226",16.3
"Goodwin, Brian",571718,"LAA","CU","Curveball",1.5,4,"278",14.3,"62","0.267","0.4","0.339",32.7,32.3,21.7,"0.224","0.317","0.268",22.5
"Kelly, Carson",608348,"AZ","SL","Slider",-1.5,-4,"287",18.3,"62","0.123","0.351","0.238",32.3,25.8,17.2,"0.184","0.378","0.262",38.1
"Schwarber, Kyle",656941,"CHC","CU","Curveball",-0.6,-2,"372",14.8,"62","0.196","0.339","0.263",39.5,45.2,25.9,"0.188","0.339","0.256",48.3
"Muncy, Max",571970,"LAD","CU","Curveball",-0.9,-3,"364",14.3,"62","0.125","0.25","0.225",37.3,33.9,22.6,"0.207","0.341","0.276",28.6
"Freese, David",501896,"LAD","FF","4-Seam Fastball",0.7,2,"263",35.4,"62","0.28","0.56","0.42",23,25.8,23.2,"0.274","0.531","0.403",58.8
"Polanco, Gregory",570256,"PIT","FF","4-Seam Fastball",-0.9,-2,"266",40.6,"62","0.298","0.421","0.343",28.3,27.4,25.4,"0.249","0.358","0.292",32.5
"Slater, Austin",596103,"SF","FF","4-Seam Fastball",0,0,"288",35.9,"62","0.245","0.449","0.379",40.2,35.5,26.2,"0.182","0.362","0.326",55.6
"Grisham, Trent",663757,"MIL","FF","4-Seam Fastball",-0.2,0,"284",39.1,"62","0.235","0.51","0.346",24.3,32.3,25.6,"0.236","0.437","0.321",35.3
"Crawford, Brandon",543063,"SF","CU","Curveball",-2.3,-6,"243",11.2,"62","0.172","0.172","0.17",32.8,22.6,14.1,"0.215","0.279","0.233",26.1
"Sánchez, Gary",596142,"NYY","SI","Sinker",4.5,11,"254",13.5,"62","0.389","0.815","0.53",13.1,12.9,14.8,"0.383","0.806","0.514",56.5
"Turner, Trea",607208,"WSH","CU","Curveball",-1,-2,"250",11.2,"61","0.254","0.356","0.268",35.2,27.9,22.7,"0.256","0.326","0.254",20.9
"Maldonado, Martín",455117,"HOU","SL","Slider",-0.5,-1,"278",19.5,"61","0.224","0.328","0.276",34.4,29.5,17.5,"0.197","0.287","0.229",32.5
"DeShields, Delino",592261,"TEX","SI","Sinker",-0.1,0,"255",15.3,"61","0.333","0.389","0.376",13.7,19.7,20.3,"0.306","0.398","0.333",38.6
"Lowe, Nathaniel",663993,"TB","FF","4-Seam Fastball",0.5,1,"281",40.2,"61","0.226","0.509","0.361",30.7,36.1,24.4,"0.245","0.47","0.338",50
"Mancini, Trey",641820,"BAL","FC","Cutter",0.7,2,"254",9.3,"61","0.321","0.491","0.396",18.1,16.4,11.4,"0.321","0.53","0.403",39.5
"Smith, Mallex",605480,"SEA","CH","Changeup",-2,-5,"248",11.1,"61","0.19","0.259","0.22",39.7,24.6,19.5,"0.189","0.294","0.23",14
"Dickerson, Alex",543105,"SF","FF","4-Seam Fastball",0.3,1,"260",36.3,"61","0.236","0.527","0.344",21.1,24.6,21.1,"0.24","0.495","0.352",39
"Wieters, Matt",446308,"STL","FF","4-Seam Fastball",-0.6,-2,"292",38.3,"61","0.315","0.463","0.367",19.8,18,13.4,"0.27","0.429","0.33",45.5
"Narváez, Omar",553882,"SEA","SL","Slider",-2.3,-7,"279",14.5,"60","0.135","0.212","0.211",33.8,25,13.2,"0.189","0.302","0.261",21.1
"Flowers, Tyler",452095,"ATL","SL","Slider",-3.3,-9,"262",21.2,"60","0.111","0.148","0.16",44.9,35,25,"0.126","0.193","0.187",38.2
"Demeritte, Travis",641513,"DET","FF","4-Seam Fastball",-2.4,-7,"297",38.2,"60","0.173","0.25","0.252",45.6,41.7,32.1,"0.167","0.292","0.259",51.9
"Soler, Jorge",624585,"KC","CU","Curveball",0.3,1,"247",9,"60","0.232","0.518","0.338",42.1,30,26.5,"0.255","0.488","0.335",31.6
"Grandal, Yasmani",518735,"MIL","CU","Curveball",1.5,5,"307",11.5,"60","0.24","0.54","0.388",27.7,21.7,13.1,"0.23","0.51","0.377",47.4
"Jones, JaCoby",592444,"DET","SL","Slider",0.3,1,"271",20.8,"60","0.175","0.456","0.327",32.3,25,16.9,"0.208","0.417","0.28",35.7
"Duffy, Matt",622110,"TB","FF","4-Seam Fastball",-0.5,-1,"255",37.9,"60","0.224","0.306","0.332",12,16.7,15.6,"0.283","0.394","0.364",33.3
"Gardner, Brett",458731,"NYY","CH","Changeup",1,2,"244",10.3,"60","0.281","0.456","0.326",25.8,18.3,15.3,"0.231","0.284","0.231",16.7
"McMahon, Ryan",641857,"COL","CU","Curveball",1.5,4,"247",11,"60","0.263","0.474","0.362",41.8,38.3,24.5,"0.241","0.47","0.314",55.9
"Knapp, Andrew",595284,"PHI","FF","4-Seam Fastball",-1.1,-3,"258",40.1,"60","0.22","0.36","0.31",31.8,28.3,21.5,"0.224","0.418","0.324",51.4
"González, Carlos",471865,"CHC","FF","4-Seam Fastball",1.8,5,"261",41.1,"59","0.289","0.467","0.417",34.5,30.5,23.4,"0.184","0.342","0.322",39.3
"Torres, Gleyber",650402,"NYY","CU","Curveball",1.6,4,"248",10.4,"59","0.309","0.473","0.35",24,15.3,11.4,"0.284","0.393","0.307",21.3
"Polanco, Jorge",593871,"MIN","CU","Curveball",0.5,1,"312",11.3,"59","0.218","0.364","0.294",25.3,30.5,16.1,"0.256","0.393","0.301",32.4
"White, Tyler",643603,"LAD","SI","Sinker",-1.9,-5,"248",20.2,"59","0.208","0.354","0.325",9,18.6,16.9,"0.235","0.359","0.336",37.8
"Arcia, Orlando",606115,"MIL","CU","Curveball",-1.1,-3,"243",11.7,"58","0.154","0.173","0.215",28.9,34.5,19.8,"0.176","0.208","0.238",25
"Hernández, César",514917,"PHI","CU","Curveball",0.7,2,"327",12.6,"58","0.321","0.453","0.359",24.6,24.1,13.5,"0.231","0.323","0.261",34.1
"Mancini, Trey",641820,"BAL","CU","Curveball",-0.8,-3,"333",12.2,"58","0.154","0.269","0.249",41.2,39.7,22.8,"0.157","0.285","0.237",27.6
"Dean, Austin",621573,"MIA","FF","4-Seam Fastball",1.5,4,"244",34.5,"58","0.283","0.585","0.393",19.7,22.4,20.3,"0.272","0.575","0.376",50
"Choo, Shin-Soo",425783,"TEX","CU","Curveball",0.9,3,"324",12.1,"58","0.278","0.407","0.34",30.6,27.6,18.4,"0.275","0.451","0.331",34.2
"Freeman, Freddie",518692,"ATL","CU","Curveball",3.5,9,"243",8.9,"58","0.385","0.635","0.479",26.2,13.8,11,"0.341","0.652","0.441",38.6
"Drury, Brandon",592273,"TOR","SI","Sinker",-0.6,-2,"266",14.9,"58","0.286","0.464","0.335",14.5,15.5,15.3,"0.29","0.513","0.346",36.2
"Chapman, Matt",656305,"ATH","CU","Curveball",1.3,4,"290",10.5,"58","0.228","0.509","0.329",21.5,24.1,14.7,"0.265","0.593","0.356",51.2
"Goodwin, Brian",571718,"LAA","SI","Sinker",1.1,3,"251",12.9,"58","0.314","0.529","0.402",19.8,24.1,24.6,"0.232","0.375","0.309",32.4
"Hoskins, Rhys",656555,"PHI","FC","Cutter",0.4,1,"251",7.8,"57","0.229","0.417","0.316",20.6,17.5,14.5,"0.21","0.374","0.319",30
"Moustakas, Mike",519058,"MIL","CU","Curveball",0.5,1,"245",11.1,"57","0.241","0.481","0.328",31,24.6,20,"0.233","0.451","0.296",41.5
"Owings, Chris",572008,"BOS","FF","4-Seam Fastball",-1.4,-4,"290",37.5,"57","0.216","0.431","0.318",32.8,40.4,28,"0.235","0.429","0.321",50
"Gomes, Yan",543228,"WSH","SL","Slider",-0.9,-2,"270",19.1,"57","0.182","0.291","0.252",41.1,33.3,19.4,"0.172","0.295","0.214",30.6
"Grossman, Robbie",543257,"ATH","CH","Changeup",1,3,"267",14.2,"57","0.283","0.34","0.336",25,14,12.5,"0.295","0.371","0.315",15.6
"Bryant, Kris",592178,"CHC","CU","Curveball",1.1,3,"251",10.2,"56","0.255","0.451","0.323",39.4,33.9,24.1,"0.214","0.362","0.272",30.3
"Goodrum, Niko",592348,"DET","SI","Sinker",-0.2,-1,"252",12.9,"56","0.304","0.413","0.369",18.1,16.1,16.4,"0.305","0.453","0.383",44.7
"Happ, Ian",664023,"CHC","FF","4-Seam Fastball",-2.5,-7,"277",44,"56","0.135","0.308","0.221",32.1,30.4,19.5,"0.151","0.404","0.258",31.4
"Aquino, Aristides",606157,"CIN","FF","4-Seam Fastball",-0.1,0,"243",28.2,"56","0.231","0.558","0.341",35.5,30.4,24.6,"0.259","0.567","0.356",55.6
"Romine, Austin",519222,"NYY","FF","4-Seam Fastball",-1.8,-6,"318",36.5,"56","0.226","0.34","0.257",26,30.4,19.3,"0.196","0.32","0.234",37.8
"Smith, Mallex",605480,"SEA","CU","Curveball",-1,-3,"292",13.1,"56","0.173","0.192","0.188",43,46.4,25.7,"0.165","0.197","0.195",11.5
"Marte, Ketel",606466,"AZ","CU","Curveball",0.8,2,"246",10.2,"56","0.352","0.537","0.385",20.5,14.3,10.5,"0.335","0.515","0.371",45.7
"Galvis, Freddy",520471,"CIN","CU","Curveball",0.8,2,"250",10.9,"56","0.236","0.509","0.335",40.3,39.3,25,"0.211","0.441","0.277",36.4
"Riley, Austin",663586,"ATL","SL","Slider",-1.9,-5,"259",23.2,"56","0.148","0.333","0.235",50.3,51.8,32.6,"0.15","0.282","0.198",52
"Villar, Jonathan",542340,"BAL","CU","Curveball",2.2,6,"255",9,"56","0.327","0.538","0.393",30.5,37.5,21,"0.252","0.444","0.321",32.3
"Ramírez, José",608070,"CLE","SL","Slider",1.2,3,"290",13.4,"55","0.298","0.532","0.39",16.4,21.8,10.6,"0.276","0.403","0.342",25
"Goldschmidt, Paul",502671,"STL","CU","Curveball",1.7,5,"296",10.4,"55","0.273","0.477","0.395",17.4,18.2,9.9,"0.281","0.589","0.427",44.1
"Goodrum, Niko",592348,"DET","CU","Curveball",0.3,1,"250",12.7,"55","0.275","0.451","0.342",37.7,40,29.3,"0.199","0.344","0.25",53.3
"Bichette, Bo",666182,"TOR","FF","4-Seam Fastball",0.4,1,"321",36.1,"55","0.298","0.638","0.435",24.8,34.5,17.1,"0.247","0.515","0.372",67.9
"Bryant, Kris",592178,"CHC","CH","Changeup",1.1,3,"253",10.3,"55","0.271","0.375","0.35",39.3,27.3,16.3,"0.208","0.301","0.277",15.2
"Lindor, Francisco",596019,"CLE","CU","Curveball",1.2,3,"244",10.1,"55","0.286","0.51","0.365",25,20,14.1,"0.239","0.404","0.304",25.6
"Reynolds, Bryan",668804,"PIT","CU","Curveball",1.3,3,"261",12.2,"55","0.283","0.415","0.349",34.6,43.6,27,"0.234","0.347","0.263",27.6
"Calhoun, Kole",594777,"LAA","CU","Curveball",0.4,1,"269",11.4,"55","0.176","0.431","0.301",45.1,38.2,28.8,"0.167","0.359","0.251",36.7
"Austin, Tyler",592122,"MIL","FF","4-Seam Fastball",2.4,6,"246",31.7,"55","0.289","0.6","0.433",23.9,34.5,26.4,"0.227","0.561","0.387",73.1
"Walker, Neil",435522,"MIA","SI","Sinker",-1.3,-3,"270",18,"54","0.25","0.364","0.346",17.5,9.3,11.6,"0.298","0.474","0.396",41
"Fowler, Dexter",451594,"STL","CU","Curveball",-0.7,-2,"275",11.5,"54","0.213","0.255","0.257",33.3,33.3,22,"0.206","0.246","0.252",16.7
"Vogelbach, Daniel",596129,"SEA","CU","Curveball",-0.3,-1,"358",14.3,"54","0.174","0.196","0.231",30.3,29.6,13.1,"0.153","0.204","0.228",19.4
"Bour, Justin",571506,"LAA","FF","4-Seam Fastball",-0.8,-2,"243",34.5,"53","0.229","0.458","0.328",22.3,32.1,23.9,"0.272","0.535","0.368",51.6
"Rendon, Anthony",543685,"WSH","CU","Curveball",3.1,9,"280",10.7,"53","0.25","0.705","0.417",13.2,17,10.6,"0.234","0.63","0.392",35.1
"Realmuto, J.T.",592663,"PHI","CU","Curveball",0.4,1,"268",11.5,"53","0.26","0.44","0.325",31.6,22.6,17.1,"0.27","0.413","0.316",30.8
"Dahl, David",621311,"COL","SL","Slider",-1,-2,"247",15.4,"53","0.196","0.348","0.302",39.1,28.3,17.4,"0.192","0.346","0.28",33.3
"Gardner, Brett",458731,"NYY","CU","Curveball",-1.9,-5,"248",10.4,"52","0.16","0.22","0.186",21.8,25,16.7,"0.236","0.306","0.252",27
"Forsythe, Logan",523253,"TEX","SL","Slider",0.2,1,"244",14.8,"52","0.271","0.375","0.33",17.1,25,14.6,"0.275","0.379","0.312",31.4
"Bader, Harrison",664056,"STL","CU","Curveball",-1.1,-3,"252",14.7,"52","0.154","0.212","0.228",28.1,38.5,24.7,"0.131","0.206","0.157",15.6
"Renfroe, Hunter",592669,"SD","CU","Curveball",-2.1,-6,"286",14.2,"52","0.043","0.106","0.14",48.6,53.8,30.8,"0.098","0.189","0.175",31.6
"Davis, Chris",448801,"BAL","CU","Curveball",-3.5,-9,"253",16.6,"52","0.04","0.1","0.083",47.8,59.6,34.4,"0.106","0.189","0.146",21.1
"Upton, Justin",457708,"LAA","SL","Slider",-3.3,-9,"262",23.2,"52","0.146","0.167","0.168",47.3,40.4,24.1,"0.175","0.22","0.197",21.4
"Smoak, Justin",475253,"TOR","CU","Curveball",0.3,1,"283",13.8,"51","0.156","0.356","0.271",38.5,45.1,27.1,"0.147","0.313","0.248",31.8
"Gallo, Joey",608336,"TEX","SL","Slider",-0.4,-1,"244",18.9,"51","0.159","0.364","0.283",60.8,56.9,31.9,"0.134","0.411","0.284",60
"Iannetta, Chris",455104,"COL","FF","4-Seam Fastball",0.2,1,"248",36.9,"50","0.279","0.465","0.372",21.8,28,17.1,"0.316","0.598","0.423",65.5
"Conforto, Michael",624424,"NYM","CU","Curveball",1.7,5,"278",10.8,"49","0.227","0.545","0.359",26,30.6,17.6,"0.204","0.392","0.293",24.1
"Rondon, José",602922,"BAL","FF","4-Seam Fastball",-0.7,-2,"306",45.5,"49","0.244","0.415","0.35",32.4,34.7,17.7,"0.208","0.38","0.316",41.7
"Arteaga, Humberto",600858,"KC","FF","4-Seam Fastball",-1,-3,"243",45.5,"48","0.22","0.268","0.302",25.6,29.2,16.5,"0.235","0.336","0.301",35.7
"Piña, Manny",444489,"MIL","FF","4-Seam Fastball",-0.6,-1,"247",33.6,"48","0.262","0.452","0.354",31.9,29.2,19.7,"0.269","0.453","0.351",46.4
"Suárez, Eugenio",553993,"CIN","CU","Curveball",-0.7,-2,"289",10.9,"48","0.182","0.364","0.269",40.9,41.7,23.3,"0.189","0.325","0.258",33.3
"Tucker, Cole",657061,"PIT","FF","4-Seam Fastball",-1.1,-3,"244",40.4,"48","0.167","0.31","0.263",35.7,37.5,23.4,"0.169","0.258","0.244",37.5
"Canha, Mark",592192,"ATH","CU","Curveball",-1.1,-3,"289",13.8,"48","0.132","0.132","0.225",29.7,33.3,17.4,"0.151","0.194","0.25",17.4
"Bregman, Alex",608324,"HOU","CU","Curveball",3,8,"257",9,"48","0.314","0.657","0.457",20.6,20.8,12.3,"0.264","0.512","0.409",37
"Hoskins, Rhys",656555,"PHI","CU","Curveball",0.3,1,"330",10.2,"46","0.2","0.4","0.36",30.4,28.3,15.1,"0.192","0.338","0.335",22.7
"Swanson, Dansby",621020,"ATL","CU","Curveball",-1.6,-5,"294",13.2,"44","0.143","0.19","0.17",29.8,25,11.8,"0.179","0.252","0.209",22.6
"Seager, Kyle",572122,"SEA","CU","Curveball",-0.4,-1,"246",13.7,"44","0.154","0.256","0.235",32.6,43.2,19,"0.158","0.217","0.222",30
"Bellinger, Cody",641355,"LAD","CU","Curveball",1.6,4,"243",9.1,"42","0.216","0.486","0.325",27.6,23.8,14.1,"0.308","0.62","0.421",53.6
"Santana, Carlos",467793,"CLE","CU","Curveball",2.5,8,"311",11.2,"41","0.324","0.706","0.476",25,24.4,12.2,"0.237","0.522","0.378",37.5
"Travis, Sam",607752,"BOS","FF","4-Seam Fastball",-0.7,-2,"257",41.1,"35","0.258","0.452","0.347",17.9,22.9,10.1,"0.31","0.472","0.377",60.9