"last_name, first_name","player_id","team_name_alt","pitch_type","pitch_name","run_value_per_100","run_value","pitches","pitch_usage","pa","ba","slg","woba","whiff_percent","k_percent","put_away","est_ba","est_slg","est_woba","hard_hit_percent"
"Olson, Matt",621566,"ATL","FF","4-Seam Fastball",0.6,7,"1143",38.8,"252","0.251","0.474","0.363",25.1,25.8,16.6,"0.253","0.508","0.372",53.6
"Carroll, Corbin",682998,"AZ","FF","4-Seam Fastball",-0.1,-1,"982",37.1,"252","0.204","0.374","0.329",18.8,18.7,20,"0.24","0.446","0.363",40.7
"Arraez, Luis",650333,"SD","FF","4-Seam Fastball",0.2,1,"918",38,"242","0.359","0.436","0.369",4,1.2,1.4,"0.335","0.432","0.348",21.2
"Donovan, Brendan",680977,"STL","FF","4-Seam Fastball",-0.9,-8,"910",36.6,"240","0.253","0.341","0.299",10,13.8,13.1,"0.268","0.439","0.337",37.6
"Nimmo, Brandon",607043,"NYM","FF","4-Seam Fastball",0.8,8,"1013",36.9,"237","0.254","0.466","0.39",17.7,21.9,17.9,"0.255","0.444","0.378",53.6
"Semien, Marcus",543760,"TEX","FF","4-Seam Fastball",0.2,1,"760",28.9,"233","0.246","0.44","0.342",13,9,11.2,"0.282","0.506","0.377",45.2
"Bregman, Alex",608324,"HOU","FF","4-Seam Fastball",-0.1,-1,"794",33.2,"232","0.248","0.417","0.326",8.3,10.3,10.6,"0.253","0.454","0.341",42.2
"Adames, Willy",642715,"MIL","FF","4-Seam Fastball",-0.7,-6,"874",32,"230","0.218","0.379","0.305",29.9,27.4,23.2,"0.22","0.446","0.326",51
"De La Cruz, Elly",682829,"CIN","FF","4-Seam Fastball",1.2,11,"911",33.1,"228","0.284","0.552","0.393",27.6,30.7,28.1,"0.246","0.504","0.362",53
"Winn, Masyn",691026,"STL","FF","4-Seam Fastball",0,0,"867",34,"227","0.263","0.414","0.349",14.8,11.5,10.4,"0.249","0.375","0.325",38.2
"Santander, Anthony",623993,"BAL","FF","4-Seam Fastball",-0.4,-4,"1073",39.2,"227","0.197","0.433","0.291",21.5,22,14.3,"0.195","0.396","0.284",36
"Lindor, Francisco",596019,"NYM","FF","4-Seam Fastball",0.3,3,"1019",37.6,"227","0.251","0.498","0.353",22.9,20.7,16.7,"0.281","0.614","0.406",58
"Schwarber, Kyle",656941,"PHI","FF","4-Seam Fastball",0.7,6,"887",31.1,"225","0.237","0.525","0.391",25.2,24.9,23.2,"0.273","0.635","0.44",60.5
"Duran, Jarren",680776,"BOS","FF","4-Seam Fastball",1.2,12,"1040",36.6,"225","0.284","0.546","0.394",23.8,24,19.9,"0.251","0.489","0.358",50.3
"Suárez, Eugenio",553993,"AZ","FF","4-Seam Fastball",0.8,7,"866",34.1,"224","0.264","0.487","0.356",26.3,25,20.5,"0.249","0.505","0.361",46.5
"Cronenworth, Jake",630105,"SD","FF","4-Seam Fastball",-0.2,-3,"1116",40.6,"219","0.215","0.32","0.324",12.9,13.7,9,"0.256","0.427","0.364",41.1
"McMahon, Ryan",641857,"COL","FF","4-Seam Fastball",-0.4,-4,"1110",40.8,"218","0.243","0.395","0.335",26.4,34.9,20.5,"0.222","0.392","0.327",54.5
"Schanuel, Nolan",694384,"LAA","FF","4-Seam Fastball",-0.6,-5,"848",36,"217","0.219","0.337","0.316",8.6,13.8,13.6,"0.239","0.354","0.328",26.1
"Profar, Jurickson",595777,"SD","FF","4-Seam Fastball",0.6,6,"939",34.3,"215","0.251","0.446","0.371",15.4,15.3,11,"0.252","0.433","0.368",40.6
"Bleday, JJ",668709,"ATH","FF","4-Seam Fastball",0.8,6,"756",30.4,"215","0.283","0.508","0.387",14.8,12.1,12.4,"0.259","0.476","0.362",38.5
"Lowe, Nathaniel",663993,"TEX","FF","4-Seam Fastball",1.1,10,"921",39.1,"214","0.293","0.467","0.41",20.3,22,16,"0.27","0.437","0.393",38.8
"Henderson, Gunnar",683002,"BAL","FF","4-Seam Fastball",0.2,2,"945",32.6,"214","0.242","0.468","0.356",22.2,28,22.4,"0.262","0.496","0.373",58.7
"Castro, Willi",650489,"MIN","FF","4-Seam Fastball",0.2,2,"914",36.4,"213","0.225","0.385","0.332",22.9,22.5,17.2,"0.252","0.456","0.359",41.9
"Freeman, Freddie",518692,"LAD","FF","4-Seam Fastball",1.2,9,"777",30.8,"212","0.308","0.562","0.395",16.7,15.6,13.8,"0.279","0.553","0.391",44.6
"Happ, Ian",664023,"CHC","FF","4-Seam Fastball",0.3,3,"970",35.6,"211","0.271","0.48","0.381",22.6,21.3,14.6,"0.252","0.535","0.391",54.5
"Raleigh, Cal",663728,"SEA","FF","4-Seam Fastball",-0.3,-3,"802",31.9,"211","0.197","0.376","0.315",25.9,28,21.3,"0.211","0.464","0.348",53.3
"Burleson, Alec",676475,"STL","FF","4-Seam Fastball",-1.4,-10,"715",33.8,"210","0.206","0.32","0.269",20.8,13.3,13,"0.226","0.394","0.298",38.7
"Goldschmidt, Paul",502671,"STL","FF","4-Seam Fastball",0.2,2,"856",31.5,"210","0.241","0.461","0.347",26.2,27.6,19.2,"0.253","0.497","0.351",53
"Chapman, Matt",656305,"SF","FF","4-Seam Fastball",0.7,7,"912",33.7,"209","0.258","0.527","0.367",26.3,27.3,18.5,"0.244","0.521","0.36",52.3
"Ward, Taylor",621493,"LAA","FF","4-Seam Fastball",1.4,11,"799",30.8,"207","0.272","0.556","0.395",19.5,20.3,17.4,"0.276","0.637","0.421",50.4
"Rutschman, Adley",668939,"BAL","FF","4-Seam Fastball",-0.2,-1,"876",33.8,"207","0.266","0.446","0.354",13.4,13,10.9,"0.259","0.458","0.346",46.8
"Santana, Carlos",467793,"MIN","FF","4-Seam Fastball",-0.2,-2,"732",30.2,"207","0.24","0.457","0.354",19,12.6,13.9,"0.263","0.479","0.372",39.3
"Busch, Michael",683737,"CHC","FF","4-Seam Fastball",0.2,2,"867",36.7,"204","0.212","0.429","0.348",23.8,26,19.6,"0.222","0.49","0.362",46.2
"Tovar, Ezequiel",678662,"COL","FF","4-Seam Fastball",-1.1,-8,"808",32,"203","0.233","0.363","0.276",35.5,35.5,27,"0.208","0.347","0.255",42.3
"Bell, Josh",605137,"AZ","FF","4-Seam Fastball",0.4,3,"734",32.8,"201","0.257","0.419","0.346",19.1,16.4,19.5,"0.251","0.436","0.338",48.6
"Arozarena, Randy",668227,"SEA","FF","4-Seam Fastball",0,0,"798",28.8,"201","0.18","0.389","0.323",28.8,35.3,25.1,"0.194","0.409","0.331",55.7
"Giménez, Andrés",665926,"CLE","FF","4-Seam Fastball",-0.6,-5,"743",31,"200","0.28","0.401","0.331",16.4,12.5,11.8,"0.285","0.427","0.343",37.1
"Naylor, Josh",647304,"CLE","FF","4-Seam Fastball",1.9,11,"610",26.7,"200","0.264","0.545","0.381",10.5,11.5,14.2,"0.289","0.508","0.377",49
"Reynolds, Bryan",668804,"PIT","FF","4-Seam Fastball",1.3,9,"720",27.6,"199","0.316","0.546","0.414",18.1,15.6,15.1,"0.302","0.6","0.421",56.6
"Alvarez, Yordan",670541,"HOU","FF","4-Seam Fastball",1.3,11,"815",36,"198","0.314","0.541","0.413",14.9,13.6,13.9,"0.302","0.57","0.413",52.4
"Ohtani, Shohei",660271,"LAD","FF","4-Seam Fastball",2.3,19,"809",28.5,"198","0.287","0.616","0.438",27.5,21.7,19.1,"0.314","0.703","0.473",64.8
"Judge, Aaron",592450,"NYY","FF","4-Seam Fastball",4.6,36,"778",27,"197","0.381","0.813","0.546",22.9,23.4,19.9,"0.329","0.792","0.509",68.7
"Torres, Gleyber",650402,"NYY","FF","4-Seam Fastball",-0.1,-1,"853",30.3,"197","0.227","0.38","0.336",23.5,21.3,13.6,"0.224","0.44","0.354",50
"Rooker, Brent",667670,"ATH","FF","4-Seam Fastball",1.9,14,"747",31.4,"196","0.288","0.594","0.412",27.6,27.6,23.8,"0.293","0.662","0.432",50
"Taveras, Leody",665750,"TEX","FF","4-Seam Fastball",-1.5,-10,"690",34.4,"195","0.225","0.315","0.272",19.5,22.6,20.7,"0.231","0.375","0.296",44.9
"García, Adolis",666969,"TEX","FF","4-Seam Fastball",-1.6,-14,"881",34.8,"195","0.184","0.31","0.249",35,33.8,23.9,"0.206","0.399","0.3",62.5
"Hoerner, Nico",663538,"CHC","FF","4-Seam Fastball",-0.8,-5,"698",30.2,"195","0.26","0.343","0.325",8.4,9.7,10.4,"0.289","0.38","0.344",37.1
"India, Jonathan",663697,"CIN","FF","4-Seam Fastball",-0.3,-2,"844",31.8,"194","0.248","0.376","0.339",18.7,21.6,17.9,"0.25","0.451","0.366",43.7
"Frelick, Sal",686217,"MIL","FF","4-Seam Fastball",-0.7,-5,"706",34.5,"193","0.282","0.345","0.326",11.3,10.9,10.2,"0.259","0.334","0.3",22.6
"Garcia, Maikel",672580,"KC","FF","4-Seam Fastball",-1.8,-14,"813",34.4,"192","0.209","0.297","0.267",17.1,21.9,18.3,"0.268","0.397","0.329",56.8
"Chisholm Jr., Jazz",665862,"NYY","FF","4-Seam Fastball",0.9,6,"748",30,"192","0.257","0.45","0.343",25.6,22.9,21.2,"0.229","0.447","0.334",46.1
"Heim, Jonah",641680,"TEX","FF","4-Seam Fastball",-1,-7,"697",39.1,"191","0.229","0.32","0.278",19.6,19.9,20,"0.236","0.377","0.3",40.9
"Kwan, Steven",680757,"CLE","FF","4-Seam Fastball",1,8,"789",36.4,"191","0.35","0.537","0.431",4.5,5.2,5.9,"0.302","0.405","0.366",26.3
"Ozuna, Marcell",542303,"ATL","FF","4-Seam Fastball",1.9,16,"823",28.6,"191","0.349","0.592","0.441",25.6,24.6,17.3,"0.285","0.591","0.408",57.4
"De La Cruz, Bryan",650559,"PIT","FF","4-Seam Fastball",0.1,1,"689",28.8,"191","0.232","0.446","0.314",29.6,31.4,27.9,"0.245","0.506","0.338",50.4
"Arenado, Nolan",571448,"STL","FF","4-Seam Fastball",-0.4,-3,"783",31.9,"190","0.274","0.402","0.321",14.3,15.8,13.3,"0.245","0.355","0.286",32.2
"Doyle, Brenton",686668,"COL","FF","4-Seam Fastball",-1.2,-8,"643",29.8,"190","0.221","0.349","0.278",28.5,29.5,27.9,"0.23","0.42","0.307",49.6
"Pasquantino, Vinnie",686469,"KC","FF","4-Seam Fastball",-0.3,-2,"681",31.9,"190","0.259","0.365","0.3",9.4,12.1,12.2,"0.256","0.423","0.32",44.4
"Verdugo, Alex",657077,"NYY","FF","4-Seam Fastball",-1.2,-9,"758",32.4,"190","0.199","0.321","0.301",14.9,16.8,15.3,"0.226","0.377","0.327",34.1
"Soto, Juan",665742,"NYY","FF","4-Seam Fastball",3.5,24,"702",23.7,"190","0.327","0.747","0.505",18.6,13.2,14.5,"0.361","0.939","0.574",65.6
"Gurriel Jr., Lourdes",666971,"AZ","FF","4-Seam Fastball",0.5,4,"703",33.7,"189","0.28","0.429","0.346",14.3,16.9,15.1,"0.238","0.39","0.315",40.9
"Turang, Brice",668930,"MIL","FF","4-Seam Fastball",0,0,"905",36.7,"189","0.319","0.423","0.375",14.2,21.7,15.3,"0.244","0.343","0.307",32.5
"Smith, Josh",669701,"TEX","FF","4-Seam Fastball",0.5,4,"791",34,"189","0.238","0.439","0.349",20.2,22.2,15.6,"0.216","0.379","0.31",38.2
"Steer, Spencer",668715,"CIN","FF","4-Seam Fastball",-0.3,-3,"864",33,"188","0.203","0.367","0.314",20.3,23.9,16.8,"0.21","0.368","0.32",42.5
"Alonso, Pete",624413,"NYM","FF","4-Seam Fastball",1.6,13,"826",29.7,"188","0.256","0.625","0.411",20.7,22.9,16.7,"0.217","0.534","0.367",44.1
"Bellinger, Cody",641355,"CHC","FF","4-Seam Fastball",0.8,5,"659",31.6,"188","0.251","0.45","0.35",21.2,13.8,15.1,"0.244","0.437","0.323",40.4
"Marte, Ketel",606466,"AZ","FF","4-Seam Fastball",2.7,18,"687",32,"187","0.346","0.654","0.458",12.8,14.4,13.7,"0.312","0.64","0.452",61.4
"Paredes, Isaac",670623,"CHC","FF","4-Seam Fastball",-0.3,-2,"791",27.7,"187","0.217","0.376","0.317",12.6,13.4,9.5,"0.224","0.39","0.325",26.1
"Altuve, Jose",514888,"HOU","FF","4-Seam Fastball",1.2,8,"642",26.2,"186","0.302","0.517","0.386",13.6,15.6,17,"0.264","0.485","0.349",41.3
"Volpe, Anthony",683011,"NYY","FF","4-Seam Fastball",-0.4,-4,"829",29.6,"186","0.263","0.413","0.338",26.3,29.6,19.9,"0.243","0.383","0.314",50.9
"Ramírez, José",608070,"CLE","FF","4-Seam Fastball",1.7,12,"718",26.3,"186","0.31","0.625","0.412",10.9,9.1,7.6,"0.268","0.504","0.353",40.3
"Stott, Bryson",681082,"PHI","FF","4-Seam Fastball",-0.7,-6,"835",36.2,"185","0.204","0.368","0.305",15.3,16.2,12.7,"0.208","0.33","0.294",28.7
"Mullins, Cedric",656775,"BAL","FF","4-Seam Fastball",-0.6,-4,"724",37.4,"183","0.219","0.355","0.322",16.9,17.5,15.2,"0.211","0.349","0.308",36.8
"Conforto, Michael",624424,"SF","FF","4-Seam Fastball",0.3,2,"723",36.8,"183","0.25","0.45","0.344",20.5,25.1,22,"0.249","0.492","0.36",42.6
"Turner, Justin",457759,"SEA","FF","4-Seam Fastball",0,0,"911",39.3,"180","0.224","0.364","0.336",19.8,25,15.4,"0.218","0.401","0.349",42
"Contreras, William",661388,"MIL","FF","4-Seam Fastball",0.6,5,"771",28.8,"180","0.265","0.471","0.364",24.8,17.8,14.9,"0.269","0.503","0.375",54.4
"Cowser, Colton",681297,"BAL","FF","4-Seam Fastball",0.9,7,"736",31.8,"179","0.255","0.516","0.375",18.7,26.8,23.1,"0.262","0.58","0.405",57.5
"Sánchez, Jesús",660821,"MIA","FF","4-Seam Fastball",0.4,3,"724",36.4,"178","0.263","0.442","0.361",29.4,28.7,22.6,"0.257","0.454","0.354",58.1
"Arcia, Orlando",606115,"ATL","FF","4-Seam Fastball",0,0,"677",29,"178","0.234","0.424","0.324",25.9,23,17.7,"0.197","0.372","0.286",47.9
"Witt Jr., Bobby",677951,"KC","FF","4-Seam Fastball",1.7,13,"757",29.1,"177","0.302","0.648","0.421",20.1,18.1,14.7,"0.291","0.673","0.427",57.7
"McNeil, Jeff",643446,"NYM","FF","4-Seam Fastball",-0.1,-1,"593",34.7,"177","0.248","0.433","0.33",12.5,12.4,14,"0.244","0.394","0.316",38
"France, Ty",664034,"CIN","FF","4-Seam Fastball",-0.5,-4,"726",35.8,"177","0.25","0.353","0.306",21.4,22,17.3,"0.226","0.344","0.295",42
"Merrill, Jackson",701538,"SD","FF","4-Seam Fastball",0.8,6,"708",32,"176","0.28","0.53","0.372",20.6,17,14.6,"0.295","0.623","0.401",45.6
"Blackmon, Charlie",453568,"COL","FF","4-Seam Fastball",0.3,2,"739",38.5,"175","0.245","0.471","0.353",15.6,16,13.4,"0.223","0.4","0.311",32.8
"Benintendi, Andrew",643217,"CWS","FF","4-Seam Fastball",-0.2,-2,"685",34.3,"175","0.225","0.411","0.33",22.2,20.6,18.1,"0.22","0.432","0.329",42.2
"Winker, Jesse",608385,"NYM","FF","4-Seam Fastball",-0.1,-1,"704",34.1,"175","0.242","0.366","0.319",20.5,21.1,16.4,"0.242","0.371","0.316",40.2
"Yastrzemski, Mike",573262,"SF","FF","4-Seam Fastball",-0.6,-4,"782",40.1,"174","0.187","0.413","0.299",26.3,29.3,22.5,"0.184","0.438","0.309",46.2
"Varsho, Daulton",662139,"TOR","FF","4-Seam Fastball",0.3,2,"710",34.8,"174","0.2","0.421","0.34",30.5,29.9,22.3,"0.17","0.332","0.301",36.7
"Guerrero Jr., Vladimir",665489,"TOR","FF","4-Seam Fastball",1.9,15,"787",30.3,"173","0.338","0.53","0.413",19.7,15,11.5,"0.318","0.605","0.433",61.1
"Vaughn, Andrew",683734,"CWS","FF","4-Seam Fastball",0.3,2,"693",29.7,"172","0.265","0.458","0.339",14.6,17.4,14.9,"0.276","0.568","0.382",49.6
"Díaz, Yandy",650490,"TB","FF","4-Seam Fastball",0.1,1,"799",32.5,"172","0.278","0.41","0.36",16,18.6,14.3,"0.273","0.436","0.363",63.2
"Langeliers, Shea",669127,"ATH","FF","4-Seam Fastball",-1.2,-8,"672",33.7,"172","0.192","0.364","0.289",21.9,31.4,27,"0.214","0.412","0.315",51.5
"Bohm, Alec",664761,"PHI","FF","4-Seam Fastball",0.8,5,"664",31.3,"172","0.303","0.477","0.372",16.7,16.9,15.3,"0.266","0.471","0.353",49.2
"Ortiz, Joey",687401,"MIL","FF","4-Seam Fastball",0,0,"694",32.7,"170","0.231","0.427","0.348",17.6,22.4,17.8,"0.237","0.387","0.335",49.1
"Schuemann, Max",680474,"ATH","FF","4-Seam Fastball",-1.6,-10,"616",33.6,"170","0.184","0.299","0.268",21.7,22.9,22.7,"0.221","0.405","0.319",45.9
"Smith, Will",669257,"LAD","FF","4-Seam Fastball",0.3,2,"781",34.4,"168","0.243","0.443","0.352",22.2,22.6,15.1,"0.232","0.522","0.377",60
"Machado, Manny",592518,"SD","FF","4-Seam Fastball",0.5,4,"731",30.6,"167","0.272","0.47","0.358",25.5,23.4,18.7,"0.267","0.535","0.375",61.6
"Betts, Mookie",605141,"LAD","FF","4-Seam Fastball",1.4,10,"716",35,"167","0.297","0.493","0.396",6.7,7.2,6,"0.282","0.479","0.388",44.1
"Marsh, Brandon",669016,"PHI","FF","4-Seam Fastball",0.1,0,"713",35.5,"167","0.25","0.429","0.353",25.5,31.7,24.7,"0.216","0.451","0.348",52.8
"Rodríguez, Julio",677594,"SEA","FF","4-Seam Fastball",1.2,8,"687",28.8,"167","0.329","0.471","0.374",26,25.7,19.5,"0.315","0.545","0.394",56.6
"Gelof, Zack",680869,"ATH","FF","4-Seam Fastball",-0.5,-3,"526",25.6,"166","0.223","0.453","0.321",31.3,33.1,35,"0.219","0.467","0.33",41.2
"Suzuki, Seiya",673548,"CHC","FF","4-Seam Fastball",0.8,6,"779",31,"166","0.261","0.5","0.385",22.7,26.5,18.2,"0.243","0.565","0.399",62.8
"Guerrero Jr., Vladimir",665489,"TOR","SI","Sinker",-0.4,-3,"595",22.9,"165","0.284","0.385","0.335",8.9,8.5,12.5,"0.304","0.465","0.373",53.3
"Soler, Jorge",624585,"ATL","FF","4-Seam Fastball",3,17,"582",24.7,"165","0.3","0.65","0.434",17.5,20.6,20,"0.268","0.652","0.433",54.6
"Swanson, Dansby",621020,"CHC","FF","4-Seam Fastball",0.2,1,"623",26.5,"165","0.252","0.441","0.345",23.8,20,17,"0.275","0.532","0.387",58.6
"Vierling, Matt",663837,"DET","FF","4-Seam Fastball",-0.3,-3,"814",35.4,"165","0.273","0.441","0.36",17.2,23,16.2,"0.265","0.438","0.351",50.9
"Castellanos, Nick",592206,"PHI","FF","4-Seam Fastball",0,0,"623",26.6,"165","0.265","0.408","0.33",23,18.8,16.1,"0.296","0.496","0.374",50.4
"Neto, Zach",687263,"LAA","FF","4-Seam Fastball",1,6,"575",25.1,"164","0.266","0.532","0.39",15.4,12.2,13.2,"0.292","0.578","0.418",44.2
"Toglia, Michael",669911,"COL","FF","4-Seam Fastball",1,6,"600",31.3,"163","0.227","0.511","0.36",22.5,30.7,25.9,"0.242","0.581","0.392",49.5
"Springer, George",543807,"TOR","FF","4-Seam Fastball",0.7,4,"580",25.2,"162","0.268","0.451","0.37",22,17.3,16.2,"0.288","0.543","0.393",49.6
"Abrams, CJ",682928,"WSH","FF","4-Seam Fastball",0.8,5,"609",26.9,"162","0.268","0.549","0.384",21,22.2,19.8,"0.246","0.464","0.347",43.5
"Hernández, Teoscar",606192,"LAD","FF","4-Seam Fastball",0.1,1,"733",28.1,"161","0.245","0.448","0.345",31.2,31.7,21.7,"0.238","0.491","0.352",56.5
"Sheets, Gavin",657757,"CWS","FF","4-Seam Fastball",-0.8,-5,"635",30.4,"160","0.232","0.387","0.309",15.9,13.8,10.9,"0.273","0.435","0.347",40.5
"Adell, Jo",666176,"LAA","FF","4-Seam Fastball",-1.2,-8,"632",34.3,"159","0.18","0.309","0.273",29.9,32.1,21.8,"0.198","0.352","0.288",43.3
"Schneider, Davis",676914,"TOR","FF","4-Seam Fastball",-1.2,-8,"687",35,"159","0.128","0.271","0.245",32.5,35.8,23,"0.17","0.38","0.304",47.4
"Rojas, Josh",668942,"SEA","FF","4-Seam Fastball",-0.7,-5,"631",33.2,"159","0.215","0.393","0.331",22.7,25.2,21.2,"0.217","0.411","0.331",50
"Perkins, Blake",663368,"MIL","FF","4-Seam Fastball",-1.1,-7,"663",38.2,"159","0.241","0.321","0.291",22.9,17.6,15.2,"0.24","0.347","0.304",33.6
"Turner, Trea",607208,"PHI","FF","4-Seam Fastball",-0.6,-3,"559",27.4,"159","0.241","0.386","0.303",16.5,15.7,13.9,"0.264","0.47","0.343",45.5
"India, Jonathan",663697,"CIN","SI","Sinker",0.4,2,"560",21.1,"159","0.267","0.389","0.367",8.5,14.5,17.6,"0.332","0.477","0.412",40.4
"Castellanos, Nick",592206,"PHI","SL","Slider",-0.4,-2,"542",23.1,"159","0.22","0.353","0.283",41.6,25.2,22.3,"0.221","0.326","0.262",26.4
"Greene, Riley",682985,"DET","FF","4-Seam Fastball",1.2,8,"711",29.6,"158","0.299","0.597","0.432",19.9,22.2,17.3,"0.292","0.62","0.432",51.5
"Alonso, Pete",624413,"NYM","SI","Sinker",0.1,1,"598",21.5,"157","0.281","0.407","0.361",10.9,13.4,21,"0.296","0.494","0.391",54.4
"Morel, Christopher",666624,"TB","FF","4-Seam Fastball",-0.7,-5,"673",28.6,"157","0.164","0.383","0.316",38.8,35.7,24.8,"0.192","0.423","0.343",54.8
"Abreu, Wilyer",677800,"BOS","FF","4-Seam Fastball",0.1,1,"719",39.8,"157","0.216","0.403","0.325",35.6,35.7,23.7,"0.173","0.36","0.293",53.8
"Harper, Bryce",547180,"PHI","FF","4-Seam Fastball",0.8,6,"768",31.1,"157","0.282","0.504","0.395",24.2,24.2,16,"0.266","0.496","0.386",55.9
"Bailey, Patrick",672275,"SF","FF","4-Seam Fastball",-0.7,-5,"613",34.4,"157","0.239","0.394","0.309",17.8,27.4,21.2,"0.244","0.432","0.321",53.5
"Peña, Jeremy",665161,"HOU","FF","4-Seam Fastball",-0.5,-3,"587",25.8,"157","0.282","0.394","0.337",16.8,12.1,11.4,"0.314","0.498","0.379",44.8
"Pérez, Wenceel",672761,"DET","FF","4-Seam Fastball",-0.3,-2,"632",36.4,"156","0.246","0.406","0.336",18.7,18.6,14.7,"0.241","0.393","0.321",30.6
"Devers, Rafael",646240,"BOS","FF","4-Seam Fastball",1.4,13,"904",38.1,"156","0.241","0.579","0.394",39.7,42.3,20.8,"0.212","0.483","0.348",70.6
"Ramos, Heliot",671218,"SF","FF","4-Seam Fastball",0.4,3,"676",33.7,"156","0.267","0.511","0.38",31.1,32.1,22,"0.258","0.613","0.404",64
"Chourio, Jackson",694192,"MIL","FF","4-Seam Fastball",0.3,2,"615",29.3,"156","0.27","0.475","0.354",24.7,23.7,20.3,"0.264","0.481","0.353",53.8
"McCarthy, Jake",664983,"AZ","FF","4-Seam Fastball",1.1,6,"572",32,"155","0.331","0.477","0.405",9.5,13.5,12.4,"0.257","0.391","0.344",22.8
"Perdomo, Geraldo",672695,"AZ","FF","4-Seam Fastball",0.3,2,"617",39.1,"154","0.285","0.423","0.366",10.3,10.4,9.2,"0.211","0.336","0.307",28.1
"Pham, Tommy",502054,"KC","FF","4-Seam Fastball",0.1,0,"592",30.8,"153","0.27","0.423","0.36",20.2,17.6,16.1,"0.309","0.54","0.399",53.6
"O'Hearn, Ryan",656811,"BAL","FF","4-Seam Fastball",1.1,7,"593",30.9,"153","0.288","0.453","0.367",9.3,14.4,13.2,"0.288","0.484","0.365",49.2
"DeJong, Paul",657557,"KC","FF","4-Seam Fastball",-0.8,-5,"617",33.3,"153","0.199","0.419","0.305",40.3,39.2,28.2,"0.176","0.401","0.287",53.8
"Kim, Ha-Seong",673490,"SD","FF","4-Seam Fastball",-0.7,-5,"651",32.8,"153","0.242","0.371","0.34",20.6,19.6,14.2,"0.263","0.407","0.37",49
"Bregman, Alex",608324,"HOU","SI","Sinker",-0.4,-2,"474",19.8,"152","0.295","0.41","0.356",9.6,9.9,14.6,"0.292","0.456","0.352",44
"Crawford, J.P.",641487,"SEA","FF","4-Seam Fastball",0.1,1,"673",35.2,"152","0.226","0.371","0.354",20.9,23,16.2,"0.253","0.428","0.368",48.3
"Ozuna, Marcell",542303,"ATL","SI","Sinker",1,5,"510",17.8,"152","0.313","0.493","0.384",13.9,17.1,20.6,"0.308","0.554","0.409",59.6
"Springer, George",543807,"TOR","SI","Sinker",-0.6,-3,"508",22.1,"152","0.239","0.343","0.323",15.5,10.5,15.5,"0.273","0.425","0.351",41.5
"Hoskins, Rhys",656555,"MIL","FF","4-Seam Fastball",1.2,8,"653",29.1,"152","0.227","0.492","0.371",25.9,30.9,22.2,"0.179","0.404","0.315",47.6
"Meyers, Jake",676694,"HOU","FF","4-Seam Fastball",0.3,1,"506",27.8,"152","0.248","0.474","0.339",14.9,15.1,15.8,"0.271","0.481","0.355",40.9
"Lux, Gavin",666158,"LAD","FF","4-Seam Fastball",0.2,1,"625",32.3,"152","0.286","0.429","0.363",17.5,19.1,15,"0.289","0.45","0.368",45.2
"Riley, Austin",663586,"ATL","FF","4-Seam Fastball",-0.4,-2,"636",34.9,"151","0.172","0.358","0.283",23.9,26.5,20.2,"0.238","0.539","0.364",56.8
"Machado, Manny",592518,"SD","SI","Sinker",1.1,6,"514",21.5,"151","0.364","0.521","0.412",9.6,7.9,11.5,"0.335","0.502","0.391",55
"Kelenic, Jarred",672284,"ATL","FF","4-Seam Fastball",-0.6,-4,"571",32.5,"151","0.239","0.442","0.328",27.7,25.8,22,"0.265","0.505","0.355",51.5
"Melendez, MJ",669004,"KC","FF","4-Seam Fastball",-1,-6,"677",36.7,"151","0.201","0.388","0.302",32.4,31.1,19.9,"0.228","0.467","0.339",51.7
"McCutchen, Andrew",457705,"PIT","FF","4-Seam Fastball",0.1,1,"598",27.6,"151","0.265","0.447","0.36",32,31.1,25.1,"0.228","0.438","0.336",45.9
"Walker, Christian",572233,"AZ","FF","4-Seam Fastball",0.7,5,"769",33.2,"151","0.228","0.496","0.359",29.4,31.8,19,"0.237","0.496","0.372",51.9
"Jeffers, Ryan",680777,"MIN","FF","4-Seam Fastball",0.9,5,"537",29.7,"151","0.228","0.433","0.328",15.2,21.2,18.8,"0.228","0.415","0.326",41.4
"Langford, Wyatt",694671,"TEX","FF","4-Seam Fastball",-0.8,-5,"671",29.7,"150","0.224","0.358","0.31",20.7,24.7,16.5,"0.26","0.484","0.357",57.7
"Moore, Dylan",664238,"SEA","FF","4-Seam Fastball",0.3,2,"568",31.5,"149","0.208","0.483","0.362",29.9,36.2,28.9,"0.153","0.368","0.309",43.3
"Butler, Lawrence",671732,"ATH","FF","4-Seam Fastball",0.4,3,"676",37.2,"148","0.242","0.477","0.348",25.1,25,18.4,"0.253","0.463","0.358",53.3
"Perez, Salvador",521692,"KC","FF","4-Seam Fastball",-0.2,-1,"581",25.2,"148","0.256","0.474","0.35",24.6,23,18.8,"0.283","0.638","0.414",54
"Contreras, William",661388,"MIL","SI","Sinker",1.6,8,"520",19.4,"147","0.341","0.512","0.416",13.5,10.2,12.7,"0.335","0.534","0.409",56.5
"Stephenson, Tyler",663886,"CIN","FF","4-Seam Fastball",2.1,11,"523",26.9,"146","0.29","0.58","0.397",16.7,21.9,20.1,"0.259","0.541","0.372",51
"Peña, Jeremy",665161,"HOU","SI","Sinker",-0.2,-1,"458",20.2,"146","0.304","0.385","0.33",9.6,10.3,16.1,"0.281","0.368","0.317",38
"Urshela, Gio",570482,"ATL","FF","4-Seam Fastball",0,0,"536",31.8,"145","0.256","0.414","0.329",21.1,18.6,16.4,"0.264","0.452","0.335",34.6
"O'Hoppe, Logan",681351,"LAA","FF","4-Seam Fastball",-1,-6,"536",27,"145","0.194","0.313","0.261",34.3,36.6,27.9,"0.21","0.448","0.309",53.1
"Cruz, Oneil",665833,"PIT","FF","4-Seam Fastball",1.7,10,"603",25.3,"145","0.354","0.577","0.425",20,17.9,14.3,"0.329","0.659","0.443",63.8
"Bohm, Alec",664761,"PHI","SI","Sinker",-1,-4,"437",20.6,"145","0.26","0.389","0.315",9.6,9.7,17.9,"0.324","0.488","0.382",51.3
"Pages, Andy",681624,"LAD","FF","4-Seam Fastball",-0.1,-1,"613",35.7,"145","0.242","0.387","0.322",24.9,31,21.3,"0.208","0.401","0.316",46.9
"Tellez, Rowdy",642133,"PIT","FF","4-Seam Fastball",-1.4,-8,"571",34.3,"145","0.202","0.355","0.303",15.2,20.7,21.6,"0.227","0.466","0.343",45.8
"Benson, Will",666181,"CIN","FF","4-Seam Fastball",-0.5,-3,"554",33.5,"144","0.184","0.416","0.301",32.1,34,25.3,"0.177","0.385","0.289",42.3
"Tovar, Ezequiel",678662,"COL","SL","Slider",1.5,6,"441",17.4,"144","0.262","0.518","0.341",38.6,32.6,28.1,"0.195","0.378","0.244",39.6
"Adames, Willy",642715,"MIL","SI","Sinker",0.4,2,"526",19.2,"144","0.308","0.485","0.377",16.4,14.6,19.1,"0.296","0.517","0.38",40
"Harris II, Michael",671739,"ATL","FF","4-Seam Fastball",-0.1,-1,"608",36.1,"143","0.263","0.429","0.332",16.4,16.1,12.8,"0.298","0.516","0.377",48.6
"Díaz, Yandy",650490,"TB","SI","Sinker",-0.1,0,"559",22.7,"143","0.282","0.366","0.344",9.7,14.7,19.3,"0.272","0.387","0.325",52.3
"Siri, Jose",642350,"TB","FF","4-Seam Fastball",1.3,7,"549",30.7,"143","0.207","0.496","0.349",45.3,40.6,27.8,"0.2","0.531","0.363",46.9
"Canha, Mark",592192,"SF","FF","4-Seam Fastball",-0.4,-2,"611",31.4,"143","0.226","0.313","0.311",22.8,21.7,15.7,"0.188","0.289","0.295",43.7
"Stephenson, Tyler",663886,"CIN","SI","Sinker",0.1,1,"470",24.2,"143","0.252","0.386","0.348",15.5,16.1,25,"0.266","0.425","0.343",46.2
"Steer, Spencer",668715,"CIN","SI","Sinker",-0.2,-1,"528",20.2,"143","0.268","0.457","0.351",13.2,14,18,"0.276","0.44","0.355",54.6
"Candelario, Jeimer",600869,"CIN","FF","4-Seam Fastball",2.9,15,"522",29.4,"142","0.288","0.616","0.407",23.6,19.7,16.8,"0.243","0.487","0.349",39.4
"Rafaela, Ceddanne",678882,"BOS","FF","4-Seam Fastball",-0.7,-4,"620",30,"142","0.218","0.444","0.299",37.9,38.7,23.6,"0.184","0.415","0.275",54.4
"O'Neill, Tyler",641933,"BOS","FF","4-Seam Fastball",1.9,11,"579",29.2,"142","0.238","0.557","0.384",30.6,31.7,21.6,"0.201","0.54","0.361",65.4
"Thomas, Lane",657041,"CLE","FF","4-Seam Fastball",0.9,5,"573",27.6,"141","0.264","0.504","0.38",19.8,30.5,22.9,"0.265","0.469","0.358",55
"Chapman, Matt",656305,"SF","SI","Sinker",0.7,3,"471",17.4,"141","0.283","0.417","0.37",12.2,12.8,16.4,"0.308","0.487","0.4",52
"Haniger, Mitch",571745,"SEA","FF","4-Seam Fastball",-1.3,-7,"543",30.9,"141","0.208","0.392","0.305",27.3,24.8,21.5,"0.216","0.417","0.318",45.6
"Morel, Christopher",666624,"TB","SI","Sinker",-2,-9,"429",18.2,"140","0.24","0.304","0.286",16.4,10.7,17.6,"0.28","0.408","0.342",44.1
"Martinez, J.D.",502110,"NYM","FF","4-Seam Fastball",0.4,3,"653",31.8,"140","0.222","0.47","0.357",19.5,30.7,19.3,"0.248","0.56","0.398",60.8
"Volpe, Anthony",683011,"NYY","SI","Sinker",0.1,0,"523",18.7,"140","0.312","0.424","0.368",11.9,12.9,15.9,"0.268","0.343","0.315",37
"Ruiz, Keibert",660688,"WSH","FF","4-Seam Fastball",-0.7,-3,"437",26.3,"140","0.239","0.403","0.295",6.9,8.6,10.7,"0.257","0.385","0.295",23.8
"Crow-Armstrong, Pete",691718,"CHC","FF","4-Seam Fastball",-0.6,-3,"498",35.1,"139","0.198","0.322","0.284",30.8,25.9,21.1,"0.2","0.386","0.294",47.2
"Nootbaar, Lars",663457,"STL","FF","4-Seam Fastball",0.2,1,"548",33,"139","0.248","0.462","0.365",14.5,19.4,16.5,"0.3","0.571","0.419",59.3
"Arraez, Luis",650333,"SD","SI","Sinker",-0.8,-3,"448",18.5,"138","0.305","0.352","0.312",4.7,2.2,3.4,"0.322","0.418","0.344",31.5
"Keith, Colt",690993,"DET","FF","4-Seam Fastball",0.2,1,"602",29.9,"138","0.312","0.408","0.358",16.3,15.9,14.8,"0.281","0.405","0.336",47.6
"Soto, Juan",665742,"NYY","SI","Sinker",3.4,16,"487",16.5,"138","0.379","0.707","0.506",14.5,13.8,17.9,"0.369","0.776","0.52",60.2
"McKinstry, Zach",656716,"DET","FF","4-Seam Fastball",-2.4,-11,"457",36.6,"138","0.165","0.223","0.236",16,17.4,16.4,"0.212","0.35","0.294",34.7
"García Jr., Luis",671277,"WSH","FF","4-Seam Fastball",-0.3,-2,"520",27.6,"137","0.294","0.397","0.328",14.3,12.4,11.8,"0.322","0.59","0.411",54.5
"Wade Jr., LaMonte",664774,"SF","FF","4-Seam Fastball",0.5,3,"626",38.2,"136","0.225","0.363","0.361",21.6,19.1,14.9,"0.281","0.51","0.419",48.7
"Young, Jacob",696285,"WSH","FF","4-Seam Fastball",-1.1,-6,"547",28,"136","0.254","0.336","0.29",15.6,18.4,17.2,"0.282","0.373","0.309",35
"Cronenworth, Jake",630105,"SD","SI","Sinker",-1.3,-6,"448",16.3,"136","0.242","0.315","0.31",9.3,11.8,15.1,"0.247","0.351","0.301",30.3
"Hoerner, Nico",663538,"CHC","SI","Sinker",0.6,3,"510",22,"136","0.294","0.403","0.388",4.3,4.4,6.5,"0.285","0.349","0.329",32.5
"Suárez, Eugenio",553993,"AZ","SI","Sinker",0.7,3,"464",18.3,"135","0.322","0.452","0.389",14.5,12.6,18.3,"0.318","0.522","0.402",45.5
"Moniak, Mickey",666160,"LAA","FF","4-Seam Fastball",-0.4,-2,"516",33.6,"135","0.198","0.405","0.283",31.3,27.4,20.4,"0.207","0.43","0.297",42.7
"Brown, Seth",664913,"ATH","FF","4-Seam Fastball",0.1,1,"482",31.1,"135","0.266","0.461","0.332",20,25.9,24.8,"0.268","0.517","0.346",52.1
"Toro, Abraham",647351,"ATH","FF","4-Seam Fastball",-0.8,-4,"506",36.3,"134","0.248","0.372","0.304",12.6,13.4,11.9,"0.25","0.413","0.32",24.8
"Tucker, Kyle",663656,"HOU","FF","4-Seam Fastball",3.6,18,"512",38,"134","0.324","0.695","0.481",13.1,9.7,9.4,"0.281","0.626","0.445",48.4
"Diaz, Yainer",673237,"HOU","FF","4-Seam Fastball",0,0,"629",29.6,"134","0.289","0.455","0.359",27,26.9,18.6,"0.277","0.452","0.345",60.5
"Polanco, Jorge",593871,"SEA","FF","4-Seam Fastball",-0.3,-2,"606",31.2,"133","0.212","0.407","0.318",19.4,26.3,19.3,"0.214","0.503","0.344",48.2
"Semien, Marcus",543760,"TEX","SI","Sinker",0.3,1,"427",16.3,"133","0.27","0.402","0.338",12.1,12,15.1,"0.299","0.459","0.358",39.6
"Tauchman, Mike",643565,"CHC","FF","4-Seam Fastball",-0.3,-2,"621",40.4,"133","0.198","0.327","0.334",23,24.1,15.4,"0.203","0.359","0.348",42.9
"Albies, Ozzie",645277,"ATL","FF","4-Seam Fastball",-0.2,-1,"547",33.2,"133","0.229","0.398","0.311",16.6,12,10.1,"0.245","0.477","0.343",37.9
"Burger, Jake",669394,"MIA","SI","Sinker",0.2,1,"429",20.6,"133","0.3","0.45","0.37",13.5,11.3,26.3,"0.282","0.421","0.344",41.9
"Rocchio, Brayan",677587,"CLE","FF","4-Seam Fastball",-0.6,-3,"561",33.6,"132","0.214","0.366","0.312",16.4,17.4,13.5,"0.195","0.332","0.286",22
"Wong, Connor",657136,"BOS","FF","4-Seam Fastball",-0.9,-6,"603",32.3,"132","0.246","0.314","0.304",27.8,30.3,20.1,"0.199","0.316","0.27",38
"Witt Jr., Bobby",677951,"KC","SL","Slider",0.9,5,"513",19.7,"132","0.303","0.451","0.362",30.1,16.7,14.4,"0.266","0.417","0.328",36.6
"Triolo, Jared",669707,"PIT","FF","4-Seam Fastball",-1.1,-6,"529",30,"132","0.179","0.33","0.278",26,29.5,21.3,"0.2","0.341","0.293",34.7
"Ramírez, José",608070,"CLE","CH","Changeup",1.2,6,"472",17.3,"131","0.267","0.5","0.345",16.3,9.9,8.8,"0.261","0.403","0.317",33.9
"Realmuto, J.T.",592663,"PHI","FF","4-Seam Fastball",-1,-5,"493",31.1,"131","0.25","0.375","0.308",21.5,26,21.7,"0.265","0.454","0.338",59.3
"Stanton, Giancarlo",519317,"NYY","FF","4-Seam Fastball",0.1,1,"569",31.1,"130","0.219","0.456","0.337",29.1,30.8,23.4,"0.214","0.527","0.353",56
"Arcia, Orlando",606115,"ATL","SI","Sinker",-1.6,-7,"454",19.5,"130","0.235","0.345","0.293",13.5,8.5,12.2,"0.241","0.362","0.303",33.9
"Mountcastle, Ryan",663624,"BAL","FF","4-Seam Fastball",0.9,5,"594",31.2,"130","0.316","0.504","0.383",24.7,25.4,17.3,"0.284","0.496","0.367",50
"Naylor, Bo",666310,"CLE","FF","4-Seam Fastball",-1.3,-7,"540",33.3,"129","0.161","0.381","0.267",27.8,32.6,23,"0.172","0.361","0.26",42.9
"Alonso, Pete",624413,"NYM","SL","Slider",-1.7,-9,"526",18.9,"129","0.138","0.207","0.195",38.1,31.8,22.2,"0.175","0.279","0.234",28.2
"Ohtani, Shohei",660271,"LAD","SI","Sinker",2.8,12,"439",15.5,"128","0.357","0.563","0.441",15.3,17.2,23.4,"0.337","0.575","0.432",61.1
"Witt Jr., Bobby",677951,"KC","SI","Sinker",3.4,13,"389",15,"128","0.381","0.628","0.466",8.1,7,12.2,"0.375","0.725","0.491",59.4
"Garver, Mitch",641598,"SEA","FF","4-Seam Fastball",1.7,8,"466",25.7,"128","0.236","0.536","0.37",26.3,32,24.3,"0.209","0.465","0.34",55.7
"Dubón, Mauricio",643289,"HOU","FF","4-Seam Fastball",-1.6,-8,"487",33.6,"128","0.239","0.282","0.265",23.9,18.8,16.4,"0.202","0.287","0.251",30.2
"Miranda, Jose",669304,"MIN","FF","4-Seam Fastball",1.4,6,"445",28.9,"127","0.315","0.586","0.41",16.3,11,12,"0.263","0.454","0.351",46.5
"Suzuki, Seiya",673548,"CHC","SI","Sinker",2.8,13,"480",19.1,"127","0.388","0.602","0.477",8.7,16.5,16.7,"0.337","0.56","0.442",55.4
"Lopez, Nicky",670032,"CWS","FF","4-Seam Fastball",1.4,7,"535",32.9,"127","0.34","0.437","0.408",12.4,8.7,9.2,"0.289","0.403","0.367",22.1
"Hernández, Teoscar",606192,"LAD","SL","Slider",-1.1,-6,"503",19.3,"126","0.205","0.402","0.27",45.2,36.5,27.5,"0.206","0.413","0.275",42.1
"Singleton, Jon",572138,"HOU","FF","4-Seam Fastball",0.4,2,"522",32.1,"126","0.275","0.422","0.374",15.8,19,16.7,"0.242","0.427","0.364",40.5
"Judge, Aaron",592450,"NYY","SI","Sinker",4.3,21,"481",16.7,"126","0.38","0.731","0.517",15.2,18.3,22.8,"0.364","0.807","0.523",71.8
"Isbel, Kyle",664728,"KC","FF","4-Seam Fastball",-0.3,-2,"512",32.4,"126","0.241","0.417","0.329",16.3,23,19.5,"0.247","0.39","0.33",42.7
"Yoshida, Masataka",807799,"BOS","FF","4-Seam Fastball",0.6,3,"508",31.9,"126","0.292","0.443","0.375",8.5,11.1,11.4,"0.269","0.446","0.364",41.5
"Caballero, José",676609,"TB","FF","4-Seam Fastball",-0.2,-1,"528",27.9,"126","0.229","0.45","0.332",24.6,30.2,20.9,"0.192","0.368","0.297",37.3
"Neto, Zach",687263,"LAA","SI","Sinker",-0.8,-3,"450",19.7,"126","0.252","0.378","0.337",14,11.1,18.2,"0.276","0.456","0.36",39.8
"Raleigh, Cal",663728,"SEA","CH","Changeup",0.1,1,"456",18.1,"125","0.22","0.441","0.291",34.6,24,18.8,"0.245","0.483","0.325",34.4
"McCutchen, Andrew",457705,"PIT","SI","Sinker",1.7,8,"479",22.1,"125","0.264","0.518","0.405",15.4,12.8,13,"0.266","0.529","0.377",44.2
"Soler, Jorge",624585,"ATL","SI","Sinker",0.9,4,"491",20.9,"125","0.28","0.47","0.412",16.7,12.8,17,"0.298","0.501","0.41",42.4
"Torres, Gleyber",650402,"NYY","SI","Sinker",2.5,11,"432",15.4,"125","0.436","0.636","0.491",14.8,13.6,15.6,"0.319","0.484","0.388",53.2
"Hernández, Teoscar",606192,"LAD","SI","Sinker",1,5,"503",19.3,"125","0.355","0.486","0.418",17.8,12.8,14.3,"0.313","0.519","0.408",51.6
"Semien, Marcus",543760,"TEX","SL","Slider",-1.3,-7,"534",20.3,"124","0.2","0.27","0.235",32.9,25.8,20.6,"0.184","0.238","0.218",19
"Altuve, Jose",514888,"HOU","SL","Slider",0.9,4,"445",18.1,"124","0.27","0.432","0.358",29.9,20.2,18,"0.244","0.391","0.318",29.1
"Contreras, Willson",575929,"STL","FF","4-Seam Fastball",1.2,6,"492",35.6,"124","0.296","0.469","0.407",31.8,29,21.3,"0.251","0.419","0.375",56.5
"Gorman, Nolan",669357,"STL","FF","4-Seam Fastball",-0.7,-4,"613",38.5,"124","0.176","0.352","0.278",34.9,41.1,24.5,"0.176","0.401","0.299",48.3
"Kiner-Falefa, Isiah",643396,"PIT","FF","4-Seam Fastball",0.1,1,"491",28.9,"124","0.304","0.409","0.341",10.9,13.7,12.6,"0.292","0.407","0.33",34.3
"Buxton, Byron",621439,"MIN","FF","4-Seam Fastball",2.5,11,"441",30.2,"124","0.324","0.657","0.445",22.7,19.4,17.6,"0.29","0.648","0.424",59.3
"Pederson, Joc",592626,"AZ","FF","4-Seam Fastball",2.4,13,"551",30.4,"123","0.291","0.602","0.428",28.5,31.7,24.5,"0.201","0.443","0.338",56.3
"Bogaerts, Xander",593428,"SD","FF","4-Seam Fastball",0.3,1,"478",26.7,"123","0.36","0.456","0.377",8.9,8.1,8.1,"0.283","0.387","0.317",39
"Diaz, Yainer",673237,"HOU","SL","Slider",-0.1,0,"382",18,"123","0.293","0.422","0.32",27.5,15.4,18.8,"0.294","0.477","0.339",48.5
"Peña, Jeremy",665161,"HOU","SL","Slider",-0.6,-3,"431",19,"123","0.248","0.402","0.293",35.9,26.8,21.9,"0.246","0.394","0.291",40
"Perez, Salvador",521692,"KC","SL","Slider",0.6,3,"429",18.6,"122","0.27","0.423","0.344",33.5,19.7,17.3,"0.259","0.477","0.341",40.9
"Arozarena, Randy",668227,"SEA","SI","Sinker",-0.2,-1,"525",18.9,"122","0.269","0.301","0.367",20.5,13.9,14.3,"0.277","0.376","0.396",50.6
"Ward, Taylor",621493,"LAA","SL","Slider",-1.2,-6,"516",19.9,"122","0.173","0.309","0.255",35.5,31.1,23.2,"0.193","0.337","0.275",30.1
"Altuve, Jose",514888,"HOU","SI","Sinker",-0.3,-1,"452",18.4,"122","0.304","0.393","0.338",13.9,8.2,13.7,"0.295","0.408","0.339",29.4
"Lowe, Josh",666139,"TB","FF","4-Seam Fastball",0.2,1,"585",35,"122","0.243","0.421","0.334",28.2,27.9,17,"0.245","0.459","0.348",57.5
"Fermin, Freddy",666023,"KC","FF","4-Seam Fastball",-1.2,-6,"472",32.9,"122","0.282","0.318","0.3",21,15.6,12.1,"0.236","0.331","0.285",35.5
"Turner, Justin",457759,"SEA","SI","Sinker",0.2,1,"470",20.3,"122","0.304","0.363","0.372",8,6.6,7.5,"0.264","0.348","0.335",30.2
"Doyle, Brenton",686668,"COL","SI","Sinker",2.4,10,"411",19,"121","0.367","0.615","0.448",12.3,10.7,17.6,"0.327","0.581","0.418",49
"Friedl, TJ",670770,"CIN","FF","4-Seam Fastball",0.6,3,"441",34.3,"121","0.243","0.466","0.351",14.4,9.9,11.1,"0.229","0.355","0.313",28
"Westburg, Jordan",676059,"BAL","FF","4-Seam Fastball",2.5,10,"401",24.5,"121","0.294","0.624","0.413",25.6,23.1,22,"0.29","0.653","0.423",54.9
"Ward, Taylor",621493,"LAA","SI","Sinker",-0.5,-2,"451",17.4,"121","0.279","0.413","0.344",15.5,15.7,22.1,"0.291","0.472","0.379",51.7
"Burger, Jake",669394,"MIA","FF","4-Seam Fastball",1.9,9,"484",23.3,"120","0.302","0.651","0.428",22.8,24.2,18.8,"0.272","0.671","0.423",64.1
"Hernández, Enrique",571771,"LAD","FF","4-Seam Fastball",-2.6,-12,"460",30.3,"120","0.162","0.261","0.215",19,18.3,15.7,"0.209","0.329","0.261",43.3
"Rodgers, Brendan",663898,"COL","SI","Sinker",-1.9,-8,"402",19.3,"120","0.267","0.345","0.293",12.2,15,24.7,"0.243","0.328","0.27",43.9
"Paredes, Isaac",670623,"CHC","SI","Sinker",1.4,7,"495",17.4,"120","0.309","0.532","0.426",11.2,15,12.9,"0.246","0.402","0.368",33.8
"Langford, Wyatt",694671,"TEX","SI","Sinker",0.3,1,"437",19.4,"120","0.291","0.427","0.36",14.9,15.8,22.1,"0.278","0.424","0.355",40
"Freeman, Freddie",518692,"LAD","SI","Sinker",-0.9,-4,"458",18.2,"120","0.255","0.382","0.333",10.7,6.7,6.8,"0.288","0.45","0.38",51.6
"Garcia, Maikel",672580,"KC","SI","Sinker",-1.5,-6,"423",17.9,"120","0.262","0.364","0.303",6.9,10.8,14.8,"0.272","0.376","0.315",49
"Young, Jacob",696285,"WSH","SI","Sinker",0.5,2,"434",22.2,"120","0.349","0.453","0.404",14.1,12.5,15.3,"0.287","0.377","0.338",34.8
"Rodgers, Brendan",663898,"COL","FF","4-Seam Fastball",0.8,4,"513",24.7,"119","0.351","0.523","0.407",18.8,26.9,18.9,"0.274","0.449","0.336",49.4
"Carroll, Corbin",682998,"AZ","SI","Sinker",1.5,6,"392",14.8,"119","0.291","0.447","0.375",10.7,14.3,21.8,"0.239","0.369","0.322",46
"Rafaela, Ceddanne",678882,"BOS","SL","Slider",0.6,2,"394",19,"119","0.331","0.432","0.352",31.5,16.8,16,"0.279","0.377","0.29",29.6
"Clement, Ernie",676391,"TOR","FF","4-Seam Fastball",-0.8,-3,"408",28.2,"119","0.259","0.464","0.331",16.5,14.3,16,"0.211","0.371","0.263",23.5
"Swanson, Dansby",621020,"CHC","SI","Sinker",-1.2,-5,"417",17.7,"119","0.229","0.371","0.317",21.1,16.8,21.5,"0.282","0.477","0.37",47.1
"Espinal, Santiago",669289,"CIN","FF","4-Seam Fastball",-0.9,-5,"497",33,"119","0.236","0.396","0.305",10.8,12.6,10.7,"0.247","0.37","0.301",21.3
"Larnach, Trevor",663616,"MIN","FF","4-Seam Fastball",0.3,1,"441",28,"118","0.25","0.45","0.353",16.1,14.4,14.8,"0.314","0.617","0.437",53.6
"Bader, Harrison",664056,"NYM","FF","4-Seam Fastball",0.2,1,"432",26.2,"118","0.272","0.427","0.351",16.8,24.6,22.3,"0.246","0.424","0.339",41.9
"Massey, Michael",686681,"KC","FF","4-Seam Fastball",0.3,2,"487",36.6,"118","0.241","0.481","0.36",15.1,13.6,10.8,"0.236","0.44","0.323",37
"Kepler, Max",596146,"MIN","FF","4-Seam Fastball",-0.5,-2,"459",30.6,"118","0.269","0.407","0.334",21.4,15.3,13.5,"0.266","0.463","0.344",43.3
"Rodríguez, Julio",677594,"SEA","SI","Sinker",0.9,4,"402",16.9,"118","0.296","0.463","0.405",18.4,12.7,15,"0.326","0.541","0.405",58.1
"Arenado, Nolan",571448,"STL","SI","Sinker",0.4,2,"438",17.9,"118","0.316","0.411","0.375",11.2,5.1,8.6,"0.271","0.392","0.355",40.2
"Ohtani, Shohei",660271,"LAD","SL","Slider",4,18,"442",15.6,"117","0.314","0.838","0.497",40.8,26.5,21.4,"0.298","0.818","0.485",60.8
"Henderson, Gunnar",683002,"BAL","SI","Sinker",0.3,2,"462",16,"117","0.305","0.421","0.385",11.9,12.8,14.6,"0.287","0.415","0.383",51.9
"Drury, Brandon",592273,"LAA","FF","4-Seam Fastball",-2.6,-12,"475",34,"116","0.152","0.21","0.209",28.2,32.8,23.5,"0.18","0.291","0.25",37.3
"Tatis Jr., Fernando",665487,"SD","SI","Sinker",0.7,3,"359",23.1,"116","0.288","0.442","0.355",13,11.2,15.7,"0.355","0.585","0.437",51.6
"Fry, David",681807,"CLE","FF","4-Seam Fastball",2.4,10,"434",28.6,"116","0.288","0.596","0.413",26.4,26.7,21.1,"0.269","0.498","0.364",42.5
"Rutschman, Adley",668939,"BAL","CH","Changeup",0.3,1,"419",16.2,"116","0.226","0.321","0.266",19.6,12.1,9.9,"0.266","0.362","0.302",24.5
"Nimmo, Brandon",607043,"NYM","SI","Sinker",-1.4,-6,"452",16.5,"116","0.206","0.284","0.282",13.8,14.7,15.6,"0.244","0.394","0.326",38.8
"Fitzgerald, Tyler",666149,"SF","FF","4-Seam Fastball",1.5,6,"372",28,"115","0.33","0.575","0.41",21.9,28.7,30,"0.262","0.483","0.345",43.8
"Robert Jr., Luis",673357,"CWS","FF","4-Seam Fastball",-0.5,-2,"469",29.1,"115","0.245","0.441","0.332",33.6,32.2,27.8,"0.237","0.523","0.365",57.6
"Freeman, Tyler",671289,"CLE","FF","4-Seam Fastball",-2,-9,"465",33.7,"115","0.179","0.211","0.272",14,14.8,14.3,"0.24","0.324","0.327",26.9
"Arenado, Nolan",571448,"STL","SL","Slider",-0.8,-3,"407",16.6,"115","0.224","0.308","0.253",25.9,25.2,20.4,"0.228","0.317","0.267",36.3
"Seager, Corey",608369,"TEX","FF","4-Seam Fastball",1,5,"463",24.7,"115","0.239","0.523","0.338",21.5,24.3,18.9,"0.246","0.618","0.378",61.7
"Garcia, Maikel",672580,"KC","SL","Slider",0,0,"434",18.4,"115","0.273","0.336","0.294",18.6,12.2,10.9,"0.258","0.334","0.281",32.3
"Hamilton, David",666152,"BOS","FF","4-Seam Fastball",0.7,3,"364",30.6,"114","0.252","0.524","0.362",24.5,27.2,26.7,"0.2","0.373","0.288",34.7
"Fraley, Jake",641584,"CIN","FF","4-Seam Fastball",0.2,1,"392",29.5,"114","0.333","0.431","0.364",9.8,9.6,9.3,"0.288","0.403","0.348",24.7
"Rodríguez, Julio",677594,"SEA","SL","Slider",-0.3,-1,"426",17.9,"114","0.286","0.333","0.308",32.9,22.8,17.4,"0.276","0.437","0.34",40.5
"Jones, Nolan",666134,"COL","FF","4-Seam Fastball",0.1,0,"543",41.7,"114","0.226","0.333","0.32",26.4,36,21,"0.18","0.294","0.3",52.8
"Horwitz, Spencer",687462,"TOR","FF","4-Seam Fastball",1.3,7,"516",32.6,"114","0.316","0.516","0.414",18.4,20.2,12.8,"0.248","0.427","0.357",37.5
"Langford, Wyatt",694671,"TEX","SL","Slider",-0.8,-3,"427",18.9,"113","0.221","0.375","0.286",26,21.2,18.6,"0.246","0.432","0.319",38.3
"Vierling, Matt",663837,"DET","SI","Sinker",-0.8,-3,"408",17.7,"113","0.266","0.404","0.313",10.1,18.6,22.1,"0.261","0.389","0.295",48.3
"Goldschmidt, Paul",502671,"STL","SI","Sinker",1.1,5,"443",16.3,"113","0.297","0.515","0.411",16,15.9,16.2,"0.29","0.52","0.385",45.8
"Walls, Taylor",670764,"TB","FF","4-Seam Fastball",-1.4,-6,"424",41.2,"113","0.215","0.29","0.287",23.8,23.9,20.6,"0.205","0.311","0.293",34.8
"Kiner-Falefa, Isiah",643396,"PIT","SI","Sinker",-0.8,-3,"395",23.2,"113","0.257","0.371","0.312",9.3,13.3,23.8,"0.252","0.369","0.294",26.1
"Wells, Austin",669224,"NYY","FF","4-Seam Fastball",-0.8,-4,"475",29,"113","0.189","0.379","0.321",25.2,23.9,18.8,"0.221","0.496","0.365",45.6
"Lopez, Otto",672640,"MIA","FF","4-Seam Fastball",-1.1,-5,"429",27.8,"113","0.248","0.327","0.291",21.5,23,19.4,"0.276","0.446","0.338",53.8
"d'Arnaud, Travis",518595,"ATL","FF","4-Seam Fastball",-0.1,0,"473",35,"113","0.233","0.447","0.305",33.7,31.9,26.7,"0.246","0.475","0.333",48.6
"Ortiz, Joey",687401,"MIL","SI","Sinker",-0.7,-3,"470",22.1,"112","0.234","0.277","0.319",4.6,8,9.5,"0.239","0.312","0.313",33.3
"Winn, Masyn",691026,"STL","SI","Sinker",0.7,3,"444",17.4,"112","0.374","0.551","0.423",7.4,8.9,9.6,"0.354","0.487","0.386",40.8
"Verdugo, Alex",657077,"NYY","SI","Sinker",0.2,1,"404",17.3,"112","0.324","0.471","0.376",6.5,7.1,9.8,"0.286","0.432","0.344",40
"Torkelson, Spencer",679529,"DET","FF","4-Seam Fastball",-0.2,-1,"459",29,"111","0.226","0.441","0.342",20.1,21.6,17,"0.208","0.402","0.324",42.9
"Kim, Ha-Seong",673490,"SD","SI","Sinker",-1.2,-5,"424",21.4,"111","0.242","0.343","0.311",9.6,15.3,14.2,"0.244","0.335","0.293",36.5
"Duran, Jarren",680776,"BOS","SL","Slider",0.5,2,"388",13.6,"111","0.221","0.413","0.319",33.5,32.4,24.7,"0.211","0.39","0.284",30.4
"Thomas, Lane",657041,"CLE","SI","Sinker",-0.1,0,"406",19.5,"111","0.279","0.462","0.336",9.6,15.3,18.7,"0.255","0.4","0.312",46.1
"Profar, Jurickson",595777,"SD","SI","Sinker",-0.6,-2,"396",14.5,"110","0.239","0.38","0.332",8.4,13.6,14.2,"0.271","0.47","0.373",56.3
"Rizzo, Anthony",519203,"NYY","FF","4-Seam Fastball",-0.4,-2,"433",30.2,"110","0.242","0.347","0.318",19.7,18.2,13.9,"0.246","0.363","0.325",35.5
"Rortvedt, Ben",666163,"TB","FF","4-Seam Fastball",-0.6,-3,"500",36.8,"110","0.227","0.295","0.326",16.4,17.3,13,"0.208","0.351","0.332",31.9
"Contreras, William",661388,"MIL","SL","Slider",0.5,2,"418",15.6,"110","0.255","0.363","0.324",35.4,22.7,18,"0.233","0.391","0.303",39
"Chourio, Jackson",694192,"MIL","SI","Sinker",0.2,1,"448",21.3,"110","0.277","0.436","0.346",20.9,17.3,21.3,"0.247","0.352","0.302",43.9
"Diaz, Yainer",673237,"HOU","SI","Sinker",2.8,9,"324",15.2,"109","0.419","0.552","0.445",8.3,7.3,14.5,"0.356","0.471","0.372",53.1
"Vientos, Mark",668901,"NYM","FF","4-Seam Fastball",3.4,13,"385",21.9,"109","0.319","0.67","0.461",28.8,27.5,21.9,"0.298","0.679","0.444",64.6
"Happ, Ian",664023,"CHC","CH","Changeup",-1,-4,"447",16.4,"109","0.212","0.24","0.223",40.1,28.4,23.5,"0.227","0.306","0.259",24.7
"Merrifield, Whit",593160,"ATL","FF","4-Seam Fastball",-2.1,-9,"439",33,"109","0.165","0.264","0.269",9.2,12.8,11.5,"0.206","0.334","0.309",24.7
"Schwarber, Kyle",656941,"PHI","SL","Slider",1.5,7,"483",16.9,"109","0.25","0.479","0.359",40.7,38.5,25,"0.214","0.41","0.307",58.9
"Rooker, Brent",667670,"ATH","SL","Slider",3.7,16,"416",17.5,"109","0.313","0.657","0.449",46,31.2,25.2,"0.255","0.609","0.398",46.2
"Donovan, Brendan",680977,"STL","SI","Sinker",0.4,2,"397",16,"109","0.274","0.389","0.357",5.7,8.3,10.5,"0.294","0.445","0.37",53.5
"Greene, Riley",682985,"DET","CH","Changeup",-0.1,0,"378",15.7,"108","0.237","0.361","0.296",36.8,32.4,25,"0.205","0.352","0.279",34.9
"Steer, Spencer",668715,"CIN","SL","Slider",1.2,5,"385",14.7,"108","0.222","0.374","0.331",32.8,26.9,20.6,"0.23","0.422","0.323",33.8
"Neto, Zach",687263,"LAA","SL","Slider",0.9,4,"423",18.5,"108","0.277","0.554","0.359",42.1,32.4,23.5,"0.217","0.402","0.285",39.1
"Smith, Will",669257,"LAD","SI","Sinker",1.7,7,"429",18.9,"108","0.309","0.526","0.388",11.5,13,13.7,"0.311","0.593","0.41",53.6
"Tatis Jr., Fernando",665487,"SD","FF","4-Seam Fastball",2.8,12,"437",28.2,"108","0.297","0.648","0.451",26.4,18.5,16.9,"0.33","0.723","0.483",69
"Hoskins, Rhys",656555,"MIL","SI","Sinker",-0.1,-1,"444",19.8,"108","0.244","0.367","0.324",13.8,17.6,17,"0.24","0.401","0.338",38.4
"Triolo, Jared",669707,"PIT","SI","Sinker",-0.5,-2,"357",20.2,"107","0.256","0.278","0.338",8.7,14,17.2,"0.311","0.436","0.382",52.6
"Palacios, Richie",680700,"TB","FF","4-Seam Fastball",-0.8,-4,"433",33.8,"107","0.184","0.218","0.278",25.5,26.2,18.9,"0.195","0.286","0.301",35.6
"García, Adolis",666969,"TEX","SI","Sinker",0,0,"459",18.1,"107","0.196","0.435","0.352",21.9,14,17.6,"0.239","0.448","0.348",50
"Smith, Josh",669701,"TEX","SI","Sinker",-0.6,-2,"317",13.6,"107","0.308","0.33","0.343",6.2,8.4,12.9,"0.353","0.466","0.407",48.2
"De La Cruz, Bryan",650559,"PIT","SL","Slider",-1.6,-8,"467",19.5,"107","0.176","0.245","0.233",37.1,29.9,21.5,"0.212","0.352","0.266",32.9
"Chapman, Matt",656305,"SF","SL","Slider",1.1,5,"479",17.7,"107","0.248","0.505","0.347",32.4,34.6,21.4,"0.208","0.386","0.28",38.5
"Schwarber, Kyle",656941,"PHI","SI","Sinker",2.7,11,"417",14.6,"107","0.384","0.535","0.461",23.1,15.9,19.5,"0.322","0.509","0.418",57.1
"Vázquez, Christian",543877,"MIN","FF","4-Seam Fastball",-2.3,-9,"380",33.3,"106","0.196","0.309","0.249",15.8,20.8,18.6,"0.205","0.341","0.263",42.3
"France, Ty",664034,"CIN","SI","Sinker",-0.6,-2,"353",17.4,"106","0.245","0.408","0.32",11.6,12.3,15.7,"0.283","0.475","0.352",38.8
"Volpe, Anthony",683011,"NYY","SL","Slider",-0.6,-3,"455",16.3,"106","0.243","0.379","0.294",27.5,19.8,16.5,"0.23","0.348","0.263",23.2
"Westburg, Jordan",676059,"BAL","SI","Sinker",0.3,1,"306",18.7,"106","0.247","0.495","0.338",13.6,13.2,19.7,"0.298","0.526","0.381",47.6
"Suárez, Eugenio",553993,"AZ","SL","Slider",-1,-4,"428",16.8,"106","0.168","0.426","0.277",40.5,40.6,31.6,"0.177","0.36","0.243",37.3
"Renfroe, Hunter",592669,"KC","FF","4-Seam Fastball",0.7,3,"422",25.5,"106","0.266","0.543","0.374",16.9,15.1,12.9,"0.243","0.495","0.354",51.9
"Kirk, Alejandro",672386,"TOR","FF","4-Seam Fastball",-0.1,-1,"479",32,"106","0.232","0.317","0.34",16.2,15.1,11.3,"0.242","0.432","0.374",43.5
"Sosa, Lenyn",672820,"CWS","FF","4-Seam Fastball",-1.4,-7,"483",35.1,"106","0.214","0.316","0.254",19.9,25.5,18,"0.269","0.456","0.335",53.4
"Judge, Aaron",592450,"NYY","SL","Slider",1.4,7,"485",16.8,"106","0.25","0.475","0.405",44.3,25.5,18.8,"0.267","0.555","0.428",48.1
"Naylor, Josh",647304,"CLE","CH","Changeup",0.1,0,"383",16.8,"106","0.229","0.448","0.333",31.3,19.8,21,"0.238","0.433","0.327",40
"Raley, Luke",670042,"SEA","FF","4-Seam Fastball",3.2,15,"456",26.6,"105","0.352","0.773","0.505",29.6,21.9,15.5,"0.291","0.695","0.456",47
"Naylor, Josh",647304,"CLE","SI","Sinker",-0.5,-1,"290",12.7,"105","0.255","0.383","0.332",15.8,10.5,18.3,"0.259","0.428","0.341",34.9
"Martinez, J.D.",502110,"NYM","SL","Slider",-0.4,-2,"434",21.2,"105","0.207","0.283","0.285",38.6,27.6,18.2,"0.231","0.394","0.324",30.2
"Vaughn, Andrew",683734,"CWS","SL","Slider",0.6,2,"417",17.8,"105","0.265","0.382","0.309",31.3,24.8,20.6,"0.257","0.422","0.303",35.5
"Moreno, Gabriel",672515,"AZ","FF","4-Seam Fastball",0,0,"486",31.7,"105","0.303","0.416","0.365",17.3,14.3,10.8,"0.26","0.412","0.346",44
"Bell, Josh",605137,"AZ","CH","Changeup",-0.9,-4,"407",18.2,"105","0.206","0.278","0.259",34.2,22.9,20,"0.193","0.301","0.247",29.7
"Rojas, Johan",679032,"PHI","FF","4-Seam Fastball",-0.6,-2,"392",29.5,"104","0.277","0.34","0.317",14.9,16.3,14,"0.274","0.373","0.322",30.8
"Wong, Connor",657136,"BOS","SL","Slider",-0.1,0,"307",16.5,"104","0.206","0.371","0.272",37.9,27.9,26.9,"0.201","0.376","0.272",37.7
"Tovar, Ezequiel",678662,"COL","SI","Sinker",-0.7,-3,"387",15.3,"104","0.278","0.515","0.348",20.4,13.5,20.3,"0.269","0.435","0.323",41.7
"Bauers, Jake",641343,"MIL","FF","4-Seam Fastball",0.3,1,"540",35.7,"104","0.244","0.5","0.365",23.6,29.8,17,"0.246","0.503","0.367",54.2
"Reynolds, Bryan",668804,"PIT","SI","Sinker",0.9,3,"395",15.2,"104","0.311","0.467","0.402",16.6,11.5,12,"0.301","0.505","0.395",37.2
"Betts, Mookie",605141,"LAD","SI","Sinker",1.8,6,"367",17.9,"104","0.333","0.529","0.434",5.9,5.8,7.3,"0.363","0.626","0.467",44.4
"De La Cruz, Elly",682829,"CIN","CH","Changeup",-0.1,0,"405",14.7,"104","0.242","0.384","0.289",40.5,28.8,25.2,"0.241","0.363","0.281",23.2
"Devers, Rafael",646240,"BOS","SI","Sinker",0.4,1,"357",15,"104","0.316","0.516","0.372",14.9,14.4,17.4,"0.287","0.485","0.356",45.1
"Siani, Michael",672279,"STL","FF","4-Seam Fastball",-0.6,-3,"420",32.6,"103","0.318","0.398","0.374",22.6,26.2,20.8,"0.256","0.34","0.313",31.3
"Duran, Jarren",680776,"BOS","SI","Sinker",1.7,7,"404",14.2,"103","0.398","0.548","0.449",12,10.7,14.1,"0.35","0.52","0.407",50
"Gallo, Joey",608336,"WSH","FF","4-Seam Fastball",-1.9,-8,"410",38.1,"103","0.161","0.301","0.247",36,44.7,36.2,"0.151","0.327","0.244",47.9
"Joe, Connor",656582,"PIT","FF","4-Seam Fastball",0.5,2,"440",26.7,"103","0.244","0.411","0.367",18.6,16.5,13,"0.228","0.357","0.308",37
"Walker, Christian",572233,"AZ","SI","Sinker",0.7,3,"364",15.7,"103","0.282","0.471","0.375",8.3,7.8,9.2,"0.328","0.574","0.439",54.4
"Taylor, Chris",621035,"LAD","FF","4-Seam Fastball",-1.4,-6,"396",37.9,"103","0.211","0.3","0.282",27.5,29.1,21.9,"0.226","0.372","0.302",23.8
"Pillar, Kevin",607680,"LAA","FF","4-Seam Fastball",-1,-4,"394",32.7,"103","0.195","0.333","0.281",18.8,22.3,18.7,"0.183","0.295","0.266",29.9
"Frazier, Adam",624428,"KC","FF","4-Seam Fastball",-0.4,-1,"413",34.1,"103","0.23","0.368","0.331",14.6,13.6,10.4,"0.243","0.357","0.328",25.7
"Morel, Christopher",666624,"TB","SL","Slider",-0.3,-1,"440",18.7,"103","0.178","0.322","0.283",43.3,29.1,20.4,"0.195","0.331","0.285",35
"Rodgers, Brendan",663898,"COL","SL","Slider",-1.8,-7,"406",19.5,"103","0.168","0.297","0.207",41.8,38.8,27.6,"0.158","0.262","0.193",39.3
"Turner, Trea",607208,"PHI","SL","Slider",0.9,4,"414",20.3,"102","0.306","0.429","0.347",35,21.6,17.1,"0.242","0.329","0.269",34.2
"Meyers, Jake",676694,"HOU","SL","Slider",-1.7,-6,"377",20.7,"102","0.17","0.261","0.25",43.3,28.4,28.2,"0.206","0.346","0.296",35.5
"Marte, Ketel",606466,"AZ","CH","Changeup",0.3,1,"385",17.9,"102","0.237","0.454","0.321",20.6,13.7,13.7,"0.312","0.494","0.366",41
"Yelich, Christian",592885,"MIL","FF","4-Seam Fastball",1.4,6,"389",30.7,"102","0.349","0.535","0.431",14.1,16.7,13.3,"0.307","0.528","0.411",52.2
"Perez, Salvador",521692,"KC","SI","Sinker",1.2,4,"327",14.2,"102","0.33","0.58","0.418",8.8,3.9,7.1,"0.356","0.677","0.456",56.3
"Rojas, Miguel",500743,"LAD","FF","4-Seam Fastball",0.7,2,"352",29.1,"102","0.293","0.478","0.368",4,9.8,11.9,"0.285","0.405","0.334",30.1
"Margot, Manuel",622534,"MIN","FF","4-Seam Fastball",-0.5,-2,"466",35.6,"101","0.279","0.395","0.343",17.3,11.9,9.4,"0.308","0.458","0.375",38.2
"Lee, Korey",686676,"CWS","FF","4-Seam Fastball",-0.9,-4,"445",31.1,"101","0.215","0.387","0.291",35.2,37.6,24.5,"0.189","0.351","0.267",45.5
"Caratini, Victor",605170,"HOU","FF","4-Seam Fastball",0.4,1,"340",32.7,"101","0.261","0.443","0.379",14.6,11.9,13.2,"0.273","0.436","0.356",47.4
"Díaz, Yandy",650490,"TB","SL","Slider",-1,-4,"360",14.6,"101","0.232","0.284","0.26",10.8,9.9,8.8,"0.249","0.413","0.307",40.7
"Harper, Bryce",547180,"PHI","SL","Slider",0,0,"348",14.1,"101","0.22","0.407","0.31",36.1,32.7,28,"0.203","0.407","0.297",52.5
"Heyward, Jason",518792,"HOU","FF","4-Seam Fastball",-0.2,-1,"345",33.7,"101","0.226","0.452","0.321",17.5,22.8,22.1,"0.247","0.4","0.311",48.6
"Amaya, Miguel",665804,"CHC","FF","4-Seam Fastball",-1.1,-4,"358",27.8,"100","0.222","0.344","0.302",15.9,16,14.8,"0.265","0.434","0.34",44.6
"Jansen, Danny",643376,"BOS","FF","4-Seam Fastball",-0.5,-2,"432",31.6,"100","0.171","0.329","0.322",17.6,18,12.3,"0.186","0.373","0.344",35.6
"Duvall, Adam",594807,"ATL","FF","4-Seam Fastball",-1.2,-5,"376",30,"100","0.176","0.341","0.284",28.2,32,27.4,"0.186","0.428","0.319",44.4
"O'Hoppe, Logan",681351,"LAA","SI","Sinker",0.8,3,"354",17.9,"100","0.321","0.488","0.417",13.5,9,14.3,"0.329","0.541","0.421",48.7
"Reynolds, Bryan",668804,"PIT","CH","Changeup",2.1,9,"414",15.9,"100","0.312","0.441","0.369",40,22,18.6,"0.262","0.391","0.321",32.4
"Lowe, Nathaniel",663993,"TEX","SI","Sinker",-0.1,0,"382",16.2,"100","0.297","0.396","0.351",11.6,15,16.1,"0.284","0.386","0.332",47.4
"García, Adolis",666969,"TEX","SL","Slider",-0.3,-1,"347",13.7,"100","0.263","0.455","0.313",34.7,28,23.7,"0.235","0.399","0.277",33.8
"Bleday, JJ",668709,"ATH","CH","Changeup",-0.9,-4,"375",15.1,"100","0.194","0.258","0.233",40.2,29,26.9,"0.204","0.34","0.269",31.3
"Chourio, Jackson",694192,"MIL","SL","Slider",2.3,8,"355",16.9,"100","0.326","0.533","0.381",32.6,20,17.7,"0.294","0.439","0.334",48.6
"Lowe, Brandon",664040,"TB","FF","4-Seam Fastball",1,5,"500",30.8,"100","0.267","0.567","0.393",27.1,24,16.3,"0.279","0.632","0.415",56.1
"Bohm, Alec",664761,"PHI","SL","Slider",1.2,4,"341",16.1,"100","0.316","0.505","0.363",21.1,14,16.1,"0.303","0.434","0.333",41.5
"Estrada, Thairo",642731,"SF","FF","4-Seam Fastball",0.6,2,"341",26.1,"100","0.255","0.447","0.35",13.8,20,20.4,"0.248","0.411","0.307",33.8
"Vargas, Ildemaro",545121,"WSH","FF","4-Seam Fastball",0,0,"320",30.2,"99","0.318","0.409","0.339",7.6,8.1,11.1,"0.301","0.405","0.338",39.8
"Winn, Masyn",691026,"STL","SL","Slider",-0.7,-3,"393",15.4,"99","0.219","0.313","0.247",27.2,23.2,19.2,"0.195","0.267","0.211",21.6
"Chisholm Jr., Jazz",665862,"NYY","SI","Sinker",0.5,2,"366",14.7,"99","0.292","0.472","0.384",16.4,14.1,16.1,"0.274","0.465","0.358",40
"Kwan, Steven",680757,"CLE","SI","Sinker",0.6,2,"365",16.9,"99","0.33","0.455","0.382",4.8,8.1,10.3,"0.323","0.45","0.378",32.5
"Vaughn, Andrew",683734,"CWS","SI","Sinker",0.1,0,"328",14,"99","0.322","0.522","0.393",11.2,11.1,17.7,"0.282","0.507","0.372",57
"Nimmo, Brandon",607043,"NYM","SL","Slider",-0.6,-2,"357",13,"99","0.17","0.284","0.251",35.4,37.4,27.6,"0.187","0.337","0.28",41.2
"Merrill, Jackson",701538,"SD","SI","Sinker",0.1,0,"352",15.9,"99","0.322","0.467","0.374",14.6,10.1,11.9,"0.335","0.602","0.418",50
"De La Cruz, Bryan",650559,"PIT","SI","Sinker",0.2,1,"369",15.4,"99","0.267","0.422","0.332",18.2,13.1,16.3,"0.266","0.446","0.335",45.6
"Refsnyder, Rob",608701,"BOS","FF","4-Seam Fastball",1.6,6,"386",32.1,"99","0.291","0.523","0.385",22.8,24.2,19.4,"0.287","0.55","0.394",57.1
"Rafaela, Ceddanne",678882,"BOS","SI","Sinker",-1.4,-5,"333",16.1,"99","0.301","0.323","0.318",18.4,10.1,14.9,"0.286","0.361","0.308",36.9
"India, Jonathan",663697,"CIN","SL","Slider",-0.6,-2,"438",16.5,"99","0.178","0.333","0.255",28.1,26.3,17.8,"0.159","0.252","0.217",21.2
"Walker, Christian",572233,"AZ","SL","Slider",-0.1,-1,"395",17.1,"98","0.217","0.37","0.271",31.5,28.6,21.9,"0.218","0.433","0.295",40
"Rogers, Jake",668670,"DET","FF","4-Seam Fastball",1.4,5,"371",29.5,"98","0.233","0.523","0.362",34.9,35.7,28,"0.199","0.544","0.356",54.9
"Turner, Trea",607208,"PHI","SI","Sinker",3.1,10,"309",15.1,"98","0.363","0.67","0.457",12.8,8.2,13.3,"0.32","0.595","0.415",51.8
"Henderson, Gunnar",683002,"BAL","CH","Changeup",1.5,6,"381",13.2,"98","0.258","0.452","0.334",29.9,23.5,20.4,"0.275","0.431","0.316",53.5
"Giménez, Andrés",665926,"CLE","SL","Slider",-2.5,-10,"409",17,"98","0.125","0.148","0.177",33.5,23.5,15.8,"0.188","0.272","0.236",27.9
"Langeliers, Shea",669127,"ATH","SL","Slider",-0.3,-1,"363",18.2,"98","0.225","0.393","0.301",38.8,29.6,23.6,"0.213","0.42","0.288",27
"Bruján, Vidal",660644,"MIA","FF","4-Seam Fastball",-0.6,-2,"385",36.5,"98","0.238","0.31","0.304",16.8,18.4,14.9,"0.207","0.291","0.281",23.9
"Biggio, Cavan",624415,"ATL","FF","4-Seam Fastball",-0.7,-2,"322",33.7,"98","0.179","0.31","0.274",22.1,35.7,27.6,"0.174","0.258","0.257",28
"Wood, James",695578,"WSH","FF","4-Seam Fastball",1.2,5,"401",28.6,"98","0.281","0.506","0.377",21.2,32.7,27.6,"0.281","0.555","0.384",71.9
"Caballero, José",676609,"TB","SI","Sinker",-0.2,-1,"329",17.4,"97","0.279","0.407","0.348",10.6,12.4,16.9,"0.259","0.345","0.307",24
"Giménez, Andrés",665926,"CLE","SI","Sinker",-1.1,-4,"362",15.1,"97","0.267","0.311","0.306",12.9,6.2,7.4,"0.248","0.317","0.285",19
"Alvarez, Yordan",670541,"HOU","SI","Sinker",3.5,9,"273",12.1,"97","0.353","0.694","0.466",8.5,12.4,26.1,"0.344","0.801","0.507",62.2
"Gurriel Jr., Lourdes",666971,"AZ","SL","Slider",-1.1,-4,"348",16.7,"97","0.234","0.362","0.256",27.2,22.7,19,"0.271","0.4","0.293",37.8
"Cave, Jake",595909,"COL","FF","4-Seam Fastball",0.9,4,"404",30,"97","0.292","0.573","0.377",22.2,24.7,18.2,"0.274","0.484","0.342",44.8
"Julien, Edouard",666397,"MIN","FF","4-Seam Fastball",1.1,4,"372",30.1,"97","0.289","0.578","0.414",20.9,23.7,20,"0.232","0.489","0.362",48.3
"Arcia, Orlando",606115,"ATL","SL","Slider",-2.8,-11,"412",17.7,"97","0.1","0.144","0.136",35.8,26.8,21,"0.172","0.265","0.222",36.4
"Machado, Manny",592518,"SD","SL","Slider",-0.3,-1,"354",14.8,"97","0.198","0.363","0.276",32.8,24.7,20.7,"0.237","0.44","0.314",41.8
"Sánchez, Gary",596142,"MIL","FF","4-Seam Fastball",-0.1,0,"314",27.1,"96","0.217","0.386","0.302",21.3,24,21.1,"0.207","0.395","0.301",50
"Carroll, Corbin",682998,"AZ","SL","Slider",-0.6,-2,"366",13.8,"96","0.2","0.365","0.277",26,22.9,19.1,"0.215","0.334","0.288",38.5
"Rooker, Brent",667670,"ATH","SI","Sinker",3.1,11,"340",14.3,"96","0.446","0.663","0.521",14.2,13.5,19.4,"0.355","0.66","0.469",60
"Torres, Gleyber",650402,"NYY","SL","Slider",0.1,0,"455",16.2,"96","0.233","0.36","0.299",28.6,19.8,15.2,"0.243","0.361","0.292",27.1
"Harper, Bryce",547180,"PHI","SI","Sinker",1.7,6,"347",14.1,"96","0.333","0.563","0.405",9.9,11.5,13.6,"0.32","0.515","0.393",46.8
"Soler, Jorge",624585,"ATL","SL","Slider",-0.6,-3,"412",17.5,"96","0.16","0.272","0.258",42.1,35.4,24.8,"0.183","0.294","0.275",31.3
"Vargas, Miguel",678246,"CWS","FF","4-Seam Fastball",-1.5,-6,"376",37.3,"96","0.122","0.256","0.246",29.3,31.3,23.4,"0.128","0.305","0.257",34.6
"Hoerner, Nico",663538,"CHC","SL","Slider",-0.1,-1,"366",15.8,"96","0.222","0.333","0.278",22.2,14.6,13,"0.264","0.328","0.288",21.1
"Martin, Austin",668885,"MIN","FF","4-Seam Fastball",-1,-3,"303",32.4,"96","0.229","0.325","0.308",13.2,15.6,17.2,"0.256","0.352","0.32",34.8
"Ozuna, Marcell",542303,"ATL","SL","Slider",1.6,7,"423",14.7,"96","0.264","0.54","0.372",40.9,32.3,20.1,"0.27","0.615","0.403",48.2
"Meadows, Parker",678009,"DET","FF","4-Seam Fastball",1.1,4,"368",30.4,"95","0.275","0.575","0.4",24.6,23.2,17.9,"0.231","0.457","0.346",38.3
"Rengifo, Luis",650859,"LAA","FF","4-Seam Fastball",2.3,7,"323",29.8,"95","0.412","0.529","0.443",14.3,9.5,9.6,"0.289","0.364","0.33",32.9
"Taylor, Tyrone",621438,"NYM","FF","4-Seam Fastball",-0.3,-1,"351",26.5,"95","0.256","0.456","0.323",17.8,22.1,20.6,"0.235","0.441","0.309",39.1
"Jeffers, Ryan",680777,"MIN","SI","Sinker",-2.3,-8,"349",19.3,"95","0.221","0.314","0.269",9.6,11.6,13.4,"0.235","0.388","0.309",32.9
"Turang, Brice",668930,"MIL","SI","Sinker",-0.5,-2,"356",14.4,"95","0.291","0.43","0.352",6.2,8.4,10.7,"0.298","0.401","0.347",38.5
"Paredes, Isaac",670623,"CHC","SL","Slider",0.3,1,"521",18.3,"95","0.229","0.361","0.296",25.7,21.1,10.2,"0.233","0.324","0.288",23.1
"Mountcastle, Ryan",663624,"BAL","SI","Sinker",-0.7,-2,"331",17.4,"95","0.264","0.345","0.347",12.1,11.6,17.2,"0.281","0.385","0.323",50.6
"Springer, George",543807,"TOR","SL","Slider",-1.7,-6,"390",17,"95","0.182","0.239","0.222",32.6,23.2,17.1,"0.199","0.267","0.243",21.2
"Brennan, Will",686823,"CLE","FF","4-Seam Fastball",0.1,1,"445",36.2,"95","0.306","0.447","0.368",17.5,15.8,12.5,"0.277","0.394","0.33",36.6
"Moore, Dylan",664238,"SEA","SI","Sinker",-0.7,-2,"303",16.8,"95","0.203","0.284","0.325",12.8,14.7,21.2,"0.243","0.377","0.36",41
"Carlson, Dylan",666185,"TB","FF","4-Seam Fastball",-1.9,-8,"398",35.9,"94","0.195","0.28","0.262",33.5,31.9,27,"0.181","0.292","0.26",32.1
"Olson, Matt",621566,"ATL","SI","Sinker",1,4,"364",12.4,"94","0.25","0.536","0.378",14.2,17,16.2,"0.273","0.546","0.386",54.4
"Burger, Jake",669394,"MIA","SL","Slider",2.2,7,"336",16.1,"94","0.272","0.489","0.332",37.2,35.1,28.4,"0.25","0.513","0.331",47.5
"Mountcastle, Ryan",663624,"BAL","SL","Slider",0,0,"314",16.5,"94","0.239","0.364","0.275",28.3,23.4,23.2,"0.259","0.474","0.338",39.1
"Greene, Riley",682985,"DET","SI","Sinker",0.7,2,"349",14.5,"94","0.269","0.385","0.373",12.6,14.9,15.1,"0.26","0.401","0.358",46.9
"Reynolds, Bryan",668804,"PIT","SL","Slider",-0.8,-3,"328",12.6,"94","0.213","0.404","0.287",45.9,36.2,30.9,"0.227","0.413","0.293",52.7
"Swanson, Dansby",621020,"CHC","SL","Slider",-1,-4,"454",19.3,"94","0.186","0.256","0.228",37.4,28.7,18.6,"0.219","0.395","0.299",30
"Hoskins, Rhys",656555,"MIL","SL","Slider",-0.6,-2,"442",19.7,"93","0.16","0.309","0.248",41.8,44.1,23.8,"0.153","0.269","0.241",38.1
"Goldschmidt, Paul",502671,"STL","SL","Slider",0.1,0,"440",16.2,"93","0.279","0.384","0.319",41.1,34.4,21.5,"0.237","0.399","0.305",53.7
"Soto, Juan",665742,"NYY","CH","Changeup",1.8,8,"415",14,"93","0.25","0.447","0.362",29.9,21.5,16.4,"0.214","0.414","0.355",47.4
"France, Ty",664034,"CIN","SL","Slider",0.3,1,"327",16.1,"93","0.226","0.369","0.3",32,24.7,19.8,"0.202","0.372","0.283",41.9
"Garver, Mitch",641598,"SEA","SL","Slider",-1.9,-8,"397",21.9,"93","0.128","0.209","0.196",38,36.6,29.3,"0.147","0.251","0.21",26.9
"Alvarez, Yordan",670541,"HOU","SL","Slider",0.9,3,"327",14.4,"93","0.271","0.424","0.326",28.5,20.4,16.7,"0.259","0.424","0.322",41.8
"Nevin, Tyler",663527,"ATH","FF","4-Seam Fastball",-1.7,-6,"349",32,"93","0.177","0.278","0.265",20.2,25.8,21.4,"0.187","0.333","0.289",48.2
"Abrams, CJ",682928,"WSH","SI","Sinker",2.9,10,"335",14.8,"93","0.405","0.595","0.467",13.9,15.1,17.1,"0.269","0.396","0.328",37.1
"Edwards, Xavier",669364,"MIA","FF","4-Seam Fastball",0.9,4,"449",37.9,"93","0.324","0.419","0.395",11.5,17.2,11.3,"0.258","0.388","0.361",37.3
"Keith, Colt",690993,"DET","CH","Changeup",1.4,4,"297",14.8,"93","0.23","0.414","0.311",24.5,18.3,19.3,"0.255","0.407","0.315",28.6
"Bogaerts, Xander",593428,"SD","SI","Sinker",-1.8,-7,"379",21.2,"93","0.221","0.326","0.294",11.7,18.3,21.3,"0.25","0.368","0.302",34.8
"Meyers, Jake",676694,"HOU","SI","Sinker",-1.5,-4,"298",16.4,"93","0.293","0.341","0.318",17.3,12.9,18.8,"0.295","0.39","0.336",33.3
"Lindor, Francisco",596019,"NYM","CH","Changeup",0.5,2,"323",11.9,"93","0.286","0.473","0.333",20.9,18.3,17.3,"0.261","0.423","0.304",31.1
"Guerrero Jr., Vladimir",665489,"TOR","SL","Slider",2.8,10,"366",14.1,"93","0.325","0.699","0.45",31.9,19.4,14.2,"0.312","0.652","0.433",47
"Ramírez, José",608070,"CLE","SL","Slider",1.2,5,"393",14.4,"93","0.222","0.5","0.333",18.5,19.4,13.4,"0.201","0.463","0.292",34.7
"Stott, Bryson",681082,"PHI","SI","Sinker",-0.5,-2,"360",15.6,"93","0.266","0.392","0.34",10.6,8.6,8.7,"0.323","0.451","0.392",48.6
"Iglesias, Jose",578428,"NYM","FF","4-Seam Fastball",-0.7,-3,"361",33.6,"93","0.259","0.4","0.329",10.6,10.8,8.9,"0.263","0.371","0.314",32
"Schanuel, Nolan",694384,"LAA","SI","Sinker",-0.5,-2,"341",14.5,"93","0.284","0.346","0.336",11,17.2,18,"0.266","0.354","0.321",28.8
"Kelly, Carson",608348,"TEX","FF","4-Seam Fastball",1.7,6,"342",29.4,"93","0.346","0.568","0.431",15.3,10.8,9.4,"0.298","0.572","0.411",52.1
"Smith, Dominic",642086,"CIN","FF","4-Seam Fastball",0.1,0,"324",26.8,"93","0.232","0.463","0.343",19.6,25.8,26.7,"0.233","0.495","0.353",53.4
"Robles, Victor",645302,"SEA","FF","4-Seam Fastball",3,9,"290",28.4,"93","0.368","0.553","0.439",12.3,9.7,10.7,"0.309","0.566","0.414",45.8
"Suzuki, Seiya",673548,"CHC","SL","Slider",0.1,0,"365",14.5,"93","0.271","0.424","0.325",30.9,28,20.5,"0.206","0.312","0.262",35
"Bellinger, Cody",641355,"CHC","SI","Sinker",1,3,"324",15.6,"93","0.329","0.5","0.384",10.7,9.7,13.8,"0.287","0.47","0.362",37.3
"Adames, Willy",642715,"MIL","SL","Slider",2.8,12,"434",15.9,"93","0.317","0.659","0.446",34.8,21.5,14.6,"0.26","0.513","0.365",33.3
"Loperfido, Joey",694388,"TOR","FF","4-Seam Fastball",0.2,1,"357",35.6,"92","0.241","0.446","0.342",31,29.3,24.5,"0.231","0.348","0.292",31.6
"Grichuk, Randal",545341,"AZ","FF","4-Seam Fastball",2.3,8,"333",30.6,"92","0.321","0.605","0.431",13.5,13,12.5,"0.29","0.628","0.428",50
"Jankowski, Travis",608671,"TEX","FF","4-Seam Fastball",-2.3,-7,"320",39.1,"92","0.181","0.205","0.252",11.3,13,12.9,"0.259","0.323","0.299",33.8
"Cruz, Oneil",665833,"PIT","SL","Slider",0.5,2,"388",16.3,"92","0.238","0.452","0.32",42,32.6,21.7,"0.244","0.413","0.312",43.6
"Castellanos, Nick",592206,"PHI","SI","Sinker",2,7,"342",14.6,"92","0.403","0.584","0.482",17.4,12,17.7,"0.354","0.609","0.46",62.1
"Riley, Austin",663586,"ATL","SI","Sinker",2.5,8,"310",17,"91","0.392","0.57","0.471",12.9,15.4,16.9,"0.343","0.532","0.422",62.1
"Happ, Ian",664023,"CHC","SI","Sinker",2.8,9,"332",12.2,"91","0.37","0.712","0.517",13.3,12.1,14.7,"0.325","0.672","0.474",54
"Doyle, Brenton",686668,"COL","SL","Slider",-1.4,-5,"357",16.5,"91","0.179","0.321","0.245",39.7,33,26.1,"0.195","0.324","0.257",32.7
"Kirk, Alejandro",672386,"TOR","SI","Sinker",-0.3,-1,"343",22.9,"91","0.31","0.405","0.335",7.7,3.3,4.9,"0.292","0.431","0.341",43.9
"Ramos, Heliot",671218,"SF","SI","Sinker",0.4,1,"362",18.1,"91","0.345","0.464","0.399",12.8,11,16.9,"0.24","0.356","0.299",33.8
"Adell, Jo",666176,"LAA","SI","Sinker",0.3,1,"318",17.3,"91","0.25","0.487","0.372",14.4,6.6,10.9,"0.301","0.522","0.398",44.6
"Henderson, Gunnar",683002,"BAL","SL","Slider",2.4,9,"355",12.3,"91","0.299","0.636","0.442",30.2,19.8,15.4,"0.307","0.624","0.437",51.7
"Cowser, Colton",681297,"BAL","CH","Changeup",-1.6,-6,"355",15.4,"91","0.185","0.247","0.245",43.2,29.7,26.7,"0.177","0.268","0.249",25.9
"Wallner, Matt",670242,"MIN","FF","4-Seam Fastball",0.5,2,"381",37,"91","0.266","0.532","0.384",36.9,35.2,27.6,"0.231","0.511","0.362",57.4
"Gelof, Zack",680869,"ATH","SI","Sinker",-1,-4,"425",20.7,"91","0.26","0.364","0.337",29.4,24.2,36.1,"0.211","0.284","0.29",30.9
"Seager, Corey",608369,"TEX","SI","Sinker",0.7,2,"286",15.3,"91","0.321","0.436","0.383",19.2,15.4,26.9,"0.296","0.503","0.393",59.4
"Kiermaier, Kevin",595281,"LAD","FF","4-Seam Fastball",-2.8,-10,"355",35,"90","0.145","0.277","0.212",33.2,32.2,26.9,"0.177","0.282","0.222",29.8
"Wisely, Brett",689172,"SF","FF","4-Seam Fastball",-1.3,-4,"354",36.1,"90","0.244","0.321","0.292",14.9,23.3,21.4,"0.177","0.284","0.245",31.1
"Díaz, Elias",553869,"SD","SI","Sinker",-1.9,-5,"257",19.4,"90","0.241","0.325","0.292",10.7,7.8,13.5,"0.223","0.325","0.275",39.5
"Arozarena, Randy",668227,"SEA","SL","Slider",2.4,11,"444",16,"90","0.269","0.577","0.392",38,28.9,16.4,"0.23","0.412","0.326",34
"Lindor, Francisco",596019,"NYM","SL","Slider",2,6,"315",11.6,"90","0.313","0.537","0.409",31.4,18.9,15.9,"0.277","0.529","0.381",46
"Trevino, Jose",624431,"NYY","FF","4-Seam Fastball",-2.8,-9,"308",34.6,"90","0.143","0.234","0.219",9.8,15.6,18.2,"0.153","0.266","0.241",34.8
"Gurriel Jr., Lourdes",666971,"AZ","SI","Sinker",1,3,"330",15.8,"90","0.378","0.537","0.417",11.2,11.1,13.7,"0.322","0.521","0.389",53.4
"Solano, Donovan",456781,"SD","FF","4-Seam Fastball",1.9,8,"412",32.4,"90","0.329","0.592","0.442",20,17.8,11.9,"0.274","0.471","0.371",42.6
"Cruz, Oneil",665833,"PIT","SI","Sinker",-1.8,-6,"315",13.2,"90","0.202","0.345","0.265",18.7,31.1,42.4,"0.254","0.412","0.31",65.5
"Martinez, J.D.",502110,"NYM","SI","Sinker",0.8,2,"298",14.5,"89","0.342","0.532","0.413",23.7,20.2,26.5,"0.33","0.579","0.425",59
"Vientos, Mark",668901,"NYM","SL","Slider",-0.6,-3,"390",22.2,"89","0.179","0.346","0.288",44.3,36,27.4,"0.186","0.33","0.263",44.9
"Santander, Anthony",623993,"BAL","CH","Changeup",2.8,9,"333",12.2,"89","0.25","0.525","0.363",21.6,15.7,12,"0.261","0.49","0.358",45.5
"Thomas, Lane",657041,"CLE","SL","Slider",-0.1,-1,"398",19.1,"89","0.203","0.354","0.291",37,30.3,19.4,"0.205","0.326","0.275",24.5
"Pham, Tommy",502054,"KC","SI","Sinker",0.7,2,"344",17.9,"89","0.337","0.446","0.387",12.4,20.2,24.7,"0.287","0.393","0.325",43.1
"Thaiss, Matt",642136,"LAA","FF","4-Seam Fastball",-1.1,-4,"335",44.4,"89","0.167","0.208","0.277",43.8,37.1,29.2,"0.148","0.277","0.279",51.3
"Olson, Matt",621566,"ATL","SL","Slider",0.1,0,"357",12.1,"89","0.2","0.388","0.304",32.9,32.6,20.9,"0.179","0.345","0.272",33.3
"Suwinski, Jack",669261,"PIT","FF","4-Seam Fastball",-0.5,-2,"373",33.5,"89","0.184","0.408","0.309",23.4,24.7,18.5,"0.222","0.445","0.344",34.5
"Laureano, Ramón",657656,"ATL","FF","4-Seam Fastball",1.5,5,"339",28.7,"88","0.313","0.542","0.404",24,27.3,20.2,"0.257","0.506","0.345",44.1
"Smith, Josh",669701,"TEX","CH","Changeup",-0.3,-1,"298",12.8,"88","0.229","0.325","0.28",27.6,18.2,16.5,"0.23","0.326","0.271",32.4
"DeLuca, Jonny",676356,"TB","FF","4-Seam Fastball",-0.6,-2,"375",27.9,"88","0.25","0.361","0.34",19.7,22.7,18.9,"0.219","0.32","0.314",32.1
"Ruiz, Keibert",660688,"WSH","SI","Sinker",-1.5,-4,"251",15.1,"88","0.224","0.412","0.286",4,5.7,10.6,"0.241","0.383","0.277",33.3
"Young, Jacob",696285,"WSH","SL","Slider",-0.9,-3,"309",15.8,"88","0.241","0.337","0.275",25.7,21.6,18.8,"0.226","0.279","0.247",23.1
"O'Hoppe, Logan",681351,"LAA","SL","Slider",0.4,2,"358",18.1,"88","0.256","0.451","0.324",35.6,27.3,20,"0.27","0.492","0.348",37.3
"Soto, Juan",665742,"NYY","SL","Slider",0.9,4,"434",14.7,"88","0.164","0.299","0.317",25.9,20.5,14.8,"0.246","0.393","0.377",51
"Realmuto, J.T.",592663,"PHI","SI","Sinker",2.6,8,"303",19.1,"88","0.38","0.62","0.477",9.7,10.2,15.3,"0.347","0.591","0.434",47.1
"Vientos, Mark",668901,"NYM","SI","Sinker",1.1,3,"296",16.9,"88","0.329","0.524","0.392",17.5,19.3,31.5,"0.279","0.466","0.347",39.4
"Newman, Kevin",621028,"AZ","FF","4-Seam Fastball",0,0,"322",30.1,"88","0.3","0.4","0.337",9.1,11.4,13.9,"0.267","0.364","0.308",32.4
"Joe, Connor",656582,"PIT","SI","Sinker",0.8,3,"302",18.3,"88","0.324","0.459","0.398",10.5,12.5,19,"0.217","0.334","0.316",34.9
"Bregman, Alex",608324,"HOU","SL","Slider",1.1,4,"363",15.2,"87","0.238","0.476","0.314",20.6,20.7,14.9,"0.235","0.405","0.291",39.4
"Hayes, Ke'Bryan",663647,"PIT","SI","Sinker",-3.1,-12,"373",25.4,"87","0.205","0.217","0.235",6.8,16.1,21.9,"0.24","0.316","0.264",48.6
"Fortes, Nick",663743,"MIA","FF","4-Seam Fastball",-0.9,-3,"335",29,"87","0.293","0.467","0.324",10.1,12.6,12.9,"0.229","0.307","0.246",19.2
"Vierling, Matt",663837,"DET","SL","Slider",1.1,3,"313",13.6,"87","0.237","0.447","0.344",26.2,20.7,16.8,"0.27","0.442","0.349",37.3
"Yoshida, Masataka",807799,"BOS","SI","Sinker",1.3,4,"275",17.3,"87","0.32","0.48","0.394",7.2,2.3,3.1,"0.257","0.386","0.338",39.7
"Castro, Willi",650489,"MIN","CH","Changeup",-0.8,-3,"345",13.8,"87","0.193","0.277","0.241",39.8,26.4,19.3,"0.177","0.253","0.209",18
"Cabrera, Oswaldo",665828,"NYY","FF","4-Seam Fastball",0.1,1,"380",30,"87","0.267","0.493","0.363",19.1,18.4,15,"0.216","0.346","0.298",41
"Bleday, JJ",668709,"ATH","SL","Slider",-0.1,0,"381",15.3,"87","0.19","0.418","0.314",35.8,24.1,19.4,"0.203","0.353","0.28",31
"Bride, Jonah",681146,"MIA","FF","4-Seam Fastball",-0.3,-1,"325",28.1,"87","0.264","0.431","0.364",8.2,11.5,10.5,"0.207","0.348","0.308",35.4
"Alvarez, Francisco",682626,"NYM","FF","4-Seam Fastball",0.5,2,"330",24.8,"87","0.267","0.493","0.384",24.7,28.7,23.1,"0.232","0.478","0.356",56
"Schuemann, Max",680474,"ATH","SI","Sinker",-1.1,-4,"390",21.3,"87","0.243","0.271","0.319",15.6,16.1,18.2,"0.246","0.359","0.338",43.1
"Raley, Luke",670042,"SEA","SL","Slider",-2.4,-7,"302",17.6,"87","0.146","0.305","0.218",40.9,42.5,34.3,"0.166","0.324","0.236",48.9
"McCormick, Chas",676801,"HOU","FF","4-Seam Fastball",-1.3,-4,"344",34.1,"87","0.187","0.307","0.276",27.3,21.8,18.8,"0.256","0.468","0.359",36.2
"Lopez, Otto",672640,"MIA","SI","Sinker",0.3,1,"302",19.5,"87","0.297","0.473","0.397",11.8,6.9,15.4,"0.295","0.461","0.385",54.4
"De La Cruz, Elly",682829,"CIN","SL","Slider",0.2,1,"293",10.7,"87","0.2","0.373","0.316",37.2,32.2,29.8,"0.205","0.357","0.303",36.2
"Miranda, Jose",669304,"MIN","SL","Slider",0.8,2,"297",19.3,"87","0.326","0.512","0.355",35.3,20.7,22.5,"0.272","0.448","0.308",37.7
"Clement, Ernie",676391,"TOR","SI","Sinker",0.3,1,"267",18.4,"87","0.296","0.469","0.364",10.8,4.6,12.1,"0.293","0.443","0.344",42.9
"Bader, Harrison",664056,"NYM","SI","Sinker",-3,-10,"331",20.1,"86","0.192","0.256","0.229",11.1,7,11.1,"0.234","0.343","0.284",30.7
"Meneses, Joey",608841,"WSH","FF","4-Seam Fastball",-0.8,-3,"347",30.4,"86","0.263","0.342","0.313",17.5,22.1,18.8,"0.247","0.438","0.331",52.5
"Urshela, Gio",570482,"ATL","SI","Sinker",-1.2,-4,"303",18,"86","0.287","0.362","0.315",14.4,7,11.8,"0.286","0.416","0.334",31.1
"Correa, Carlos",621043,"MIN","FF","4-Seam Fastball",0.7,3,"361",26.3,"86","0.338","0.527","0.428",19.4,22.1,21.1,"0.303","0.513","0.399",58.2
"Muncy, Max",571970,"LAD","FF","4-Seam Fastball",2.3,9,"382",31.6,"86","0.299","0.731","0.47",29.9,24.4,21.4,"0.209","0.544","0.382",50
"Canha, Mark",592192,"SF","SI","Sinker",0.5,2,"344",17.7,"86","0.28","0.44","0.381",11.7,10.5,10.1,"0.275","0.424","0.356",48.5
"Seager, Corey",608369,"TEX","SL","Slider",-0.5,-1,"289",15.4,"86","0.2","0.438","0.297",34.8,27.9,24.7,"0.253","0.585","0.375",48.2
"Bader, Harrison",664056,"NYM","SL","Slider",-0.5,-2,"345",20.9,"86","0.217","0.325","0.25",39.4,29.1,23.1,"0.211","0.268","0.228",36.2
"Hayes, Ke'Bryan",663647,"PIT","FF","4-Seam Fastball",-1.6,-6,"375",25.5,"86","0.23","0.257","0.287",16.9,12.8,10.6,"0.243","0.347","0.323",41.3
"Nootbaar, Lars",663457,"STL","SI","Sinker",-0.7,-2,"274",16.5,"86","0.247","0.329","0.327",8.6,10.5,20,"0.244","0.368","0.326",48.5
"Dubón, Mauricio",643289,"HOU","SI","Sinker",-0.8,-2,"286",19.7,"85","0.28","0.402","0.321",3.6,7.1,10.2,"0.26","0.366","0.288",32.9
"Casas, Triston",671213,"BOS","FF","4-Seam Fastball",1.7,5,"288",29.1,"85","0.243","0.527","0.371",30.9,31.8,27.6,"0.199","0.43","0.32",48.9
"Senzel, Nick",669222,"CWS","FF","4-Seam Fastball",-0.5,-1,"307",30.5,"85","0.159","0.333","0.31",24.6,18.8,17.4,"0.216","0.397","0.344",28.3
"McMahon, Ryan",641857,"COL","SI","Sinker",-0.7,-2,"362",13.3,"85","0.25","0.342","0.316",17.6,16.5,16.7,"0.283","0.398","0.34",53.2
"Pham, Tommy",502054,"KC","SL","Slider",-0.9,-3,"377",19.6,"85","0.183","0.293","0.232",29.6,23.5,16,"0.194","0.262","0.218",29
"Profar, Jurickson",595777,"SD","CH","Changeup",2.6,8,"321",11.7,"85","0.325","0.481","0.382",20.4,14.1,10.3,"0.312","0.468","0.362",47.1
"Siri, Jose",642350,"TB","SL","Slider",-0.3,-1,"345",19.3,"85","0.198","0.444","0.28",46.1,42.4,30.3,"0.201","0.444","0.292",41.3
"Renfroe, Hunter",592669,"KC","SI","Sinker",-0.6,-2,"277",16.8,"85","0.273","0.377","0.322",6,10.6,18,"0.291","0.463","0.361",45.6
"Peralta, David",444482,"SD","FF","4-Seam Fastball",0.2,1,"359",35.4,"85","0.295","0.436","0.358",22.3,17.6,12.7,"0.279","0.426","0.337",47.6
"Caballero, José",676609,"TB","SL","Slider",-1.8,-7,"364",19.2,"85","0.198","0.296","0.239",43.6,31.8,22.1,"0.184","0.281","0.229",22.2
"Grossman, Robbie",543257,"KC","FF","4-Seam Fastball",0.2,1,"333",32.3,"85","0.271","0.414","0.367",16.4,14.1,13,"0.255","0.4","0.357",31
"Farmer, Kyle",571657,"MIN","FF","4-Seam Fastball",-2.3,-8,"335",38,"85","0.187","0.227","0.245",15.1,24.7,22.6,"0.202","0.298","0.267",32.7
"Abrams, CJ",682928,"WSH","SL","Slider",-1.1,-4,"358",15.8,"85","0.188","0.35","0.263",37.5,29.4,21.2,"0.222","0.394","0.297",43.6
"Bell, Josh",605137,"AZ","SI","Sinker",0.7,2,"285",12.7,"85","0.306","0.375","0.376",13.8,11.8,16.9,"0.265","0.358","0.34",38.7
"Kiner-Falefa, Isiah",643396,"PIT","SL","Slider",-1.5,-4,"260",15.3,"85","0.263","0.313","0.267",16.4,11.8,14.7,"0.242","0.321","0.268",30.6
"Fortes, Nick",663743,"MIA","SI","Sinker",-1.8,-5,"263",22.8,"85","0.243","0.284","0.291",4.1,7.1,12.2,"0.237","0.286","0.281",24.3
"DeJong, Paul",657557,"KC","SI","Sinker",0.7,2,"306",16.5,"84","0.303","0.513","0.382",17.7,13.1,14.7,"0.28","0.505","0.37",35.4
"Rosario, Eddie",592696,"ATL","FF","4-Seam Fastball",-0.6,-2,"354",29.8,"84","0.205","0.372","0.277",27.3,23.8,23.3,"0.23","0.467","0.307",49.2
"Crawford, J.P.",641487,"SEA","SI","Sinker",-2.2,-7,"318",16.6,"84","0.164","0.26","0.261",16.3,23.8,22,"0.243","0.358","0.318",41.5
"Carpenter, Kerry",681481,"DET","FF","4-Seam Fastball",3.2,10,"301",26.9,"84","0.284","0.73","0.434",27.7,26.2,22.7,"0.264","0.691","0.429",59.3
"Ramírez, José",608070,"CLE","SI","Sinker",0.9,3,"328",12,"84","0.325","0.558","0.395",11,8.3,9.9,"0.283","0.487","0.366",52.1
"Burleson, Alec",676475,"STL","SI","Sinker",1.3,4,"270",12.8,"84","0.368","0.553","0.419",15.4,10.7,16.1,"0.313","0.514","0.381",44.1
"Frelick, Sal",686217,"MIL","SI","Sinker",1,3,"291",14.2,"84","0.319","0.458","0.393",6.3,11.9,15.9,"0.254","0.342","0.329",30.6
"McNeil, Jeff",643446,"NYM","SI","Sinker",-2.1,-6,"273",16,"83","0.234","0.325","0.287",6.6,6,9.8,"0.277","0.383","0.32",34.7
"Merrill, Jackson",701538,"SD","SL","Slider",1.3,4,"289",13.1,"83","0.263","0.487","0.353",24,20.5,17.9,"0.316","0.528","0.373",49.2
"Langeliers, Shea",669127,"ATH","SI","Sinker",-1,-3,"269",13.5,"83","0.247","0.442","0.333",13.2,14.5,22.2,"0.296","0.487","0.365",50.8
"Gonzales, Nick",693304,"PIT","FF","4-Seam Fastball",0,0,"361",26.3,"83","0.2","0.371","0.309",27.7,24.1,18.2,"0.245","0.449","0.355",49
"Castro, Willi",650489,"MIN","SL","Slider",0.3,1,"323",12.9,"83","0.243","0.371","0.328",39.1,32.5,23.1,"0.204","0.299","0.288",36.4
"Ortiz, Joey",687401,"MIL","SL","Slider",0.5,2,"340",16,"83","0.222","0.375","0.305",23.8,21.7,16.7,"0.275","0.393","0.346",41.8
"d'Arnaud, Travis",518595,"ATL","SI","Sinker",-0.6,-2,"263",19.4,"83","0.274","0.329","0.325",15.6,14.5,17.9,"0.212","0.347","0.295",37.1
"Fry, David",681807,"CLE","SI","Sinker",0.1,0,"275",18.2,"83","0.278","0.417","0.339",15.3,12,16.9,"0.274","0.402","0.332",36.9
"Schneider, Davis",676914,"TOR","SI","Sinker",0.7,3,"338",17.2,"83","0.329","0.543","0.407",18.8,19.3,20.8,"0.268","0.486","0.381",51.8
"Cruz, Oneil",665833,"PIT","CU","Curveball",-0.2,-1,"336",14.1,"83","0.173","0.347","0.275",54.6,45.8,32.2,"0.183","0.337","0.267",51.4
"Stallings, Jacob",607732,"COL","FF","4-Seam Fastball",-0.2,-1,"325",30.3,"82","0.269","0.403","0.365",30.8,24.4,20.4,"0.194","0.347","0.317",44.7
"DeJong, Paul",657557,"KC","SL","Slider",-1,-3,"308",16.6,"82","0.221","0.312","0.271",36.3,31.7,23.6,"0.221","0.297","0.256",31.4
"Fermin, Freddy",666023,"KC","SI","Sinker",-1.8,-4,"248",17.3,"82","0.295","0.346","0.308",8.8,11,18.8,"0.273","0.334","0.286",36.2
"Mitchell, Garrett",669003,"MIL","FF","4-Seam Fastball",0.2,1,"364",40.9,"82","0.235","0.456","0.35",36.7,40.2,29.5,"0.212","0.359","0.318",50
"Campusano, Luis",669134,"SD","FF","4-Seam Fastball",-0.7,-2,"285",27.8,"82","0.236","0.375","0.307",19.3,11,12.2,"0.298","0.509","0.389",46.9
"Sheets, Gavin",657757,"CWS","SI","Sinker",0.1,0,"244",11.7,"82","0.311","0.459","0.365",9.2,13.4,16.7,"0.346","0.548","0.413",46.9
"Estrada, Thairo",642731,"SF","SI","Sinker",-0.3,-1,"252",19.3,"82","0.311","0.419","0.349",8.5,7.3,17.1,"0.286","0.405","0.341",32.4
"Turang, Brice",668930,"MIL","SL","Slider",-0.3,-1,"281",11.4,"82","0.25","0.316","0.282",23.1,19.5,14.4,"0.262","0.325","0.292",30
"Lindor, Francisco",596019,"NYM","SI","Sinker",2.1,7,"310",11.4,"82","0.328","0.552","0.441",13.1,12.2,16.1,"0.343","0.584","0.457",49.1
"Joe, Connor",656582,"PIT","SL","Slider",-1.8,-6,"314",19,"82","0.135","0.216","0.209",32.9,26.8,21.6,"0.164","0.235","0.223",20.8
"Taveras, Leody",665750,"TEX","CH","Changeup",-1.7,-5,"324",16.1,"82","0.184","0.224","0.221",38.7,18.3,17.9,"0.242","0.308","0.274",19.7
"Calhoun, Willie",641432,"LAA","FF","4-Seam Fastball",-0.3,-1,"321",33.5,"82","0.24","0.373","0.312",12.9,12.2,14.9,"0.213","0.334","0.275",32.3
"Marte, Ketel",606466,"AZ","SI","Sinker",2.7,7,"274",12.8,"82","0.338","0.563","0.425",15.3,13.4,22.4,"0.326","0.585","0.423",67.2
"Wong, Connor",657136,"BOS","SI","Sinker",1.7,5,"308",16.5,"82","0.403","0.556","0.457",14.4,8.5,12.5,"0.294","0.388","0.35",24.6
"Smith, Will",669257,"LAD","SL","Slider",0.1,0,"362",15.9,"81","0.257","0.351","0.302",23.4,21,14,"0.225","0.349","0.286",24.6
"Marte, Starling",516782,"NYM","FF","4-Seam Fastball",0.6,2,"400",28.2,"81","0.31","0.437","0.365",24.3,25.9,16.7,"0.308","0.45","0.358",47.2
"Hernández, Enrique",571771,"LAD","SI","Sinker",0.4,1,"305",20.1,"81","0.36","0.507","0.401",15.5,11.1,13.2,"0.304","0.449","0.355",42.4
"Gordon, Nick",624503,"MIA","FF","4-Seam Fastball",-1.7,-6,"350",34.7,"81","0.208","0.338","0.24",33.5,30.9,26.6,"0.199","0.345","0.244",31.5
"Santana, Carlos",467793,"MIN","CH","Changeup",1.9,7,"356",14.7,"81","0.276","0.474","0.344",26.6,13.6,12.2,"0.239","0.41","0.307",38.5
"Canha, Mark",592192,"SF","SL","Slider",-0.5,-2,"354",18.2,"81","0.192","0.274","0.262",27.1,25.9,17.6,"0.168","0.234","0.228",19.2
"Jeffers, Ryan",680777,"MIN","SL","Slider",-0.2,-1,"308",17.1,"81","0.227","0.373","0.298",34.5,23.5,19.4,"0.228","0.359","0.274",20.7
"Cronenworth, Jake",630105,"SD","SL","Slider",0.4,1,"292",10.6,"80","0.211","0.394","0.306",32.2,28.7,22.5,"0.227","0.414","0.321",31.3
"Urías, Ramón",602104,"BAL","FF","4-Seam Fastball",0.1,0,"353",30.7,"80","0.225","0.437","0.34",22.5,18.8,14.2,"0.256","0.46","0.351",40.4
"Bleday, JJ",668709,"ATH","SI","Sinker",0.8,2,"288",11.6,"80","0.296","0.563","0.408",12.2,8.8,13.5,"0.318","0.539","0.402",44.6
"Devers, Rafael",646240,"BOS","SL","Slider",2,6,"293",12.3,"80","0.288","0.671","0.424",32.9,26.3,22.1,"0.289","0.612","0.409",48.1
"Jiménez, Eloy",650391,"BAL","FF","4-Seam Fastball",0.7,2,"262",21.8,"80","0.324","0.554","0.422",9.9,17.5,18.7,"0.279","0.547","0.381",55
"Ramos, Heliot",671218,"SF","SL","Slider",0.2,1,"332",16.6,"80","0.241","0.456","0.311",35.7,28.7,24,"0.242","0.486","0.313",48.2
"Rosario, Amed",642708,"CIN","FF","4-Seam Fastball",0.3,1,"354",29.3,"80","0.329","0.438","0.367",23.1,20,16,"0.284","0.406","0.333",50.9
"Taylor, Michael A.",572191,"PIT","FF","4-Seam Fastball",-1.2,-4,"341",28.4,"80","0.169","0.324","0.249",42.4,43.8,28.9,"0.186","0.388","0.279",52.6
"Pasquantino, Vinnie",686469,"KC","SI","Sinker",-0.1,0,"263",12.3,"80","0.282","0.493","0.371",8.9,10,14.3,"0.329","0.599","0.429",60.3
"Winker, Jesse",608385,"NYM","SI","Sinker",1,3,"282",13.7,"80","0.29","0.435","0.403",10.6,16.3,16.7,"0.3","0.394","0.386",30
"Burleson, Alec",676475,"STL","SL","Slider",-1.1,-3,"303",14.3,"79","0.155","0.31","0.255",20.5,17.7,12.8,"0.188","0.341","0.26",35.6
"Bichette, Bo",666182,"TOR","FF","4-Seam Fastball",-1.9,-7,"340",29,"79","0.216","0.297","0.257",13.2,15.2,10.7,"0.285","0.503","0.359",62.9
"Santander, Anthony",623993,"BAL","SI","Sinker",0.4,1,"286",10.4,"79","0.191","0.485","0.353",9.5,15.2,18.5,"0.228","0.513","0.366",48.2
"Robert Jr., Luis",673357,"CWS","SL","Slider",-0.6,-2,"283",17.6,"79","0.221","0.364","0.285",39.7,39.2,30.1,"0.178","0.286","0.211",37
"Profar, Jurickson",595777,"SD","SL","Slider",-0.1,0,"325",11.9,"79","0.25","0.441","0.342",20.4,19,11.9,"0.275","0.465","0.361",44.4
"Ahmed, Nick",605113,"SD","FF","4-Seam Fastball",-1.3,-4,"271",32,"79","0.217","0.29","0.279",22.7,19,18.1,"0.237","0.34","0.292",33.9
"Duran, Ezequiel",677649,"TEX","FF","4-Seam Fastball",-1.1,-3,"316",31.3,"79","0.26","0.37","0.297",22.9,30.4,22.6,"0.202","0.332","0.257",42
"Perez, Salvador",521692,"KC","ST","Sweeper",0.5,1,"285",12.4,"79","0.253","0.413","0.307",31.7,25.3,21.5,"0.224","0.423","0.297",29.1
"Guerrero Jr., Vladimir",665489,"TOR","CH","Changeup",2.2,6,"259",10,"79","0.278","0.458","0.372",27.1,19,16.3,"0.272","0.49","0.364",52.6
"Harper, Bryce",547180,"PHI","CH","Changeup",3,8,"271",11,"79","0.31","0.62","0.434",30.4,17.7,18.2,"0.259","0.54","0.375",38.6
"Correa, Carlos",621043,"MIN","SI","Sinker",2.1,6,"288",20.9,"79","0.292","0.462","0.413",8.5,10.1,13.3,"0.265","0.422","0.369",43.9
"Pages, Andy",681624,"LAD","SI","Sinker",-0.7,-2,"277",16.1,"79","0.28","0.4","0.342",17.1,13.9,20.4,"0.282","0.448","0.334",39.1
"McMahon, Ryan",641857,"COL","SL","Slider",1.4,4,"309",11.3,"79","0.275","0.493","0.365",41.3,27.8,22,"0.245","0.459","0.35",50
"Stewart, DJ",621466,"NYM","FF","4-Seam Fastball",-0.6,-2,"328",42.9,"79","0.103","0.207","0.273",34.3,29.1,23.2,"0.161","0.271","0.328",38.9
"Lewis, Royce",668904,"MIN","FF","4-Seam Fastball",-0.2,-1,"351",28.5,"78","0.214","0.457","0.324",29.6,28.2,19.5,"0.213","0.45","0.323",43.8
"Blackmon, Charlie",453568,"COL","SI","Sinker",0.3,1,"260",13.5,"78","0.273","0.348","0.331",7.5,11.5,16.4,"0.251","0.337","0.329",21.1
"McNeil, Jeff",643446,"NYM","SL","Slider",0,0,"274",16,"78","0.214","0.329","0.282",29.5,25.6,18.3,"0.154","0.236","0.233",21.6
"McCutchen, Andrew",457705,"PIT","SL","Slider",0.1,1,"395",18.3,"78","0.174","0.319","0.278",39.7,37.2,21.6,"0.172","0.31","0.261",32.5
"Freeman, Tyler",671289,"CLE","SI","Sinker",-1.6,-4,"251",18.2,"78","0.212","0.303","0.298",12.3,15.4,25,"0.229","0.298","0.296",39.3
"Lopez, Otto",672640,"MIA","SL","Slider",1,3,"278",18,"78","0.253","0.36","0.317",33.6,28.2,21.8,"0.236","0.353","0.273",28.3
"Abrams, CJ",682928,"WSH","CH","Changeup",-1.5,-4,"257",11.4,"78","0.171","0.271","0.242",19,16.7,15.1,"0.245","0.371","0.311",36.8
"Santander, Anthony",623993,"BAL","SL","Slider",0.6,2,"278",10.2,"78","0.197","0.423","0.299",19.5,23.1,16.4,"0.203","0.426","0.304",45.3
"Rivera, Emmanuel",656896,"BAL","FF","4-Seam Fastball",-2.3,-8,"331",28.8,"78","0.159","0.217","0.226",29.2,24.4,17.8,"0.246","0.39","0.322",52
"Rojas, Josh",668942,"SEA","SI","Sinker",-0.1,0,"254",13.4,"78","0.294","0.426","0.358",13.3,12.8,15.9,"0.283","0.443","0.358",39
"O'Neill, Tyler",641933,"BOS","SI","Sinker",0.8,2,"301",15.2,"78","0.29","0.522","0.387",18.5,23.1,26.1,"0.267","0.541","0.38",41.2
"Westburg, Jordan",676059,"BAL","SL","Slider",0.4,1,"306",18.7,"78","0.28","0.48","0.338",36.1,23.1,21.7,"0.272","0.449","0.324",42.1
"Burger, Jake",669394,"MIA","CH","Changeup",-1.7,-4,"252",12.1,"78","0.153","0.278","0.225",42,34.6,31.8,"0.205","0.308","0.255",28.3
"O'Neill, Tyler",641933,"BOS","SL","Slider",0.4,1,"319",16.1,"78","0.239","0.507","0.347",42.5,41,31.1,"0.188","0.388","0.283",41
"Betts, Mookie",605141,"LAD","SL","Slider",2.5,7,"297",14.5,"78","0.314","0.657","0.419",20.9,12.8,12.2,"0.229","0.391","0.3",25.8
"Malloy, Justyn-Henry",669234,"DET","FF","4-Seam Fastball",-0.5,-2,"322",32.5,"77","0.224","0.343","0.304",24.7,28.6,22.9,"0.223","0.394","0.319",44.4
"Turner, Justin",457759,"SEA","SL","Slider",0.5,2,"323",13.9,"77","0.239","0.423","0.314",28.2,27.3,16.3,"0.238","0.367","0.295",32
"García Jr., Luis",671277,"WSH","SI","Sinker",-0.1,0,"287",15.2,"77","0.306","0.389","0.342",10.9,11.7,19.1,"0.259","0.392","0.313",47.6
"Varsho, Daulton",662139,"TOR","SI","Sinker",-0.3,-1,"250",12.3,"77","0.282","0.394","0.338",16.5,18.2,24.1,"0.212","0.312","0.265",40.4
"Benintendi, Andrew",643217,"CWS","SI","Sinker",-0.3,-1,"296",14.8,"77","0.282","0.394","0.326",14.9,16.9,18.8,"0.28","0.382","0.326",34.5
"Amaya, Miguel",665804,"CHC","SI","Sinker",0.9,2,"258",20,"77","0.29","0.493","0.391",16.5,10.4,18.6,"0.274","0.477","0.357",50
"Bogaerts, Xander",593428,"SD","SL","Slider",1,3,"305",17,"77","0.254","0.394","0.315",24.8,16.9,12.1,"0.247","0.377","0.295",27.1
"Santana, Carlos",467793,"MIN","SL","Slider",-0.3,-1,"342",14.1,"77","0.188","0.313","0.299",35.5,29.9,21.7,"0.192","0.323","0.294",31
"Acuña Jr., Ronald",660670,"ATL","FF","4-Seam Fastball",-1,-3,"349",38.6,"77","0.172","0.25","0.27",27.7,29.9,18,"0.206","0.326","0.31",43.9
"Díaz, Elias",553869,"SD","FF","4-Seam Fastball",-0.5,-2,"369",27.9,"77","0.266","0.344","0.331",28.6,28.6,18.5,"0.222","0.299","0.296",46.5
"Adell, Jo",666176,"LAA","SL","Slider",0.7,2,"298",16.2,"76","0.214","0.486","0.328",37.8,35.5,23.3,"0.248","0.55","0.363",53.5
"Barger, Addison",680718,"TOR","FF","4-Seam Fastball",-1.3,-3,"269",31.3,"76","0.211","0.366","0.299",26.1,28.9,28.9,"0.221","0.356","0.275",38.8
"Riley, Austin",663586,"ATL","SL","Slider",1.7,5,"300",16.5,"76","0.311","0.608","0.401",37.6,28.9,21,"0.295","0.608","0.388",55.8
"Naylor, Josh",647304,"CLE","SL","Slider",1.7,5,"318",13.9,"76","0.296","0.507","0.357",29,23.7,18.2,"0.238","0.428","0.302",35.2
"Robert Jr., Luis",673357,"CWS","SI","Sinker",-0.7,-2,"266",16.5,"76","0.274","0.384","0.306",23.1,23.7,35.3,"0.258","0.344","0.282",40
"Stanton, Giancarlo",519317,"NYY","SI","Sinker",2.7,8,"289",15.8,"76","0.348","0.623","0.445",19.6,17.1,28.3,"0.349","0.734","0.48",60.7
"Freeman, Freddie",518692,"LAD","SL","Slider",0.8,3,"351",13.9,"76","0.238","0.349","0.321",34.3,27.6,17.4,"0.23","0.319","0.312",30.2
"Stowers, Kyle",669065,"MIA","FF","4-Seam Fastball",-2.5,-8,"322",39.3,"76","0.167","0.222","0.197",40,44.7,30.9,"0.165","0.283","0.218",50
"Harper, Bryce",547180,"PHI","CU","Curveball",-0.6,-2,"271",11,"76","0.229","0.4","0.301",37.3,31.6,27.3,"0.212","0.334","0.273",39.1
"Lowe, Brandon",664040,"TB","CH","Changeup",0.1,0,"284",17.5,"76","0.188","0.348","0.264",37.8,19.7,17.9,"0.201","0.348","0.268",33.9
"Bichette, Bo",666182,"TOR","SI","Sinker",-1.4,-3,"257",21.9,"76","0.246","0.304","0.296",11.5,15.8,22.2,"0.25","0.337","0.305",47.4
"Verdugo, Alex",657077,"NYY","SL","Slider",0.3,1,"300",12.8,"76","0.286","0.414","0.319",15.7,11.8,10,"0.288","0.435","0.324",40.6
"Busch, Michael",683737,"CHC","SL","Slider",-0.1,0,"293",12.4,"75","0.229","0.357","0.282",43.8,41.3,29.2,"0.147","0.326","0.232",23.1
"Conforto, Michael",624424,"SF","CH","Changeup",-1,-3,"272",13.9,"75","0.167","0.25","0.213",31.1,25.3,19.6,"0.222","0.352","0.27",32.1
"Yastrzemski, Mike",573262,"SF","SI","Sinker",-0.6,-2,"265",13.6,"75","0.25","0.422","0.376",16.8,21.3,28.6,"0.263","0.408","0.351",50
"Olson, Matt",621566,"ATL","FC","Cutter",0.2,1,"290",9.8,"75","0.294","0.456","0.373",25.3,18.7,18.4,"0.268","0.376","0.328",50.9
"Gonzales, Nick",693304,"PIT","SL","Slider",0.2,0,"261",19,"75","0.26","0.438","0.316",25.5,16,13.6,"0.275","0.434","0.31",25.8
"Butler, Lawrence",671732,"ATH","CH","Changeup",-0.4,-1,"283",15.6,"75","0.236","0.347","0.271",42.1,25.3,24.7,"0.23","0.397","0.285",30.2
"Gelof, Zack",680869,"ATH","SL","Slider",-0.7,-3,"367",17.9,"75","0.171","0.3","0.235",42.2,41.3,25.4,"0.163","0.333","0.242",43.6
"Espinal, Santiago",669289,"CIN","SL","Slider",-2.1,-5,"249",16.5,"75","0.192","0.233","0.201",28.9,28,23.9,"0.239","0.297","0.246",21.2
"Báez, Javier",595879,"DET","FF","4-Seam Fastball",-1.5,-4,"277",27.2,"75","0.197","0.268","0.232",26.1,24,26.5,"0.226","0.387","0.277",53.7
"Keith, Colt",690993,"DET","SL","Slider",-0.5,-1,"296",14.7,"75","0.229","0.329","0.274",31.5,24,20,"0.234","0.333","0.27",22.6
"Schanuel, Nolan",694384,"LAA","SL","Slider",1.7,5,"285",12.1,"75","0.306","0.468","0.379",16.4,16,13.8,"0.302","0.448","0.384",23.1
"Ibáñez, Andy",628451,"DET","FF","4-Seam Fastball",-0.2,0,"314",34.2,"74","0.2","0.338","0.299",28.2,25.7,21.1,"0.174","0.297","0.261",30.4
"Seager, Corey",608369,"TEX","CH","Changeup",1.3,3,"274",14.6,"74","0.328","0.463","0.395",21,6.8,8.1,"0.324","0.527","0.4",30.6
"Grandal, Yasmani",518735,"PIT","FF","4-Seam Fastball",2.5,8,"304",31.9,"74","0.25","0.625","0.411",16.5,20.3,19.7,"0.262","0.601","0.398",56.9
"Schuemann, Max",680474,"ATH","SL","Slider",1.1,3,"297",16.2,"74","0.277","0.385","0.336",35.8,25.7,20.9,"0.249","0.344","0.304",29.2
"Stephenson, Tyler",663886,"CIN","SL","Slider",1.5,4,"291",15,"74","0.297","0.531","0.398",30.5,24.3,19.4,"0.226","0.393","0.326",39.1
"Judge, Aaron",592450,"NYY","ST","Sweeper",3.6,11,"317",11,"74","0.283","0.717","0.467",30.2,24.3,16.1,"0.279","0.855","0.509",45.2
"Hayes, Ke'Bryan",663647,"PIT","SL","Slider",0.4,1,"249",16.9,"74","0.275","0.391","0.308",27,24.3,22.2,"0.231","0.346","0.272",44.2
"Reynolds, Bryan",668804,"PIT","CU","Curveball",-0.2,0,"263",10.1,"74","0.206","0.309","0.264",36.4,28.4,23.9,"0.198","0.313","0.26",31.3
"Merrifield, Whit",593160,"ATL","SI","Sinker",-0.6,-1,"259",19.5,"74","0.297","0.406","0.362",13.1,8.1,12.5,"0.267","0.323","0.312",30
"Haniger, Mitch",571745,"SEA","SI","Sinker",-1.1,-3,"251",14.3,"73","0.242","0.379","0.299",23.3,16.4,18.8,"0.25","0.402","0.319",38.2
"Lindor, Francisco",596019,"NYM","CU","Curveball",1.7,5,"282",10.4,"73","0.279","0.529","0.366",34.1,19.2,14.3,"0.262","0.468","0.338",42.6
"Torkelson, Spencer",679529,"DET","SI","Sinker",-1.6,-4,"277",17.5,"73","0.194","0.274","0.29",13.3,15.1,14.1,"0.25","0.361","0.334",47.1
"Kim, Ha-Seong",673490,"SD","SL","Slider",1.2,4,"329",16.6,"73","0.258","0.394","0.324",22.8,20.5,13.3,"0.239","0.314","0.284",21.2
"Turang, Brice",668930,"MIL","CH","Changeup",-1.1,-3,"269",10.9,"73","0.181","0.25","0.197",15.7,13.7,11.6,"0.258","0.312","0.25",14.3
"Jiménez, Eloy",650391,"BAL","SL","Slider",-2.1,-5,"263",21.9,"73","0.194","0.209","0.223",37.5,24.7,23.1,"0.209","0.266","0.252",42.9
"Cowser, Colton",681297,"BAL","SL","Slider",1.3,4,"287",12.4,"73","0.3","0.486","0.342",35.2,28.8,25.3,"0.278","0.554","0.362",44
"Herrera, Iván",671056,"STL","FF","4-Seam Fastball",0.4,1,"325",31.4,"73","0.293","0.345","0.38",20.7,16.4,11.5,"0.282","0.381","0.374",34.8
"Pages, Andy",681624,"LAD","SL","Slider",-2.2,-7,"294",17.1,"73","0.176","0.25","0.211",37.1,26,20,"0.248","0.37","0.292",28
"Polanco, Jorge",593871,"SEA","SL","Slider",-1.1,-3,"259",13.3,"73","0.215","0.308","0.279",29.2,32.9,27.3,"0.185","0.305","0.265",26.8
"Ohtani, Shohei",660271,"LAD","CH","Changeup",2,6,"313",11,"73","0.318","0.621","0.416",27.9,13.7,13,"0.331","0.67","0.45",47.4
"Pasquantino, Vinnie",686469,"KC","CH","Changeup",0.9,3,"309",14.5,"73","0.266","0.531","0.361",16,11,9.3,"0.275","0.508","0.369",41.4
"Flores, Wilmer",527038,"SF","FF","4-Seam Fastball",-1.8,-5,"280",29.1,"72","0.161","0.177","0.23",11.8,12.5,10.1,"0.186","0.322","0.275",29.6
"Cruz, Oneil",665833,"PIT","CH","Changeup",0.6,2,"279",11.7,"72","0.299","0.463","0.353",44.2,29.2,24.7,"0.223","0.362","0.283",39.1
"Raleigh, Cal",663728,"SEA","SL","Slider",2.3,8,"327",13,"72","0.305","0.661","0.448",36.7,30.6,18.5,"0.257","0.54","0.392",50
"Garver, Mitch",641598,"SEA","SI","Sinker",-1.2,-3,"284",15.6,"72","0.135","0.231","0.297",10.1,15.3,17.5,"0.196","0.341","0.352",47.6
"Harris II, Michael",671739,"ATL","SI","Sinker",-1.2,-3,"245",14.5,"72","0.227","0.303","0.296",12.3,9.7,16.3,"0.268","0.352","0.314",49.2
"Duran, Jarren",680776,"BOS","CH","Changeup",3.4,8,"245",8.6,"72","0.328","0.552","0.41",25.6,18.1,19.4,"0.285","0.407","0.328",40.7
"Crawford, J.P.",641487,"SEA","SL","Slider",-1.8,-6,"308",16.1,"72","0.136","0.227","0.201",29.9,37.5,23.9,"0.175","0.34","0.259",35.9
"Santander, Anthony",623993,"BAL","FC","Cutter",3,9,"293",10.7,"72","0.333","0.635","0.458",23,16.7,17.4,"0.246","0.452","0.347",35.3
"Andujar, Miguel",609280,"ATH","FF","4-Seam Fastball",1.1,3,"260",22.1,"72","0.386","0.5","0.409",7.4,5.6,5,"0.321","0.464","0.35",47
"Schneemann, Daniel",682177,"CLE","FF","4-Seam Fastball",1.6,5,"302",33.5,"72","0.226","0.532","0.38",21.4,23.6,16.5,"0.238","0.443","0.345",48.9
"Moreno, Gabriel",672515,"AZ","SI","Sinker",-0.8,-3,"348",22.7,"72","0.2","0.35","0.312",14.8,16.7,16.7,"0.248","0.439","0.364",45.8
"Grisham, Trent",663757,"NYY","FF","4-Seam Fastball",0.5,2,"311",36.4,"72","0.233","0.5","0.381",24.8,23.6,21.3,"0.25","0.618","0.415",72.7
"Valdez, Enmanuel",665839,"BOS","FF","4-Seam Fastball",-0.3,-1,"305",33.2,"71","0.246","0.446","0.331",17.4,22.5,16.3,"0.236","0.491","0.332",42
"Soto, Juan",665742,"NYY","FC","Cutter",1.5,5,"314",10.6,"71","0.262","0.623","0.417",22.5,11.3,11.9,"0.32","0.641","0.457",59.3
"Drury, Brandon",592273,"LAA","SI","Sinker",-0.8,-2,"249",17.8,"71","0.15","0.233","0.311",15.7,11.3,19.5,"0.2","0.354","0.313",40.4
"De La Cruz, Elly",682829,"CIN","SI","Sinker",3.7,10,"269",9.8,"71","0.345","0.707","0.509",17.6,19.7,22.2,"0.345","0.747","0.495",63
"García, Adolis",666969,"TEX","CH","Changeup",-0.6,-2,"254",10,"71","0.203","0.348","0.251",39.5,25.4,20,"0.229","0.489","0.306",48.1
"Wade Jr., LaMonte",664774,"SF","CH","Changeup",-2,-5,"263",16,"71","0.162","0.25","0.199",37.2,35.2,29.1,"0.178","0.352","0.245",34.9
"Haniger, Mitch",571745,"SEA","SL","Slider",-2.5,-8,"320",18.2,"71","0.097","0.097","0.167",44.4,45.1,28.8,"0.123","0.198","0.211",50
"Margot, Manuel",622534,"MIN","SL","Slider",-1.2,-3,"245",18.7,"71","0.235","0.309","0.261",30.8,25.4,19.4,"0.203","0.27","0.23",24
"Duran, Jarren",680776,"BOS","FC","Cutter",-0.5,-1,"257",9,"71","0.269","0.403","0.317",23.3,18.3,21.3,"0.279","0.43","0.332",38.9
"Tatis Jr., Fernando",665487,"SD","SL","Slider",3,7,"244",15.7,"71","0.333","0.636","0.42",40.6,28.2,29.9,"0.227","0.452","0.319",55.3
"Rodríguez, Julio",677594,"SEA","CH","Changeup",-1.6,-4,"251",10.5,"71","0.182","0.242","0.247",36.5,35.2,25.8,"0.191","0.283","0.242",43.9
"Rutschman, Adley",668939,"BAL","SI","Sinker",1.3,4,"273",10.5,"71","0.3","0.533","0.421",11.3,12.7,13.6,"0.304","0.54","0.412",41.2
"Slater, Austin",596103,"BAL","FF","4-Seam Fastball",0.3,1,"315",35.7,"71","0.25","0.357","0.356",34.2,39.4,25,"0.174","0.281","0.303",53.6
"Hampson, Garrett",641658,"KC","FF","4-Seam Fastball",-1.5,-4,"288",32.7,"71","0.308","0.385","0.337",13.9,15.5,13.6,"0.233","0.349","0.292",33.3
"Marte, Starling",516782,"NYM","SI","Sinker",-2.7,-8,"288",20.3,"70","0.2","0.246","0.238",16.2,20,23.7,"0.225","0.275","0.251",38.5
"Busch, Michael",683737,"CHC","SI","Sinker",1.1,3,"250",10.6,"70","0.3","0.467","0.383",14.6,22.9,21.9,"0.292","0.521","0.401",47.7
"Happ, Ian",664023,"CHC","SL","Slider",-0.3,-1,"260",9.6,"70","0.169","0.477","0.3",35.9,34.3,23.1,"0.189","0.417","0.288",43.9
"Fletcher, Dominic",666150,"CWS","FF","4-Seam Fastball",-3,-10,"332",36.9,"70","0.141","0.203","0.188",29.6,35.7,30.9,"0.197","0.251","0.232",22.5
"Renfroe, Hunter",592669,"KC","SL","Slider",0.2,1,"261",15.8,"70","0.215","0.308","0.286",37.6,27.1,24.1,"0.183","0.217","0.215",26.1
"Altuve, Jose",514888,"HOU","CH","Changeup",0.2,1,"259",10.6,"70","0.313","0.448","0.338",27.2,20,17.9,"0.234","0.333","0.268",26.4
"Polanco, Jorge",593871,"SEA","CH","Changeup",0.2,1,"314",16.1,"70","0.159","0.27","0.248",45.7,35.7,25.3,"0.21","0.324","0.276",23.7
"Carroll, Corbin",682998,"AZ","CH","Changeup",2.4,6,"251",9.5,"70","0.25","0.563","0.371",27.8,18.6,14.4,"0.264","0.458","0.335",42.3
"Semien, Marcus",543760,"TEX","CH","Changeup",1.9,5,"258",9.8,"70","0.233","0.4","0.371",22.8,17.1,13.3,"0.197","0.295","0.285",27.1
"Triolo, Jared",669707,"PIT","SL","Slider",0.8,3,"334",18.9,"70","0.219","0.359","0.316",41.6,30,19.3,"0.177","0.301","0.247",31.8
"DeLuca, Jonny",676356,"TB","SL","Slider",-1.2,-3,"264",19.6,"69","0.179","0.254","0.254",31.3,21.7,16.5,"0.238","0.286","0.248",23.1
"Bart, Joey",663698,"PIT","FF","4-Seam Fastball",1.8,5,"305",27.1,"69","0.296","0.593","0.445",21.8,20.3,14,"0.257","0.586","0.429",42.5
"Chisholm Jr., Jazz",665862,"NYY","SL","Slider",0,0,"365",14.6,"69","0.226","0.419","0.317",42.1,37.7,20.8,"0.191","0.365","0.283",41.7
"Rojas, Johan",679032,"PHI","SI","Sinker",-2,-5,"267",20.1,"69","0.222","0.238","0.255",14.5,14.5,19.2,"0.215","0.26","0.234",26.8
"Sosa, Edmundo",624641,"PHI","FF","4-Seam Fastball",0.7,2,"293",27.9,"69","0.276","0.431","0.37",22.8,18.8,12.5,"0.205","0.327","0.306",39.1
"Schanuel, Nolan",694384,"LAA","CH","Changeup",1.5,4,"249",10.6,"69","0.276","0.345","0.336",15.5,13,13.2,"0.313","0.384","0.37",22
"Marsh, Brandon",669016,"PHI","SL","Slider",-0.7,-2,"285",14.2,"69","0.153","0.356","0.264",34.4,46.4,33.3,"0.151","0.322","0.27",50
"Volpe, Anthony",683011,"NYY","ST","Sweeper",-1.3,-4,"276",9.9,"69","0.152","0.273","0.195",17.6,20.3,14.9,"0.193","0.264","0.223",24.1
"Lux, Gavin",666158,"LAD","SI","Sinker",1.6,4,"257",13.3,"69","0.306","0.565","0.421",7.5,15.9,17.7,"0.281","0.478","0.363",45.1
"Ohtani, Shohei",660271,"LAD","FC","Cutter",-1,-3,"273",9.6,"69","0.29","0.5","0.367",29.3,11.6,20,"0.316","0.634","0.419",53.6
"De La Cruz, Elly",682829,"CIN","CU","Curveball",-1.1,-4,"311",11.3,"69","0.152","0.258","0.21",47.4,50.7,36.1,"0.15","0.275","0.205",41.9
"Rendon, Anthony",543685,"LAA","FF","4-Seam Fastball",-1.9,-6,"297",30.4,"69","0.158","0.228","0.239",18.9,20.3,14.1,"0.228","0.375","0.326",44.4
"Andujar, Miguel",609280,"ATH","SI","Sinker",-0.8,-2,"245",20.9,"69","0.279","0.377","0.346",9.5,7.2,15.2,"0.242","0.32","0.302",41.1
"Greene, Riley",682985,"DET","SL","Slider",0.3,1,"292",12.2,"69","0.194","0.403","0.277",40.6,40.6,25.7,"0.203","0.54","0.322",53.8
"Cowser, Colton",681297,"BAL","SI","Sinker",-0.7,-2,"305",13.2,"69","0.258","0.452","0.342",21.5,29,29,"0.262","0.462","0.349",50
"Holliday, Jackson",702616,"BAL","FF","4-Seam Fastball",-1.2,-3,"284",34.4,"69","0.25","0.333","0.303",34.1,36.2,27.8,"0.232","0.443","0.329",75
"Benintendi, Andrew",643217,"CWS","SL","Slider",-0.8,-2,"246",12.3,"68","0.227","0.47","0.304",27.2,25,23.6,"0.223","0.432","0.292",36.7
"Jansen, Danny",643376,"BOS","SI","Sinker",1.2,3,"252",18.4,"68","0.295","0.475","0.382",11.7,10.3,13.5,"0.265","0.418","0.336",35.2
"Taveras, Leody",665750,"TEX","SI","Sinker",-1.4,-3,"245",12.2,"68","0.207","0.224","0.298",12.6,10.3,15.9,"0.278","0.358","0.347",31.4
"Olivares, Edward",658668,"PIT","FF","4-Seam Fastball",0.1,0,"262",34.1,"68","0.267","0.433","0.317",21,20.6,15.4,"0.283","0.455","0.339",44.9
"Stott, Bryson",681082,"PHI","CH","Changeup",-0.6,-2,"254",11,"68","0.234","0.234","0.253",19.1,20.6,16.5,"0.262","0.335","0.29",20
"Marsh, Brandon",669016,"PHI","SI","Sinker",-0.5,-1,"260",13,"68","0.283","0.4","0.339",9,14.7,16.1,"0.31","0.471","0.373",49
"Murphy, Sean",669221,"ATL","FF","4-Seam Fastball",-0.1,0,"303",28.5,"68","0.196","0.411","0.346",25.5,25,17.5,"0.253","0.577","0.412",56.4
"Solano, Donovan",456781,"SD","SI","Sinker",-0.8,-2,"248",19.5,"68","0.317","0.381","0.355",15.8,16.2,17.2,"0.256","0.376","0.305",50
"Campusano, Luis",669134,"SD","SI","Sinker",-2.1,-5,"245",23.9,"68","0.2","0.308","0.257",9.3,7.4,14.7,"0.207","0.297","0.245",30
"O'Hearn, Ryan",656811,"BAL","CH","Changeup",-0.5,-1,"259",13.5,"68","0.213","0.328","0.274",28.3,17.6,15.8,"0.246","0.45","0.331",38
"McCann, James",543510,"BAL","FF","4-Seam Fastball",0.9,3,"321",36.7,"68","0.328","0.466","0.376",20,17.6,12.2,"0.285","0.452","0.363",47.9
"Moore, Dylan",664238,"SEA","SL","Slider",-1.3,-4,"329",18.2,"68","0.129","0.21","0.22",28.8,39.7,24.5,"0.147","0.213","0.204",28.6
"Adames, Willy",642715,"MIL","FC","Cutter",-1,-2,"245",9,"68","0.2","0.4","0.318",31.5,26.5,27.3,"0.193","0.468","0.327",35.7
"Stanton, Giancarlo",519317,"NYY","SL","Slider",0.1,0,"289",15.8,"68","0.188","0.516","0.317",45.5,41.2,26.4,"0.235","0.505","0.336",52.8
"Drury, Brandon",592273,"LAA","SL","Slider",-0.6,-2,"253",18.1,"68","0.226","0.29","0.286",28.6,22.1,18.3,"0.23","0.299","0.277",25.5
"Chisholm Jr., Jazz",665862,"NYY","CH","Changeup",2.2,6,"279",11.2,"68","0.281","0.516","0.36",35,23.5,17.2,"0.28","0.449","0.338",37.5
"Arozarena, Randy",668227,"SEA","CH","Changeup",0.3,1,"270",9.7,"67","0.19","0.349","0.284",35.6,25.4,18.3,"0.188","0.319","0.247",34.8
"Arraez, Luis",650333,"SD","SL","Slider",0.4,1,"265",11,"67","0.254","0.365","0.288",16.3,13.4,11.3,"0.237","0.297","0.256",21.8
"Schwarber, Kyle",656941,"PHI","CH","Changeup",-0.1,0,"298",10.4,"67","0.164","0.377","0.268",40.7,40.3,25.7,"0.206","0.397","0.301",50
"Rojas, Josh",668942,"SEA","SL","Slider",-1.7,-4,"246",12.9,"67","0.194","0.226","0.227",28.8,23.9,17.4,"0.197","0.288","0.249",27.7
"Rutschman, Adley",668939,"BAL","SL","Slider",1,3,"305",11.8,"67","0.302","0.444","0.348",30.2,31.3,19.6,"0.195","0.265","0.24",22.7
"Donovan, Brendan",680977,"STL","SL","Slider",0.2,1,"294",11.8,"67","0.259","0.37","0.349",23,10.4,6.8,"0.24","0.412","0.353",36.7
"Rooker, Brent",667670,"ATH","CH","Changeup",0.1,0,"263",11.1,"67","0.23","0.426","0.295",39.7,31.3,23.9,"0.222","0.43","0.302",45.2
"Torres, Gleyber",650402,"NYY","CH","Changeup",-1,-3,"262",9.3,"66","0.206","0.286","0.236",25.4,25.8,17,"0.219","0.342","0.263",10.9
"Ozuna, Marcell",542303,"ATL","CH","Changeup",0.7,2,"266",9.3,"66","0.298","0.439","0.36",41.4,25.8,20,"0.277","0.495","0.375",46.3
"De La Cruz, Elly",682829,"CIN","FC","Cutter",0.3,1,"259",9.4,"66","0.311","0.541","0.402",28.8,24.2,27.6,"0.266","0.507","0.355",53.3
"Davis, J.D.",605204,"NYY","FF","4-Seam Fastball",-0.5,-1,"258",44,"66","0.254","0.39","0.328",37.9,31.8,25.9,"0.218","0.383","0.305",55.3
"Urshela, Gio",570482,"ATL","SL","Slider",-0.1,0,"276",16.4,"66","0.27","0.381","0.305",21.4,19.7,13,"0.257","0.366","0.28",23.5
"Contreras, William",661388,"MIL","CH","Changeup",2.1,6,"259",9.7,"66","0.283","0.533","0.378",36,34.8,22.3,"0.195","0.419","0.301",40.5
"Ramírez, Harold",623912,"WSH","FF","4-Seam Fastball",-1.1,-3,"245",27.9,"66","0.242","0.387","0.285",25.2,22.7,18.3,"0.229","0.369","0.275",37.5
"Andujar, Miguel",609280,"ATH","SL","Slider",-2.2,-5,"246",20.9,"65","0.203","0.219","0.21",22.7,23.1,19.7,"0.196","0.228","0.2",18.4
"Fitzgerald, Tyler",666149,"SF","SI","Sinker",2.5,6,"247",18.6,"65","0.321","0.547","0.486",14.7,16.9,17.7,"0.297","0.461","0.397",33.3
"Wisdom, Patrick",621550,"CHC","FF","4-Seam Fastball",-1.6,-4,"259",36.9,"65","0.186","0.373","0.272",28.9,33.8,25,"0.158","0.378","0.261",52.6
"Santana, Carlos",467793,"MIN","SI","Sinker",-1,-3,"253",10.4,"65","0.218","0.291","0.296",13.5,10.8,13,"0.284","0.491","0.389",52.1
"Torres, Gleyber",650402,"NYY","ST","Sweeper",-0.4,-1,"292",10.4,"65","0.226","0.258","0.23",17.9,16.9,10.6,"0.196","0.276","0.219",11.5
"Sheets, Gavin",657757,"CWS","SL","Slider",-1.5,-4,"277",13.3,"65","0.18","0.295","0.234",41.2,43.1,27.2,"0.214","0.316","0.259",39.4
"Giménez, Andrés",665926,"CLE","CH","Changeup",1.5,4,"256",10.7,"65","0.311","0.459","0.365",22.7,7.7,6,"0.324","0.436","0.353",24.6
"Bart, Joey",663698,"PIT","SI","Sinker",-0.9,-2,"253",22.5,"65","0.228","0.351","0.31",16,23.1,24.6,"0.252","0.408","0.339",38.1
"Sosa, Lenyn",672820,"CWS","SL","Slider",-2.7,-7,"249",18.1,"65","0.169","0.262","0.185",24.8,18.5,12.9,"0.23","0.348","0.251",28.3
"Schneider, Davis",676914,"TOR","SL","Slider",0.6,2,"257",13.1,"64","0.242","0.435","0.3",39.6,39.1,25.8,"0.212","0.396","0.275",35.1
"Lowe, Nathaniel",663993,"TEX","SL","Slider",2,5,"246",10.4,"64","0.271","0.475","0.348",38.5,39.1,23.8,"0.186","0.349","0.265",38.2
"Alvarez, Francisco",682626,"NYM","SL","Slider",-1.5,-4,"265",19.9,"64","0.183","0.233","0.218",33.1,25,20,"0.19","0.224","0.21",31.1
"Siri, Jose",642350,"TB","SI","Sinker",-1,-3,"270",15.1,"64","0.214","0.357","0.301",23.7,20.3,21,"0.275","0.401","0.347",46.5
"Martini, Nick",605361,"CIN","FF","4-Seam Fastball",-2.1,-6,"268",42.9,"64","0.14","0.211","0.215",19.5,25,22.2,"0.185","0.316","0.259",33.3
"Singleton, Jon",572138,"HOU","SL","Slider",-2,-5,"255",15.7,"64","0.164","0.311","0.224",47.1,43.8,31.5,"0.15","0.258","0.198",45.5
"Varsho, Daulton",662139,"TOR","CH","Changeup",2,5,"247",12.1,"64","0.254","0.559","0.366",26.2,25,20.3,"0.198","0.347","0.27",39.5
"Turang, Brice",668930,"MIL","CU","Curveball",-0.5,-1,"252",10.2,"64","0.18","0.279","0.234",13.7,20.3,14.3,"0.239","0.314","0.267",33.3
"Norby, Connor",681393,"MIA","FF","4-Seam Fastball",-1.4,-3,"246",32.4,"64","0.228","0.421","0.311",27.1,29.7,22.1,"0.206","0.478","0.328",51.3
"Pache, Cristian",665506,"MIA","FF","4-Seam Fastball",-2.6,-7,"252",33.5,"64","0.123","0.175","0.191",33.3,39.1,29.4,"0.142","0.222","0.217",25
"Hernández, Enrique",571771,"LAD","SL","Slider",2.3,6,"256",16.9,"63","0.264","0.566","0.387",28.7,27,18.9,"0.221","0.428","0.328",47.4
"Olson, Matt",621566,"ATL","CH","Changeup",0.8,2,"266",9,"63","0.246","0.474","0.341",31.6,20.6,12.4,"0.263","0.471","0.352",43.2
"Kwan, Steven",680757,"CLE","SL","Slider",0.8,2,"282",13,"63","0.185","0.333","0.289",18.6,20.6,14.1,"0.203","0.314","0.292",14.6
"Winker, Jesse",608385,"NYM","SL","Slider",1.3,3,"261",12.7,"63","0.269","0.462","0.379",24.3,23.8,14.3,"0.207","0.351","0.319",37.8
"Henderson, Gunnar",683002,"BAL","FC","Cutter",0.7,2,"243",8.4,"63","0.333","0.561","0.412",26.7,22.2,26.4,"0.291","0.424","0.347",60.5
"Taylor, Michael A.",572191,"PIT","SL","Slider",-1.9,-5,"256",21.3,"63","0.207","0.259","0.23",42.6,36.5,26.1,"0.215","0.288","0.243",43.2
"Pagés, Pedro",686780,"STL","FF","4-Seam Fastball",-0.9,-3,"300",35.7,"63","0.214","0.393","0.315",24.5,36.5,26.7,"0.231","0.399","0.332",52.9
"Yastrzemski, Mike",573262,"SF","SL","Slider",-0.6,-1,"264",13.5,"62","0.207","0.31","0.249",37.4,37.1,23.5,"0.206","0.331","0.244",40.5
"Bellinger, Cody",641355,"CHC","SL","Slider",-2.3,-6,"252",12.1,"62","0.15","0.2","0.185",33.9,29,22,"0.175","0.211","0.186",23.8
"Goodman, Hunter",696100,"COL","FF","4-Seam Fastball",-0.5,-1,"258",31.2,"62","0.167","0.407","0.301",30.7,29,25,"0.186","0.488","0.323",43.2
"Yepez, Juan",660766,"WSH","FF","4-Seam Fastball",-0.1,0,"274",28.4,"62","0.278","0.463","0.355",23.5,22.6,16.5,"0.212","0.329","0.291",51.2
"Goldschmidt, Paul",502671,"STL","ST","Sweeper",0.1,0,"255",9.4,"62","0.22","0.339","0.277",27,29,17.6,"0.229","0.451","0.308",43.9
"Fry, David",681807,"CLE","SL","Slider",1.9,5,"268",17.7,"62","0.26","0.46","0.397",27.2,22.6,15.4,"0.233","0.387","0.351",33.3
"Lux, Gavin",666158,"LAD","CH","Changeup",-0.1,0,"248",12.8,"61","0.214","0.339","0.295",32.7,21.3,17.6,"0.266","0.419","0.33",41.9
"Taylor, Tyrone",621438,"NYM","SL","Slider",-0.2,0,"248",18.7,"61","0.228","0.368","0.278",29.3,29.5,20.9,"0.221","0.368","0.275",25
"Realmuto, J.T.",592663,"PHI","SL","Slider",-0.3,-1,"273",17.2,"61","0.237","0.407","0.289",35.2,27.9,21.8,"0.262","0.527","0.347",31
"Torkelson, Spencer",679529,"DET","SL","Slider",0.8,2,"306",19.3,"61","0.263","0.456","0.333",33.8,31.1,23.5,"0.235","0.469","0.323",39.5
"Profar, Jurickson",595777,"SD","CU","Curveball",1.1,3,"279",10.2,"61","0.288","0.442","0.354",15.3,9.8,7.6,"0.294","0.478","0.374",39.6
"Busch, Michael",683737,"CHC","CH","Changeup",1,3,"262",11.1,"60","0.264","0.491","0.364",35.2,25,20.3,"0.22","0.416","0.324",39.5
"Anderson, Tim",641313,"MIA","FF","4-Seam Fastball",-2.5,-7,"272",28.8,"60","0.172","0.19","0.194",31.5,28.3,18.1,"0.231","0.342","0.259",41.5
"Varsho, Daulton",662139,"TOR","FC","Cutter",-2.5,-6,"247",12.1,"60","0.14","0.263","0.198",22.9,16.7,16.9,"0.197","0.358","0.259",23.4
"Ozuna, Marcell",542303,"ATL","ST","Sweeper",2.4,6,"249",8.7,"60","0.259","0.611","0.364",39.2,31.7,20,"0.245","0.638","0.405",51.4
"Ramírez, José",608070,"CLE","FC","Cutter",-0.6,-2,"271",9.9,"60","0.246","0.561","0.353",15.7,13.3,11.8,"0.239","0.503","0.33",34.7
"Lindor, Francisco",596019,"NYM","FC","Cutter",0.2,0,"244",9,"59","0.216","0.471","0.343",17.5,10.2,14,"0.259","0.601","0.409",48.9
"Ozuna, Marcell",542303,"ATL","CU","Curveball",1.6,4,"270",9.4,"59","0.255","0.473","0.335",40.2,28.8,19.3,"0.247","0.494","0.343",44.7
"Solano, Donovan",456781,"SD","SL","Slider",2.4,6,"245",19.2,"59","0.309","0.491","0.369",25.2,18.6,12,"0.274","0.427","0.328",29.5
"Stubbs, Garrett",596117,"PHI","FF","4-Seam Fastball",-1.5,-4,"246",33,"59","0.212","0.269","0.284",19.8,27.1,21.3,"0.196","0.231","0.247",8.3
"Frelick, Sal",686217,"MIL","SL","Slider",-1.7,-4,"250",12.2,"59","0.148","0.259","0.225",17.6,25.4,17.9,"0.161","0.204","0.198",12.5
"Bailey, Patrick",672275,"SF","CH","Changeup",-0.9,-3,"291",16.3,"59","0.222","0.278","0.256",35.2,18.6,19.3,"0.242","0.299","0.262",24.4
"Judge, Aaron",592450,"NYY","CH","Changeup",3.1,9,"304",10.5,"59","0.229","0.625","0.431",45.8,32.2,18.8,"0.302","0.742","0.487",55.2
"Brown, Seth",664913,"ATH","SL","Slider",-1.8,-5,"247",15.9,"59","0.196","0.321","0.247",33.3,42.4,27.5,"0.199","0.323","0.249",48.4
"Horwitz, Spencer",687462,"TOR","SI","Sinker",-1.1,-3,"252",15.9,"58","0.22","0.32","0.29",16.7,15.5,15,"0.268","0.411","0.336",37.2
"Tena, José",677588,"WSH","FF","4-Seam Fastball",0.2,0,"257",38.2,"58","0.339","0.411","0.344",14,17.2,15.6,"0.329","0.528","0.377",56.5
"Alvarez, Francisco",682626,"NYM","SI","Sinker",0.2,1,"243",18.3,"58","0.314","0.49","0.42",17.6,17.2,18.5,"0.277","0.447","0.365",51.2
"Guillorme, Luis",641645,"AZ","FF","4-Seam Fastball",-1.2,-4,"331",41.3,"57","0.188","0.229","0.268",21.7,28.1,14.4,"0.173","0.224","0.245",21.2
"Judge, Aaron",592450,"NYY","FC","Cutter",2.3,6,"248",8.6,"57","0.319","0.66","0.47",31.1,19.3,21.2,"0.28","0.656","0.448",58.3
"Moreno, Gabriel",672515,"AZ","SL","Slider",0.9,2,"252",16.5,"57","0.245","0.327","0.328",23.8,15.8,9.6,"0.233","0.302","0.306",35
"McMahon, Ryan",641857,"COL","FC","Cutter",0.6,2,"253",9.3,"57","0.25","0.458","0.357",24.4,22.8,18.8,"0.237","0.451","0.35",50
"Jiménez, Leo",677870,"TOR","FF","4-Seam Fastball",2.2,6,"259",30.6,"57","0.256","0.535","0.409",33.3,35.1,22.2,"0.263","0.529","0.414",62.5
"Larnach, Trevor",663616,"MIN","SL","Slider",-0.3,-1,"247",15.7,"57","0.2","0.42","0.314",32.1,31.6,23.7,"0.208","0.498","0.344",46.9
"Santander, Anthony",623993,"BAL","CU","Curveball",1.9,5,"252",9.2,"56","0.275","0.569","0.372",22.1,21.4,12.1,"0.227","0.466","0.321",42.5
"Toglia, Michael",669911,"COL","CH","Changeup",-0.7,-2,"268",14,"56","0.14","0.28","0.249",38.7,28.6,19.3,"0.228","0.391","0.309",38.2
"Smith, Josh",669701,"TEX","SL","Slider",0.8,2,"279",12,"55","0.277","0.447","0.354",27.4,30.9,15.5,"0.202","0.309","0.276",38.7
"Rojas, Josh",668942,"SEA","CH","Changeup",-0.1,0,"244",12.8,"55","0.241","0.333","0.258",27.7,18.2,14.9,"0.248","0.35","0.267",36.4
"Varsho, Daulton",662139,"TOR","SL","Slider",-0.1,0,"272",13.3,"55","0.25","0.538","0.35",33.3,34.5,22.9,"0.203","0.387","0.275",36.4
"Sheets, Gavin",657757,"CWS","CH","Changeup",0.7,2,"268",12.8,"55","0.255","0.392","0.325",28.7,18.2,12.2,"0.243","0.395","0.308",31.7
"Cameron, Daz",663662,"ATH","FF","4-Seam Fastball",-1.5,-4,"252",35.2,"54","0.2","0.333","0.294",18.5,18.5,14.1,"0.204","0.383","0.328",47.2
"Candelario, Jeimer",600869,"CIN","CU","Curveball",0,0,"269",15.1,"53","0.174","0.304","0.257",44.5,45.3,26.7,"0.139","0.188","0.204",21.7
"Alexander, Blaze",677942,"AZ","FF","4-Seam Fastball",2.5,6,"248",34.8,"53","0.356","0.578","0.44",26.4,28.3,18.1,"0.253","0.426","0.345",61.3
"Toglia, Michael",669911,"COL","SL","Slider",-0.7,-2,"259",13.5,"53","0.152","0.37","0.267",45.2,41.5,23.4,"0.19","0.498","0.33",52
"Bleday, JJ",668709,"ATH","CU","Curveball",-0.2,-1,"248",10,"52","0.196","0.283","0.298",29.3,25,16,"0.221","0.338","0.293",33.3
"Pasquantino, Vinnie",686469,"KC","SL","Slider",1.2,3,"243",11.4,"51","0.217","0.5","0.311",23.4,25.5,17.1,"0.235","0.437","0.32",60
"Toglia, Michael",669911,"COL","CU","Curveball",-0.2,0,"245",12.8,"50","0.149","0.298","0.219",67,58,35.4,"0.189","0.408","0.276",61.1
"Soto, Juan",665742,"NYY","CU","Curveball",3,8,"259",8.8,"50","0.244","0.439","0.382",14.9,16,10.4,"0.328","0.575","0.441",57.6
"LeMahieu, DJ",518934,"NYY","FF","4-Seam Fastball",-0.4,-1,"264",31.2,"50","0.317","0.341","0.339",15.2,14,9.6,"0.289","0.453","0.367",44.4
"Olson, Matt",621566,"ATL","CU","Curveball",0.4,1,"253",8.6,"50","0.217","0.391","0.3",35.9,32,17.6,"0.193","0.432","0.3",33.3
"Profar, Jurickson",595777,"SD","FC","Cutter",0.9,2,"254",9.3,"49","0.349","0.488","0.405",18.2,8.2,7.8,"0.333","0.433","0.38",35.9
"Mateo, Jorge",622761,"BAL","FF","4-Seam Fastball",-1.8,-5,"259",31.6,"49","0.2","0.378","0.272",15.2,22.4,15.3,"0.197","0.344","0.263",34.3
"Raleigh, Cal",663728,"SEA","CU","Curveball",-0.8,-2,"245",9.7,"48","0.119","0.262","0.227",48.5,45.8,29.7,"0.149","0.295","0.251",30
"Nimmo, Brandon",607043,"NYM","CU","Curveball",0.9,2,"255",9.3,"48","0.222","0.422","0.298",31.2,33.3,15.5,"0.226","0.337","0.271",48.3
"Freeman, Freddie",518692,"LAD","CH","Changeup",2.4,6,"243",9.6,"47","0.316","0.526","0.41",28.4,10.6,6.7,"0.29","0.502","0.395",38.2
"Ramírez, José",608070,"CLE","CU","Curveball",3.9,11,"274",10,"45","0.39","0.707","0.488",17.5,13.3,8.2,"0.284","0.48","0.365",42.9