"last_name, first_name","player_id","team_name_alt","pitch_type","pitch_name","run_value_per_100","run_value","pitches","pitch_usage","pa","ba","slg","woba","whiff_percent","k_percent","put_away","est_ba","est_slg","est_woba","hard_hit_percent"
"Devers, Rafael",646240,"SF","FF","4-Seam Fastball",1,13,"1304",42.6,"261","0.249","0.512","0.388",34.9,29.5,18.3,"0.24","0.528","0.382",64.5
"Kwan, Steven",680757,"CLE","FF","4-Seam Fastball",-1,-10,"1022",36.7,"261","0.247","0.357","0.306",5.9,4.2,4.6,"0.259","0.349","0.308",12.6
"Perdomo, Geraldo",672695,"AZ","FF","4-Seam Fastball",0.8,10,"1239",41.2,"258","0.286","0.471","0.385",10.7,9.7,7.9,"0.291","0.45","0.377",28.3
"Arraez, Luis",650333,"SD","FF","4-Seam Fastball",0.3,3,"999",40.5,"257","0.333","0.491","0.372",5.1,3.9,4.4,"0.283","0.374","0.308",19.8
"Lindor, Francisco",596019,"NYM","FF","4-Seam Fastball",1.5,16,"1084",36.9,"254","0.285","0.589","0.415",15.8,14.6,11.6,"0.285","0.552","0.405",52.8
"Duran, Jarren",680776,"BOS","FF","4-Seam Fastball",0.7,7,"988",37.7,"252","0.276","0.491","0.386",25.4,23.4,21.8,"0.262","0.445","0.365",54.5
"Raleigh, Cal",663728,"SEA","FF","4-Seam Fastball",1.7,16,"966",34.1,"250","0.23","0.594","0.389",26.3,28.4,22.8,"0.233","0.591","0.386",52.4
"Adames, Willy",642715,"SF","FF","4-Seam Fastball",1.6,15,"914",32.7,"248","0.256","0.558","0.381",18,15.3,14.3,"0.264","0.6","0.395",52.7
"Friedl, TJ",670770,"CIN","FF","4-Seam Fastball",0.3,3,"977",37,"245","0.28","0.395","0.37",9.2,9,10.5,"0.257","0.364","0.345",34.6
"Pasquantino, Vinnie",686469,"KC","FF","4-Seam Fastball",0.3,3,"875",34,"239","0.247","0.502","0.361",11.5,13,13.5,"0.255","0.505","0.346",43.7
"Trout, Mike",545361,"LAA","FF","4-Seam Fastball",1.3,15,"1125",45.3,"237","0.233","0.497","0.378",29.1,34.6,22.4,"0.198","0.46","0.357",51.4
"Crawford, J.P.",641487,"SEA","FF","4-Seam Fastball",0.8,9,"1080",39.5,"235","0.287","0.436","0.385",21.5,18.7,14.4,"0.247","0.372","0.349",26
"Happ, Ian",664023,"CHC","FF","4-Seam Fastball",-0.2,-3,"1077",39.6,"229","0.212","0.353","0.321",20,24.9,19.6,"0.239","0.437","0.36",50.8
"Olson, Matt",621566,"ATL","FF","4-Seam Fastball",0.9,9,"1043",33,"225","0.272","0.511","0.392",27.7,24.4,15.4,"0.238","0.502","0.374",58.8
"Edwards, Xavier",669364,"MIA","FF","4-Seam Fastball",-1,-9,"883",39.2,"225","0.247","0.34","0.317",12.4,18.2,17.9,"0.242","0.314","0.303",35.1
"Freeman, Freddie",518692,"LAD","FF","4-Seam Fastball",1,8,"763",32,"223","0.305","0.527","0.396",21.8,15.7,17.2,"0.288","0.535","0.379",47.6
"Yastrzemski, Mike",573262,"KC","FF","4-Seam Fastball",-0.9,-8,"920",39.9,"223","0.201","0.381","0.305",18.1,20.2,18.3,"0.225","0.454","0.34",47.3
"Butler, Lawrence",671732,"ATH","FF","4-Seam Fastball",-0.2,-2,"852",33.8,"221","0.237","0.407","0.325",29.4,29.9,24.8,"0.224","0.405","0.317",47.3
"Nimmo, Brandon",607043,"NYM","FF","4-Seam Fastball",-0.5,-5,"951",36.5,"220","0.247","0.403","0.332",23.1,22.7,16.2,"0.252","0.451","0.351",52.1
"De La Cruz, Elly",682829,"CIN","FF","4-Seam Fastball",0.7,6,"830",31,"216","0.29","0.56","0.393",31.8,25,23.6,"0.248","0.516","0.36",56.1
"Frelick, Sal",686217,"MIL","FF","4-Seam Fastball",0.4,3,"824",35.7,"215","0.299","0.446","0.369",10.1,10.2,10.6,"0.27","0.377","0.333",27.1
"Arozarena, Randy",668227,"SEA","FF","4-Seam Fastball",0.2,1,"908",31.6,"214","0.213","0.461","0.35",31.1,29.9,21.1,"0.237","0.519","0.38",62.9
"Greene, Riley",682985,"DET","FF","4-Seam Fastball",-0.2,-2,"950",35.1,"212","0.24","0.427","0.32",27.2,30.2,19.5,"0.233","0.476","0.332",41.9
"Lowe, Nathaniel",663993,"BOS","FF","4-Seam Fastball",0.1,1,"1025",39.3,"212","0.263","0.425","0.351",25.7,29.2,19.1,"0.255","0.429","0.351",44.5
"Ohtani, Shohei",660271,"LAD","FF","4-Seam Fastball",1.5,13,"860",30,"212","0.255","0.596","0.395",28.7,25.9,26.8,"0.282","0.71","0.445",68.7
"Story, Trevor",596115,"BOS","FF","4-Seam Fastball",-0.5,-4,"869",35.2,"211","0.234","0.335","0.29",23,27.5,21.1,"0.24","0.405","0.302",54
"Bellinger, Cody",641355,"NYY","FF","4-Seam Fastball",0.5,4,"818",31.5,"210","0.246","0.486","0.358",17.3,14.3,12.9,"0.254","0.49","0.358",38.5
"Larnach, Trevor",663616,"MIN","FF","4-Seam Fastball",-0.6,-4,"688",31.4,"210","0.246","0.403","0.318",17,13.3,16.8,"0.291","0.478","0.359",48.8
"García, Adolis",666969,"TEX","FF","4-Seam Fastball",0.2,2,"877",40.8,"210","0.247","0.432","0.322",30.9,27.6,20.2,"0.245","0.468","0.329",54.8
"Lee, Jung Hoo",808982,"SF","FF","4-Seam Fastball",0.1,1,"848",36.1,"208","0.284","0.421","0.356",8.5,10.1,9.7,"0.294","0.41","0.351",35.8
"Grisham, Trent",663757,"NYY","FF","4-Seam Fastball",1.4,12,"811",33.9,"206","0.254","0.527","0.409",20.4,19.9,20.1,"0.252","0.573","0.405",55.8
"Stott, Bryson",681082,"PHI","FF","4-Seam Fastball",0.6,6,"1016",41.2,"205","0.287","0.5","0.384",16.7,20,12.5,"0.251","0.435","0.342",37
"Carroll, Corbin",682998,"AZ","FF","4-Seam Fastball",2.4,18,"735",29.4,"205","0.32","0.68","0.448",26.6,25.4,24.8,"0.283","0.613","0.411",58.6
"Schwarber, Kyle",656941,"PHI","FF","4-Seam Fastball",3.6,29,"804",26.3,"204","0.283","0.775","0.479",25.7,25,21.5,"0.278","0.759","0.469",63.1
"Cronenworth, Jake",630105,"SD","FF","4-Seam Fastball",1.1,9,"881",40.3,"203","0.278","0.404","0.401",11.8,11.8,8.4,"0.253","0.412","0.385",41.1
"India, Jonathan",663697,"KC","FF","4-Seam Fastball",-0.9,-7,"773",32.8,"203","0.214","0.318","0.3",14.4,14.3,11.9,"0.234","0.399","0.333",40
"Albies, Ozzie",645277,"ATL","FF","4-Seam Fastball",0.9,6,"726",30.3,"203","0.235","0.441","0.341",21.1,17.2,16.7,"0.219","0.405","0.313",37
"Torres, Gleyber",650402,"DET","FF","4-Seam Fastball",0.8,7,"824",31.1,"202","0.278","0.424","0.391",21.4,16.8,12.3,"0.304","0.562","0.431",50.8
"Tucker, Kyle",663656,"CHC","FF","4-Seam Fastball",1.5,10,"704",30.5,"201","0.264","0.509","0.4",12.4,10.9,13.3,"0.283","0.6","0.43",49.3
"Wood, James",695578,"WSH","FF","4-Seam Fastball",1.4,11,"793",27.5,"200","0.299","0.576","0.404",24,34,28.8,"0.303","0.62","0.42",71.8
"Turang, Brice",668930,"MIL","FF","4-Seam Fastball",0.3,3,"1018",36.8,"198","0.309","0.491","0.398",20.6,25.3,16.8,"0.269","0.456","0.368",59
"Nootbaar, Lars",663457,"STL","FF","4-Seam Fastball",0,0,"747",31.7,"196","0.28","0.393","0.345",10.6,14.3,16.1,"0.276","0.485","0.373",56.3
"Betts, Mookie",605141,"LAD","FF","4-Seam Fastball",1.6,13,"792",32.2,"196","0.327","0.5","0.409",7.4,6.1,7.6,"0.324","0.535","0.417",38.2
"Collins, Isaac",686555,"MIL","FF","4-Seam Fastball",-0.2,-2,"785",43.8,"195","0.244","0.3","0.335",21.6,18.5,16.2,"0.233","0.322","0.319",35.7
"Vargas, Miguel",678246,"CWS","FF","4-Seam Fastball",-0.6,-5,"856",36.8,"193","0.211","0.416","0.325",21.8,19.2,14.8,"0.205","0.387","0.312",44.2
"Swanson, Dansby",621020,"CHC","FF","4-Seam Fastball",-1.5,-10,"636",25.2,"192","0.233","0.409","0.301",30.4,29.2,28.1,"0.284","0.541","0.372",62.1
"Tatis Jr., Fernando",665487,"SD","FF","4-Seam Fastball",1.1,8,"744",28.2,"192","0.317","0.545","0.413",20.6,15.6,16.3,"0.285","0.565","0.403",61.6
"Perez, Salvador",521692,"KC","FF","4-Seam Fastball",-0.1,0,"642",28.3,"191","0.237","0.445","0.328",26.1,23,22.6,"0.271","0.575","0.386",51.9
"Schanuel, Nolan",694384,"LAA","FF","4-Seam Fastball",0.6,4,"759",35.3,"191","0.288","0.429","0.377",10.6,9.4,10.1,"0.251","0.363","0.339",31.4
"Suárez, Eugenio",553993,"SEA","FF","4-Seam Fastball",0.2,1,"817",31.4,"191","0.22","0.494","0.344",29.1,27.2,20.5,"0.231","0.5","0.352",56.8
"Polanco, Jorge",593871,"SEA","FF","4-Seam Fastball",0.5,3,"605",29.9,"190","0.256","0.5","0.351",11.1,8.9,9.9,"0.287","0.533","0.377",51.3
"Volpe, Anthony",683011,"NYY","FF","4-Seam Fastball",-0.5,-4,"764",31.9,"190","0.206","0.388","0.301",29.2,27.4,20.7,"0.208","0.429","0.322",56
"Henderson, Gunnar",683002,"BAL","FF","4-Seam Fastball",0.9,7,"757",30.2,"190","0.327","0.53","0.409",22.8,18.4,16.7,"0.322","0.495","0.392",64.2
"Reynolds, Bryan",668804,"PIT","FF","4-Seam Fastball",-0.2,-2,"770",29.3,"190","0.275","0.444","0.343",18.8,23.2,18,"0.313","0.559","0.399",58.6
"Witt Jr., Bobby",677951,"KC","FF","4-Seam Fastball",0.5,4,"835",33.3,"189","0.287","0.529","0.375",25,25.4,17.8,"0.284","0.543","0.375",61.4
"Busch, Michael",683737,"CHC","FF","4-Seam Fastball",1.9,14,"731",31.5,"189","0.273","0.605","0.401",13.7,23.8,19.6,"0.28","0.647","0.414",57.5
"Contreras, William",661388,"MIL","FF","4-Seam Fastball",0.3,3,"813",31.8,"189","0.242","0.379","0.369",20.4,22.2,17.5,"0.248","0.414","0.362",54.1
"Pages, Andy",681624,"LAD","FF","4-Seam Fastball",0.3,2,"723",30.6,"189","0.276","0.476","0.357",19.1,25.9,20.3,"0.269","0.488","0.356",40.7
"Yelich, Christian",592885,"MIL","FF","4-Seam Fastball",0.8,6,"854",32.8,"189","0.288","0.479","0.384",21.8,19.6,14.6,"0.28","0.517","0.388",53.2
"Santana, Carlos",467793,"CHC","FF","4-Seam Fastball",-0.8,-5,"613",31,"188","0.234","0.333","0.293",16.2,12.8,14.3,"0.227","0.379","0.294",34.5
"Rooker, Brent",667670,"ATH","FF","4-Seam Fastball",0.9,6,"697",27.1,"188","0.251","0.485","0.355",20.9,23.4,20.7,"0.266","0.545","0.377",52.4
"Ward, Taylor",621493,"LAA","FF","4-Seam Fastball",1.1,9,"791",28.4,"188","0.245","0.516","0.378",22.5,26.6,19.5,"0.261","0.589","0.404",60
"Alonso, Pete",624413,"NYM","FF","4-Seam Fastball",1.2,10,"777",27.7,"187","0.269","0.623","0.395",27.9,30.5,21.4,"0.252","0.647","0.399",70.8
"McMahon, Ryan",641857,"NYY","FF","4-Seam Fastball",0.7,6,"921",36.9,"187","0.261","0.49","0.372",25.7,23,14.4,"0.278","0.57","0.408",57.8
"Hoerner, Nico",663538,"CHC","FF","4-Seam Fastball",0.9,6,"677",29.4,"186","0.358","0.455","0.386",4.7,5.4,5.6,"0.314","0.43","0.355",39.9
"Machado, Manny",592518,"SD","FF","4-Seam Fastball",-0.1,0,"837",31.6,"186","0.228","0.475","0.348",26.9,24.7,16.1,"0.259","0.557","0.391",64.9
"Ramos, Heliot",671218,"SF","FF","4-Seam Fastball",-0.5,-4,"901",34,"185","0.231","0.362","0.312",28.9,31.9,20.9,"0.227","0.382","0.316",57.8
"Abrams, CJ",682928,"WSH","FF","4-Seam Fastball",-0.1,-1,"757",32.6,"184","0.261","0.436","0.349",19.7,13.6,13.6,"0.26","0.424","0.334",43.6
"Gurriel Jr., Lourdes",666971,"AZ","FF","4-Seam Fastball",-0.3,-2,"673",33.8,"184","0.253","0.438","0.333",11,10.3,10.7,"0.246","0.435","0.326",42.9
"Walker, Christian",572233,"HOU","FF","4-Seam Fastball",-0.3,-3,"839",33.4,"183","0.218","0.43","0.316",29,31.7,19.5,"0.213","0.462","0.324",50.5
"Adell, Jo",666176,"LAA","FF","4-Seam Fastball",0.6,4,"670",30.2,"183","0.24","0.491","0.338",23.7,27.9,20.5,"0.273","0.573","0.381",52.1
"Holliday, Jackson",702616,"BAL","FF","4-Seam Fastball",-0.9,-8,"821",33.7,"182","0.22","0.333","0.302",21.4,22,18,"0.256","0.464","0.355",51.3
"Smith, Josh",669701,"TEX","FF","4-Seam Fastball",-0.1,-1,"831",36.4,"182","0.296","0.388","0.37",14.6,14.3,10.1,"0.263","0.393","0.344",30.5
"Bogaerts, Xander",593428,"SD","FF","4-Seam Fastball",-1.6,-9,"579",27.6,"181","0.229","0.318","0.287",13.7,11.6,15.7,"0.287","0.472","0.365",47.9
"Soto, Juan",665742,"NYM","FF","4-Seam Fastball",2.3,17,"754",25.4,"180","0.277","0.642","0.461",18.2,13.9,12.2,"0.323","0.772","0.509",72.8
"Garcia, Maikel",672580,"KC","FF","4-Seam Fastball",-0.2,-2,"742",29.5,"179","0.276","0.401","0.347",15.1,21.2,18,"0.273","0.44","0.356",55.6
"Ramírez, José",608070,"CLE","FF","4-Seam Fastball",1.6,11,"728",27.3,"178","0.304","0.559","0.396",11.1,9.6,8.3,"0.294","0.493","0.363",37.4
"Langford, Wyatt",694671,"TEX","FF","4-Seam Fastball",1.2,9,"732",31.3,"178","0.248","0.523","0.381",21.4,22.5,16,"0.243","0.56","0.391",52.7
"Doyle, Brenton",686668,"COL","FF","4-Seam Fastball",-0.6,-4,"668",34.1,"176","0.221","0.399","0.303",29.2,30.7,25,"0.217","0.43","0.299",57.7
"Steer, Spencer",668715,"CIN","FF","4-Seam Fastball",-0.1,-1,"793",34.3,"176","0.234","0.396","0.323",23.1,25.6,17.5,"0.211","0.384","0.307",41.3
"Crow-Armstrong, Pete",691718,"CHC","FF","4-Seam Fastball",-0.5,-4,"737",31.9,"176","0.18","0.422","0.276",32.4,34.7,23.6,"0.214","0.515","0.324",53.8
"Chapman, Matt",656305,"SF","FF","4-Seam Fastball",0.6,5,"820",37.1,"175","0.237","0.453","0.378",24.7,22.3,16,"0.252","0.429","0.368",43.1
"Marte, Ketel",606466,"AZ","FF","4-Seam Fastball",1.1,7,"654",31.2,"175","0.297","0.52","0.403",16.9,9.7,11.1,"0.306","0.626","0.436",49.2
"Torkelson, Spencer",679529,"DET","FF","4-Seam Fastball",1.6,10,"639",24.3,"175","0.286","0.558","0.403",18.3,18.9,15.7,"0.276","0.62","0.42",59.5
"McCutchen, Andrew",457705,"PIT","FF","4-Seam Fastball",-1.4,-9,"647",28.5,"174","0.195","0.364","0.291",19.7,16.7,15.6,"0.266","0.476","0.355",52.4
"Manzardo, Kyle",700932,"CLE","FF","4-Seam Fastball",0.8,5,"673",33.4,"173","0.252","0.477","0.355",26.3,27.2,21,"0.221","0.468","0.334",42.5
"Rengifo, Luis",650859,"LAA","FF","4-Seam Fastball",-0.3,-2,"658",32.8,"173","0.261","0.399","0.324",17.6,15,12.7,"0.285","0.43","0.344",35.1
"McKinstry, Zach",656716,"DET","FF","4-Seam Fastball",-0.1,-1,"736",36.2,"173","0.27","0.461","0.354",18.1,17.9,14,"0.269","0.407","0.339",39.3
"McNeil, Jeff",643446,"NYM","FF","4-Seam Fastball",0.8,4,"552",32.1,"172","0.283","0.513","0.38",11.6,11.6,11.3,"0.287","0.436","0.345",34.8
"Semien, Marcus",543760,"TEX","FF","4-Seam Fastball",-0.8,-5,"580",28,"172","0.231","0.391","0.313",17.4,12.2,12.5,"0.235","0.411","0.312",36
"O'Hearn, Ryan",656811,"SD","FF","4-Seam Fastball",0.7,5,"685",31.7,"172","0.288","0.503","0.389",17.9,16.3,14.1,"0.31","0.543","0.397",49.2
"Rodríguez, Julio",677594,"SEA","FF","4-Seam Fastball",1.8,12,"684",27.4,"172","0.245","0.49","0.381",28.9,30.8,19.9,"0.277","0.542","0.382",70
"Contreras, Willson",575929,"STL","FF","4-Seam Fastball",1.4,9,"673",31.2,"171","0.259","0.496","0.394",25.7,29.2,23,"0.277","0.598","0.427",60.2
"Conforto, Michael",624424,"LAD","FF","4-Seam Fastball",0.7,5,"720",35.1,"171","0.257","0.458","0.366",21.9,19.9,16,"0.293","0.537","0.407",52.7
"Suzuki, Seiya",673548,"CHC","FF","4-Seam Fastball",0.6,4,"761",27.9,"171","0.228","0.476","0.348",21.5,25.1,16.1,"0.281","0.58","0.405",57.7
"Lee, Brooks",686797,"MIN","FF","4-Seam Fastball",1.5,8,"552",27.5,"171","0.301","0.551","0.394",18,17.5,19.4,"0.258","0.484","0.343",49.2
"Turner, Trea",607208,"PHI","FF","4-Seam Fastball",0.5,4,"676",28.1,"170","0.333","0.503","0.396",17.8,16.5,14.7,"0.284","0.461","0.352",49.2
"Flores, Wilmer",527038,"SF","FF","4-Seam Fastball",0.2,1,"610",31.8,"170","0.268","0.458","0.35",13.5,12.4,10.9,"0.227","0.38","0.299",30.1
"Jones, Nolan",666134,"CLE","FF","4-Seam Fastball",-1,-7,"699",41.2,"169","0.208","0.319","0.288",23,24.9,19.4,"0.25","0.446","0.347",51.4
"Sheets, Gavin",657757,"SD","FF","4-Seam Fastball",-0.5,-3,"633",27.8,"169","0.25","0.421","0.34",19.7,23.1,21.1,"0.247","0.431","0.328",48.2
"Clemens, Kody",665019,"MIN","FF","4-Seam Fastball",-2.5,-16,"627",41,"168","0.158","0.289","0.235",24.3,28,25.1,"0.206","0.413","0.298",50
"Wilson, Jacob",805779,"ATH","SI","Sinker",-1,-5,"520",30,"168","0.289","0.39","0.325",4,5.4,11.4,"0.249","0.313","0.266",34.4
"Burleson, Alec",676475,"STL","FF","4-Seam Fastball",0.8,4,"581",30.1,"168","0.286","0.487","0.357",17,14.3,16.1,"0.287","0.546","0.382",48.1
"Baty, Brett",683146,"NYM","FF","4-Seam Fastball",0.3,2,"661",37.7,"167","0.236","0.432","0.342",28.5,25.7,21.2,"0.267","0.512","0.371",57.1
"Guerrero Jr., Vladimir",665489,"TOR","FF","4-Seam Fastball",1.6,11,"678",27.1,"167","0.314","0.547","0.428",18.9,14.4,13.9,"0.329","0.56","0.432",55.3
"Heim, Jonah",641680,"TEX","FF","4-Seam Fastball",-1.7,-12,"709",41.6,"166","0.217","0.283","0.268",27.2,23.5,19.7,"0.225","0.334","0.275",32.5
"Rooker, Brent",667670,"ATH","SI","Sinker",-0.8,-4,"498",19.3,"166","0.292","0.396","0.334",10.7,9.6,19,"0.313","0.439","0.35",40.6
"Stowers, Kyle",669065,"MIA","FF","4-Seam Fastball",1.1,7,"639",37.3,"165","0.266","0.538","0.384",33,30.3,27.6,"0.263","0.546","0.383",50.5
"Rafaela, Ceddanne",678882,"BOS","FF","4-Seam Fastball",0.1,1,"642",30.2,"165","0.252","0.463","0.347",25.7,27.3,19.7,"0.225","0.434","0.321",48.5
"Castro, Willi",650489,"CHC","FF","4-Seam Fastball",0.4,3,"769",44.3,"165","0.184","0.353","0.307",24.2,28.5,19.7,"0.204","0.37","0.321",40
"Beck, Jordan",687597,"COL","FF","4-Seam Fastball",1.3,9,"681",29.2,"165","0.292","0.521","0.39",27.6,30.3,22.3,"0.277","0.526","0.384",59.6
"Mullins, Cedric",656775,"NYM","FF","4-Seam Fastball",-0.1,-1,"744",35.4,"164","0.241","0.49","0.342",23.4,23.8,16.3,"0.185","0.33","0.264",37.6
"Buxton, Byron",621439,"MIN","FF","4-Seam Fastball",0.7,4,"583",28.7,"164","0.268","0.57","0.38",24.1,26.2,24.4,"0.245","0.547","0.361",64.8
"Springer, George",543807,"TOR","FF","4-Seam Fastball",2.5,16,"627",27.2,"164","0.307","0.671","0.454",23.4,18.3,14.5,"0.311","0.746","0.477",54.5
"Chisholm Jr., Jazz",665862,"NYY","FF","4-Seam Fastball",0.2,1,"597",27.9,"163","0.236","0.486","0.355",29,29.4,27,"0.229","0.53","0.366",53.8
"Bohm, Alec",664761,"PHI","FF","4-Seam Fastball",0.3,2,"566",31.4,"163","0.322","0.409","0.354",11.1,19,18.2,"0.291","0.421","0.339",47.9
"Naylor, Josh",647304,"SEA","FF","4-Seam Fastball",1.5,8,"523",26,"163","0.326","0.5","0.398",14.7,6.7,8.3,"0.299","0.473","0.372",44.8
"Winn, Masyn",691026,"STL","FF","4-Seam Fastball",0.1,1,"769",34.1,"163","0.245","0.374","0.324",18.3,17.2,12,"0.239","0.382","0.323",40.7
"Harris II, Michael",671739,"ATL","FF","4-Seam Fastball",-0.7,-4,"594",27.3,"163","0.24","0.442","0.314",17.1,19,18.7,"0.305","0.562","0.376",54.4
"Rice, Ben",700250,"NYY","FF","4-Seam Fastball",0.1,0,"564",27.6,"162","0.257","0.486","0.357",11.5,16,17.8,"0.306","0.659","0.436",70.3
"Barger, Addison",680718,"TOR","FF","4-Seam Fastball",-0.7,-4,"633",32.4,"161","0.215","0.382","0.306",21.2,23.6,16.9,"0.241","0.424","0.326",45.3
"Rodríguez, Julio",677594,"SEA","SI","Sinker",1.6,7,"443",17.7,"161","0.368","0.526","0.414",10.8,8.7,18.7,"0.327","0.458","0.36",48.6
"Meidroth, Chase",805367,"CWS","FF","4-Seam Fastball",-0.2,-2,"671",32.6,"160","0.301","0.382","0.364",7.5,10.6,10.2,"0.266","0.384","0.34",43.3
"Wagaman, Eric",676572,"MIA","FF","4-Seam Fastball",-0.3,-2,"574",29.4,"160","0.257","0.429","0.335",18.9,18.8,18.5,"0.286","0.514","0.373",52.6
"Abreu, Wilyer",677800,"BOS","FF","4-Seam Fastball",-0.3,-2,"693",43.3,"160","0.188","0.428","0.304",23,26.3,18.6,"0.186","0.427","0.309",45.5
"Bell, Josh",605137,"WSH","FF","4-Seam Fastball",0.9,5,"627",29.8,"159","0.25","0.536","0.389",16.8,11.9,10.7,"0.296","0.637","0.428",61.2
"Correa, Carlos",621043,"HOU","SI","Sinker",-1.2,-6,"520",22.5,"159","0.277","0.385","0.318",12.3,13.8,18,"0.29","0.434","0.336",49.6
"Chourio, Jackson",694192,"MIL","FF","4-Seam Fastball",-0.8,-6,"663",31.5,"159","0.254","0.394","0.325",22.4,23.9,18.8,"0.224","0.383","0.303",48.6
"Judge, Aaron",592450,"NYY","FF","4-Seam Fastball",3.8,26,"677",25.7,"159","0.336","0.847","0.519",28.7,28.3,21.6,"0.302","0.853","0.505",72
"Keith, Colt",690993,"DET","FF","4-Seam Fastball",0.1,1,"583",31.9,"159","0.282","0.493","0.36",12.4,19.5,20.8,"0.294","0.557","0.393",61.1
"Donovan, Brendan",680977,"STL","FF","4-Seam Fastball",1.4,9,"623",32.4,"159","0.36","0.537","0.433",8.5,8.8,9.7,"0.296","0.494","0.388",39.3
"Correa, Carlos",621043,"HOU","FF","4-Seam Fastball",0.8,5,"638",27.6,"158","0.297","0.478","0.387",15.5,21.5,16.7,"0.277","0.447","0.359",51.9
"Durbin, Caleb",702332,"MIL","FF","4-Seam Fastball",-0.7,-4,"554",30.2,"158","0.236","0.4","0.313",6,5.7,6.6,"0.261","0.407","0.322",31.3
"Lux, Gavin",666158,"CIN","FF","4-Seam Fastball",0.9,6,"633",30.9,"157","0.353","0.515","0.419",16.8,19.7,15.4,"0.272","0.379","0.334",44.3
"Merrill, Jackson",701538,"SD","FF","4-Seam Fastball",1.2,7,"591",34.7,"156","0.268","0.514","0.364",27.3,23.7,20.8,"0.268","0.56","0.388",54.4
"Bader, Harrison",664056,"PHI","FF","4-Seam Fastball",-0.3,-2,"625",32.2,"156","0.231","0.381","0.325",24.6,31.4,25.3,"0.198","0.338","0.293",54.7
"Hoerner, Nico",663538,"CHC","SI","Sinker",-1,-5,"483",21,"155","0.301","0.343","0.331",2.7,5.2,9.5,"0.317","0.399","0.342",38.5
"Lukes, Nathan",664770,"TOR","FF","4-Seam Fastball",0.7,5,"661",39.8,"154","0.287","0.457","0.359",12.9,11,9.1,"0.276","0.379","0.339",37.9
"Bailey, Patrick",672275,"SF","FF","4-Seam Fastball",-0.7,-5,"657",38.1,"154","0.242","0.364","0.314",21.6,28.6,24,"0.207","0.331","0.283",45.2
"Alonso, Pete",624413,"NYM","SI","Sinker",1.9,11,"593",21.1,"154","0.36","0.574","0.431",14.6,9.7,12.8,"0.328","0.591","0.421",45.1
"Goodman, Hunter",696100,"COL","FF","4-Seam Fastball",1,6,"619",28.8,"154","0.246","0.5","0.356",28.3,29.2,21.6,"0.245","0.571","0.367",55.7
"Moniak, Mickey",666160,"COL","FF","4-Seam Fastball",1.7,10,"575",36,"153","0.306","0.597","0.395",26.3,24.2,23.6,"0.262","0.524","0.348",53.7
"Altuve, Jose",514888,"HOU","FF","4-Seam Fastball",2.5,13,"525",22.7,"153","0.328","0.649","0.439",17.2,15,15.1,"0.267","0.545","0.38",44.2
"Narváez, Carlos",665966,"BOS","FF","4-Seam Fastball",0,0,"641",35.1,"152","0.239","0.455","0.341",29,30.3,20.7,"0.216","0.409","0.315",54.5
"Kepler, Max",596146,"PHI","FF","4-Seam Fastball",0.3,2,"626",34.3,"152","0.22","0.472","0.353",16,16.4,13.7,"0.259","0.588","0.406",53.4
"Castellanos, Nick",592206,"PHI","FF","4-Seam Fastball",-0.8,-4,"572",26.4,"152","0.246","0.38","0.298",25,30.3,24.5,"0.237","0.448","0.315",50
"Bregman, Alex",608324,"BOS","FF","4-Seam Fastball",1.2,6,"554",28.5,"152","0.289","0.504","0.373",9.3,10.5,10.1,"0.28","0.508","0.372",54.2
"Caminero, Junior",691406,"TB","SI","Sinker",0.3,2,"561",22.5,"152","0.293","0.529","0.391",13.7,13.8,22.8,"0.27","0.48","0.348",58.8
"Martínez, Angel",682657,"CLE","FF","4-Seam Fastball",-0.8,-5,"617",34.3,"151","0.25","0.36","0.312",19.4,15.2,12.8,"0.257","0.377","0.305",35.3
"Horwitz, Spencer",687462,"PIT","FF","4-Seam Fastball",0.6,4,"621",36.6,"151","0.296","0.44","0.386",11.9,9.9,8,"0.269","0.411","0.361",40
"Simpson, Chandler",802415,"TB","FF","4-Seam Fastball",-0.2,-1,"550",36.3,"151","0.312","0.384","0.333",5.1,4.6,5.4,"0.331","0.385","0.345",21.1
"Wallner, Matt",670242,"MIN","FF","4-Seam Fastball",0.1,1,"618",39.7,"151","0.198","0.427","0.316",34,29.1,22.7,"0.219","0.471","0.339",50
"Díaz, Yandy",650490,"TB","SI","Sinker",0.4,2,"623",24.7,"151","0.316","0.466","0.386",14.8,8.6,11.9,"0.301","0.475","0.377",49.2
"Lowe, Brandon",664040,"TB","FF","4-Seam Fastball",2,13,"640",29.9,"151","0.275","0.557","0.403",30.9,29.1,21.5,"0.235","0.519","0.366",59.1
"Benintendi, Andrew",643217,"CWS","FF","4-Seam Fastball",0.7,4,"548",31.8,"150","0.226","0.466","0.344",22.5,17.3,20,"0.218","0.474","0.336",44.4
"Langeliers, Shea",669127,"ATH","FF","4-Seam Fastball",0.5,3,"633",32.9,"150","0.241","0.571","0.378",24.8,27.3,18.6,"0.243","0.512","0.36",52.2
"Marsh, Brandon",669016,"PHI","FF","4-Seam Fastball",-0.5,-3,"608",36.7,"150","0.238","0.354","0.318",20.7,29.3,23.2,"0.23","0.371","0.313",47.1
"McLain, Matt",680574,"CIN","FF","4-Seam Fastball",0.4,3,"702",29.7,"149","0.25","0.492","0.391",26.2,30.2,21.6,"0.217","0.46","0.355",55.1
"Guerrero Jr., Vladimir",665489,"TOR","SI","Sinker",3.1,16,"509",20.3,"149","0.365","0.532","0.461",10.1,8.1,16.4,"0.293","0.427","0.37",57
"Isbel, Kyle",664728,"KC","FF","4-Seam Fastball",-0.5,-3,"561",38.2,"149","0.292","0.423","0.349",14.3,16.1,16.1,"0.237","0.331","0.285",38.4
"Ozuna, Marcell",542303,"ATL","FF","4-Seam Fastball",0.6,4,"725",27.5,"149","0.261","0.412","0.36",20.3,18.8,11.6,"0.281","0.544","0.409",54.3
"Quero, Edgar",700337,"CWS","FF","4-Seam Fastball",0.1,1,"677",42.8,"149","0.273","0.398","0.349",22.9,18.8,15.2,"0.234","0.387","0.326",46
"Neto, Zach",687263,"LAA","FF","4-Seam Fastball",-0.2,-1,"478",22,"147","0.216","0.522","0.336",20.2,25.9,22.9,"0.253","0.602","0.384",58.8
"Hernández, Teoscar",606192,"LAD","FF","4-Seam Fastball",1.2,7,"571",26.7,"147","0.292","0.54","0.367",28.6,23.1,17.3,"0.274","0.58","0.389",60
"Goldschmidt, Paul",502671,"NYY","FF","4-Seam Fastball",0.4,3,"615",29.4,"147","0.311","0.489","0.376",15.5,12.2,10.7,"0.278","0.518","0.365",51.3
"Hicks, Liam",689414,"MIA","FF","4-Seam Fastball",0.9,4,"505",32.9,"147","0.282","0.444","0.371",11.9,12.2,15,"0.286","0.442","0.369",33.6
"Sosa, Lenyn",672820,"CWS","FF","4-Seam Fastball",0.1,0,"663",32.2,"147","0.234","0.453","0.327",20.8,28.6,21.6,"0.241","0.521","0.345",54.2
"Realmuto, J.T.",592663,"PHI","FF","4-Seam Fastball",-0.9,-6,"625",28.5,"147","0.269","0.354","0.323",17.9,23.1,17.9,"0.247","0.393","0.32",51.5
"Tatis Jr., Fernando",665487,"SD","SI","Sinker",2.6,13,"508",19.3,"147","0.361","0.516","0.448",12.6,10.2,17.2,"0.319","0.472","0.398",47.2
"Sánchez, Jesús",660821,"HOU","FF","4-Seam Fastball",-0.6,-4,"718",37.1,"146","0.234","0.422","0.326",22.2,19.9,14.6,"0.271","0.523","0.374",50
"Clement, Ernie",676391,"TOR","FF","4-Seam Fastball",-0.7,-4,"493",26.3,"146","0.276","0.418","0.328",12.4,11,13.8,"0.261","0.408","0.319",30.8
"Harper, Bryce",547180,"PHI","FF","4-Seam Fastball",1.9,12,"618",28.5,"145","0.258","0.592","0.413",26.5,24.8,20.1,"0.265","0.622","0.426",59.5
"Jeffers, Ryan",680777,"MIN","FF","4-Seam Fastball",0,0,"544",29,"145","0.291","0.449","0.366",13.6,17.2,16.1,"0.27","0.446","0.354",54.9
"Caratini, Victor",605170,"HOU","FF","4-Seam Fastball",0.8,4,"436",30.8,"145","0.266","0.43","0.338",8.6,14.5,17.5,"0.259","0.47","0.347",45
"Laureano, Ramón",657656,"SD","FF","4-Seam Fastball",0.3,2,"636",31.8,"144","0.248","0.472","0.358",28.5,27.1,17.9,"0.27","0.594","0.4",60.9
"Lopez, Otto",672640,"MIA","FF","4-Seam Fastball",-0.2,-1,"557",26.2,"143","0.252","0.465","0.365",9.2,12.6,13.6,"0.304","0.53","0.388",52.7
"Herrera, Iván",671056,"STL","FF","4-Seam Fastball",0.7,4,"545",30.1,"143","0.256","0.43","0.354",14.7,18.9,13.9,"0.243","0.469","0.356",48.4
"Ortiz, Joey",687401,"MIL","FF","4-Seam Fastball",0.6,3,"575",30.7,"143","0.291","0.472","0.362",15.3,18.2,17.2,"0.241","0.354","0.296",42.3
"Gorman, Nolan",669357,"STL","FF","4-Seam Fastball",-0.5,-3,"665",40.2,"143","0.19","0.331","0.291",32.5,33.6,23.5,"0.202","0.421","0.331",48.6
"Scott II, Victor",687363,"STL","FF","4-Seam Fastball",0.1,0,"533",31.3,"142","0.258","0.383","0.333",20.9,17.6,15.4,"0.246","0.366","0.328",36.1
"Torkelson, Spencer",679529,"DET","SI","Sinker",0.6,3,"521",19.8,"142","0.267","0.458","0.365",12.3,15.5,20.8,"0.27","0.496","0.379",42.4
"Hayes, Ke'Bryan",663647,"CIN","SI","Sinker",-2.7,-12,"452",21,"142","0.23","0.252","0.272",4.1,10.6,22.1,"0.275","0.371","0.3",50.8
"Hayes, Ke'Bryan",663647,"CIN","FF","4-Seam Fastball",-1.4,-9,"653",30.4,"142","0.203","0.32","0.279",17.3,21.8,15.4,"0.211","0.337","0.28",48.5
"Ramos, Heliot",671218,"SF","SI","Sinker",1.8,9,"475",17.9,"141","0.371","0.509","0.441",10.1,7.1,12.2,"0.302","0.47","0.395",41.1
"Díaz, Yandy",650490,"TB","FF","4-Seam Fastball",2.7,17,"646",25.6,"140","0.342","0.684","0.465",22.3,22.9,17,"0.296","0.557","0.41",59.8
"Walker, Christian",572233,"HOU","SI","Sinker",0.2,1,"426",17,"140","0.32","0.461","0.376",15.3,13.6,22.9,"0.321","0.514","0.385",52.3
"Altuve, Jose",514888,"HOU","SL","Slider",-1,-4,"403",17.4,"140","0.198","0.275","0.26",26.7,19.3,21.6,"0.213","0.302","0.248",19
"Ramírez, Agustín",682663,"MIA","FF","4-Seam Fastball",0.8,5,"547",25.8,"140","0.269","0.513","0.382",26.2,24.3,21.3,"0.277","0.563","0.4",55.2
"Riley, Austin",663586,"ATL","FF","4-Seam Fastball",-0.4,-3,"643",35.9,"140","0.236","0.362","0.312",26.2,27.9,19.2,"0.242","0.465","0.335",56.8
"Smith, Will",669257,"LAD","FF","4-Seam Fastball",1.6,11,"647",33.6,"140","0.295","0.571","0.428",23.7,27.9,17.8,"0.263","0.566","0.412",64.9
"Soderstrom, Tyler",691016,"ATH","FF","4-Seam Fastball",0.1,1,"527",23.7,"139","0.288","0.496","0.371",18.1,24.5,24.6,"0.259","0.476","0.35",61.5
"Triolo, Jared",669707,"PIT","FF","4-Seam Fastball",-0.6,-3,"505",34.7,"139","0.256","0.413","0.339",14.1,18.7,16.6,"0.264","0.428","0.34",42.3
"Garcia, Maikel",672580,"KC","SI","Sinker",0.5,3,"499",19.8,"139","0.32","0.472","0.391",7.2,8.6,12.5,"0.299","0.433","0.354",56.6
"Kelly, Carson",608348,"CHC","FF","4-Seam Fastball",-0.9,-5,"507",30.4,"139","0.212","0.373","0.314",14.9,23,20.3,"0.203","0.349","0.296",38.6
"Bichette, Bo",666182,"TOR","FF","4-Seam Fastball",-0.1,-1,"706",30.6,"138","0.276","0.44","0.373",16.4,18.8,14.4,"0.262","0.432","0.361",54.4
"Naylor, Bo",666310,"CLE","FF","4-Seam Fastball",-0.7,-3,"536",31.9,"138","0.198","0.422","0.321",16.5,15.2,11.3,"0.211","0.424","0.32",40.4
"Arozarena, Randy",668227,"SEA","SI","Sinker",0.7,4,"543",18.9,"137","0.304","0.438","0.4",22.7,13.9,20,"0.256","0.414","0.362",49.5
"Wells, Austin",669224,"NYY","FF","4-Seam Fastball",0.3,2,"553",30.8,"137","0.229","0.483","0.343",21.1,21.2,16.8,"0.256","0.523","0.354",50.5
"Arias, Gabriel",672356,"CLE","FF","4-Seam Fastball",-0.8,-4,"486",27.1,"137","0.169","0.355","0.26",39,47.4,32.3,"0.18","0.385","0.281",60
"Soto, Juan",665742,"NYM","SI","Sinker",0.8,5,"601",20.2,"137","0.252","0.432","0.387",15.3,15.3,18.1,"0.263","0.497","0.389",44
"India, Jonathan",663697,"KC","SI","Sinker",-1.6,-8,"496",21,"136","0.202","0.228","0.275",13.5,12.5,16.3,"0.238","0.341","0.321",38.1
"Pham, Tommy",502054,"PIT","FF","4-Seam Fastball",0.8,4,"484",28.4,"135","0.25","0.407","0.367",21.5,20.7,20.4,"0.293","0.485","0.4",56.8
"Baldwin, Brooks",681460,"CWS","FF","4-Seam Fastball",-1.1,-6,"546",43.6,"135","0.167","0.342","0.271",25.8,32.6,27.5,"0.188","0.383","0.281",41.8
"Arenado, Nolan",571448,"STL","FF","4-Seam Fastball",0.2,1,"455",28.7,"135","0.228","0.447","0.341",11.6,5.2,5.9,"0.239","0.42","0.315",30.8
"Frazier, Adam",624428,"KC","FF","4-Seam Fastball",-0.6,-4,"664",36.1,"135","0.276","0.379","0.334",15.5,14.1,9.2,"0.247","0.361","0.308",26
"Tauchman, Mike",643565,"CWS","FF","4-Seam Fastball",0.2,1,"620",38.9,"134","0.277","0.375","0.347",24.8,24.6,17,"0.255","0.385","0.339",50
"Kurtz, Nick",701762,"ATH","FF","4-Seam Fastball",2.4,13,"541",27.7,"134","0.313","0.741","0.485",28.1,25.4,24.1,"0.261","0.618","0.418",55.7
"Ozuna, Marcell",542303,"ATL","SI","Sinker",0.6,3,"513",19.5,"134","0.327","0.464","0.403",13.3,20.9,22,"0.281","0.431","0.374",50.6
"Paredes, Isaac",670623,"HOU","FF","4-Seam Fastball",1.2,6,"532",27.4,"134","0.287","0.539","0.397",12.4,14.2,10.3,"0.261","0.453","0.358",32
"Freeman, Tyler",671289,"COL","FF","4-Seam Fastball",-0.1,-1,"524",31.9,"133","0.322","0.391","0.356",8,11.3,9.3,"0.31","0.385","0.354",39.2
"Contreras, William",661388,"MIL","SL","Slider",0.4,2,"469",18.3,"133","0.233","0.353","0.317",32.9,16.5,14.6,"0.226","0.326","0.296",36.2
"Ramírez, Agustín",682663,"MIA","SI","Sinker",-1.5,-6,"404",19,"132","0.218","0.345","0.302",10.6,9.8,19.4,"0.267","0.379","0.316",44.9
"Rocchio, Brayan",677587,"CLE","FF","4-Seam Fastball",-1.4,-7,"514",36.4,"132","0.211","0.325","0.286",14,14.4,13.8,"0.25","0.416","0.336",43.3
"Kwan, Steven",680757,"CLE","SI","Sinker",0.8,4,"458",16.4,"131","0.339","0.443","0.382",3.3,8.4,10.7,"0.285","0.356","0.325",22.6
"Schneemann, Daniel",682177,"CLE","FF","4-Seam Fastball",-0.3,-2,"509",30.5,"131","0.246","0.439","0.344",25.2,27.5,22.2,"0.261","0.512","0.374",64.1
"Caminero, Junior",691406,"TB","FF","4-Seam Fastball",2.5,13,"509",20.4,"131","0.273","0.686","0.423",29.3,28.2,19.3,"0.245","0.594","0.369",65.1
"Vaughn, Andrew",683734,"MIL","FF","4-Seam Fastball",0.2,1,"501",29.1,"131","0.289","0.447","0.363",15.6,15.3,14.1,"0.3","0.546","0.401",59.4
"Friedl, TJ",670770,"CIN","SI","Sinker",-0.2,-1,"433",16.4,"131","0.3","0.382","0.374",5.3,4.6,9.2,"0.262","0.332","0.32",30.8
"Turner, Trea",607208,"PHI","SI","Sinker",1.1,5,"422",17.5,"130","0.347","0.483","0.418",14.4,10,18.3,"0.286","0.417","0.344",52.4
"Ramos, Heliot",671218,"SF","SL","Slider",-1.4,-6,"398",15,"130","0.213","0.303","0.245",30,24.6,22.9,"0.21","0.381","0.272",50
"Acuña Jr., Ronald",660670,"ATL","FF","4-Seam Fastball",3,16,"513",29.5,"128","0.269","0.558","0.414",33.5,28.9,21.1,"0.248","0.627","0.426",59.7
"Carpenter, Kerry",681481,"DET","FF","4-Seam Fastball",0.6,3,"516",29.7,"128","0.233","0.542","0.348",21.6,18.8,18.2,"0.273","0.595","0.382",59.8
"Lopez, Otto",672640,"MIA","SI","Sinker",0.2,1,"421",19.8,"128","0.292","0.372","0.375",4.6,3.9,7.1,"0.302","0.489","0.38",49.1
"McLain, Matt",680574,"CIN","SL","Slider",-0.8,-4,"502",21.2,"127","0.198","0.306","0.241",39.8,36.2,27.4,"0.197","0.305","0.238",33.3
"Jung, Josh",673962,"TEX","FF","4-Seam Fastball",-1.1,-6,"587",30.4,"127","0.216","0.328","0.275",28.2,31.5,19.7,"0.234","0.441","0.321",57.9
"Rutschman, Adley",668939,"BAL","FF","4-Seam Fastball",0.3,1,"495",33.2,"127","0.245","0.453","0.359",11.9,13.4,12.8,"0.271","0.505","0.389",48.4
"Cruz, Oneil",665833,"PIT","FF","4-Seam Fastball",-0.4,-2,"489",21.9,"126","0.196","0.458","0.34",21.2,28.6,24.7,"0.246","0.522","0.382",70.8
"Urías, Ramón",602104,"HOU","FF","4-Seam Fastball",-0.7,-3,"472",31.5,"126","0.229","0.404","0.305",28.1,26.2,20.1,"0.205","0.368","0.298",51.2
"Toglia, Michael",669911,"COL","FF","4-Seam Fastball",-2.1,-11,"501",37,"126","0.162","0.239","0.215",27.1,34.1,27.7,"0.226","0.364","0.281",37.3
"Langford, Wyatt",694671,"TEX","SI","Sinker",0.4,2,"422",18.1,"126","0.259","0.426","0.36",11.4,19.8,25.3,"0.282","0.489","0.375",60.7
"Kirk, Alejandro",672386,"TOR","FF","4-Seam Fastball",0.9,5,"576",29.1,"126","0.308","0.462","0.394",22.3,18.3,12.8,"0.299","0.515","0.403",54.9
"Ramírez, José",608070,"CLE","CH","Changeup",2.4,12,"495",18.6,"125","0.304","0.496","0.38",20.4,13.6,11.2,"0.291","0.411","0.33",42.4
"Dingler, Dillon",693307,"DET","FF","4-Seam Fastball",0,0,"548",30.6,"125","0.281","0.368","0.32",24.3,28.8,19.5,"0.294","0.47","0.359",56.4
"Pérez, Wenceel",672761,"DET","FF","4-Seam Fastball",-1,-6,"533",34.7,"125","0.241","0.389","0.306",23.2,17.6,13.3,"0.264","0.416","0.334",47.8
"Bichette, Bo",666182,"TOR","SI","Sinker",1,5,"438",19,"125","0.328","0.487","0.388",9.5,9.6,13.5,"0.322","0.455","0.351",49.1
"Suárez, Eugenio",553993,"SEA","SL","Slider",2.9,14,"475",18.2,"124","0.239","0.708","0.402",42.9,35.5,26.8,"0.208","0.528","0.332",46.5
"Machado, Manny",592518,"SD","SL","Slider",1.4,6,"414",15.6,"124","0.281","0.43","0.347",32.7,21,19,"0.282","0.489","0.352",39.3
"Allen, Nick",669397,"ATL","FF","4-Seam Fastball",-1.3,-6,"498",31.5,"124","0.248","0.267","0.297",20,21,17.4,"0.196","0.244","0.257",20.7
"Smith, Cam",701358,"HOU","SI","Sinker",-0.3,-1,"351",17.3,"124","0.321","0.339","0.359",17.5,15.3,21.8,"0.273","0.355","0.324",45.6
"Suzuki, Seiya",673548,"CHC","SL","Slider",-1,-5,"516",18.9,"124","0.196","0.313","0.261",35.4,30.6,20.8,"0.161","0.254","0.22",28.9
"Aranda, Jonathan",666018,"TB","FF","4-Seam Fastball",1.8,11,"614",35.8,"124","0.353","0.569","0.439",24.3,28.2,17.2,"0.284","0.542","0.408",56.5
"Olson, Matt",621566,"ATL","SI","Sinker",1.3,6,"462",14.6,"123","0.327","0.519","0.41",21.2,14.6,15.9,"0.315","0.542","0.411",56.3
"Devers, Rafael",646240,"SF","SI","Sinker",-0.3,-1,"421",13.8,"123","0.218","0.347","0.319",17.3,19.5,23.1,"0.24","0.404","0.351",51.3
"Arraez, Luis",650333,"SD","SI","Sinker",-3.1,-14,"454",18.4,"123","0.162","0.18","0.192",4.2,0.8,1,"0.27","0.333","0.287",16.5
"Suzuki, Seiya",673548,"CHC","SI","Sinker",0.2,1,"440",16.1,"123","0.286","0.536","0.394",10.9,13.8,17.3,"0.321","0.663","0.438",58.9
"Machado, Manny",592518,"SD","SI","Sinker",1,4,"444",16.8,"123","0.391","0.504","0.42",14.7,12.2,16.7,"0.334","0.468","0.37",61
"Beck, Jordan",687597,"COL","SL","Slider",-1,-5,"451",19.3,"123","0.203","0.297","0.245",37.7,35.8,26.5,"0.182","0.32","0.232",31.1
"McLain, Matt",680574,"CIN","SI","Sinker",-1.3,-6,"434",18.4,"123","0.23","0.33","0.328",14.7,16.3,24.1,"0.259","0.419","0.362",46.3
"Dubón, Mauricio",643289,"HOU","FF","4-Seam Fastball",-1.6,-7,"461",34.2,"122","0.21","0.276","0.268",17.2,12.3,11,"0.245","0.323","0.297",28
"Call, Alex",669743,"LAD","FF","4-Seam Fastball",-0.9,-5,"519",39.5,"122","0.255","0.388","0.346",19.1,18,15.1,"0.242","0.418","0.351",28.4
"Edman, Tommy",669242,"LAD","FF","4-Seam Fastball",-1.1,-4,"411",30.7,"122","0.222","0.361","0.301",19.1,18,20.8,"0.255","0.401","0.326",34.5
"Betts, Mookie",605141,"LAD","SI","Sinker",-0.4,-2,"438",17.8,"121","0.29","0.449","0.356",4.5,6.6,9.4,"0.311","0.463","0.373",48
"Pages, Andy",681624,"LAD","SI","Sinker",-0.9,-4,"457",19.3,"121","0.243","0.369","0.312",16.2,17.4,16.7,"0.247","0.385","0.3",43.5
"Harris II, Michael",671739,"ATL","SI","Sinker",-3.7,-17,"452",20.8,"121","0.221","0.257","0.24",14.3,7.4,12.3,"0.265","0.359","0.299",49.1
"Bichette, Bo",666182,"TOR","SL","Slider",1.7,6,"349",15.1,"121","0.333","0.5","0.381",22.2,15.7,15,"0.288","0.435","0.332",42.7
"Durbin, Caleb",702332,"MIL","SI","Sinker",0.8,3,"373",20.3,"121","0.303","0.444","0.394",6.8,5.8,13.7,"0.262","0.351","0.339",30.9
"Ward, Taylor",621493,"LAA","SI","Sinker",0.5,2,"443",15.9,"120","0.258","0.536","0.405",11,20,26.1,"0.266","0.477","0.384",44.6
"Raleigh, Cal",663728,"SEA","CH","Changeup",1.2,6,"460",16.2,"120","0.252","0.505","0.335",34.3,19.2,16.1,"0.246","0.467","0.322",37.8
"Myers, Dane",667472,"MIA","FF","4-Seam Fastball",-1.7,-7,"410",33.1,"120","0.234","0.36","0.29",20.6,22.5,22.5,"0.275","0.44","0.335",52.4
"Freeman, Tyler",671289,"COL","SI","Sinker",0.5,2,"375",22.8,"120","0.308","0.404","0.368",5.1,3.3,5.6,"0.303","0.4","0.354",40.6
"Ward, Taylor",621493,"LAA","SL","Slider",1.6,9,"546",19.6,"119","0.21","0.505","0.347",33.3,28.6,19.2,"0.196","0.402","0.297",35.6
"Swanson, Dansby",621020,"CHC","SI","Sinker",1,4,"422",16.8,"119","0.299","0.523","0.401",19.8,14.3,20.5,"0.324","0.597","0.421",51.1
"Peña, Jeremy",665161,"HOU","SL","Slider",-0.8,-3,"356",20,"119","0.261","0.342","0.298",33.5,22.7,27,"0.205","0.283","0.238",29.4
"De La Cruz, Elly",682829,"CIN","CH","Changeup",0.3,1,"471",17.6,"119","0.261","0.396","0.326",35.9,18.5,17.3,"0.289","0.429","0.336",31.5
"Peña, Jeremy",665161,"HOU","FF","4-Seam Fastball",2.7,10,"381",21.4,"119","0.364","0.701","0.475",15.7,13.4,19.8,"0.317","0.653","0.437",54.9
"Sanoja, Javier",691594,"MIA","FF","4-Seam Fastball",1.3,6,"421",34.6,"119","0.286","0.505","0.388",8.2,10.9,13.7,"0.271","0.409","0.332",47.9
"Vientos, Mark",668901,"NYM","FF","4-Seam Fastball",0.2,1,"421",23.9,"119","0.239","0.522","0.331",24.2,25.2,21.3,"0.234","0.482","0.315",53.6
"Benson, Will",666181,"CIN","FF","4-Seam Fastball",-0.5,-2,"353",38.3,"119","0.198","0.414","0.282",29.3,29.4,35.7,"0.236","0.507","0.336",61.5
"Frelick, Sal",686217,"MIL","SI","Sinker",-0.3,-1,"375",16.2,"119","0.302","0.368","0.341",6.6,10.9,15.1,"0.249","0.304","0.287",28.4
"Bogaerts, Xander",593428,"SD","SI","Sinker",-2,-9,"468",22.3,"119","0.257","0.303","0.278",11,12.6,22.4,"0.276","0.355","0.307",35.4
"Diaz, Yainer",673237,"HOU","SL","Slider",0.7,2,"365",19.5,"118","0.25","0.405","0.311",26,16.9,19.2,"0.305","0.498","0.349",41.7
"Tatis Jr., Fernando",665487,"SD","SL","Slider",0.7,3,"426",16.2,"118","0.198","0.356","0.336",34.6,21.2,19.2,"0.273","0.515","0.386",50
"Shaw, Matt",807713,"CHC","FF","4-Seam Fastball",-0.2,-1,"476",27.7,"117","0.192","0.375","0.307",19.7,20.5,14.5,"0.245","0.445","0.331",35.8
"Adames, Willy",642715,"SF","SI","Sinker",1.1,5,"496",17.7,"117","0.266","0.415","0.375",17.8,13.7,16.8,"0.259","0.42","0.365",31.6
"Castellanos, Nick",592206,"PHI","SL","Slider",-1.3,-6,"456",21.1,"117","0.202","0.312","0.244",39.2,26.5,20.7,"0.222","0.346","0.263",26.3
"Contreras, William",661388,"MIL","SI","Sinker",0.2,1,"423",16.5,"117","0.333","0.461","0.381",12.8,9.4,18,"0.309","0.461","0.369",55.3
"Soto, Juan",665742,"NYM","SL","Slider",1.3,6,"474",16,"117","0.235","0.412","0.327",34.1,29.1,21.9,"0.214","0.397","0.311",46.4
"Thomas, Alek",677950,"AZ","FF","4-Seam Fastball",-0.2,-1,"419",25,"117","0.245","0.453","0.324",23.4,29.1,29.1,"0.253","0.48","0.34",57.3
"Lewis, Royce",668904,"MIN","FF","4-Seam Fastball",-1.5,-7,"512",33.8,"117","0.183","0.337","0.268",32.4,23.9,20.4,"0.215","0.396","0.3",50.6
"Gonzales, Nick",693304,"PIT","FF","4-Seam Fastball",-1.7,-6,"372",26.5,"117","0.226","0.311","0.262",21.5,22.2,22.4,"0.236","0.357","0.285",43.4
"Diaz, Yainer",673237,"HOU","FF","4-Seam Fastball",0.1,0,"476",25.4,"117","0.274","0.472","0.35",20.6,15.4,13.3,"0.284","0.562","0.386",54.4
"Goodman, Hunter",696100,"COL","SL","Slider",1.6,6,"394",18.3,"117","0.264","0.482","0.369",38.8,29.9,24,"0.235","0.419","0.303",52
"Butler, Lawrence",671732,"ATH","CH","Changeup",-1.2,-5,"395",15.7,"116","0.187","0.308","0.266",39.2,27.6,26.4,"0.209","0.33","0.267",28
"Steer, Spencer",668715,"CIN","SI","Sinker",-1.4,-6,"448",19.4,"116","0.225","0.314","0.296",16.8,11.2,13.7,"0.253","0.376","0.321",31.5
"Domínguez, Jasson",691176,"NYY","FF","4-Seam Fastball",-0.4,-3,"564",33.3,"116","0.235","0.343","0.305",22.6,28.4,21.4,"0.249","0.351","0.311",52.2
"Springer, George",543807,"TOR","SI","Sinker",2.8,12,"407",17.6,"116","0.371","0.546","0.455",14.4,6.9,10.3,"0.374","0.661","0.481",52.8
"Schwarber, Kyle",656941,"PHI","SL","Slider",0,0,"576",18.8,"116","0.168","0.386","0.3",45.8,33.6,22.7,"0.199","0.391","0.306",58.1
"Altuve, Jose",514888,"HOU","SI","Sinker",-0.1,0,"484",20.9,"116","0.29","0.43","0.361",12.8,11.2,14.3,"0.279","0.424","0.348",33.7
"Wilson, Jacob",805779,"ATH","FF","4-Seam Fastball",0.4,2,"432",24.9,"116","0.327","0.481","0.386",10.5,11.2,11.9,"0.298","0.418","0.349",27.5
"Neto, Zach",687263,"LAA","SI","Sinker",0.8,4,"470",21.6,"116","0.317","0.485","0.397",16,12.1,17.3,"0.333","0.517","0.405",43.2
"Giménez, Andrés",665926,"TOR","FF","4-Seam Fastball",-0.7,-4,"517",35.6,"116","0.212","0.385","0.299",24.5,21.6,14.6,"0.239","0.379","0.309",31.6
"Judge, Aaron",592450,"NYY","SI","Sinker",4.9,18,"365",13.9,"115","0.475","0.762","0.56",13.2,9.6,16.2,"0.424","0.85","0.556",58.9
"Baldwin, Drake",686948,"ATL","FF","4-Seam Fastball",2.4,11,"484",27.7,"115","0.337","0.612","0.447",19.4,12.2,10.5,"0.304","0.555","0.414",59.5
"Bregman, Alex",608324,"BOS","SI","Sinker",-0.2,-1,"407",20.9,"115","0.267","0.396","0.345",7.8,9.6,13.4,"0.264","0.414","0.34",42.2
"Profar, Jurickson",595777,"ATL","FF","4-Seam Fastball",0.3,1,"540",34.3,"115","0.25","0.385","0.352",10.3,10.4,8.6,"0.208","0.322","0.305",25
"Pages, Andy",681624,"LAD","SL","Slider",0.3,1,"398",16.8,"115","0.27","0.495","0.338",22.3,16.5,16,"0.242","0.402","0.289",31.5
"Báez, Javier",595879,"DET","FF","4-Seam Fastball",-1,-5,"476",30.8,"115","0.254","0.325","0.258",28,27.8,23.4,"0.284","0.457","0.32",48.8
"Adell, Jo",666176,"LAA","SI","Sinker",0.3,1,"381",17.2,"114","0.282","0.408","0.357",18.4,16.7,24.7,"0.275","0.454","0.348",45.2
"France, Ty",664034,"TOR","FF","4-Seam Fastball",-0.1,-1,"543",29,"114","0.303","0.394","0.361",18.4,19.3,13.7,"0.28","0.437","0.359",41.6
"Witt Jr., Bobby",677951,"KC","SL","Slider",0.2,1,"418",16.6,"114","0.24","0.394","0.305",30.5,19.3,19.6,"0.247","0.477","0.333",41.7
"Volpe, Anthony",683011,"NYY","SL","Slider",-2,-8,"378",15.8,"114","0.17","0.33","0.242",23.3,23.7,23.5,"0.209","0.397","0.278",40.2
"Caballero, José",676609,"NYY","FF","4-Seam Fastball",-1.2,-6,"446",29.8,"114","0.188","0.271","0.286",28.4,34.2,25.2,"0.195","0.283","0.284",33.3
"Ortiz, Joey",687401,"MIL","SI","Sinker",-1.9,-8,"399",21.3,"114","0.221","0.24","0.254",9.4,11.4,15.7,"0.235","0.277","0.259",40.9
"Schwarber, Kyle",656941,"PHI","SI","Sinker",2.4,11,"462",15.1,"114","0.33","0.648","0.464",17.8,13.2,16,"0.34","0.712","0.497",66.2
"Smith, Cam",701358,"HOU","FF","4-Seam Fastball",-0.4,-2,"542",26.8,"113","0.229","0.417","0.338",25.9,25.7,15.4,"0.263","0.476","0.371",44.8
"Seager, Corey",608369,"TEX","FF","4-Seam Fastball",1.2,5,"444",26.6,"113","0.269","0.505","0.41",26.5,19.5,16.4,"0.321","0.724","0.482",67.6
"Jansen, Danny",643376,"MIL","FF","4-Seam Fastball",-0.2,-1,"440",32.7,"113","0.207","0.359","0.32",24.5,26.5,21.7,"0.153","0.315","0.284",44.4
"Lowe, Josh",666139,"TB","FF","4-Seam Fastball",-0.4,-3,"604",33.1,"113","0.224","0.449","0.326",31,24.8,13.9,"0.247","0.435","0.34",48.6
"Kiner-Falefa, Isiah",643396,"TOR","SI","Sinker",-2.1,-7,"360",22.1,"113","0.264","0.292","0.284",7.5,15,25.4,"0.257","0.315","0.279",23.6
"Walls, Taylor",670764,"TB","FF","4-Seam Fastball",-2.2,-10,"470",36.9,"113","0.196","0.265","0.241",23.5,26.5,19.7,"0.164","0.272","0.219",30.7
"Nootbaar, Lars",663457,"STL","SI","Sinker",-1,-4,"421",17.8,"113","0.263","0.333","0.315",10.4,16.8,21.1,"0.229","0.366","0.31",47.5
"Torres, Gleyber",650402,"DET","SI","Sinker",0.2,1,"389",14.7,"113","0.271","0.5","0.383",8.5,10.6,14.5,"0.288","0.537","0.401",53.6
"McCutchen, Andrew",457705,"PIT","SI","Sinker",-0.9,-4,"417",18.4,"113","0.258","0.33","0.323",20.6,15.9,20.5,"0.317","0.464","0.387",50.6
"Vargas, Miguel",678246,"CWS","SI","Sinker",0.3,1,"375",16.1,"112","0.255","0.449","0.358",11.5,12.5,16.5,"0.327","0.625","0.438",63.1
"Nimmo, Brandon",607043,"NYM","SL","Slider",-0.5,-2,"384",14.8,"112","0.19","0.41","0.283",32.9,31.3,22.4,"0.176","0.306","0.224",41.7
"Arozarena, Randy",668227,"SEA","SL","Slider",-0.4,-2,"432",15,"112","0.225","0.333","0.29",36.6,33.9,26.2,"0.192","0.289","0.251",35.9
"Westburg, Jordan",676059,"BAL","FF","4-Seam Fastball",-0.7,-3,"402",30.9,"112","0.216","0.382","0.302",25.6,26.8,23.4,"0.233","0.444","0.323",52.8
"Judge, Aaron",592450,"NYY","SL","Slider",0.4,2,"503",19.1,"112","0.26","0.427","0.34",43.9,28.6,21.9,"0.24","0.472","0.349",51.5
"France, Ty",664034,"TOR","SI","Sinker",-0.3,-1,"399",21.3,"112","0.292","0.323","0.346",13.1,7.1,8.6,"0.304","0.392","0.358",46.7
"Kirk, Alejandro",672386,"TOR","SI","Sinker",-0.9,-3,"399",20.2,"111","0.29","0.42","0.341",10.1,7.2,10.4,"0.28","0.445","0.343",58.1
"Holliday, Jackson",702616,"BAL","SI","Sinker",0.1,0,"360",14.8,"111","0.287","0.362","0.36",19.5,18.9,28.4,"0.245","0.36","0.328",41.1
"Meidroth, Chase",805367,"CWS","SI","Sinker",-0.5,-2,"463",22.5,"111","0.265","0.347","0.327",11.6,11.7,13.8,"0.29","0.349","0.326",44.2
"Muncy, Max",571970,"LAD","FF","4-Seam Fastball",3.3,15,"467",28.3,"111","0.333","0.716","0.504",14.5,17.1,13.7,"0.274","0.641","0.464",65.1
"Alonso, Pete",624413,"NYM","SL","Slider",0.5,2,"443",15.8,"111","0.255","0.468","0.354",32.7,24.3,19.4,"0.257","0.519","0.37",44.9
"Mangum, Jake",663968,"TB","FF","4-Seam Fastball",-0.4,-2,"503",35.1,"111","0.296","0.388","0.349",20.7,25.2,16.7,"0.26","0.342","0.311",42.3
"Albies, Ozzie",645277,"ATL","CH","Changeup",-2.1,-7,"333",13.9,"111","0.241","0.269","0.243",14,5.4,6.9,"0.255","0.342","0.264",25
"Crawford, J.P.",641487,"SEA","SI","Sinker",-1.6,-6,"416",15.2,"110","0.227","0.268","0.28",14.5,12.7,15.6,"0.261","0.367","0.318",40.5
"Chourio, Jackson",694192,"MIL","SI","Sinker",-1.5,-6,"387",18.4,"110","0.267","0.356","0.307",15.5,9.1,14.3,"0.298","0.486","0.351",51.1
"Story, Trevor",596115,"BOS","SL","Slider",1.8,7,"401",16.2,"110","0.283","0.556","0.396",38.2,26.4,23.8,"0.255","0.47","0.347",35.7
"Swanson, Dansby",621020,"CHC","SL","Slider",0.1,0,"546",21.7,"110","0.235","0.392","0.3",36.3,25.5,15,"0.211","0.346","0.272",33.8
"Abrams, CJ",682928,"WSH","SI","Sinker",1.2,4,"295",12.7,"110","0.32","0.505","0.389",13.2,12.7,20,"0.278","0.465","0.358",41.7
"Jung, Josh",673962,"TEX","SI","Sinker",0.4,1,"363",18.8,"109","0.311","0.485","0.371",14.9,15.6,25,"0.284","0.472","0.344",52.3
"Adames, Willy",642715,"SF","SL","Slider",-0.4,-2,"447",16,"109","0.194","0.388","0.291",39.6,40.4,28.2,"0.194","0.401","0.296",38.9
"Varsho, Daulton",662139,"TOR","FF","4-Seam Fastball",0,0,"370",37.5,"109","0.18","0.45","0.297",34.1,33.9,32.5,"0.215","0.534","0.343",52.4
"Wood, James",695578,"WSH","SL","Slider",1,4,"428",14.8,"109","0.227","0.432","0.363",45.5,29.4,25,"0.266","0.493","0.394",48.2
"Walker, Jordan",691023,"STL","FF","4-Seam Fastball",-1.7,-6,"387",25.1,"108","0.158","0.305","0.273",30.9,37,31,"0.181","0.398","0.297",47.3
"Taylor, Michael A.",572191,"CWS","FF","4-Seam Fastball",-1.2,-5,"399",31.5,"108","0.182","0.354","0.244",31.3,34.3,27.4,"0.202","0.507","0.317",50.8
"Tovar, Ezequiel",678662,"COL","FF","4-Seam Fastball",-1.2,-6,"511",34.8,"108","0.196","0.289","0.249",30.5,30.6,17.6,"0.237","0.417","0.316",43.1
"Cowser, Colton",681297,"BAL","FF","4-Seam Fastball",1.4,6,"424",28.6,"108","0.247","0.567","0.375",24.6,30.6,25.4,"0.215","0.515","0.343",56.3
"Rodríguez, Julio",677594,"SEA","SL","Slider",1,4,"388",15.5,"108","0.255","0.49","0.355",36.3,23.1,23.6,"0.258","0.496","0.346",44.2
"Pederson, Joc",592626,"TEX","FF","4-Seam Fastball",-1.4,-6,"434",35.1,"108","0.161","0.387","0.295",20.7,14.8,13.9,"0.216","0.473","0.345",46.8
"Bellinger, Cody",641355,"NYY","SI","Sinker",0.8,3,"372",14.3,"108","0.374","0.495","0.404",9.5,7.4,11.9,"0.332","0.468","0.386",41.4
"Peña, Jeremy",665161,"HOU","SI","Sinker",1.8,7,"380",21.4,"108","0.361","0.495","0.431",8.3,8.3,14.1,"0.328","0.461","0.377",56.8
"Young, Jacob",696285,"WSH","FF","4-Seam Fastball",-2,-9,"437",32,"108","0.209","0.242","0.267",13.6,18.5,16.1,"0.281","0.38","0.334",38.2
"García Jr., Luis",671277,"WSH","FF","4-Seam Fastball",0,0,"465",25.3,"107","0.287","0.479","0.359",16.1,13.1,11.5,"0.321","0.569","0.41",54.9
"Betts, Mookie",605141,"LAD","SL","Slider",-0.3,-1,"370",15,"107","0.214","0.398","0.283",24.8,14,12.7,"0.239","0.373","0.285",34.1
"Stephenson, Tyler",663886,"CIN","FF","4-Seam Fastball",-0.6,-2,"416",30.1,"107","0.18","0.382","0.311",27.1,34.6,27.4,"0.218","0.495","0.356",61.1
"Rooker, Brent",667670,"ATH","SL","Slider",0.8,3,"363",14.1,"107","0.255","0.51","0.354",45.8,30.8,29.7,"0.235","0.49","0.337",41.5
"Henderson, Gunnar",683002,"BAL","SI","Sinker",-0.3,-1,"393",15.7,"106","0.307","0.352","0.372",11,8.5,11.5,"0.282","0.38","0.35",46.3
"Baldwin, Drake",686948,"ATL","SI","Sinker",-0.7,-3,"372",21.3,"106","0.253","0.319","0.323",7.3,8.5,12.2,"0.269","0.37","0.336",48.8
"Buxton, Byron",621439,"MIN","SI","Sinker",1.1,4,"386",19,"106","0.316","0.537","0.416",18.8,12.3,18.8,"0.254","0.439","0.336",46.3
"Turang, Brice",668930,"MIL","SL","Slider",0.3,1,"372",13.4,"106","0.237","0.333","0.299",32.7,23.6,18.7,"0.254","0.414","0.33",46.4
"Allen, Nick",669397,"ATL","SI","Sinker",-1.9,-7,"380",24,"106","0.253","0.297","0.3",11,16,23.3,"0.27","0.329","0.316",32.9
"Carlson, Dylan",666185,"BAL","FF","4-Seam Fastball",-1.2,-5,"419",41,"106","0.196","0.337","0.307",20.6,17.9,12.9,"0.211","0.378","0.308",39.7
"Happ, Ian",664023,"CHC","CH","Changeup",-0.9,-4,"427",15.7,"106","0.2","0.26","0.231",30.4,21.7,19.5,"0.228","0.33","0.266",36.4
"Young, Cole",702284,"SEA","FF","4-Seam Fastball",-1.9,-8,"431",41.7,"105","0.187","0.253","0.255",25.4,18.1,15.7,"0.209","0.359","0.298",32.9
"Suárez, Eugenio",553993,"SEA","SI","Sinker",1,4,"432",16.6,"105","0.272","0.435","0.377",20.9,19,24.7,"0.257","0.448","0.356",44.4
"Jeffers, Ryan",680777,"MIN","SI","Sinker",-0.4,-2,"406",21.6,"105","0.266","0.394","0.322",7.8,16.2,20,"0.236","0.41","0.312",44.9
"Duran, Jarren",680776,"BOS","SL","Slider",-0.9,-4,"382",14.6,"105","0.214","0.378","0.276",36.9,36.2,30.6,"0.222","0.365","0.279",50.8
"Kiner-Falefa, Isiah",643396,"TOR","FF","4-Seam Fastball",0.1,0,"444",27.2,"105","0.326","0.467","0.375",14.5,18.1,14.8,"0.279","0.344","0.316",32.9
"Albies, Ozzie",645277,"ATL","SI","Sinker",-0.3,-1,"326",13.6,"105","0.253","0.352","0.34",15.7,7.6,12.1,"0.274","0.39","0.338",46.4
"Hernández, Teoscar",606192,"LAD","SL","Slider",-0.7,-2,"378",17.7,"105","0.202","0.404","0.28",43.7,35.2,29.8,"0.213","0.392","0.283",43.5
"Realmuto, J.T.",592663,"PHI","SI","Sinker",-0.4,-2,"359",16.3,"105","0.289","0.454","0.341",11.2,10.5,19.3,"0.314","0.535","0.385",50.6
"Soderstrom, Tyler",691016,"ATH","SI","Sinker",0.3,1,"368",16.5,"105","0.309","0.457","0.366",15,16.2,20.5,"0.278","0.399","0.331",55.1
"Paredes, Isaac",670623,"HOU","SI","Sinker",1.3,5,"403",20.8,"105","0.303","0.494","0.399",7.7,20,22.6,"0.247","0.387","0.332",53.6
"Greene, Riley",682985,"DET","SI","Sinker",-0.5,-2,"432",16,"105","0.274","0.411","0.336",16.1,15.2,13,"0.253","0.408","0.316",40
"Bart, Joey",663698,"PIT","FF","4-Seam Fastball",1.6,6,"382",28.4,"104","0.31","0.44","0.398",20.5,25,21.8,"0.266","0.47","0.387",46.6
"Wood, James",695578,"WSH","SI","Sinker",0.5,2,"417",14.4,"104","0.33","0.582","0.427",20.2,20.2,24.1,"0.296","0.546","0.399",58.6
"Teel, Kyle",691019,"CWS","FF","4-Seam Fastball",1.3,6,"430",35.1,"104","0.329","0.512","0.436",24.5,20.2,15.4,"0.262","0.482","0.393",46.8
"Carroll, Corbin",682998,"AZ","SI","Sinker",-1.1,-4,"372",14.9,"104","0.209","0.36","0.314",17,20.2,23.9,"0.223","0.337","0.313",42.4
"Perez, Salvador",521692,"KC","SI","Sinker",-0.2,-1,"316",13.9,"104","0.26","0.5","0.35",11.4,5.8,11.8,"0.317","0.606","0.412",54.4
"Carroll, Corbin",682998,"AZ","SL","Slider",-0.2,-1,"425",17,"104","0.217","0.478","0.337",30.4,25,21.3,"0.268","0.538","0.383",50.7
"Rafaela, Ceddanne",678882,"BOS","SL","Slider",0.5,2,"367",17.2,"104","0.267","0.495","0.326",30,18.3,14.2,"0.262","0.497","0.325",33.7
"Edwards, Xavier",669364,"MIA","SI","Sinker",0,0,"346",15.4,"104","0.347","0.378","0.345",2.9,8.7,13,"0.27","0.333","0.285",34.4
"Contreras, Willson",575929,"STL","SL","Slider",0.6,2,"362",16.8,"104","0.292","0.427","0.341",35.3,24,20.8,"0.235","0.434","0.315",37.5
"Schmitt, Casey",669477,"SF","FF","4-Seam Fastball",0.3,1,"370",27.8,"104","0.258","0.495","0.349",20.1,23.1,18.5,"0.247","0.491","0.342",50.7
"Realmuto, J.T.",592663,"PHI","SL","Slider",0.5,2,"409",18.6,"104","0.255","0.362","0.31",29.5,27.9,18.4,"0.238","0.357","0.299",44.6
"Mountcastle, Ryan",663624,"BAL","FF","4-Seam Fastball",0.2,1,"436",32.2,"104","0.269","0.409","0.341",27.6,27.9,20.6,"0.26","0.47","0.343",56.7
"Hoskins, Rhys",656555,"MIL","FF","4-Seam Fastball",0.3,1,"377",26.4,"104","0.209","0.523","0.358",21.9,26.9,23.5,"0.218","0.489","0.359",61.7
"O'Hoppe, Logan",681351,"LAA","FF","4-Seam Fastball",-1,-5,"488",27.8,"103","0.226","0.344","0.29",26.7,35,20.7,"0.238","0.435","0.326",52.6
"Clement, Ernie",676391,"TOR","SI","Sinker",0.3,1,"299",16,"103","0.322","0.4","0.356",2.8,2.9,7.7,"0.301","0.38","0.333",27.8
"Donovan, Brendan",680977,"STL","SI","Sinker",-2.2,-8,"371",19.3,"103","0.178","0.289","0.249",10.3,17.5,19.4,"0.216","0.338","0.292",40.5
"Contreras, Willson",575929,"STL","SI","Sinker",-0.2,-1,"397",18.4,"103","0.286","0.396","0.359",12.6,10.7,14.1,"0.272","0.396","0.337",42.5
"Beck, Jordan",687597,"COL","SI","Sinker",-0.3,-1,"434",18.6,"103","0.347","0.421","0.376",13.6,15.5,20.5,"0.275","0.368","0.311",41.8
"Grisham, Trent",663757,"NYY","SI","Sinker",0.2,1,"395",16.5,"103","0.247","0.365","0.367",12.8,15.5,18,"0.326","0.554","0.431",49.3
"Doyle, Brenton",686668,"COL","SL","Slider",-0.8,-3,"353",18,"103","0.202","0.351","0.272",40.2,29.1,26.1,"0.208","0.326","0.258",34.8
"Wade Jr., LaMonte",664774,"LAA","FF","4-Seam Fastball",-1.5,-7,"443",42.6,"103","0.146","0.22","0.273",21.1,16.5,12.8,"0.206","0.332","0.321",30.3
"Marte, Starling",516782,"NYM","FF","4-Seam Fastball",0.4,2,"390",31.1,"103","0.278","0.456","0.363",14,15.5,12.8,"0.257","0.434","0.339",46.8
"Goldschmidt, Paul",502671,"NYY","SI","Sinker",-1.6,-5,"339",16.2,"102","0.253","0.421","0.318",17.2,15.7,21.6,"0.264","0.481","0.335",46.3
"Rafaela, Ceddanne",678882,"BOS","SI","Sinker",-2.4,-9,"367",17.2,"102","0.237","0.269","0.271",14.8,7.8,12.9,"0.258","0.369","0.304",40.7
"Garcia, Maikel",672580,"KC","SL","Slider",-0.7,-3,"414",16.4,"102","0.271","0.375","0.292",19,10.8,12.2,"0.275","0.378","0.293",42.5
"Lile, Daylen",695734,"WSH","FF","4-Seam Fastball",0.6,2,"441",33.8,"102","0.27","0.573","0.39",14.2,5.9,4.9,"0.337","0.606","0.43",51.2
"Chapman, Matt",656305,"SF","SI","Sinker",1.3,5,"360",16.3,"102","0.291","0.43","0.384",15.3,11.8,18.2,"0.271","0.416","0.354",56
"Semien, Marcus",543760,"TEX","SI","Sinker",0.1,0,"400",19.3,"102","0.282","0.365","0.355",12,10.8,14.7,"0.298","0.431","0.371",44
"Meyers, Jake",676694,"HOU","FF","4-Seam Fastball",0.2,1,"350",26.1,"102","0.299","0.402","0.369",14,13.7,14.7,"0.286","0.476","0.376",45.9
"Naylor, Josh",647304,"SEA","SI","Sinker",1.4,4,"306",15.2,"101","0.344","0.478","0.397",15.2,14.9,25.4,"0.26","0.425","0.33",51.3
"Saggese, Thomas",695336,"STL","FF","4-Seam Fastball",-1.3,-6,"472",39.9,"101","0.213","0.27","0.275",27.9,32.7,20.1,"0.208","0.321","0.278",54.4
"Chourio, Jackson",694192,"MIL","SL","Slider",2.3,8,"340",16.1,"101","0.302","0.615","0.418",33.9,19.8,19,"0.222","0.404","0.287",30.3
"Iglesias, Jose",578428,"SD","FF","4-Seam Fastball",-0.5,-2,"482",35.2,"101","0.253","0.396","0.322",14,14.9,10.6,"0.276","0.394","0.322",37.2
"Rojas, Miguel",500743,"LAD","FF","4-Seam Fastball",0.6,2,"374",32.1,"101","0.284","0.443","0.362",9.8,12.9,12.6,"0.23","0.36","0.31",32
"Ramírez, Agustín",682663,"MIA","SL","Slider",-2.5,-9,"377",17.8,"101","0.18","0.27","0.21",28.4,19.8,19,"0.212","0.327","0.236",33.8
"Polanco, Jorge",593871,"SEA","CH","Changeup",0.7,3,"381",18.8,"100","0.242","0.44","0.313",36.8,18,14.1,"0.225","0.377","0.292",26.7
"Sweeney, Trey",700242,"DET","FF","4-Seam Fastball",-1.4,-5,"403",33.8,"100","0.203","0.278","0.299",28.1,24,20.5,"0.201","0.287","0.3",42.1
"Torkelson, Spencer",679529,"DET","SL","Slider",0.2,1,"411",15.6,"100","0.234","0.426","0.315",40.1,37,26.8,"0.196","0.35","0.259",47.4
"Marte, Ketel",606466,"AZ","CH","Changeup",2.1,7,"353",16.8,"100","0.295","0.547","0.374",29.8,17,16.7,"0.288","0.478","0.345",43.6
"Wagaman, Eric",676572,"MIA","SI","Sinker",-0.5,-2,"347",17.7,"100","0.289","0.433","0.323",10.1,15,22.1,"0.285","0.463","0.33",58.5
"Freeman, Freddie",518692,"LAD","SI","Sinker",0.3,1,"300",12.6,"100","0.283","0.446","0.353",21.4,15,19.5,"0.311","0.505","0.387",51.3
"Witt Jr., Bobby",677951,"KC","SI","Sinker",-0.6,-2,"327",13,"100","0.273","0.432","0.352",13.8,10,18.9,"0.307","0.517","0.4",56.3
"Yelich, Christian",592885,"MIL","SL","Slider",0.2,1,"381",14.6,"100","0.274","0.411","0.325",40.9,38,28.1,"0.221","0.388","0.279",47.4
"Clement, Ernie",676391,"TOR","SL","Slider",-1.1,-4,"308",16.5,"100","0.234","0.362","0.29",16.7,10,16.1,"0.243","0.345","0.266",23
"Langeliers, Shea",669127,"ATH","SI","Sinker",3.1,9,"301",15.6,"99","0.359","0.696","0.459",13.3,6.1,13.3,"0.322","0.631","0.423",53.5
"Torres, Gleyber",650402,"DET","SL","Slider",-1.1,-5,"443",16.7,"99","0.183","0.269","0.235",25.3,19.2,13.3,"0.213","0.338","0.263",28.4
"Naylor, Josh",647304,"SEA","SL","Slider",-0.5,-2,"346",17.2,"99","0.222","0.389","0.303",34.2,19.2,21.1,"0.2","0.36","0.277",31.9
"Harper, Bryce",547180,"PHI","SL","Slider",0.3,1,"388",17.9,"99","0.211","0.422","0.315",42.2,29.3,22,"0.202","0.334","0.271",39.3
"Toro, Abraham",647351,"BOS","FF","4-Seam Fastball",0.5,2,"371",33.6,"99","0.261","0.466","0.357",16.6,14.1,14.3,"0.248","0.415","0.323",38.2
"Straw, Myles",664702,"TOR","FF","4-Seam Fastball",-0.1,0,"403",36.5,"99","0.256","0.407","0.326",22.2,23.2,19.7,"0.218","0.39","0.293",32.4
"Kirk, Alejandro",672386,"TOR","SL","Slider",0.1,0,"363",18.4,"99","0.22","0.363","0.286",20.1,11.1,9.9,"0.258","0.472","0.341",43.8
"Steer, Spencer",668715,"CIN","SL","Slider",0.9,3,"361",15.6,"98","0.261","0.522","0.361",33.5,22.4,16.4,"0.234","0.408","0.298",38.6
"Perdomo, Geraldo",672695,"AZ","SI","Sinker",1.6,6,"359",11.9,"98","0.354","0.561","0.443",8.7,13.3,14.1,"0.264","0.431","0.362",53.6
"Yelich, Christian",592885,"MIL","SI","Sinker",0.2,1,"390",15,"98","0.259","0.388","0.348",18.7,17.3,17.9,"0.255","0.38","0.329",45.6
"Diaz, Yainer",673237,"HOU","SI","Sinker",0.8,2,"286",15.3,"98","0.358","0.537","0.409",10.2,7.1,15.2,"0.321","0.534","0.375",44.3
"Crow-Armstrong, Pete",691718,"CHC","CH","Changeup",1.3,4,"283",12.2,"98","0.309","0.447","0.353",21.5,9.2,11,"0.316","0.511","0.359",46.5
"Ozuna, Marcell",542303,"ATL","SL","Slider",0.5,2,"438",16.6,"98","0.195","0.415","0.323",35.5,27.6,16.7,"0.211","0.464","0.336",43.9
"Pham, Tommy",502054,"PIT","SI","Sinker",-0.4,-1,"340",19.9,"98","0.261","0.352","0.337",9.9,9.2,12.3,"0.274","0.403","0.334",55.7
"Turner, Trea",607208,"PHI","SL","Slider",1.7,7,"389",16.2,"98","0.281","0.562","0.388",32.8,20.4,14.1,"0.238","0.454","0.322",40
"Lowe, Nathaniel",663993,"BOS","SI","Sinker",-1.5,-6,"393",15.1,"98","0.25","0.315","0.304",14.9,15.3,14.7,"0.231","0.286","0.255",41.6
"Davis, Henry",680779,"PIT","FF","4-Seam Fastball",-1.8,-6,"334",31.2,"98","0.184","0.299","0.258",29.9,26.5,21.3,"0.225","0.413","0.314",38.7
"Guerrero Jr., Vladimir",665489,"TOR","SL","Slider",1.1,4,"367",14.7,"97","0.283","0.413","0.331",24.5,14.4,17.7,"0.308","0.524","0.371",48.7
"Story, Trevor",596115,"BOS","SI","Sinker",0.5,2,"344",13.9,"97","0.348","0.494","0.389",14.6,10.3,18.2,"0.327","0.501","0.381",60
"Olson, Matt",621566,"ATL","SL","Slider",0.2,1,"452",14.3,"97","0.22","0.385","0.285",32.2,34,21.9,"0.222","0.441","0.306",55.2
"Díaz, Elias",553869,"SD","FF","4-Seam Fastball",-0.5,-2,"379",35.9,"97","0.208","0.351","0.326",32.6,27.8,24.3,"0.202","0.37","0.329",42.3
"Sosa, Lenyn",672820,"CWS","SI","Sinker",-0.1,0,"342",16.6,"97","0.315","0.478","0.371",13.4,9.3,15,"0.307","0.507","0.365",50.6
"Herrera, Iván",671056,"STL","SI","Sinker",1,4,"350",19.3,"96","0.345","0.452","0.407",14.3,12.5,15.8,"0.321","0.436","0.376",40.3
"Ohtani, Shohei",660271,"LAD","SI","Sinker",2.9,11,"395",13.8,"96","0.341","0.707","0.479",20.6,20.8,25.6,"0.289","0.687","0.45",53.2
"Bohm, Alec",664761,"PHI","SI","Sinker",-1.9,-6,"303",16.8,"96","0.216","0.352","0.287",5.6,9.4,16.1,"0.273","0.444","0.333",48.8
"Neto, Zach",687263,"LAA","SL","Slider",0.4,1,"378",17.4,"96","0.278","0.478","0.335",36.3,30.2,20.4,"0.235","0.433","0.304",34.9
"Perdomo, Geraldo",672695,"AZ","CH","Changeup",0.5,2,"290",9.6,"96","0.224","0.353","0.291",13.7,10.4,9.1,"0.209","0.327","0.276",32.5
"Winn, Masyn",691026,"STL","SL","Slider",0.2,1,"370",16.4,"95","0.253","0.341","0.286",21.5,17.9,12.4,"0.26","0.341","0.279",32.4
"Soderstrom, Tyler",691016,"ATH","CH","Changeup",1.7,6,"332",14.9,"95","0.261","0.5","0.349",22,12.6,11.8,"0.264","0.501","0.349",40.8
"Turang, Brice",668930,"MIL","SI","Sinker",-0.1,-1,"389",14,"95","0.321","0.42","0.382",9.3,12.6,12.9,"0.284","0.404","0.348",47.1
"Ohtani, Shohei",660271,"LAD","CH","Changeup",2.4,9,"370",12.9,"95","0.256","0.593","0.385",35.4,31.6,24.6,"0.266","0.535","0.371",50
"Lindor, Francisco",596019,"NYM","CH","Changeup",-0.2,-1,"389",13.2,"95","0.237","0.344","0.273",21.6,12.6,11,"0.236","0.367","0.267",35.8
"Morel, Christopher",666624,"TB","FF","4-Seam Fastball",0.2,1,"366",31.1,"95","0.207","0.415","0.322",36.8,37.9,29.8,"0.197","0.49","0.341",56.5
"Hayes, Ke'Bryan",663647,"CIN","SL","Slider",-0.3,-1,"343",16,"95","0.241","0.379","0.307",30.5,17.9,16,"0.274","0.372","0.315",47.1
"Farmer, Kyle",571657,"COL","FF","4-Seam Fastball",0,0,"409",37.1,"95","0.298","0.417","0.348",19.5,18.9,17.1,"0.267","0.385","0.332",41.8
"Doyle, Brenton",686668,"COL","SI","Sinker",-0.5,-1,"314",16,"95","0.295","0.386","0.343",11.1,8.4,17,"0.275","0.407","0.319",43.2
"Pasquantino, Vinnie",686469,"KC","CH","Changeup",1.1,4,"340",13.2,"95","0.233","0.433","0.305",26.4,16.8,14.7,"0.253","0.457","0.321",40.5
"Hernández, Teoscar",606192,"LAD","SI","Sinker",-1.2,-5,"399",18.7,"94","0.241","0.402","0.317",10,6.4,8.3,"0.312","0.48","0.366",44.4
"Urías, Luis",649966,"ATH","SI","Sinker",-1.1,-4,"342",26.3,"94","0.197","0.25","0.295",12.6,10.6,17.9,"0.235","0.326","0.324",34.3
"Hoerner, Nico",663538,"CHC","SL","Slider",-0.4,-2,"383",16.6,"94","0.239","0.33","0.288",23.6,12.8,10.3,"0.261","0.34","0.281",15.6
"Vientos, Mark",668901,"NYM","SI","Sinker",-1,-3,"324",18.4,"94","0.238","0.357","0.306",16.6,10.6,18.2,"0.288","0.419","0.347",53.3
"Burleson, Alec",676475,"STL","SI","Sinker",-0.8,-3,"330",17.1,"94","0.286","0.405","0.352",11.4,4.3,6.2,"0.279","0.446","0.346",40.7
"Grichuk, Randal",545341,"KC","FF","4-Seam Fastball",-0.8,-3,"352",32.7,"94","0.229","0.386","0.306",16.9,17,15.7,"0.272","0.534","0.376",48.5
"Massey, Michael",686681,"KC","FF","4-Seam Fastball",-2.8,-10,"362",35.7,"94","0.191","0.247","0.213",18.2,13.8,14,"0.227","0.363","0.271",36.4
"Murphy, Sean",669221,"ATL","FF","4-Seam Fastball",-0.6,-2,"359",26.5,"94","0.187","0.387","0.326",25.7,29.8,22,"0.213","0.433","0.356",47.9
"Garver, Mitch",641598,"SEA","FF","4-Seam Fastball",-2.1,-6,"315",27,"94","0.159","0.352","0.244",19.9,26.6,24.3,"0.206","0.452","0.302",54
"Moreno, Gabriel",672515,"AZ","FF","4-Seam Fastball",0.1,0,"448",34.1,"94","0.272","0.469","0.363",18.7,19.1,13.5,"0.254","0.489","0.366",47.6
"Lopez, Otto",672640,"MIA","SL","Slider",0,0,"374",17.6,"94","0.264","0.44","0.333",33.1,13.8,13.7,"0.257","0.457","0.317",29.5
"Fermin, Freddy",666023,"SD","FF","4-Seam Fastball",-1.3,-5,"396",28.9,"93","0.282","0.341","0.304",22.2,23.7,14.2,"0.237","0.325","0.263",40.3
"Crow-Armstrong, Pete",691718,"CHC","SL","Slider",-0.6,-2,"326",14.1,"93","0.232","0.402","0.28",33.9,28,21,"0.185","0.306","0.235",31.1
"Rice, Ben",700250,"NYY","SL","Slider",2.3,7,"318",15.5,"93","0.25","0.537","0.391",37.5,30.1,29.5,"0.221","0.486","0.351",50
"Caminero, Junior",691406,"TB","SL","Slider",1.9,8,"410",16.4,"93","0.294","0.576","0.4",29,26.9,21,"0.228","0.477","0.323",56.5
"Perdomo, Geraldo",672695,"AZ","SL","Slider",2.1,7,"351",11.7,"93","0.312","0.481","0.388",13.8,12.9,11,"0.293","0.427","0.364",40.3
"Smith, Pavin",656976,"AZ","FF","4-Seam Fastball",1.9,7,"351",28,"93","0.312","0.558","0.426",25,28,23.6,"0.238","0.491","0.373",52.9
"Bleday, JJ",668709,"ATH","FF","4-Seam Fastball",0.7,2,"362",27.3,"93","0.287","0.537","0.391",13.7,21.5,20.6,"0.214","0.411","0.322",45.9
"Laureano, Ramón",657656,"SD","SI","Sinker",0.5,2,"325",16.3,"92","0.345","0.548","0.414",11.6,12,18,"0.305","0.534","0.378",43.2
"Anthony, Roman",701350,"BOS","FF","4-Seam Fastball",3.3,12,"374",29.2,"92","0.387","0.693","0.506",17,16.3,16.9,"0.35","0.712","0.496",68.9
"Reynolds, Bryan",668804,"PIT","SL","Slider",-1.1,-4,"342",13,"92","0.2","0.365","0.266",36.7,41.3,28.8,"0.213","0.44","0.299",43.8
"Mayo, Coby",691723,"BAL","FF","4-Seam Fastball",-1.5,-5,"311",27.5,"92","0.167","0.295","0.273",19.6,21.7,20.8,"0.176","0.306","0.281",32.8
"Springer, George",543807,"TOR","SL","Slider",2.4,9,"361",15.6,"92","0.302","0.57","0.401",40.6,29.3,25,"0.233","0.434","0.309",40.7
"Holliday, Jackson",702616,"BAL","CH","Changeup",-0.5,-2,"323",13.2,"92","0.241","0.345","0.278",26.1,23.9,20.6,"0.248","0.37","0.289",36.9
"Harris II, Michael",671739,"ATL","SL","Slider",-1.7,-5,"277",12.8,"92","0.202","0.404","0.257",35.8,26.1,25,"0.24","0.429","0.29",37.3
"Higashioka, Kyle",543309,"TEX","FF","4-Seam Fastball",-0.8,-3,"354",27.7,"92","0.264","0.425","0.33",9.9,17.4,16.2,"0.257","0.432","0.307",43.1
"Hays, Austin",669720,"CIN","FF","4-Seam Fastball",1.4,5,"341",21.9,"92","0.337","0.723","0.461",20,21.7,20,"0.237","0.534","0.351",50
"Espinal, Santiago",669289,"CIN","FF","4-Seam Fastball",-2.7,-12,"433",33.3,"92","0.198","0.233","0.216",14.5,10.9,8.6,"0.233","0.289","0.249",27.3
"Young, Jacob",696285,"WSH","SI","Sinker",0.4,1,"275",20.1,"91","0.362","0.45","0.399",5.7,9.9,17,"0.297","0.37","0.329",41.9
"Reynolds, Bryan",668804,"PIT","CH","Changeup",-0.5,-2,"416",15.8,"91","0.247","0.318","0.277",30.9,9.9,8.3,"0.248","0.337","0.282",27.6
"Butler, Lawrence",671732,"ATH","SI","Sinker",1.2,4,"316",12.6,"91","0.318","0.553","0.402",18.5,23.1,31.3,"0.259","0.423","0.318",50
"Langeliers, Shea",669127,"ATH","SL","Slider",0.2,1,"322",16.7,"90","0.241","0.494","0.324",26.5,16.7,15.3,"0.23","0.437","0.304",35.7
"Urías, Luis",649966,"ATH","FF","4-Seam Fastball",0.3,1,"345",26.5,"90","0.28","0.39","0.339",10.1,15.6,13.1,"0.239","0.363","0.297",32.4
"Taylor, Tyrone",621438,"NYM","FF","4-Seam Fastball",-0.9,-3,"369",29.6,"90","0.275","0.375","0.32",11.5,17.8,17.6,"0.256","0.334","0.296",27.3
"Stott, Bryson",681082,"PHI","SI","Sinker",-2.2,-8,"356",14.4,"90","0.211","0.237","0.256",10.7,7.8,9.9,"0.239","0.359","0.305",26.4
"Cruz, Oneil",665833,"PIT","SI","Sinker",0.7,2,"306",13.7,"90","0.289","0.434","0.385",20.8,23.3,29.6,"0.221","0.347","0.308",50
"O'Hoppe, Logan",681351,"LAA","SI","Sinker",-1.9,-6,"310",17.6,"90","0.289","0.373","0.323",19.3,18.9,27.9,"0.263","0.374","0.307",45.5
"Simpson, Chandler",802415,"TB","SI","Sinker",-2.2,-7,"294",19.4,"90","0.267","0.302","0.283",5.7,4.4,8.5,"0.25","0.28","0.254",18.3
"Arias, Gabriel",672356,"CLE","SI","Sinker",-1.1,-3,"313",17.5,"90","0.273","0.338","0.323",28.9,14.4,21.7,"0.261","0.418","0.343",35.4
"Busch, Michael",683737,"CHC","SL","Slider",1.6,5,"350",15.1,"90","0.189","0.432","0.358",38.3,28.9,20.3,"0.191","0.431","0.337",43.8
"Shaw, Matt",807713,"CHC","SI","Sinker",-1.7,-6,"358",20.8,"89","0.213","0.267","0.31",12.8,12.4,16.9,"0.268","0.347","0.327",26.2
"Schanuel, Nolan",694384,"LAA","SI","Sinker",0.8,3,"331",15.4,"89","0.299","0.468","0.416",7.1,12.4,14.9,"0.27","0.446","0.354",29.9
"Nimmo, Brandon",607043,"NYM","SI","Sinker",0.3,1,"354",13.6,"89","0.325","0.463","0.375",13.5,14.6,16,"0.318","0.477","0.374",52.9
"McKinstry, Zach",656716,"DET","SI","Sinker",0.5,1,"274",13.5,"89","0.28","0.427","0.368",14.5,12.4,18.6,"0.253","0.316","0.32",27.7
"Crawford, J.P.",641487,"SEA","SL","Slider",0.1,0,"323",11.8,"89","0.272","0.358","0.332",22.9,20.2,16.2,"0.297","0.439","0.355",43.8
"Winn, Masyn",691026,"STL","SI","Sinker",-0.3,-1,"344",15.2,"89","0.296","0.457","0.358",13.2,14.6,18.1,"0.266","0.386","0.318",38.2
"Smith, Cam",701358,"HOU","SL","Slider",-2.1,-8,"365",18,"89","0.155","0.226","0.194",37.8,37.1,26.6,"0.16","0.26","0.208",35.3
"Gurriel Jr., Lourdes",666971,"AZ","SL","Slider",-0.6,-2,"346",17.4,"89","0.229","0.373","0.298",33.7,27,22.2,"0.225","0.344","0.274",40.7
"Kurtz, Nick",701762,"ATH","SI","Sinker",2.5,8,"327",16.7,"89","0.367","0.646","0.472",27.2,22.5,33.3,"0.292","0.541","0.392",49.2
"Bohm, Alec",664761,"PHI","SL","Slider",-0.9,-3,"312",17.3,"89","0.22","0.305","0.285",29.4,25.8,22.5,"0.231","0.35","0.286",36.7
"Castellanos, Nick",592206,"PHI","SI","Sinker",0.4,1,"270",12.5,"88","0.317","0.463","0.37",10.4,9.1,14.5,"0.333","0.498","0.376",34.7
"Adell, Jo",666176,"LAA","SL","Slider",2.2,9,"391",17.6,"88","0.274","0.679","0.407",40,25,16.1,"0.292","0.654","0.407",54.8
"Ortiz, Joey",687401,"MIL","SL","Slider",-1.5,-5,"303",16.2,"88","0.198","0.235","0.239",22.7,14.8,12.9,"0.275","0.337","0.297",29
"García Jr., Luis",671277,"WSH","SI","Sinker",-1.4,-4,"279",15.2,"88","0.25","0.425","0.302",12.4,9.1,16,"0.263","0.433","0.316",49.3
"Robert Jr., Luis",673357,"CWS","FF","4-Seam Fastball",0.3,1,"357",23.4,"88","0.25","0.447","0.346",27.1,28.4,21.2,"0.231","0.479","0.337",49.1
"De La Cruz, Elly",682829,"CIN","SL","Slider",-0.4,-1,"325",12.1,"88","0.277","0.41","0.311",30.5,27.3,23.3,"0.244","0.338","0.272",48.3
"Abrams, CJ",682928,"WSH","SL","Slider",-0.4,-2,"373",16.1,"88","0.229","0.41","0.295",34.2,27.3,20.2,"0.218","0.358","0.272",33.9
"Pagés, Pedro",686780,"STL","FF","4-Seam Fastball",-1.8,-8,"438",29.5,"88","0.232","0.305","0.261",18.1,21.6,14.3,"0.233","0.358","0.277",46.9
"Stanton, Giancarlo",519317,"NYY","FF","4-Seam Fastball",2.9,11,"366",30.1,"88","0.278","0.696","0.434",38.8,40.9,34.3,"0.232","0.565","0.369",55.8
"Perez, Salvador",521692,"KC","SL","Slider",-1.2,-4,"378",16.7,"88","0.218","0.425","0.276",34,20.5,12.9,"0.26","0.533","0.337",49.3
"Rengifo, Luis",650859,"LAA","SL","Slider",-2,-6,"301",15,"88","0.183","0.28","0.244",21,19.3,17.9,"0.232","0.393","0.295",30.8
"Trout, Mike",545361,"LAA","SI","Sinker",0.2,1,"316",12.7,"88","0.276","0.474","0.372",8,19.3,27,"0.303","0.524","0.398",52.5
"Larnach, Trevor",663616,"MIN","SI","Sinker",0.3,1,"316",14.4,"87","0.316","0.421","0.382",14.6,17.2,21.7,"0.239","0.342","0.307",50
"Wagaman, Eric",676572,"MIA","SL","Slider",0.6,2,"329",16.8,"87","0.266","0.405","0.337",35.5,21.8,18.8,"0.251","0.376","0.307",43.3
"Norby, Connor",681393,"MIA","FF","4-Seam Fastball",-0.7,-2,"338",27.1,"87","0.212","0.35","0.298",28.3,28.7,23.8,"0.239","0.404","0.307",41.8
"Correa, Carlos",621043,"HOU","SL","Slider",-0.2,-1,"391",16.9,"87","0.253","0.349","0.296",41.1,25.3,16.9,"0.275","0.406","0.312",41
"Canzone, Dominic",686527,"SEA","FF","4-Seam Fastball",0.8,2,"300",29.2,"87","0.282","0.462","0.355",19,23,19.4,"0.293","0.562","0.389",57.6
"Greene, Riley",682985,"DET","CH","Changeup",0.4,1,"345",12.7,"87","0.265","0.458","0.326",37.4,27.6,20.5,"0.211","0.419","0.284",47.5
"Pasquantino, Vinnie",686469,"KC","SI","Sinker",0.8,2,"293",11.4,"87","0.304","0.494","0.381",10.6,9.2,13.3,"0.267","0.412","0.325",50
"Lindor, Francisco",596019,"NYM","SI","Sinker",1.3,4,"303",10.3,"87","0.359","0.538","0.412",16.1,11.5,18.2,"0.353","0.585","0.424",49.3
"McCutchen, Andrew",457705,"PIT","SL","Slider",0.5,2,"424",18.7,"87","0.233","0.384","0.334",39.1,28.7,18,"0.247","0.388","0.34",31.3
"Chapman, Matt",656305,"SF","SL","Slider",1.4,5,"360",16.3,"87","0.244","0.551","0.369",31.4,26.4,18.5,"0.251","0.478","0.353",51.8
"Ohtani, Shohei",660271,"LAD","SL","Slider",3,12,"412",14.4,"87","0.324","0.703","0.482",42.3,23,15.9,"0.288","0.684","0.443",56.4
"Ohtani, Shohei",660271,"LAD","CU","Curveball",3.7,11,"302",10.5,"87","0.304","0.58","0.442",41.5,34.5,25.6,"0.254","0.529","0.404",48.7
"Harper, Bryce",547180,"PHI","SI","Sinker",-1.3,-4,"283",13,"87","0.254","0.338","0.35",14.5,10.3,15,"0.284","0.41","0.373",51.6
"Kiner-Falefa, Isiah",643396,"TOR","SL","Slider",-0.5,-1,"269",16.5,"86","0.253","0.325","0.286",16.1,8.1,9.5,"0.26","0.32","0.253",24.1
"Yoshida, Masataka",807799,"BOS","FF","4-Seam Fastball",1.3,4,"267",37.3,"86","0.338","0.494","0.408",5.8,7,10.3,"0.317","0.445","0.369",48.6
"Santander, Anthony",623993,"TOR","FF","4-Seam Fastball",-2.2,-9,"383",41,"86","0.145","0.211","0.209",27.1,33.7,25.4,"0.158","0.232","0.228",47.9
"Meyers, Jake",676694,"HOU","SI","Sinker",-0.9,-2,"257",19.2,"86","0.341","0.402","0.349",8.4,14,31.6,"0.277","0.386","0.303",50.7
"Hernández, Heriberto",681715,"MIA","FF","4-Seam Fastball",-0.2,-1,"322",28.3,"86","0.243","0.405","0.339",33.3,25.6,22.2,"0.23","0.444","0.334",49.1
"Lee, Jung Hoo",808982,"SF","SI","Sinker",-0.4,-1,"333",14.2,"86","0.316","0.468","0.36",12.1,9.3,10.8,"0.268","0.356","0.3",40.3
"Gonzales, Nick",693304,"PIT","SI","Sinker",-1.6,-4,"278",19.8,"86","0.272","0.395","0.312",13.6,7,13.3,"0.256","0.342","0.284",46.7
"Lee, Brooks",686797,"MIN","CH","Changeup",-2.1,-7,"325",16.2,"86","0.19","0.226","0.196",30.2,15.1,13,"0.248","0.314","0.255",22.5
"Holliday, Jackson",702616,"BAL","SL","Slider",2.1,6,"298",12.2,"86","0.3","0.637","0.413",31.4,22.1,17.3,"0.261","0.491","0.344",44.3
"Díaz, Yandy",650490,"TB","SL","Slider",1.5,5,"334",13.3,"86","0.308","0.5","0.4",18.1,10.5,9.8,"0.296","0.482","0.366",63.8
"Lowe, Brandon",664040,"TB","SL","Slider",-2.2,-7,"324",15.2,"85","0.173","0.272","0.22",42.4,34.1,25.9,"0.183","0.322","0.235",43.4
"O'Hearn, Ryan",656811,"SD","SI","Sinker",1.6,4,"282",13,"85","0.377","0.464","0.432",11.2,10.6,12.2,"0.342","0.436","0.406",40
"Shaw, Matt",807713,"CHC","SL","Slider",0.2,1,"323",18.8,"85","0.253","0.392","0.308",30.3,24.7,18.6,"0.222","0.341","0.274",25.9
"Lowe, Brandon",664040,"TB","CH","Changeup",1.4,4,"275",12.9,"85","0.293","0.573","0.38",32.7,18.8,19.8,"0.28","0.491","0.333",35.8
"Burger, Jake",669394,"TEX","SI","Sinker",-0.2,-1,"249",18.8,"85","0.269","0.462","0.355",10.9,11.8,20,"0.316","0.546","0.394",55.9
"Semien, Marcus",543760,"TEX","SL","Slider",-0.6,-2,"354",17.1,"85","0.203","0.365","0.275",35.2,27.1,23,"0.217","0.378","0.297",37
"Crews, Dylan",686611,"WSH","FF","4-Seam Fastball",-0.5,-2,"322",28,"85","0.164","0.397","0.309",31.3,25.9,26.2,"0.202","0.411","0.32",45.1
"García, Adolis",666969,"TEX","SI","Sinker",-1.2,-4,"374",17.4,"85","0.269","0.436","0.329",19.4,8.2,12.1,"0.296","0.538","0.378",56.2
"Montgomery, Colson",695657,"CWS","FF","4-Seam Fastball",0.4,2,"371",34.3,"85","0.229","0.514","0.381",25.1,28.2,21.6,"0.198","0.39","0.321",42.6
"Lindor, Francisco",596019,"NYM","SL","Slider",1,3,"279",9.5,"85","0.282","0.451","0.366",24.5,21.2,17.8,"0.245","0.413","0.342",40
"Arraez, Luis",650333,"SD","SL","Slider",-1.1,-3,"291",11.8,"85","0.256","0.333","0.28",8.7,3.5,3.3,"0.264","0.344","0.283",7.7
"Nootbaar, Lars",663457,"STL","SL","Slider",-0.3,-1,"346",14.7,"85","0.171","0.342","0.251",37.9,30.6,24.8,"0.195","0.343","0.264",53.8
"Manzardo, Kyle",700932,"CLE","CH","Changeup",-0.2,-1,"305",15.1,"85","0.222","0.42","0.292",31.3,22.4,19.8,"0.213","0.371","0.269",37.1
"Martínez, Angel",682657,"CLE","CH","Changeup",0.6,2,"260",14.5,"84","0.256","0.427","0.297",19.6,10.7,10.7,"0.241","0.333","0.253",18.9
"Soderstrom, Tyler",691016,"ATH","SL","Slider",1.3,4,"313",14.1,"84","0.256","0.487","0.357",29,25,21.2,"0.263","0.502","0.35",36.8
"Gurriel Jr., Lourdes",666971,"AZ","SI","Sinker",0.6,2,"293",14.7,"84","0.304","0.506","0.37",4.4,1.2,1.7,"0.354","0.573","0.409",46.8
"Trevino, Jose",624431,"CIN","FF","4-Seam Fastball",-2.9,-10,"337",31.7,"84","0.218","0.308","0.256",11.4,11.9,14.1,"0.248","0.422","0.298",50
"Hays, Austin",669720,"CIN","SL","Slider",-0.9,-3,"330",21.2,"84","0.213","0.333","0.268",46.9,34.5,29.3,"0.167","0.311","0.24",39.6
"Pagés, Pedro",686780,"STL","SI","Sinker",-0.6,-2,"305",20.5,"84","0.253","0.36","0.328",12.3,9.5,16.3,"0.246","0.382","0.315",32.8
"Dingler, Dillon",693307,"DET","SI","Sinker",1.2,4,"308",17.2,"83","0.36","0.573","0.433",13.4,14.5,18.5,"0.328","0.557","0.407",45.3
"Manzardo, Kyle",700932,"CLE","SI","Sinker",-1.1,-3,"253",12.5,"83","0.181","0.361","0.29",14.7,16.9,32.6,"0.228","0.344","0.305",37.9
"Reynolds, Bryan",668804,"PIT","CU","Curveball",-1.6,-5,"315",12,"83","0.163","0.263","0.212",40.8,41,32.7,"0.182","0.277","0.215",32.6
"Tucker, Kyle",663656,"CHC","SI","Sinker",1.6,5,"294",12.7,"83","0.338","0.535","0.414",9.2,3.6,5.4,"0.337","0.58","0.428",49.3
"Refsnyder, Rob",608701,"BOS","FF","4-Seam Fastball",0.4,1,"290",32.7,"83","0.271","0.486","0.372",22.9,26.5,18.8,"0.268","0.527","0.384",67.3
"Vaughn, Andrew",683734,"MIL","SI","Sinker",-2.1,-6,"290",16.9,"83","0.195","0.299","0.251",21.2,12,22.7,"0.256","0.418","0.32",45.6
"Tovar, Ezequiel",678662,"COL","SL","Slider",-0.2,0,"269",18.3,"83","0.278","0.494","0.345",35.9,28.9,24,"0.26","0.463","0.313",33.3
"Walker, Christian",572233,"HOU","SL","Slider",0,0,"374",14.9,"83","0.215","0.43","0.304",40.7,28.9,19.5,"0.255","0.478","0.329",45.5
"Rojas, Josh",668942,"CWS","FF","4-Seam Fastball",-1.7,-5,"303",38,"83","0.2","0.343","0.291",23.3,28.9,28.6,"0.198","0.328","0.287",45.8
"Wilson, Jacob",805779,"ATH","SL","Slider",3.4,9,"265",15.3,"82","0.372","0.603","0.44",11,3.7,4.8,"0.336","0.474","0.362",22.4
"Meidroth, Chase",805367,"CWS","SL","Slider",-1.2,-4,"307",14.9,"82","0.237","0.276","0.248",26,19.5,14.7,"0.247","0.303","0.265",25.8
"Rice, Ben",700250,"NYY","SI","Sinker",3.3,9,"275",13.4,"82","0.362","0.638","0.452",15.4,13.4,19,"0.362","0.638","0.476",61.7
"Carpenter, Kerry",681481,"DET","CH","Changeup",1,3,"277",16,"82","0.259","0.457","0.332",24.7,18.3,19.2,"0.238","0.418","0.285",31.8
"Lindor, Francisco",596019,"NYM","CU","Curveball",-0.1,-1,"372",12.7,"82","0.192","0.329","0.274",28.7,26.8,15.8,"0.174","0.291","0.254",32.7
"Smith, Josh",669701,"TEX","CH","Changeup",-0.5,-1,"275",12,"82","0.182","0.338","0.259",19.8,12.2,11.1,"0.228","0.316","0.264",22.4
"Bader, Harrison",664056,"PHI","SI","Sinker",3.3,10,"295",15.2,"82","0.453","0.64","0.506",4.5,3.7,5.8,"0.342","0.542","0.405",45.8
"Volpe, Anthony",683011,"NYY","SI","Sinker",-0.4,-2,"414",17.3,"82","0.297","0.514","0.359",23.3,18.3,21.1,"0.316","0.527","0.373",41.9
"Kepler, Max",596146,"PHI","SL","Slider",-1,-3,"272",14.9,"82","0.169","0.338","0.27",31.3,24.4,23,"0.209","0.343","0.289",42.3
"Bell, Josh",605137,"WSH","CH","Changeup",-0.9,-3,"354",16.8,"82","0.182","0.286","0.232",36.4,22,17.5,"0.243","0.399","0.299",30.5
"Cronenworth, Jake",630105,"SD","SI","Sinker",0,0,"316",14.5,"82","0.262","0.323","0.349",8.5,17.1,18.4,"0.297","0.385","0.377",42.3
"Lux, Gavin",666158,"CIN","SL","Slider",-1.4,-4,"298",14.5,"82","0.23","0.27","0.268",33.3,28,21.3,"0.208","0.263","0.253",33.3
"Sosa, Lenyn",672820,"CWS","SL","Slider",-0.1,0,"326",15.9,"82","0.237","0.362","0.28",31.1,24.4,19.2,"0.226","0.346","0.257",31.7
"Machado, Manny",592518,"SD","CH","Changeup",-0.1,0,"258",9.7,"82","0.244","0.397","0.296",31.3,20.7,18.5,"0.277","0.567","0.371",52.5
"Andujar, Miguel",609280,"CIN","FF","4-Seam Fastball",1.9,5,"260",21.4,"81","0.319","0.5","0.394",9.3,7.4,7.7,"0.273","0.494","0.359",43.3
"Ramírez, José",608070,"CLE","SI","Sinker",2,6,"282",10.6,"81","0.26","0.616","0.409",7.2,4.9,7.8,"0.257","0.483","0.35",43.5
"Ramírez, José",608070,"CLE","SL","Slider",-0.8,-3,"302",11.3,"81","0.227","0.427","0.311",16.4,12.3,9.6,"0.267","0.43","0.326",32.3
"Tucker, Kyle",663656,"CHC","SL","Slider",-0.8,-3,"327",14.2,"81","0.219","0.342","0.278",27,21,17,"0.229","0.329","0.279",22.8
"Chisholm Jr., Jazz",665862,"NYY","SL","Slider",-0.9,-3,"309",14.5,"81","0.143","0.271","0.247",46.5,37,31.3,"0.169","0.337","0.28",27.5
"Gonzalez, Romy",663853,"BOS","FF","4-Seam Fastball",-0.4,-2,"350",28.3,"81","0.267","0.48","0.344",22.6,30.9,22.9,"0.282","0.596","0.392",72
"Mead, Curtis",678554,"CWS","FF","4-Seam Fastball",-0.8,-3,"301",29.8,"81","0.261","0.333","0.325",16.4,14.8,12.6,"0.252","0.39","0.338",36.8
"Robert Jr., Luis",673357,"CWS","SI","Sinker",-1.1,-3,"312",20.5,"81","0.235","0.265","0.325",14.1,8.6,13.2,"0.307","0.423","0.379",44.3
"Robert Jr., Luis",673357,"CWS","SL","Slider",-0.1,0,"253",16.6,"81","0.216","0.365","0.302",38.2,29.6,28.6,"0.245","0.462","0.334",36
"Bellinger, Cody",641355,"NYY","SL","Slider",0.4,1,"359",13.8,"81","0.205","0.462","0.278",24.6,18.5,13.5,"0.233","0.468","0.301",40.6
"Torrens, Luis",620443,"NYM","FF","4-Seam Fastball",-1.8,-6,"321",30.1,"81","0.205","0.315","0.277",13.7,21,19.5,"0.258","0.469","0.341",56.1
"Harper, Bryce",547180,"PHI","CU","Curveball",-0.2,-1,"307",14.1,"81","0.257","0.351","0.285",42.2,29.6,20.9,"0.232","0.342","0.279",42.3
"Lowe, Brandon",664040,"TB","SI","Sinker",1.1,3,"270",12.6,"81","0.306","0.625","0.408",21.3,16,26.5,"0.337","0.703","0.455",59
"Devers, Rafael",646240,"SF","SL","Slider",1.7,5,"313",10.2,"81","0.25","0.515","0.389",31.6,28.4,17.7,"0.217","0.449","0.351",50
"d'Arnaud, Travis",518595,"LAA","FF","4-Seam Fastball",-1.4,-4,"266",30.5,"80","0.194","0.333","0.264",24.4,35,31.5,"0.195","0.423","0.302",44.4
"Tellez, Rowdy",642133,"TEX","FF","4-Seam Fastball",2.2,8,"350",27.3,"80","0.31","0.676","0.427",21.8,23.8,19.2,"0.274","0.641","0.411",55.6
"Chisholm Jr., Jazz",665862,"NYY","SI","Sinker",0.6,2,"288",13.5,"80","0.264","0.583","0.403",15.7,22.5,28.1,"0.275","0.537","0.371",43.6
"McMahon, Ryan",641857,"NYY","SL","Slider",-1.2,-4,"317",12.7,"80","0.157","0.357","0.278",52.5,46.3,32.7,"0.186","0.374","0.284",52.9
"Andujar, Miguel",609280,"CIN","SI","Sinker",1,3,"264",21.8,"80","0.342","0.461","0.372",2.9,8.8,15.2,"0.287","0.381","0.311",40.6
"O'Hearn, Ryan",656811,"SD","SL","Slider",-0.1,0,"315",14.6,"80","0.261","0.406","0.335",35.7,31.3,21.6,"0.222","0.402","0.316",37.8
"Moncada, Yoán",660162,"LAA","FF","4-Seam Fastball",1.7,5,"320",28.4,"80","0.306","0.629","0.453",21.6,20,18.2,"0.256","0.518","0.405",46.8
"Henderson, Gunnar",683002,"BAL","SL","Slider",-0.4,-1,"341",13.6,"80","0.257","0.432","0.316",29.5,25,20.2,"0.269","0.402","0.319",43.6
"Adams, Riley",656180,"WSH","FF","4-Seam Fastball",-0.1,0,"330",28.4,"80","0.176","0.365","0.263",39.3,55,33.6,"0.138","0.286","0.218",46.7
"Harris II, Michael",671739,"ATL","CH","Changeup",-0.9,-2,"252",11.6,"80","0.237","0.362","0.274",26.2,16.3,17.6,"0.268","0.408","0.291",23.9
"Jung, Josh",673962,"TEX","SL","Slider",0.5,2,"312",16.2,"80","0.257","0.365","0.315",28.7,22.5,20,"0.25","0.372","0.308",32.1
"Stephenson, Tyler",663886,"CIN","SI","Sinker",2.4,7,"281",20.3,"79","0.353","0.603","0.44",12.7,21.5,25,"0.299","0.524","0.393",57.7
"Bader, Harrison",664056,"PHI","SL","Slider",0.7,2,"332",17.1,"79","0.243","0.557","0.358",38.1,29.1,22.8,"0.204","0.459","0.308",28.6
"Cruz, Oneil",665833,"PIT","SL","Slider",-1.3,-5,"350",15.7,"79","0.139","0.306","0.232",43.7,36.7,23.8,"0.204","0.47","0.317",58.1
"Goodman, Hunter",696100,"COL","SI","Sinker",0.5,1,"316",14.7,"79","0.329","0.589","0.404",14.5,8.9,16.7,"0.304","0.509","0.365",47.8
"Burger, Jake",669394,"TEX","FF","4-Seam Fastball",-2,-6,"318",24,"79","0.173","0.36","0.251",28.6,32.9,24.1,"0.225","0.529","0.324",54
"Scott II, Victor",687363,"STL","SI","Sinker",-1,-3,"269",15.8,"79","0.226","0.242","0.306",16.7,16.5,22,"0.268","0.329","0.337",26.4
"Gonzales, Nick",693304,"PIT","SL","Slider",-1.6,-4,"260",18.5,"79","0.257","0.27","0.279",32.3,19,20,"0.247","0.325","0.272",31.7
"Vázquez, Christian",543877,"MIN","FF","4-Seam Fastball",-2.1,-6,"296",35.5,"79","0.162","0.206","0.251",18.4,22.8,20,"0.179","0.26","0.252",25.5
"Marte, Noelvi",682622,"CIN","FF","4-Seam Fastball",0.2,1,"295",23.3,"79","0.233","0.425","0.326",31.8,27.8,28.2,"0.257","0.486","0.344",37.3
"Smith, Josh",669701,"TEX","SI","Sinker",0.8,3,"305",13.3,"78","0.308","0.446","0.385",14.2,12.8,14.5,"0.301","0.404","0.368",35.7
"Bregman, Alex",608324,"BOS","SL","Slider",0.1,0,"315",16.2,"78","0.215","0.369","0.327",28.3,20.5,17,"0.232","0.368","0.328",34
"Mullins, Cedric",656775,"NYM","SI","Sinker",-1,-3,"312",14.8,"78","0.215","0.369","0.31",13.1,21.8,21.8,"0.236","0.383","0.329",34
"Smith, Will",669257,"LAD","SL","Slider",3.3,10,"312",16.2,"78","0.349","0.556","0.44",25,17.9,15.7,"0.266","0.5","0.387",36
"Cruz, Oneil",665833,"PIT","CU","Curveball",-1,-4,"341",15.3,"78","0.143","0.257","0.209",46.3,44.9,28,"0.156","0.345","0.248",51.4
"Devers, Rafael",646240,"SF","CH","Changeup",-1.8,-5,"302",9.9,"78","0.169","0.211","0.215",37.2,28.2,24.4,"0.215","0.349","0.282",51
"Tatis Jr., Fernando",665487,"SD","CH","Changeup",-1.8,-5,"290",11,"78","0.118","0.176","0.212",45.2,28.2,23.7,"0.205","0.363","0.3",50
"Albies, Ozzie",645277,"ATL","CU","Curveball",-2.2,-7,"334",13.9,"78","0.108","0.176","0.16",21.9,19.2,15,"0.172","0.214","0.204",13.6
"Witt Jr., Bobby",677951,"KC","FC","Cutter",0.9,3,"279",11.1,"78","0.343","0.571","0.404",20.9,6.4,7.8,"0.302","0.56","0.399",46.3
"Olson, Matt",621566,"ATL","CU","Curveball",1.5,5,"324",10.2,"78","0.246","0.6","0.399",27.8,25.6,16.8,"0.252","0.664","0.425",52.2
"Durbin, Caleb",702332,"MIL","SL","Slider",1.3,4,"302",16.4,"78","0.279","0.382","0.348",25.2,17.9,16.3,"0.296","0.407","0.351",23.6
"Hedges, Austin",595978,"CLE","FF","4-Seam Fastball",-3.8,-9,"251",36.1,"78","0.104","0.164","0.182",19.7,15.4,16.7,"0.162","0.236","0.231",31.6
"Arenado, Nolan",571448,"STL","SI","Sinker",-1.6,-5,"297",18.7,"78","0.243","0.324","0.266",4.8,5.1,8.2,"0.298","0.412","0.32",47.9
"Friedl, TJ",670770,"CIN","SL","Slider",1.9,6,"303",11.5,"78","0.318","0.5","0.388",31,25.6,21.7,"0.235","0.355","0.311",43.8
"O'Hoppe, Logan",681351,"LAA","SL","Slider",-2.9,-10,"330",18.8,"77","0.162","0.216","0.177",43.1,37.7,25.7,"0.188","0.318","0.234",41.3
"Alexander, Blaze",677942,"AZ","FF","4-Seam Fastball",0.6,2,"360",34.6,"77","0.175","0.476","0.345",35.6,42.9,23.4,"0.183","0.449","0.337",54.8
"Guerrero Jr., Vladimir",665489,"TOR","CH","Changeup",-0.3,-1,"288",11.5,"77","0.239","0.324","0.281",25.6,19.5,15.6,"0.27","0.408","0.323",44.6
"Crow-Armstrong, Pete",691718,"CHC","CU","Curveball",3.4,9,"257",11.1,"77","0.324","0.716","0.432",29.9,28.6,26.8,"0.257","0.514","0.326",38.9
"Conforto, Michael",624424,"LAD","SI","Sinker",-2.2,-6,"288",14.1,"77","0.177","0.242","0.278",16.4,20.8,18.6,"0.261","0.371","0.355",42.6
"Schwarber, Kyle",656941,"PHI","CH","Changeup",1.3,4,"289",9.5,"77","0.224","0.507","0.356",32.3,24.7,21.6,"0.255","0.576","0.393",52.1
"Bauers, Jake",641343,"MIL","FF","4-Seam Fastball",0.6,2,"297",33.2,"77","0.258","0.455","0.355",20.8,20.8,19,"0.258","0.529","0.383",49
"Carter, Evan",694497,"TEX","FF","4-Seam Fastball",0.3,1,"253",30.8,"77","0.258","0.439","0.355",15.5,14.3,17.2,"0.235","0.406","0.332",41.8
"Olson, Matt",621566,"ATL","CH","Changeup",1.4,4,"282",8.9,"77","0.261","0.362","0.316",21.5,22.1,15.9,"0.227","0.391","0.308",48.1
"Kwan, Steven",680757,"CLE","SL","Slider",-1.5,-5,"333",12,"77","0.213","0.267","0.214",16.8,16.9,11.7,"0.261","0.336","0.262",27
"Alvarez, Francisco",682626,"NYM","FF","4-Seam Fastball",2.5,7,"296",26.4,"77","0.343","0.627","0.449",31.3,27.3,19.6,"0.269","0.617","0.411",73.9
"Happ, Ian",664023,"CHC","SL","Slider",-2.5,-7,"280",10.3,"76","0.137","0.329","0.213",34.6,35.5,26.7,"0.167","0.383","0.247",26.1
"Naylor, Josh",647304,"SEA","CH","Changeup",1.7,4,"247",12.3,"76","0.282","0.423","0.345",19.4,9.2,11.5,"0.303","0.453","0.347",46.2
"Marte, Ketel",606466,"AZ","SL","Slider",1.2,4,"305",14.6,"76","0.227","0.455","0.353",23.1,19.7,16.1,"0.228","0.475","0.348",47.1
"Duran, Jarren",680776,"BOS","CH","Changeup",-0.2,-1,"257",9.8,"76","0.243","0.311","0.261",36.4,25,25.3,"0.23","0.348","0.254",37.5
"McMahon, Ryan",641857,"NYY","SI","Sinker",-1.7,-5,"307",12.3,"76","0.235","0.324","0.291",16.9,18.4,23.7,"0.276","0.413","0.339",57.4
"Walker, Jordan",691023,"STL","SI","Sinker",0.4,1,"309",20.1,"76","0.319","0.391","0.363",19.1,22.4,27,"0.297","0.412","0.337",64.2
"Arenado, Nolan",571448,"STL","SL","Slider",-1.2,-4,"304",19.2,"76","0.197","0.348","0.275",30.9,19.7,16.3,"0.234","0.352","0.297",28.3
"Schneider, Davis",676914,"TOR","FF","4-Seam Fastball",1.1,4,"334",33,"76","0.233","0.433","0.394",23.9,21.1,13,"0.176","0.395","0.335",40.9
"Schwarber, Kyle",656941,"PHI","CU","Curveball",0.4,1,"329",10.8,"75","0.134","0.358","0.256",40.7,45.3,28.1,"0.164","0.358","0.268",48.5
"Vientos, Mark",668901,"NYM","SL","Slider",-0.2,-1,"319",18.1,"75","0.2","0.431","0.337",38.1,24,20,"0.24","0.492","0.363",50
"Henderson, Gunnar",683002,"BAL","CH","Changeup",0.7,2,"307",12.3,"75","0.264","0.431","0.308",34.4,29.3,22.7,"0.25","0.362","0.284",41.2
"Freeman, Tyler",671289,"COL","SL","Slider",-0.9,-3,"281",17.1,"75","0.194","0.254","0.234",28.8,24,16.4,"0.231","0.302","0.272",29.4
"Thaiss, Matt",642136,"TB","FF","4-Seam Fastball",0.1,0,"353",46,"75","0.196","0.25","0.331",32.1,21.3,14.4,"0.191","0.29","0.324",41.5
"Bellinger, Cody",641355,"NYY","CH","Changeup",1.3,4,"319",12.3,"75","0.324","0.408","0.354",15.2,12,8.7,"0.231","0.301","0.257",27.4
"Raley, Luke",670042,"SEA","FF","4-Seam Fastball",-0.8,-2,"261",31.4,"75","0.203","0.271","0.314",35.3,26.7,23.5,"0.218","0.398","0.345",41.5
"Acuña Jr., Ronald",660670,"ATL","SI","Sinker",1.9,6,"333",19.1,"75","0.391","0.578","0.46",18.3,13.3,15.4,"0.354","0.588","0.445",46.3
"Sheets, Gavin",657757,"SD","SL","Slider",-0.9,-3,"346",15.2,"75","0.2","0.3","0.229",28.3,25.3,16.1,"0.255","0.375","0.29",37.7
"Freeman, Freddie",518692,"LAD","SL","Slider",-0.1,0,"320",13.4,"75","0.227","0.409","0.313",38.8,28,26.6,"0.228","0.418","0.33",39.1
"De La Cruz, Elly",682829,"CIN","CU","Curveball",-0.6,-2,"320",12,"75","0.2","0.371","0.273",33.6,38.7,25.4,"0.203","0.369","0.272",41.5
"Smith, Will",669257,"LAD","SI","Sinker",-1.1,-3,"285",14.8,"75","0.299","0.388","0.325",10.4,12,13.8,"0.316","0.484","0.363",53.3
"Keith, Colt",690993,"DET","CH","Changeup",-0.3,-1,"294",16.1,"75","0.206","0.338","0.267",35.3,22.7,16,"0.209","0.323","0.263",21.2
"Reynolds, Bryan",668804,"PIT","SI","Sinker",1.1,3,"301",11.4,"75","0.286","0.476","0.394",21.3,22.7,20.5,"0.282","0.491","0.388",59.6
"Frazier, Adam",624428,"KC","SL","Slider",-1,-2,"248",13.5,"74","0.246","0.304","0.264",23.9,31.1,23.2,"0.242","0.302","0.265",17
"Vargas, Miguel",678246,"CWS","SL","Slider",1.1,4,"334",14.4,"74","0.275","0.449","0.336",26.7,28.4,19.6,"0.229","0.333","0.276",38.8
"Langford, Wyatt",694671,"TEX","SL","Slider",0.4,1,"312",13.4,"74","0.258","0.371","0.345",30.2,23,17.3,"0.242","0.409","0.365",36.2
"Soderstrom, Tyler",691016,"ATH","CU","Curveball",1.1,3,"253",11.4,"74","0.273","0.439","0.339",46.3,36.5,32.1,"0.238","0.403","0.31",62.5
"Guerrero Jr., Vladimir",665489,"TOR","FC","Cutter",0.4,1,"256",10.2,"74","0.27","0.413","0.365",19.3,8.1,10.9,"0.352","0.592","0.443",49.2
"France, Ty",664034,"TOR","SL","Slider",-0.9,-2,"252",13.5,"74","0.233","0.411","0.292",28.1,20.3,15.8,"0.256","0.569","0.348",51.7
"Urías, Ramón",602104,"HOU","SI","Sinker",-0.7,-2,"272",18.1,"74","0.333","0.424","0.353",13.4,10.8,16.7,"0.264","0.385","0.309",50
"Edwards, Xavier",669364,"MIA","CH","Changeup",-0.8,-2,"288",12.8,"74","0.236","0.264","0.216",19.1,12.2,8.5,"0.242","0.288","0.241",16.9
"Hays, Austin",669720,"CIN","SI","Sinker",1.8,5,"265",17,"74","0.352","0.62","0.449",15.9,8.1,12.2,"0.31","0.554","0.382",30.8
"Sánchez, Jesús",660821,"HOU","CH","Changeup",-0.4,-1,"255",13.2,"73","0.217","0.348","0.268",30.9,24.7,23.1,"0.205","0.347","0.261",41.2
"Caminero, Junior",691406,"TB","CH","Changeup",-0.4,-1,"245",9.8,"73","0.211","0.408","0.286",26.2,15.1,14.1,"0.233","0.45","0.298",43.3
"Aranda, Jonathan",666018,"TB","SI","Sinker",0.4,1,"263",15.3,"73","0.313","0.438","0.372",17.6,21.9,23.2,"0.324","0.52","0.4",62.5
"Turner, Justin",457759,"CHC","FF","4-Seam Fastball",-1.3,-5,"371",46.3,"73","0.215","0.354","0.284",20.1,27.4,16,"0.193","0.387","0.287",34.8
"Duran, Jarren",680776,"BOS","SI","Sinker",-0.6,-2,"291",11.1,"73","0.266","0.422","0.345",19.7,13.7,17.2,"0.274","0.443","0.355",44.4
"Scott II, Victor",687363,"STL","SL","Slider",-1.3,-3,"254",14.9,"73","0.2","0.277","0.236",36.2,32.9,27.6,"0.213","0.282","0.245",13.3
"Williamson, Ben",810938,"SEA","FF","4-Seam Fastball",-1.3,-5,"387",31.8,"73","0.238","0.27","0.297",18,23.3,12.2,"0.219","0.3","0.283",46.8
"Wells, Austin",669224,"NYY","SL","Slider",-1.3,-4,"297",16.6,"73","0.138","0.354","0.247",41.3,39.7,27.1,"0.149","0.325","0.244",37.8
"Murphy, Sean",669221,"ATL","SI","Sinker",0.8,2,"281",20.8,"73","0.3","0.45","0.409",18.5,13.7,16.4,"0.259","0.44","0.37",32
"Marsee, Jakob",805300,"MIA","FF","4-Seam Fastball",-0.3,-1,"308",35,"73","0.19","0.379","0.336",13,26,21.1,"0.2","0.391","0.338",47.5
"Schuemann, Max",680474,"ATH","FF","4-Seam Fastball",-1.4,-4,"270",32.2,"73","0.169","0.254","0.279",28.1,23.3,19.5,"0.193","0.275","0.283",36.4
"Stott, Bryson",681082,"PHI","SL","Slider",1,3,"274",11.1,"73","0.235","0.456","0.315",23.1,20.5,14.6,"0.275","0.525","0.359",27.8
"Grisham, Trent",663757,"NYY","CH","Changeup",0.3,1,"258",10.8,"72","0.197","0.47","0.325",30.1,25,19.8,"0.208","0.418","0.301",33.3
"Lowe, Nathaniel",663993,"BOS","SL","Slider",-1.2,-4,"290",11.1,"72","0.164","0.299","0.231",30.8,29.2,19.3,"0.175","0.292","0.233",37
"Fortes, Nick",663743,"TB","FF","4-Seam Fastball",-1,-3,"288",31.5,"72","0.25","0.375","0.308",11.3,13.9,11.4,"0.198","0.32","0.264",40
"Wood, James",695578,"WSH","CU","Curveball",-0.3,-1,"362",12.5,"72","0.185","0.292","0.265",46.4,44.4,27.6,"0.164","0.266","0.234",45.5
"Kelly, Carson",608348,"CHC","SI","Sinker",0.2,1,"299",17.9,"72","0.311","0.459","0.402",7.3,4.2,5.2,"0.284","0.442","0.371",39.7
"Happ, Ian",664023,"CHC","CU","Curveball",3.3,8,"251",9.2,"72","0.338","0.631","0.451",26.5,20.8,15.5,"0.326","0.575","0.413",42
"Narváez, Carlos",665966,"BOS","SI","Sinker",-1.5,-5,"313",17.1,"72","0.21","0.323","0.296",14.5,19.4,20,"0.203","0.309","0.274",44
"Herrera, Iván",671056,"STL","SL","Slider",2,6,"303",16.7,"72","0.274","0.532","0.403",29.9,18.1,12.7,"0.288","0.592","0.416",59.2
"Moore, Dylan",664238,"TEX","FF","4-Seam Fastball",-1.7,-6,"339",33.6,"72","0.103","0.207","0.222",44.6,43.1,26.1,"0.099","0.215","0.223",27.6
"Crow-Armstrong, Pete",691718,"CHC","SI","Sinker",0.8,2,"258",11.2,"72","0.262","0.492","0.358",21.7,12.5,17,"0.281","0.545","0.387",38.2
"McKinstry, Zach",656716,"DET","SL","Slider",-1,-3,"253",12.4,"72","0.238","0.317","0.28",33.3,31.9,23.5,"0.191","0.265","0.241",21.4
"Waters, Drew",671221,"KC","FF","4-Seam Fastball",0.7,2,"276",34.8,"72","0.313","0.422","0.392",29.4,22.2,19.3,"0.286","0.405","0.344",27.1
"Frelick, Sal",686217,"MIL","SL","Slider",1.2,3,"256",11.1,"72","0.288","0.424","0.353",13.7,16.7,14.1,"0.292","0.381","0.327",29.6
"Flores, Wilmer",527038,"SF","SL","Slider",-0.7,-2,"328",17.1,"71","0.2","0.357","0.256",33.8,29.6,18.4,"0.213","0.278","0.22",20.4
"Crews, Dylan",686611,"WSH","SI","Sinker",0.4,1,"245",21.3,"71","0.262","0.508","0.367",16.5,7,14.3,"0.276","0.506","0.363",43.3
"Kelly, Carson",608348,"CHC","SL","Slider",0.4,1,"265",15.9,"71","0.206","0.349","0.283",29.2,21.1,18.3,"0.182","0.285","0.242",32
"Smith, Dominic",642086,"SF","FF","4-Seam Fastball",-0.3,-1,"292",34.4,"71","0.318","0.439","0.346",15.6,21.1,19.7,"0.222","0.311","0.253",44.2
"Goldschmidt, Paul",502671,"NYY","SL","Slider",-0.4,-1,"340",16.3,"71","0.221","0.338","0.251",34.4,33.8,21.6,"0.237","0.394","0.288",40.9
"Busch, Michael",683737,"CHC","CU","Curveball",1.1,3,"279",12,"71","0.239","0.507","0.324",31.3,31,22.2,"0.226","0.439","0.305",34.8
"Ruiz, Keibert",660688,"WSH","FF","4-Seam Fastball",-1.4,-3,"245",27.6,"71","0.246","0.338","0.295",5.1,2.8,3.9,"0.273","0.389","0.311",29.7
"Chisholm Jr., Jazz",665862,"NYY","CH","Changeup",1.6,5,"286",13.4,"71","0.29","0.371","0.358",38.1,22.5,17.8,"0.216","0.292","0.272",29.8
"Sosa, Edmundo",624641,"PHI","FF","4-Seam Fastball",-0.2,-1,"285",30.3,"71","0.29","0.468","0.343",21.8,19.7,17.3,"0.263","0.406","0.307",40.4
"Fraley, Jake",641584,"ATL","FF","4-Seam Fastball",-0.7,-2,"252",30.2,"71","0.246","0.333","0.341",12.3,12.7,13.4,"0.283","0.388","0.371",31.3
"García Jr., Luis",671277,"WSH","SL","Slider",-0.3,-1,"281",15.3,"71","0.269","0.403","0.294",36.2,28.2,20.6,"0.274","0.464","0.32",55.1
"O'Neill, Tyler",641933,"BAL","FF","4-Seam Fastball",-1.6,-4,"259",31.5,"71","0.19","0.444","0.303",22.7,19.7,16.5,"0.265","0.7","0.426",48
"García, Adolis",666969,"TEX","SL","Slider",-1,-3,"268",12.5,"71","0.224","0.328","0.265",37.6,33.8,27.6,"0.187","0.29","0.231",32.6
"Grisham, Trent",663757,"NYY","SL","Slider",-0.5,-2,"351",14.7,"71","0.129","0.242","0.226",31.7,45.1,25,"0.135","0.209","0.218",26.7
"Riley, Austin",663586,"ATL","SL","Slider",-2.5,-7,"283",15.8,"70","0.176","0.25","0.2",40.7,34.3,24.7,"0.196","0.34","0.24",45.5
"Happ, Ian",664023,"CHC","SI","Sinker",3.9,10,"254",9.3,"70","0.358","0.755","0.523",9.6,8.6,11.3,"0.342","0.643","0.485",53.2
"Larnach, Trevor",663616,"MIN","SL","Slider",0.6,2,"318",14.5,"70","0.295","0.377","0.349",44.7,32.9,24.7,"0.199","0.261","0.254",38.5
"Verdugo, Alex",657077,"ATL","FF","4-Seam Fastball",-0.9,-3,"304",34.5,"70","0.262","0.308","0.284",9.3,15.7,14.1,"0.242","0.312","0.273",40.7
"Kwan, Steven",680757,"CLE","CH","Changeup",0.7,2,"280",10.1,"70","0.254","0.373","0.29",13.1,10,6.4,"0.267","0.373","0.294",21.7
"Lowe, Josh",666139,"TB","SL","Slider",-3,-8,"254",13.9,"70","0.164","0.194","0.181",29.7,35.7,25.3,"0.172","0.241","0.2",31
"Langford, Wyatt",694671,"TEX","CH","Changeup",0.2,1,"303",13,"70","0.194","0.306","0.27",49.2,52.9,29.4,"0.164","0.225","0.228",44
"Raleigh, Cal",663728,"SEA","SL","Slider",0.1,0,"338",11.9,"70","0.219","0.516","0.351",40.1,38.6,26.5,"0.226","0.51","0.341",56.8
"Pasquantino, Vinnie",686469,"KC","SL","Slider",1.8,6,"335",13,"70","0.311","0.59","0.413",21.4,21.4,14.4,"0.278","0.467","0.358",42.6
"Sheets, Gavin",657757,"SD","CH","Changeup",0.9,3,"291",12.8,"69","0.222","0.381","0.305",29.7,15.9,12.9,"0.262","0.493","0.353",50
"Turner, Trea",607208,"PHI","CU","Curveball",-1.6,-4,"258",10.7,"69","0.169","0.215","0.213",35.3,24.6,16.3,"0.21","0.298","0.247",27.1
"Laureano, Ramón",657656,"SD","SL","Slider",1.3,5,"335",16.8,"69","0.317","0.556","0.4",34.9,24.6,16.7,"0.276","0.492","0.359",60.9
"Hernández, Enrique",571771,"LAD","FF","4-Seam Fastball",-1.1,-3,"269",26,"69","0.186","0.322","0.271",26.1,29,24.4,"0.223","0.441","0.323",46.3
"Donovan, Brendan",680977,"STL","SL","Slider",-0.7,-2,"249",12.9,"69","0.27","0.333","0.281",19.6,17.4,14.1,"0.266","0.394","0.302",44.4
"Soler, Jorge",624585,"LAA","SL","Slider",1.6,4,"276",21.4,"69","0.219","0.531","0.352",40.5,31.9,25.3,"0.182","0.425","0.284",40.5
"Judge, Aaron",592450,"NYY","CH","Changeup",3.8,11,"290",11,"69","0.278","0.593","0.437",40.7,23.2,18,"0.231","0.521","0.399",42.1
"Iglesias, Jose",578428,"SD","SI","Sinker",-1.3,-4,"278",20.3,"69","0.233","0.25","0.313",8.3,8.7,13.6,"0.241","0.275","0.282",29.1
"Wood, James",695578,"WSH","CH","Changeup",-0.8,-3,"335",11.6,"69","0.164","0.295","0.233",36.3,34.8,21.8,"0.197","0.322","0.261",43.6
"Sheets, Gavin",657757,"SD","SI","Sinker",-0.5,-1,"275",12.1,"69","0.311","0.426","0.355",11.1,8.7,12.2,"0.318","0.49","0.386",53.6
"Misner, Kameron",670224,"TB","FF","4-Seam Fastball",-0.3,-1,"267",29.1,"69","0.279","0.475","0.35",28.4,24.6,19.3,"0.229","0.408","0.304",43.5
"Pasquantino, Vinnie",686469,"KC","CU","Curveball",1.3,3,"249",9.7,"69","0.266","0.469","0.33",24.8,21.7,18.3,"0.306","0.587","0.39",56
"Martin, Austin",668885,"MIN","FF","4-Seam Fastball",0.4,1,"243",32.4,"69","0.304","0.393","0.38",6.7,10.1,8.3,"0.317","0.502","0.416",59.2
"Herrera, Jose",645444,"AZ","FF","4-Seam Fastball",0.2,1,"316",37,"69","0.229","0.438","0.353",11.4,11.6,10.3,"0.178","0.253","0.292",26.5
"Lee, Jung Hoo",808982,"SF","SL","Slider",0,0,"253",10.8,"69","0.21","0.323","0.29",16.4,8.7,5.8,"0.264","0.421","0.334",32.1
"Díaz, Yandy",650490,"TB","FC","Cutter",-2.4,-7,"276",11,"68","0.183","0.217","0.238",13.3,10.3,13.7,"0.222","0.272","0.271",35.8
"Smith, Josh",669701,"TEX","SL","Slider",-0.4,-1,"259",11.3,"68","0.21","0.371","0.281",26.4,25,19.8,"0.217","0.365","0.282",30.4
"Kim, Ha-Seong",673490,"ATL","FF","4-Seam Fastball",-0.6,-2,"313",39.6,"68","0.183","0.333","0.266",15.8,23.5,18.6,"0.198","0.328","0.272",35.6
"Meyers, Jake",676694,"HOU","SL","Slider",-0.8,-2,"243",18.1,"68","0.254","0.349","0.308",38.2,25,25.8,"0.291","0.444","0.345",29.8
"Yelich, Christian",592885,"MIL","FC","Cutter",-0.2,-1,"260",10,"68","0.263","0.439","0.365",25.6,10.3,12.5,"0.277","0.469","0.379",42
"Rodríguez, Julio",677594,"SEA","ST","Sweeper",0.6,2,"268",10.7,"68","0.262","0.477","0.33",33.1,13.2,8.7,"0.28","0.539","0.362",35.7
"White, Eli",642201,"ATL","FF","4-Seam Fastball",1.8,5,"277",27.7,"68","0.349","0.635","0.451",26.2,26.5,20.9,"0.262","0.499","0.35",53.3
"Torkelson, Spencer",679529,"DET","CH","Changeup",2.1,6,"274",10.4,"68","0.25","0.65","0.413",34.4,27.9,17.8,"0.187","0.468","0.315",38.1
"Bailey, Patrick",672275,"SF","CH","Changeup",-2,-5,"254",14.7,"68","0.2","0.262","0.207",36.6,26.5,22.8,"0.214","0.3","0.223",22.4
"Soto, Juan",665742,"NYM","CH","Changeup",2.4,7,"284",9.6,"68","0.263","0.526","0.393",25.8,22.1,18.5,"0.317","0.601","0.438",47.6
"Walker, Jordan",691023,"STL","SL","Slider",-0.9,-2,"253",16.4,"68","0.234","0.297","0.274",38.1,30.9,21.9,"0.208","0.334","0.259",51.2
"Friedl, TJ",670770,"CIN","CH","Changeup",-0.7,-2,"251",9.5,"68","0.219","0.266","0.242",33,30.9,22.6,"0.206","0.266","0.235",20.9
"Yastrzemski, Mike",573262,"KC","SI","Sinker",-0.4,-1,"265",11.5,"68","0.218","0.418","0.364",17.4,22.1,19,"0.223","0.393","0.345",52.5
"Rice, Ben",700250,"NYY","CH","Changeup",0.4,1,"276",13.5,"67","0.194","0.339","0.266",19,10.4,7.8,"0.309","0.499","0.372",45.5
"Soler, Jorge",624585,"LAA","FF","4-Seam Fastball",1,3,"277",21.5,"67","0.295","0.475","0.353",31.7,37.3,25.3,"0.241","0.458","0.321",43.2
"Pham, Tommy",502054,"PIT","SL","Slider",0.1,0,"304",17.8,"67","0.254","0.441","0.347",32.5,26.9,19.4,"0.201","0.374","0.292",50
"Nootbaar, Lars",663457,"STL","CH","Changeup",2.1,6,"272",11.5,"67","0.262","0.459","0.356",28.2,19.4,12.5,"0.23","0.41","0.31",39.6
"Trout, Mike",545361,"LAA","SL","Slider",-1.3,-4,"322",13,"67","0.22","0.271","0.263",41.5,34.3,23.2,"0.259","0.455","0.348",43.2
"Lee, Brooks",686797,"MIN","SL","Slider",-3.3,-9,"276",13.7,"67","0.109","0.141","0.152",33.6,25.4,20.2,"0.15","0.226","0.178",27.1
"Arozarena, Randy",668227,"SEA","CH","Changeup",-0.9,-3,"264",9.2,"67","0.18","0.246","0.231",30.9,35.8,24,"0.179","0.254","0.234",37.8
"Sheets, Gavin",657757,"SD","CU","Curveball",0.9,2,"283",12.4,"67","0.258","0.484","0.343",27.6,28.4,18.4,"0.25","0.416","0.315",51.2
"Greene, Riley",682985,"DET","SL","Slider",2.8,8,"290",10.7,"67","0.271","0.695","0.413",44.3,38.8,22.8,"0.257","0.652","0.397",57.1
"Barger, Addison",680718,"TOR","SL","Slider",0,0,"268",13.7,"66","0.274","0.452","0.334",38.6,28.8,22.9,"0.261","0.412","0.311",58.1
"Jansen, Danny",643376,"MIL","SI","Sinker",-0.3,-1,"252",18.7,"66","0.259","0.431","0.345",14.7,16.7,23.9,"0.271","0.409","0.341",42.6
"Moore, Christian",695681,"LAA","FF","4-Seam Fastball",-0.5,-1,"298",38.3,"66","0.172","0.379","0.288",41.6,45.5,30.6,"0.174","0.373","0.286",46.4
"Soler, Jorge",624585,"LAA","SI","Sinker",0.2,0,"258",20,"66","0.173","0.327","0.345",14.7,19.7,28.3,"0.231","0.394","0.357",50
"Riley, Austin",663586,"ATL","SI","Sinker",1.4,4,"284",15.9,"66","0.361","0.607","0.424",20,16.7,18.3,"0.295","0.563","0.397",52.9
"India, Jonathan",663697,"KC","SL","Slider",0.3,1,"339",14.4,"66","0.3","0.533","0.376",27.1,21.2,12.8,"0.276","0.443","0.332",31.9
"Hamilton, David",666152,"BOS","FF","4-Seam Fastball",-0.9,-2,"245",33,"66","0.262","0.443","0.326",13.8,19.7,22,"0.221","0.344","0.27",26.5
"DeJong, Paul",657557,"WSH","FF","4-Seam Fastball",0.5,1,"252",30.8,"66","0.259","0.517","0.372",31.4,37.9,26.3,"0.191","0.423","0.31",63.6
"Jeffers, Ryan",680777,"MIN","SL","Slider",0.1,0,"295",15.7,"66","0.224","0.362","0.305",33.6,21.2,15.9,"0.251","0.404","0.331",40.9
"Seager, Corey",608369,"TEX","SI","Sinker",0,0,"246",14.7,"65","0.309","0.364","0.359",14.2,16.9,19.6,"0.279","0.418","0.36",56.8
"Burleson, Alec",676475,"STL","SL","Slider",2.8,7,"251",13,"65","0.316","0.596","0.441",22,20,15.5,"0.277","0.503","0.365",53.3
"Butler, Lawrence",671732,"ATH","SL","Slider",0.8,3,"311",12.4,"65","0.25","0.518","0.374",38,26.2,17.9,"0.219","0.465","0.343",51.3
"Arozarena, Randy",668227,"SEA","ST","Sweeper",1.2,3,"251",8.7,"65","0.2","0.45","0.332",31.3,27.7,18.6,"0.24","0.476","0.333",50
"Busch, Michael",683737,"CHC","SI","Sinker",-1.3,-4,"287",12.3,"65","0.196","0.321","0.307",15.1,15.4,12.3,"0.238","0.433","0.343",30.4
"Wong, Connor",657136,"BOS","FF","4-Seam Fastball",-1.2,-3,"250",33.6,"65","0.217","0.3","0.275",15.4,20,15.1,"0.228","0.35","0.283",40.4
"House, Brady",691781,"WSH","FF","4-Seam Fastball",-3,-7,"247",25.5,"65","0.2","0.233","0.209",28.1,30.8,24.1,"0.261","0.384","0.288",64.3
"Abrams, CJ",682928,"WSH","CU","Curveball",-1.8,-4,"244",10.5,"65","0.143","0.317","0.196",33.9,36.9,27.9,"0.173","0.282","0.2",37.5
"Suárez, Eugenio",553993,"SEA","ST","Sweeper",0,0,"246",9.4,"65","0.2","0.455","0.316",33.9,29.2,19.6,"0.162","0.287","0.25",36.8
"Rooker, Brent",667670,"ATH","CH","Changeup",1.2,3,"285",11.1,"65","0.269","0.442","0.384",41.9,15.4,13.9,"0.27","0.464","0.389",33.3
"Alonso, Pete",624413,"NYM","CU","Curveball",0.1,0,"250",8.9,"65","0.19","0.31","0.269",36.1,35.4,26.7,"0.254","0.412","0.318",52.8
"McMahon, Ryan",641857,"NYY","CH","Changeup",-0.1,0,"256",10.2,"65","0.186","0.356","0.273",38.4,38.5,28.4,"0.197","0.407","0.294",32.4
"Seager, Corey",608369,"TEX","SL","Slider",3.8,10,"263",15.8,"65","0.317","0.73","0.445",35.9,27.7,24.3,"0.28","0.664","0.403",60
"Call, Alex",669743,"LAD","SI","Sinker",0.2,1,"270",20.5,"65","0.269","0.385","0.362",11.7,12.3,14,"0.263","0.335","0.342",31.1
"Bell, Josh",605137,"WSH","SI","Sinker",-1.3,-4,"272",12.9,"65","0.228","0.316","0.293",16.8,13.8,15,"0.234","0.378","0.314",43.8
"Buxton, Byron",621439,"MIN","SL","Slider",1.6,5,"305",15,"64","0.246","0.541","0.352",48,37.5,22.9,"0.248","0.558","0.353",54.1
"Campbell, Kristian",692225,"BOS","FF","4-Seam Fastball",1.1,3,"258",24.1,"64","0.276","0.5","0.378",17.4,34.4,24.4,"0.227","0.384","0.3",58.3
"Marsh, Brandon",669016,"PHI","SL","Slider",-0.2,-1,"266",16.1,"64","0.254","0.322","0.277",26,32.8,20.2,"0.268","0.362","0.297",30.8
"Taveras, Leody",665750,"SEA","FF","4-Seam Fastball",-2.4,-7,"282",40.7,"64","0.234","0.328","0.245",26.1,34.4,24.7,"0.169","0.318","0.205",38.1
"Springer, George",543807,"TOR","CH","Changeup",1,3,"298",12.9,"64","0.217","0.435","0.362",24.8,23.4,15,"0.223","0.43","0.374",41.2
"Kurtz, Nick",701762,"ATH","CH","Changeup",0.8,2,"255",13.1,"64","0.267","0.55","0.365",44.3,39.1,31.3,"0.263","0.576","0.372",51.4
"Alvarez, Yordan",670541,"HOU","FF","4-Seam Fastball",-0.2,-1,"284",35.4,"64","0.259","0.333","0.296",10,12.5,9.5,"0.297","0.551","0.399",51
"Mullins, Cedric",656775,"NYM","SL","Slider",-1.1,-3,"288",13.7,"64","0.15","0.283","0.23",25.5,26.6,14.9,"0.222","0.353","0.273",37.2
"Bart, Joey",663698,"PIT","SI","Sinker",0.6,2,"268",19.9,"64","0.315","0.444","0.402",17,18.8,28.6,"0.241","0.446","0.354",50
"Paredes, Isaac",670623,"HOU","SL","Slider",-0.9,-3,"360",18.5,"63","0.179","0.25","0.244",21.7,12.7,7.2,"0.257","0.336","0.305",25
"Schneemann, Daniel",682177,"CLE","CH","Changeup",-1.9,-5,"258",15.5,"63","0.102","0.136","0.17",37.9,33.3,28.4,"0.166","0.259","0.215",34.2
"Lee, Jung Hoo",808982,"SF","CU","Curveball",0.2,0,"251",10.7,"63","0.203","0.39","0.302",15.5,11.1,9.7,"0.262","0.349","0.287",24.5
"O'Hearn, Ryan",656811,"SD","CH","Changeup",-0.6,-2,"260",12,"63","0.217","0.283","0.242",27,23.8,18.1,"0.226","0.309","0.253",44.4
"Muncy, Max",571970,"LAD","SL","Slider",-2,-5,"252",15.3,"63","0.143","0.179","0.203",32.4,38.1,31.6,"0.178","0.318","0.265",56.3
"Suzuki, Seiya",673548,"CHC","ST","Sweeper",1,3,"256",9.4,"63","0.236","0.509","0.339",34.8,33.3,23.3,"0.219","0.477","0.327",41.7
"Conforto, Michael",624424,"LAD","SL","Slider",0.4,1,"264",12.9,"63","0.157","0.353","0.306",29.5,30.2,16.7,"0.187","0.378","0.327",33.3
"Flores, Wilmer",527038,"SF","SI","Sinker",0.2,1,"275",14.3,"63","0.328","0.466","0.387",8.4,6.3,5.9,"0.289","0.445","0.343",37
"Schanuel, Nolan",694384,"LAA","CH","Changeup",-0.6,-2,"245",11.4,"63","0.177","0.242","0.206",19.1,14.3,11.4,"0.177","0.212","0.178",13.2
"Bart, Joey",663698,"PIT","SL","Slider",-2.9,-7,"249",18.5,"63","0.177","0.242","0.191",36.3,33.3,27.3,"0.178","0.324","0.22",43.9
"Perkins, Blake",663368,"MIL","FF","4-Seam Fastball",-0.2,-1,"268",37.9,"62","0.286","0.429","0.346",22.6,27.4,24.3,"0.25","0.37","0.308",43.6
"Schanuel, Nolan",694384,"LAA","SL","Slider",0.3,1,"247",11.5,"62","0.288","0.458","0.327",23.1,21,18.1,"0.3","0.458","0.333",31.9
"Larnach, Trevor",663616,"MIN","CH","Changeup",1,3,"270",12.3,"62","0.17","0.396","0.294",43.9,32.3,26,"0.215","0.371","0.293",25.7
"Raleigh, Cal",663728,"SEA","CU","Curveball",1.4,4,"290",10.2,"62","0.222","0.481","0.347",46.9,35.5,26.2,"0.166","0.403","0.296",43.8
"Perez, Salvador",521692,"KC","ST","Sweeper",0,0,"263",11.6,"62","0.25","0.417","0.313",35.2,29,18.8,"0.264","0.459","0.32",33.3
"Kurtz, Nick",701762,"ATH","SL","Slider",1.7,5,"274",14,"62","0.296","0.556","0.393",42.6,33.9,26.6,"0.217","0.413","0.311",44.1
"Soto, Juan",665742,"NYM","CU","Curveball",2.7,8,"294",9.9,"62","0.17","0.426","0.374",25.3,24.2,16.1,"0.266","0.627","0.463",60.6
"Moreno, Gabriel",672515,"AZ","SI","Sinker",1.1,3,"248",18.9,"62","0.389","0.407","0.415",6.1,8.1,10.2,"0.371","0.47","0.409",44.9
"Cruz, Oneil",665833,"PIT","CH","Changeup",-0.4,-1,"319",14.3,"62","0.164","0.327","0.28",43.4,29,19.4,"0.207","0.319","0.286",44.7
"Fitzgerald, Tyler",666149,"SF","FF","4-Seam Fastball",-2.6,-6,"247",26.7,"62","0.17","0.208","0.236",23.8,27.4,21,"0.212","0.323","0.277",35.9
"Perdomo, Geraldo",672695,"AZ","CU","Curveball",1.6,5,"305",10.1,"62","0.245","0.327","0.387",16.5,12.9,8.4,"0.304","0.355","0.376",14.3
"Peraza, Oswald",672724,"LAA","FF","4-Seam Fastball",-0.9,-3,"314",31.2,"62","0.154","0.212","0.266",33.3,35.5,21.6,"0.164","0.288","0.275",46.7
"Bogaerts, Xander",593428,"SD","SL","Slider",2.4,8,"314",15,"62","0.327","0.577","0.454",33.1,19.4,13,"0.304","0.488","0.387",31.7
"Arias, Gabriel",672356,"CLE","SL","Slider",-1.2,-3,"299",16.7,"62","0.224","0.328","0.245",45,29,20,"0.2","0.333","0.248",45.2
"Nimmo, Brandon",607043,"NYM","CU","Curveball",-0.1,0,"294",11.3,"61","0.224","0.31","0.27",26.4,27.9,16.5,"0.183","0.275","0.221",41.5
"Vaughn, Andrew",683734,"MIL","SL","Slider",0.3,1,"290",16.9,"61","0.259","0.483","0.334",32.5,23,16.5,"0.285","0.564","0.374",52.3
"Narváez, Carlos",665966,"BOS","SL","Slider",0.5,1,"250",13.7,"61","0.273","0.473","0.344",38.4,27.9,20.5,"0.245","0.455","0.331",46.2
"Allen, Nick",669397,"ATL","SL","Slider",-1.4,-3,"245",15.5,"61","0.228","0.246","0.236",27.9,27.9,21,"0.255","0.302","0.268",14.6
"Barger, Addison",680718,"TOR","CH","Changeup",0,0,"254",13,"61","0.19","0.414","0.275",26.4,23,16.7,"0.276","0.578","0.375",61.4
"Thomas, Alek",677950,"AZ","SI","Sinker",-0.3,-1,"248",14.8,"61","0.327","0.418","0.368",24.8,24.6,29.4,"0.259","0.315","0.275",41.9
"Ramírez, José",608070,"CLE","FC","Cutter",0.2,1,"279",10.5,"61","0.273","0.455","0.339",16.5,19.7,16.9,"0.252","0.385","0.304",43.2
"Yelich, Christian",592885,"MIL","CU","Curveball",-0.2,0,"260",10,"61","0.155","0.414","0.261",39.7,41,28.1,"0.183","0.426","0.267",41.2
"Schmitt, Casey",669477,"SF","SL","Slider",-2.4,-6,"250",18.8,"60","0.132","0.189","0.193",37.3,31.7,25.7,"0.209","0.307","0.268",34.3
"Busch, Michael",683737,"CHC","CH","Changeup",3.1,7,"243",10.5,"60","0.327","0.691","0.449",37.4,23.3,17.7,"0.315","0.754","0.465",48.8
"Arcia, Orlando",606115,"COL","FF","4-Seam Fastball",-2.9,-7,"254",32.4,"60","0.132","0.226","0.216",21.5,18.3,15.7,"0.196","0.333","0.28",40.5
"Urías, Ramón",602104,"HOU","SL","Slider",-0.9,-2,"248",16.5,"60","0.228","0.386","0.265",34.7,23.3,19.2,"0.217","0.332","0.236",33.3
"Ward, Taylor",621493,"LAA","ST","Sweeper",0.9,3,"307",11,"59","0.259","0.519","0.336",26.5,32.2,18.4,"0.185","0.307","0.228",24.3
"Ozuna, Marcell",542303,"ATL","CH","Changeup",-1.2,-3,"248",9.4,"59","0.137","0.157","0.227",26.7,20.3,13.5,"0.182","0.262","0.261",30.8
"Caballero, José",676609,"NYY","SL","Slider",0.1,0,"252",16.8,"59","0.263","0.368","0.289",32.5,23.7,16.7,"0.236","0.332","0.261",27.9
"Tawa, Tim",694374,"AZ","FF","4-Seam Fastball",-1,-3,"254",29,"59","0.213","0.298","0.289",27.6,23.7,19.2,"0.236","0.342","0.325",44.4
"Myers, Dane",667472,"MIA","SI","Sinker",-1.9,-5,"263",21.2,"59","0.25","0.25","0.281",17.3,18.6,22.4,"0.234","0.406","0.322",41.5
"Santana, Carlos",467793,"CHC","SI","Sinker",-0.5,-1,"251",12.7,"58","0.255","0.34","0.332",16.4,12.1,10.4,"0.266","0.417","0.364",61
"Duran, Ezequiel",677649,"TEX","FF","4-Seam Fastball",-0.9,-2,"261",32.3,"58","0.245","0.34","0.292",25.5,29.3,17.9,"0.223","0.294","0.264",52.8
"Ward, Taylor",621493,"LAA","FC","Cutter",-2.3,-6,"267",9.6,"58","0.204","0.241","0.231",17.6,15.5,23.7,"0.244","0.329","0.28",24.4
"McCarthy, Jake",664983,"AZ","FF","4-Seam Fastball",-0.4,-1,"259",30.6,"58","0.283","0.509","0.365",11,12.1,8.9,"0.27","0.477","0.335",37.5
"Torres, Gleyber",650402,"DET","FC","Cutter",3.4,8,"245",9.2,"58","0.404","0.553","0.472",14.6,10.3,10.7,"0.31","0.504","0.415",34.1
"Alvarez Jr., Nacho",805373,"ATL","FF","4-Seam Fastball",-2,-5,"243",29.7,"57","0.208","0.245","0.235",22.4,26.3,19,"0.257","0.39","0.307",44.7
"Freeman, Freddie",518692,"LAD","CH","Changeup",2.1,6,"274",11.5,"57","0.286","0.469","0.376",30.4,19.3,13.1,"0.231","0.345","0.309",31.6
"Ramírez, José",608070,"CLE","CU","Curveball",2,6,"285",10.7,"56","0.286","0.429","0.373",13.6,7.1,4.4,"0.317","0.453","0.377",30.4
"Alonso, Pete",624413,"NYM","ST","Sweeper",0.1,0,"279",9.9,"56","0.245","0.415","0.31",22.1,26.8,19.5,"0.288","0.512","0.358",60.5
"Tucker, Kyle",663656,"CHC","CH","Changeup",2,6,"281",12.2,"56","0.229","0.438","0.342",34.2,26.8,17.4,"0.21","0.341","0.302",27.3
"Meadows, Parker",678009,"DET","FF","4-Seam Fastball",1,2,"243",28.3,"56","0.311","0.578","0.44",25,23.2,16.5,"0.286","0.566","0.426",46.9
"Friedl, TJ",670770,"CIN","CU","Curveball",0.8,2,"253",9.6,"55","0.191","0.426","0.309",33.8,43.6,23.1,"0.114","0.197","0.209",37.5
"Acuña Jr., Ronald",660670,"ATL","SL","Slider",1.4,4,"266",15.3,"55","0.3","0.5","0.375",29.2,25.5,15.7,"0.255","0.469","0.343",44.4
"Beavers, Dylan",687637,"BAL","FF","4-Seam Fastball",1.7,4,"246",40,"55","0.31","0.524","0.448",14.1,16.4,13.4,"0.245","0.526","0.406",35.3
"Tucker, Kyle",663656,"CHC","CU","Curveball",1.4,3,"247",10.7,"55","0.292","0.542","0.383",27.5,18.2,14.1,"0.227","0.42","0.321",41
"Suwinski, Jack",669261,"PIT","FF","4-Seam Fastball",0.1,0,"257",31.9,"55","0.239","0.435","0.354",34.3,27.3,24.2,"0.225","0.484","0.362",54.8
"Stephenson, Tyler",663886,"CIN","SL","Slider",1,2,"249",18,"55","0.302","0.509","0.375",46.2,45.5,26.9,"0.203","0.382","0.263",46.4
"Olson, Matt",621566,"ATL","FC","Cutter",0.8,2,"243",7.7,"55","0.346","0.558","0.405",21.2,23.6,18.6,"0.266","0.488","0.341",41
"Julien, Edouard",666397,"MIN","FF","4-Seam Fastball",-0.8,-2,"243",27.7,"55","0.178","0.289","0.291",14,27.3,19.2,"0.24","0.408","0.352",36.7
"Hoskins, Rhys",656555,"MIL","SL","Slider",0.5,1,"276",19.3,"54","0.292","0.375","0.315",40,29.6,20,"0.229","0.304","0.257",37.1
"Lowe, Josh",666139,"TB","SI","Sinker",-1.5,-4,"281",15.4,"54","0.208","0.271","0.269",22.1,22.2,14.5,"0.28","0.362","0.325",50
"Osuna, Alejandro",696030,"TEX","FF","4-Seam Fastball",-0.8,-3,"325",44,"53","0.214","0.262","0.311",25,26.4,14.3,"0.267","0.424","0.379",50
"McNeil, Jeff",643446,"NYM","SL","Slider",0.6,2,"267",15.5,"53","0.25","0.341","0.333",27.2,11.3,7.7,"0.263","0.346","0.339",28.9
"Torres, Gleyber",650402,"DET","ST","Sweeper",-0.5,-1,"267",10.1,"52","0.229","0.25","0.238",21.7,30.8,15.1,"0.204","0.293","0.239",18.2
"Judge, Aaron",592450,"NYY","ST","Sweeper",4,10,"260",9.9,"51","0.341","0.829","0.524",39.6,25.5,14.3,"0.269","0.636","0.428",34.5
"Suzuki, Seiya",673548,"CHC","CU","Curveball",0.3,1,"265",9.7,"51","0.186","0.349","0.287",19,27.5,14.7,"0.18","0.341","0.292",43.3
"Turang, Brice",668930,"MIL","CU","Curveball",1,3,"294",10.6,"51","0.271","0.313","0.302",23.5,33.3,16.3,"0.199","0.262","0.229",38.7
"Freeman, Freddie",518692,"LAD","CU","Curveball",0.3,1,"265",11.1,"51","0.213","0.426","0.292",33.3,37.3,20,"0.195","0.301","0.232",43.3
"Santana, Carlos",467793,"CHC","CH","Changeup",-0.3,-1,"245",12.4,"50","0.222","0.311","0.279",34.3,22,15.5,"0.201","0.297","0.263",38.2
"Swanson, Dansby",621020,"CHC","ST","Sweeper",-1.4,-3,"245",9.7,"50","0.159","0.295","0.239",29.3,22,15.7,"0.215","0.314","0.284",29.4
"Triolo, Jared",669707,"PIT","SL","Slider",0,0,"253",17.4,"50","0.209","0.372","0.31",36.6,20,11.9,"0.231","0.412","0.331",36.4
"Torkelson, Spencer",679529,"DET","ST","Sweeper",-1.7,-5,"271",10.3,"49","0.111","0.222","0.186",36.2,42.9,20.8,"0.14","0.24","0.206",12.5
"Manzardo, Kyle",700932,"CLE","CU","Curveball",1.1,3,"245",12.1,"42","0.306","0.444","0.379",21.7,28.6,15.6,"0.263","0.518","0.382",41.7
"Polanco, Jorge",593871,"SEA","CU","Curveball",1.1,3,"249",12.3,"36","0.188","0.344","0.303",32.3,33.3,19.7,"0.235","0.392","0.315",55