"last_name, first_name","player_id","team_name_alt","pitch_type","pitch_name","run_value_per_100","run_value","pitches","pitch_usage","pa","ba","slg","woba","whiff_percent","k_percent","put_away","est_ba","est_slg","est_woba","hard_hit_percent"
"Seager, Kyle",572122,"SEA","FF","4-Seam Fastball",-1.1,-4,"344",35.7,"109","0.17","0.398","0.306",10.5,6.4,8.2,"0.26","0.57","0.406",48.8
"Biggio, Cavan",624415,"TOR","FF","4-Seam Fastball",-0.9,-4,"461",41.5,"108","0.191","0.36","0.315",16.6,25,22.1,"0.16","0.306","0.283",29
"Crawford, J.P.",641487,"SEA","FF","4-Seam Fastball",-0.2,-1,"403",43.1,"102","0.277","0.349","0.36",10.3,10.8,10.1,"0.302","0.412","0.376",19.2
"Story, Trevor",596115,"COL","FF","4-Seam Fastball",0.5,2,"397",38.3,"100","0.279","0.442","0.374",23.9,28,24.6,"0.246","0.383","0.328",48.3
"Canha, Mark",592192,"ATH","FF","4-Seam Fastball",0.9,3,"361",34,"99","0.273","0.545","0.42",23.4,20.2,16.9,"0.261","0.495","0.395",48.3
"Betts, Mookie",605141,"LAD","FF","4-Seam Fastball",3.2,11,"334",35.9,"99","0.299","0.598","0.439",6.3,12.1,12.4,"0.309","0.575","0.411",52
"Hernández, César",514917,"CLE","FF","4-Seam Fastball",-0.7,-3,"420",39,"98","0.262","0.393","0.338",10.3,16.3,15.2,"0.274","0.358","0.331",31.9
"Bellinger, Cody",641355,"LAD","FF","4-Seam Fastball",-1.4,-5,"380",39.3,"98","0.213","0.348","0.289",25.7,18.4,16.8,"0.274","0.467","0.351",45.1
"Olson, Matt",621566,"ATH","FF","4-Seam Fastball",0.3,1,"396",39.5,"95","0.182","0.416","0.339",42.4,33.7,30.8,"0.223","0.408","0.349",44.4
"Ramírez, José",608070,"CLE","FF","4-Seam Fastball",1.7,6,"362",31.6,"95","0.273","0.675","0.447",16.1,17.9,14.3,"0.251","0.603","0.41",45.9
"Nimmo, Brandon",607043,"NYM","FF","4-Seam Fastball",2.1,9,"421",43,"94","0.293","0.573","0.437",21.3,23.4,17.5,"0.245","0.433","0.372",37.7
"Bradley Jr., Jackie",598265,"BOS","FF","4-Seam Fastball",3.6,12,"326",39,"94","0.429","0.662","0.517",20.7,10.6,13.7,"0.333","0.538","0.431",53.7
"McCutchen, Andrew",457705,"PHI","FF","4-Seam Fastball",1.5,4,"303",31.1,"93","0.313","0.627","0.42",15.6,16.1,20,"0.331","0.699","0.456",55.9
"Blackmon, Charlie",453568,"COL","FF","4-Seam Fastball",0.7,2,"361",39.8,"91","0.354","0.537","0.407",18.2,18.7,18.5,"0.293","0.503","0.364",39.7
"Merrifield, Whit",593160,"KC","FF","4-Seam Fastball",1.1,4,"354",35.5,"90","0.354","0.557","0.442",11,4.4,4.9,"0.375","0.551","0.425",34.2
"Candelario, Jeimer",600869,"DET","FF","4-Seam Fastball",2.8,9,"309",36.6,"90","0.364","0.545","0.438",22.1,15.6,14,"0.297","0.503","0.392",46
"Lindor, Francisco",596019,"CLE","FF","4-Seam Fastball",0.1,0,"372",33.3,"90","0.247","0.444","0.322",16.7,15.6,11.7,"0.278","0.478","0.35",44.9
"Trout, Mike",545361,"LAA","FF","4-Seam Fastball",1.6,7,"424",41.4,"90","0.288","0.534","0.419",14.9,21.1,13.2,"0.292","0.585","0.434",58.9
"Calhoun, Kole",594777,"AZ","FF","4-Seam Fastball",-0.5,-2,"344",38.2,"89","0.182","0.403","0.3",26.1,15.7,15.6,"0.272","0.44","0.342",35.4
"Muncy, Max",571970,"LAD","FF","4-Seam Fastball",1.5,6,"376",34.2,"87","0.235","0.691","0.449",18,21.8,18.8,"0.288","0.761","0.487",53.1
"Yastrzemski, Mike",573262,"SF","FF","4-Seam Fastball",1.4,6,"402",42.8,"86","0.269","0.582","0.452",23.5,19.8,16,"0.212","0.461","0.373",46
"Gregorius, Didi",544369,"PHI","FF","4-Seam Fastball",-1.2,-4,"331",36.7,"86","0.241","0.392","0.305",17.7,12.8,9.2,"0.247","0.363","0.295",30.4
"Flores, Wilmer",527038,"SF","FF","4-Seam Fastball",1.3,4,"326",36.5,"86","0.329","0.646","0.427",15.3,15.1,12.5,"0.282","0.562","0.371",35.8
"Lewis, Kyle",641786,"SEA","FF","4-Seam Fastball",0.8,3,"357",36.4,"86","0.224","0.507","0.381",34.2,30.2,27.1,"0.242","0.53","0.4",46.5
"Reddick, Josh",502210,"HOU","FF","4-Seam Fastball",0.4,1,"326",39,"86","0.24","0.387","0.317",17.4,23.3,21.1,"0.237","0.356","0.311",34.5
"Suárez, Eugenio",553993,"CIN","FF","4-Seam Fastball",1.4,5,"354",35.4,"86","0.214","0.543","0.384",24.8,25.6,20.6,"0.226","0.532","0.384",47.9
"Votto, Joey",458015,"CIN","FF","4-Seam Fastball",1.2,4,"314",34,"85","0.229","0.614","0.409",23.6,21.2,21.4,"0.25","0.554","0.397",46.2
"Happ, Ian",664023,"CHC","FF","4-Seam Fastball",-0.3,-1,"344",36.6,"85","0.239","0.493","0.37",32.2,24.7,22.8,"0.255","0.513","0.385",52
"Santana, Carlos",467793,"CLE","FF","4-Seam Fastball",0.8,3,"349",31.1,"84","0.273","0.485","0.408",16.7,11.9,10.4,"0.272","0.543","0.419",42.9
"Semien, Marcus",543760,"ATH","FF","4-Seam Fastball",-0.8,-3,"331",33.7,"84","0.24","0.373","0.34",19.9,17.9,15.2,"0.26","0.441","0.34",38.3
"Tucker, Kyle",663656,"HOU","FF","4-Seam Fastball",4,11,"267",31,"83","0.36","0.733","0.503",13,10.8,11.8,"0.306","0.589","0.405",53
"Walker, Christian",572233,"AZ","FF","4-Seam Fastball",-2.2,-8,"358",37.2,"83","0.221","0.247","0.243",25.8,25.3,17.8,"0.228","0.329","0.272",51.8
"Arenado, Nolan",571448,"COL","FF","4-Seam Fastball",-0.1,0,"265",38.8,"83","0.299","0.545","0.386",9,4.8,7.7,"0.261","0.45","0.321",35.1
"Freeman, Freddie",518692,"ATL","FF","4-Seam Fastball",6.3,19,"301",29.5,"83","0.472","1","0.638",12.9,6,6.8,"0.453","0.977","0.607",61.2
"Tatis Jr., Fernando",665487,"SD","FF","4-Seam Fastball",1.4,4,"311",31.5,"83","0.274","0.521","0.38",24.1,27.7,26.1,"0.285","0.545","0.392",68
"Gurriel, Yuli",493329,"HOU","FF","4-Seam Fastball",-0.7,-2,"285",36.1,"82","0.213","0.387","0.31",14.6,14.6,16.2,"0.263","0.427","0.326",31.3
"Schwarber, Kyle",656941,"CHC","FF","4-Seam Fastball",1.3,5,"354",37.1,"82","0.215","0.523","0.41",25.3,23.2,20.7,"0.235","0.524","0.394",58.7
"Bogaerts, Xander",593428,"BOS","FF","4-Seam Fastball",3.3,10,"315",32.6,"82","0.408","0.746","0.51",15.5,11,10.3,"0.345","0.654","0.45",44.4
"Aguilar, Jesús",542583,"MIA","FF","4-Seam Fastball",2.6,9,"343",39,"82","0.373","0.716","0.498",14.5,13.4,12.2,"0.302","0.626","0.425",44.8
"White, Evan",657108,"SEA","FF","4-Seam Fastball",-0.6,-2,"333",40.2,"82","0.211","0.423","0.326",31.8,37.8,32,"0.218","0.438","0.332",65
"Mondesi, Adalberto",609275,"KC","FF","4-Seam Fastball",-0.1,0,"289",34.1,"82","0.227","0.453","0.334",36.2,26.8,27.8,"0.228","0.448","0.311",50.9
"Peralta, David",444482,"AZ","FF","4-Seam Fastball",1.5,5,"298",36.3,"82","0.377","0.493","0.423",12.4,13.4,13.9,"0.313","0.463","0.388",37.3
"Turner, Trea",607208,"WSH","FF","4-Seam Fastball",0.5,2,"343",33.2,"81","0.282","0.507","0.391",13.8,16,14.3,"0.305","0.529","0.395",53.4
"Bell, Josh",605137,"PIT","FF","4-Seam Fastball",0.8,2,"287",33.5,"81","0.271","0.543","0.386",32.1,27.2,29.7,"0.281","0.564","0.388",52
"Belt, Brandon",474832,"SF","FF","4-Seam Fastball",2.6,8,"312",45.5,"81","0.333","0.635","0.473",19,16,15.3,"0.279","0.641","0.451",46
"Wong, Kolten",543939,"STL","FF","4-Seam Fastball",-1.5,-5,"344",40.5,"80","0.265","0.338","0.316",8.8,11.3,10.3,"0.227","0.313","0.29",27.9
"Escobar, Eduardo",500871,"AZ","FF","4-Seam Fastball",-2.9,-10,"355",43.8,"80","0.147","0.267","0.208",19.3,13.8,11,"0.302","0.526","0.372",35.9
"Grossman, Robbie",543257,"ATH","FF","4-Seam Fastball",2.8,9,"310",41.3,"80","0.269","0.612","0.443",8.3,12.5,12.8,"0.292","0.552","0.412",40.4
"Altuve, Jose",514888,"HOU","FF","4-Seam Fastball",-0.9,-2,"232",30.4,"80","0.208","0.375","0.304",8.8,11.3,14.1,"0.251","0.428","0.329",34.9
"Machado, Manny",592518,"SD","FF","4-Seam Fastball",1.7,6,"329",35.1,"80","0.314","0.7","0.431",13.8,10,10.1,"0.369","0.748","0.482",55.4
"Contreras, Willson",575929,"CHC","FF","4-Seam Fastball",-0.3,-1,"325",37.3,"80","0.238","0.381","0.352",23.3,20,16,"0.275","0.474","0.386",53.1
"Guerrero Jr., Vladimir",665489,"TOR","FF","4-Seam Fastball",0.1,0,"302",33.3,"79","0.254","0.465","0.361",14.8,10.1,10.3,"0.3","0.563","0.397",58.7
"Frazier, Adam",624428,"PIT","FF","4-Seam Fastball",2,6,"324",36.6,"79","0.292","0.569","0.431",15.2,12.7,11.4,"0.288","0.516","0.401",33.9
"Davis, J.D.",605204,"NYM","FF","4-Seam Fastball",1.5,5,"364",38.3,"79","0.29","0.532","0.445",31.4,22.8,15.8,"0.294","0.517","0.427",47.7
"Hampson, Garrett",641658,"COL","FF","4-Seam Fastball",1.2,4,"335",43.4,"79","0.284","0.552","0.397",21.9,27.8,23.4,"0.256","0.527","0.375",36.2
"Grandal, Yasmani",518735,"CWS","FF","4-Seam Fastball",3.2,9,"293",34.1,"79","0.29","0.71","0.467",26,24.1,28.4,"0.258","0.593","0.425",45.5
"Gallo, Joey",608336,"TEX","FF","4-Seam Fastball",-1,-3,"347",36.3,"79","0.149","0.373","0.293",35.5,34.2,26,"0.201","0.487","0.348",67.5
"Harper, Bryce",547180,"PHI","FF","4-Seam Fastball",3.6,12,"333",34.2,"78","0.293","0.793","0.511",26.7,19.2,14.2,"0.327","0.866","0.542",69.8
"Edman, Tommy",669242,"STL","FF","4-Seam Fastball",0.1,0,"304",34.7,"78","0.265","0.456","0.358",17.9,19.2,19.7,"0.286","0.433","0.358",35.8
"Franco, Maikel",596748,"KC","FF","4-Seam Fastball",0.9,2,"267",28.3,"78","0.31","0.521","0.405",5,6.4,6.8,"0.266","0.449","0.341",43.3
"Hiura, Keston",669374,"MIL","FF","4-Seam Fastball",1.5,5,"347",35.1,"78","0.232","0.58","0.381",46.3,41,29.6,"0.246","0.646","0.401",63.2
"Pillar, Kevin",607680,"COL","FF","4-Seam Fastball",1.4,4,"259",31.2,"77","0.3","0.5","0.374",17.8,16.9,15.9,"0.301","0.53","0.383",42.1
"Swanson, Dansby",621020,"ATL","FF","4-Seam Fastball",2.5,7,"294",27.7,"77","0.354","0.662","0.472",27.2,18.2,17.9,"0.327","0.677","0.463",47.1
"Goldschmidt, Paul",502671,"STL","FF","4-Seam Fastball",2.3,7,"314",32.1,"77","0.338","0.631","0.456",19.8,16.9,15.9,"0.335","0.723","0.479",53.8
"Springer, George",543807,"HOU","FF","4-Seam Fastball",2.3,7,"293",35.7,"76","0.29","0.726","0.474",21.8,13.2,13.5,"0.326","0.731","0.477",52.8
"Marte, Ketel",606466,"AZ","FF","4-Seam Fastball",0.9,2,"260",37.4,"76","0.333","0.514","0.391",8.4,9.2,11.9,"0.279","0.416","0.311",52.2
"Cabrera, Miguel",408234,"DET","FF","4-Seam Fastball",1.2,4,"312",34.4,"76","0.323","0.554","0.424",23.8,18.4,14.1,"0.358","0.649","0.455",51.9
"Devers, Rafael",646240,"BOS","FF","4-Seam Fastball",-1.7,-7,"402",41,"76","0.171","0.329","0.25",44,47.4,25.4,"0.168","0.327","0.246",47.1
"La Stella, Tommy",600303,"ATH","FF","4-Seam Fastball",0,0,"331",35.2,"76","0.308","0.462","0.389",5.8,5.3,4.8,"0.254","0.419","0.347",34.4
"Solak, Nick",669256,"TEX","FF","4-Seam Fastball",-1.2,-4,"307",34.3,"75","0.2","0.338","0.295",11.1,12,9.2,"0.278","0.53","0.377",43.9
"Verdugo, Alex",657077,"BOS","FF","4-Seam Fastball",0.9,3,"369",40,"75","0.381","0.571","0.469",21.3,16,13.2,"0.25","0.386","0.341",37.3
"Ozuna, Marcell",542303,"ATL","FF","4-Seam Fastball",6.7,19,"280",26.1,"75","0.468","0.887","0.595",20.9,18.7,17.3,"0.404","0.843","0.55",75
"Longoria, Evan",446334,"SF","FF","4-Seam Fastball",1.4,4,"279",35.1,"75","0.365","0.603","0.431",13.9,12,14.8,"0.368","0.778","0.505",64.9
"Yelich, Christian",592885,"MIL","FF","4-Seam Fastball",2.8,10,"354",32.2,"75","0.321","0.714","0.507",26.7,22.7,21.8,"0.323","0.7","0.495",66.7
"Rendon, Anthony",543685,"LAA","FF","4-Seam Fastball",-1.6,-5,"314",35.3,"75","0.14","0.158","0.269",13.6,13.3,11,"0.222","0.31","0.342",40.4
"Seager, Corey",608369,"LAD","FF","4-Seam Fastball",2.2,6,"267",33.1,"75","0.343","0.687","0.468",17.7,12,12.2,"0.34","0.761","0.483",58.6
"Grisham, Trent",663757,"SD","FF","4-Seam Fastball",0.5,2,"407",38.9,"74","0.274","0.532","0.399",19.4,23,16.5,"0.288","0.569","0.415",42.2
"Villar, Jonathan",542340,"TOR","FF","4-Seam Fastball",-1.6,-5,"291",36.1,"74","0.239","0.254","0.266",27,24.3,19.4,"0.213","0.244","0.25",34.7
"Moncada, Yoán",660162,"CWS","FF","4-Seam Fastball",1.9,6,"318",32.4,"74","0.317","0.683","0.461",18.8,24.3,18.8,"0.263","0.485","0.38",32.6
"Tapia, Raimel",606132,"COL","FF","4-Seam Fastball",0.2,1,"361",44.8,"74","0.381","0.429","0.424",18.1,20.3,16,"0.227","0.27","0.286",36.7
"Rizzo, Anthony",519203,"CHC","FF","4-Seam Fastball",-0.1,0,"363",36.9,"74","0.217","0.35","0.32",19,13.5,11.2,"0.25","0.394","0.346",31.4
"Polanco, Jorge",593871,"MIN","FF","4-Seam Fastball",0,0,"282",31.3,"74","0.309","0.485","0.362",9.7,5.4,5.6,"0.311","0.463","0.353",34.8
"Polanco, Gregory",570256,"PIT","FF","4-Seam Fastball",-3.1,-9,"303",40.1,"74","0.145","0.232","0.189",41.9,39.2,26.4,"0.202","0.321","0.248",53.7
"Reyes, Franmil",614177,"CLE","FF","4-Seam Fastball",2.6,7,"287",29.2,"74","0.344","0.641","0.461",26.4,17.6,14.4,"0.334","0.684","0.461",50.9
"Conforto, Michael",624424,"NYM","FF","4-Seam Fastball",1.5,5,"309",33.2,"73","0.359","0.563","0.434",25,23.3,19.5,"0.313","0.522","0.4",31.9
"Martinez, J.D.",502110,"BOS","FF","4-Seam Fastball",-0.3,-1,"318",35.4,"73","0.194","0.452","0.343",22.3,21.9,20,"0.231","0.54","0.358",47.9
"Profar, Jurickson",595777,"SD","FF","4-Seam Fastball",0,0,"306",36.6,"73","0.297","0.469","0.366",12,11,8.1,"0.307","0.445","0.355",27.6
"Cabrera, Asdrúbal",452678,"WSH","FF","4-Seam Fastball",0.6,2,"295",34.7,"73","0.266","0.563","0.392",16.7,17.8,15.7,"0.249","0.504","0.356",42.3
"Crawford, Brandon",543063,"SF","FF","4-Seam Fastball",0,0,"274",37.4,"73","0.258","0.387","0.328",25.5,23.3,19.8,"0.229","0.343","0.305",38.3
"Kiner-Falefa, Isiah",643396,"TEX","FF","4-Seam Fastball",-0.1,0,"285",35.7,"73","0.328","0.426","0.382",10.1,13.7,14.7,"0.326","0.454","0.391",44.2
"Reynolds, Bryan",668804,"PIT","FF","4-Seam Fastball",1.2,3,"278",32.2,"72","0.233","0.45","0.357",26.2,26.4,21.1,"0.27","0.544","0.401",53.7
"García, Avisaíl",541645,"MIL","FF","4-Seam Fastball",0,0,"289",39.9,"72","0.279","0.361","0.344",32.4,29.2,26.6,"0.283","0.401","0.357",55
"Marte, Starling",516782,"MIA","FF","4-Seam Fastball",0.5,2,"287",30.4,"72","0.317","0.587","0.422",18.9,11.1,9.8,"0.284","0.555","0.396",30.9
"Myers, Wil",571976,"SD","FF","4-Seam Fastball",1.3,4,"263",31.2,"72","0.254","0.587","0.411",18.3,22.2,22.5,"0.294","0.682","0.441",57.4
"Fletcher, David",664058,"LAA","FF","4-Seam Fastball",0.4,1,"336",37.1,"72","0.333","0.483","0.392",5.5,12.5,13.2,"0.279","0.337","0.322",11.3
"Alonso, Pete",624413,"NYM","FF","4-Seam Fastball",1.6,5,"301",32.4,"71","0.25","0.719","0.432",22.8,26.8,21.8,"0.251","0.618","0.393",51.1
"Robert Jr., Luis",673357,"CWS","FF","4-Seam Fastball",-1.2,-4,"302",34.3,"71","0.18","0.295","0.274",43.1,36.6,26.3,"0.191","0.42","0.316",57.1
"Akiyama, Shogo",673451,"CIN","FF","4-Seam Fastball",0.4,1,"329",40.1,"71","0.278","0.315","0.368",14.8,11.3,7.7,"0.265","0.351","0.37",26.1
"Reyes, Victor",622682,"DET","FF","4-Seam Fastball",-0.2,-1,"317",39.1,"70","0.292","0.354","0.338",27.2,21.4,15.8,"0.294","0.429","0.348",36
"Anderson, Brian",605119,"MIA","FF","4-Seam Fastball",1.6,5,"287",32.3,"70","0.281","0.526","0.421",30.6,34.3,27.6,"0.219","0.454","0.357",60.6
"Goodwin, Brian",571718,"CIN","FF","4-Seam Fastball",0.1,0,"249",36.5,"69","0.207","0.466","0.35",23.9,27.5,27.5,"0.205","0.431","0.333",47.5
"Hicks, Aaron",543305,"NYY","FF","4-Seam Fastball",1,3,"282",30.7,"69","0.216","0.51","0.404",24,13,11.7,"0.275","0.534","0.434",47.6
"Taylor, Chris",621035,"LAD","FF","4-Seam Fastball",3.5,9,"264",30.8,"69","0.4","0.673","0.53",23.7,17.4,15.2,"0.35","0.64","0.472",47.7
"Robles, Victor",645302,"WSH","FF","4-Seam Fastball",-2.2,-6,"273",36.1,"69","0.203","0.254","0.274",25.5,30.4,24.1,"0.179","0.268","0.266",21.1
"McNeil, Jeff",643446,"NYM","FF","4-Seam Fastball",0.2,1,"298",37.1,"68","0.305","0.458","0.349",18.9,13.2,11,"0.25","0.375","0.32",28.8
"Pollock, AJ",572041,"LAD","FF","4-Seam Fastball",5.6,13,"231",31,"67","0.409","0.924","0.558",19.6,11.9,12.5,"0.348","0.737","0.456",56.9
"Turner, Justin",457759,"LAD","FF","4-Seam Fastball",0.5,1,"247",36.3,"67","0.255","0.382","0.356",21.2,20.9,18.7,"0.264","0.48","0.382",46.3
"Voit, Luke",572228,"NYY","FF","4-Seam Fastball",3.8,10,"274",30.1,"67","0.276","0.862","0.505",20,25.4,19.8,"0.292","0.795","0.47",50
"Lowe, Brandon",664040,"TB","FF","4-Seam Fastball",3,7,"242",27.4,"67","0.291","0.691","0.466",26.3,23.9,21.6,"0.266","0.705","0.451",64.1
"Cabrera, Miguel",408234,"DET","SL","Slider",-1.4,-3,"240",26.4,"66","0.164","0.328","0.234",50.8,31.8,28,"0.242","0.475","0.331",39
"Rosario, Eddie",592696,"MIN","FF","4-Seam Fastball",0.3,1,"277",33.5,"66","0.207","0.448","0.315",26.1,18.2,21.1,"0.208","0.412","0.301",40.4
"Moran, Colin",592567,"PIT","FF","4-Seam Fastball",0.8,2,"298",36.8,"66","0.254","0.559","0.384",27,34.8,23.5,"0.241","0.563","0.373",55.6
"Ahmed, Nick",605113,"AZ","FF","4-Seam Fastball",-1.9,-5,"274",32.9,"66","0.241","0.362","0.314",22,21.2,19.2,"0.211","0.33","0.288",40.9
"Alberto, Hanser",593643,"BAL","FF","4-Seam Fastball",-1.9,-4,"227",29.9,"66","0.279","0.41","0.312",15.7,7.6,9.1,"0.238","0.305","0.253",20.7
"Upton, Justin",457708,"LAA","FF","4-Seam Fastball",-1,-2,"213",31.2,"65","0.203","0.458","0.315",23.9,21.5,23,"0.245","0.485","0.343",53.3
"McMahon, Ryan",641857,"COL","FF","4-Seam Fastball",2.2,8,"353",42,"65","0.333","0.737","0.5",23.4,27.7,18.2,"0.304","0.693","0.447",64.1
"DeJong, Paul",657557,"STL","FF","4-Seam Fastball",-1.3,-3,"240",35.2,"65","0.259","0.315","0.318",27.7,27.7,26.5,"0.198","0.354","0.302",40.5
"Hoskins, Rhys",656555,"PHI","FF","4-Seam Fastball",0.2,0,"261",33.9,"65","0.163","0.306","0.35",27.8,26.2,20.5,"0.171","0.393","0.347",37.5
"Jiménez, Eloy",650391,"CWS","FF","4-Seam Fastball",5.3,11,"213",26.5,"65","0.367","0.783","0.512",20.7,23.1,28.3,"0.348","0.728","0.467",68.9
"Solano, Donovan",456781,"SF","FF","4-Seam Fastball",-1.4,-4,"265",35.5,"65","0.276","0.345","0.308",18.4,20,17.8,"0.255","0.382","0.308",43.5
"Núñez, Renato",600524,"BAL","FF","4-Seam Fastball",1.5,4,"262",29.3,"65","0.296","0.648","0.446",37,30.8,21.3,"0.245","0.511","0.381",50
"Báez, Javier",595879,"CHC","SL","Slider",-1.1,-3,"250",27.5,"65","0.18","0.344","0.283",39.6,26.2,23,"0.195","0.376","0.271",29.5
"Tsutsugo, Yoshi",660294,"TB","FF","4-Seam Fastball",-1,-4,"343",40.5,"65","0.167","0.296","0.282",29.4,43.1,24.6,"0.171","0.307","0.287",61.5
"Cronenworth, Jake",630105,"SD","FF","4-Seam Fastball",1.1,3,"286",37.9,"64","0.368","0.596","0.459",10.2,12.5,10.7,"0.346","0.584","0.427",53.1
"Bregman, Alex",608324,"HOU","FF","4-Seam Fastball",-0.2,0,"256",34.8,"64","0.269","0.519","0.39",6.8,12.5,13.8,"0.262","0.426","0.36",37.8
"Severino, Pedro",600474,"BAL","FF","4-Seam Fastball",2.7,5,"197",26.6,"64","0.357","0.661","0.484",15.7,15.6,15.9,"0.352","0.701","0.468",42.6
"Ruiz, Rio",547004,"BAL","FF","4-Seam Fastball",-0.6,-2,"251",31.9,"64","0.267","0.417","0.334",23.9,23.4,21.7,"0.225","0.338","0.27",48.9
"LeMahieu, DJ",518934,"NYY","FF","4-Seam Fastball",2.4,7,"308",37.2,"63","0.429","0.714","0.513",10.1,15.9,12,"0.404","0.576","0.452",69.6
"Carpenter, Matt",572761,"STL","FF","4-Seam Fastball",-0.6,-1,"239",32.7,"63","0.16","0.34","0.31",21.6,22.2,17.3,"0.239","0.465","0.378",38.9
"Realmuto, J.T.",592663,"PHI","FF","4-Seam Fastball",0.9,2,"226",30.5,"63","0.28","0.56","0.425",34.5,27,23.3,"0.253","0.603","0.424",48.5
"Kepler, Max",596146,"MIN","FF","4-Seam Fastball",1.4,3,"251",32.6,"63","0.288","0.596","0.418",16.5,22.2,21.2,"0.283","0.54","0.399",46.2
"Robert Jr., Luis",673357,"CWS","SL","Slider",1.7,4,"226",25.7,"62","0.283","0.7","0.405",49.7,37.1,27.1,"0.248","0.636","0.375",36.8
"Berti, Jon",542932,"MIA","FF","4-Seam Fastball",2,5,"243",41.5,"62","0.31","0.429","0.469",18.5,21,17.6,"0.264","0.359","0.404",30
"Dubón, Mauricio",643289,"SF","FF","4-Seam Fastball",1.6,4,"259",38.1,"62","0.286","0.531","0.404",21.1,17.7,13.3,"0.295","0.52","0.407",47.5
"Maldonado, Martín",455117,"HOU","FF","4-Seam Fastball",1.3,3,"264",38,"62","0.245","0.531","0.398",28.9,27.4,19.8,"0.2","0.443","0.352",30.3
"Heyward, Jason",518792,"CHC","FF","4-Seam Fastball",-0.3,-1,"312",38.6,"62","0.25","0.375","0.367",19.1,17.7,14.9,"0.33","0.536","0.443",45.9
"Shaw, Travis",543768,"TOR","FF","4-Seam Fastball",-2.3,-6,"253",35.7,"62","0.175","0.298","0.242",35.2,33.9,28,"0.166","0.338","0.25",36.1
"Abreu, José",547989,"CWS","SL","Slider",0.2,0,"228",22.2,"62","0.259","0.397","0.324",47.5,32.3,28.6,"0.24","0.427","0.31",44.7
"Gonzalez, Marwin",503556,"MIN","FF","4-Seam Fastball",-1.6,-4,"239",29.8,"61","0.224","0.367","0.307",14.4,19.7,17.4,"0.272","0.483","0.371",55
"Goodrum, Niko",592348,"DET","FF","4-Seam Fastball",-0.2,-1,"249",32.1,"61","0.235","0.373","0.31",24.4,24.6,19,"0.247","0.441","0.336",52.6
"Dickerson, Alex",543105,"SF","FF","4-Seam Fastball",1.9,5,"247",40.7,"61","0.264","0.585","0.414",22.5,19.7,20.7,"0.223","0.419","0.326",46.3
"Jiménez, Eloy",650391,"CWS","SL","Slider",-0.3,-1,"242",30.1,"61","0.207","0.5","0.302",38.6,31.1,21.1,"0.224","0.475","0.315",50
"Reyes, Franmil",614177,"CLE","SL","Slider",-1.1,-3,"245",24.9,"61","0.173","0.327","0.261",58.1,42.6,34.7,"0.162","0.344","0.298",50
"Frazier, Todd",453943,"NYM","FF","4-Seam Fastball",-0.5,-1,"265",37.1,"61","0.226","0.396","0.322",26.7,21.3,20.6,"0.238","0.436","0.339",45
"Smith, Dominic",642086,"NYM","FF","4-Seam Fastball",3.2,8,"258",34.1,"61","0.339","0.804","0.477",19.7,26.2,24.6,"0.35","0.844","0.486",69
"Sánchez, Gary",596142,"NYY","FF","4-Seam Fastball",0,0,"241",31.1,"61","0.154","0.481","0.323",45,45.9,32.9,"0.187","0.495","0.341",66.7
"Mullins, Cedric",656775,"BAL","FF","4-Seam Fastball",-1.5,-4,"250",41.5,"60","0.288","0.404","0.348",25.2,23.3,21.9,"0.197","0.282","0.265",33.3
"Ohtani, Shohei",660271,"LAA","FF","4-Seam Fastball",-0.3,-1,"244",33,"60","0.163","0.367","0.324",31,30,23.1,"0.246","0.534","0.394",71
"Arcia, Orlando",606115,"MIL","FF","4-Seam Fastball",-0.7,-2,"217",30.9,"60","0.236","0.455","0.325",22.5,23.3,25,"0.265","0.509","0.355",41.5
"Correa, Carlos",621043,"HOU","FF","4-Seam Fastball",-1.5,-4,"261",30,"60","0.255","0.309","0.289",18.4,23.3,16.3,"0.213","0.343","0.271",59.5
"Eaton, Adam",594809,"WSH","FF","4-Seam Fastball",1.1,3,"281",41.6,"60","0.32","0.6","0.436",12.9,11.7,9.5,"0.3","0.549","0.409",50
"Sanó, Miguel",593934,"MIN","FF","4-Seam Fastball",1.3,4,"303",34.9,"60","0.315","0.611","0.421",34.7,38.3,27.4,"0.263","0.555","0.377",67.7
"Lopez, Nicky",670032,"KC","FF","4-Seam Fastball",-1.4,-4,"264",35.2,"60","0.224","0.306","0.31",16.7,16.7,12.5,"0.249","0.329","0.326",32.5
"Laureano, Ramón",657656,"ATH","FF","4-Seam Fastball",0.5,1,"272",30.4,"60","0.311","0.489","0.421",17,28.3,25.8,"0.198","0.278","0.319",34.5
"Panik, Joe",605412,"TOR","FF","4-Seam Fastball",-0.5,-1,"233",43.6,"60","0.245","0.347","0.338",12,10,19.4,"0.276","0.434","0.374",30.2
"Soto, Juan",665742,"WSH","FF","4-Seam Fastball",1,3,"269",32.5,"60","0.267","0.533","0.443",26,16.7,13,"0.308","0.723","0.495",57.1
"Dozier, Hunter",641531,"KC","FF","4-Seam Fastball",2.4,5,"224",30.9,"60","0.3","0.62","0.453",19.4,25,22.1,"0.278","0.557","0.408",45.7
"Abreu, José",547989,"CWS","FF","4-Seam Fastball",1.1,4,"330",32.1,"60","0.352","0.667","0.446",18.2,15,9.3,"0.344","0.69","0.462",58.7
"Swanson, Dansby",621020,"ATL","SI","Sinker",1.9,4,"228",21.5,"59","0.302","0.491","0.437",24.1,25.4,28.8,"0.312","0.526","0.39",50
"Anderson, Tim",641313,"CWS","SL","Slider",1.3,2,"172",21.9,"59","0.259","0.517","0.333",31.9,25.4,25,"0.224","0.373","0.262",20.9
"Castellanos, Nick",592206,"CIN","SL","Slider",-0.6,-1,"252",26.1,"59","0.232","0.518","0.332",47.9,40.7,29.3,"0.259","0.512","0.341",46.9
"Kemp, Tony",643393,"ATH","FF","4-Seam Fastball",-1.1,-2,"183",44.9,"59","0.229","0.313","0.303",6.2,8.5,11.9,"0.236","0.32","0.308",15.6
"Nola, Austin",543592,"SD","FF","4-Seam Fastball",2,5,"259",35.6,"59","0.353","0.627","0.456",20,25.4,21.1,"0.296","0.513","0.39",44.4
"Ozuna, Marcell",542303,"ATL","SI","Sinker",2.6,5,"209",19.5,"58","0.34","0.66","0.446",11.5,6.9,9.8,"0.342","0.635","0.437",51
"Ramos, Wilson",467092,"NYM","FF","4-Seam Fastball",-2.3,-4,"169",31.9,"58","0.189","0.321","0.259",19.8,15.5,18,"0.235","0.408","0.309",45.5
"Brantley, Michael",488726,"HOU","FF","4-Seam Fastball",-1,-3,"266",36.9,"58","0.259","0.333","0.291",19.4,19,15.9,"0.248","0.454","0.324",37.2
"Vázquez, Christian",543877,"BOS","FF","4-Seam Fastball",-1.1,-3,"256",32.9,"58","0.231","0.442","0.327",21.4,15.5,10.7,"0.223","0.432","0.317",48.8
"Long Jr., Shed",643418,"SEA","FF","4-Seam Fastball",-0.5,-1,"209",42,"58","0.245","0.388","0.339",23.3,15.5,19.1,"0.25","0.451","0.358",47.5
"Castellanos, Nick",592206,"CIN","FF","4-Seam Fastball",1.9,5,"234",24.2,"58","0.269","0.769","0.449",18,25.9,18.8,"0.359","0.898","0.528",60.5
"Gurriel Jr., Lourdes",666971,"TOR","FF","4-Seam Fastball",1.9,5,"259",31.1,"58","0.302","0.528","0.415",24,25.9,18.1,"0.282","0.474","0.353",57.9
"Vogelbach, Daniel",596129,"MIL","FF","4-Seam Fastball",-0.6,-1,"235",38.2,"58","0.22","0.44","0.336",14.6,15.5,12.9,"0.302","0.583","0.418",48.8
"González, Erik",570481,"PIT","FF","4-Seam Fastball",-0.5,-1,"223",33.7,"58","0.288","0.462","0.324",29.3,27.6,29.1,"0.275","0.49","0.357",56.4
"Sanó, Miguel",593934,"MIN","SL","Slider",-0.3,-1,"222",25.5,"57","0.148","0.389","0.246",50.4,52.6,30,"0.156","0.36","0.239",54.2
"Urshela, Gio",570482,"NYY","FF","4-Seam Fastball",0.6,1,"233",36.8,"57","0.239","0.457","0.37",19.6,12.3,12.3,"0.267","0.43","0.353",34.1
"Kipnis, Jason",543401,"CHC","FF","4-Seam Fastball",0.2,1,"237",40,"57","0.267","0.422","0.371",22.8,28.1,21.9,"0.16","0.295","0.274",32.3
"Merrifield, Whit",593160,"KC","SL","Slider",-1.5,-4,"230",23.1,"57","0.179","0.232","0.204",23.8,26.3,17.6,"0.152","0.198","0.164",17.1
"Abreu, José",547989,"CWS","SI","Sinker",3.2,6,"181",17.6,"57","0.415","0.66","0.479",16.9,12.3,20,"0.34","0.547","0.401",52.2
"Hosmer, Eric",543333,"SD","FF","4-Seam Fastball",0.5,1,"208",36.5,"57","0.288","0.481","0.35",14.8,15.8,17.3,"0.301","0.567","0.384",50
"Moore, Dylan",664238,"SEA","FF","4-Seam Fastball",3.3,8,"230",35.1,"57","0.341","0.864","0.569",24.1,17.5,14.5,"0.313","0.769","0.501",61.8
"Acuña Jr., Ronald",660670,"ATL","FF","4-Seam Fastball",1.4,4,"288",32.9,"57","0.217","0.457","0.37",36.9,42.1,24.2,"0.202","0.494","0.367",63.6
"Moustakas, Mike",519058,"CIN","FF","4-Seam Fastball",0.9,2,"221",33.5,"57","0.25","0.432","0.36",19.2,21.1,18.8,"0.243","0.426","0.355",47.1
"Anderson, Tim",641313,"CWS","FF","4-Seam Fastball",2.6,7,"254",32.3,"56","0.431","0.784","0.549",29.9,19.6,20.8,"0.375","0.741","0.488",52.5
"Duvall, Adam",594807,"ATL","FF","4-Seam Fastball",3.6,8,"232",29.1,"56","0.354","0.667","0.495",17.1,10.7,8.6,"0.343","0.724","0.484",42.9
"Choi, Ji Man",596847,"TB","FF","4-Seam Fastball",-1.4,-3,"197",33.1,"56","0.191","0.34","0.295",34,35.7,29,"0.117","0.217","0.224",35.7
"Contreras, Willson",575929,"CHC","SL","Slider",0.9,2,"192",22,"56","0.216","0.353","0.297",46.3,33.9,27.5,"0.186","0.358","0.285",34.4
"Adames, Willy",642715,"TB","FF","4-Seam Fastball",0.9,2,"238",28.8,"56","0.26","0.56","0.396",38.9,37.5,28.4,"0.231","0.46","0.332",55.2
"Wendle, Joey",621563,"TB","FF","4-Seam Fastball",-1.4,-3,"220",32.7,"56","0.235","0.314","0.273",12.6,16.1,14.3,"0.23","0.291","0.258",23.3
"Castellanos, Nick",592206,"CIN","SI","Sinker",3,6,"189",19.6,"55","0.292","0.521","0.439",24.5,14.5,17.8,"0.365","0.618","0.452",52.5
"Segura, Jean",516416,"PHI","FF","4-Seam Fastball",0.1,0,"231",28.1,"55","0.217","0.37","0.325",29.5,23.6,19.7,"0.257","0.429","0.358",45.5
"Molina, Yadier",425877,"STL","FF","4-Seam Fastball",-0.9,-2,"191",34.3,"55","0.3","0.42","0.349",21.6,14.5,13.8,"0.296","0.475","0.362",31
"Chapman, Matt",656305,"ATH","FF","4-Seam Fastball",3.9,9,"233",35.7,"55","0.286","0.816","0.477",37.8,30.9,23.9,"0.255","0.698","0.423",56.3
"Encarnación, Edwin",429665,"CWS","SL","Slider",-1.5,-3,"209",26.4,"55","0.115","0.327","0.229",37.4,41.8,21.9,"0.106","0.237","0.183",40
"Bryant, Kris",592178,"CHC","FF","4-Seam Fastball",0.2,0,"199",33.2,"55","0.239","0.37","0.35",31.7,23.6,20,"0.22","0.399","0.334",36.4
"Dickerson, Corey",572816,"MIA","FF","4-Seam Fastball",-0.1,0,"342",39.7,"55","0.24","0.5","0.379",30.3,27.3,16.1,"0.237","0.509","0.346",42.9
"d'Arnaud, Travis",518595,"ATL","FF","4-Seam Fastball",-0.2,0,"209",31,"55","0.286","0.429","0.358",31.8,38.2,34.4,"0.273","0.521","0.374",50
"Grichuk, Randal",545341,"TOR","FF","4-Seam Fastball",0,0,"253",29.6,"55","0.286","0.592","0.399",15.1,23.6,21.3,"0.277","0.617","0.405",59.5
"Fletcher, David",664058,"LAA","SI","Sinker",2.3,5,"215",23.7,"55","0.417","0.5","0.47",3.1,3.6,5.7,"0.349","0.407","0.374",27.7
"Gordon, Alex",460086,"KC","FF","4-Seam Fastball",-1.9,-4,"222",31.4,"55","0.191","0.255","0.269",17.8,16.4,18,"0.22","0.293","0.291",21.1
"France, Ty",664034,"SEA","FF","4-Seam Fastball",-0.1,0,"250",40.7,"54","0.265","0.429","0.334",25.6,25.9,18.7,"0.313","0.569","0.401",40
"Rojas, Miguel",500743,"MIA","FF","4-Seam Fastball",-0.2,0,"201",37.8,"54","0.292","0.438","0.347",16.3,9.3,8.9,"0.231","0.354","0.3",30.2
"Choo, Shin-Soo",425783,"TEX","FF","4-Seam Fastball",-0.4,-1,"211",40.3,"54","0.262","0.429","0.36",26.7,18.5,16.7,"0.247","0.448","0.358",32.4
"Báez, Javier",595879,"CHC","FF","4-Seam Fastball",-0.6,-2,"264",29,"54","0.255","0.431","0.303",39.7,48.1,32.1,"0.183","0.359","0.249",53.8
"Riley, Austin",663586,"ATL","FF","4-Seam Fastball",-0.7,-1,"204",26.4,"54","0.25","0.354","0.311",26.6,24.1,23.2,"0.287","0.454","0.358",37.1
"Torres, Gleyber",650402,"NYY","FF","4-Seam Fastball",-1.6,-3,"200",29.8,"53","0.2","0.289","0.286",17,15.1,16,"0.217","0.366","0.316",32.4
"Meadows, Austin",640457,"TB","FF","4-Seam Fastball",-1.2,-3,"223",33.9,"53","0.208","0.396","0.289",27.4,30.2,21.9,"0.216","0.446","0.306",51.5
"Winker, Jesse",608385,"CIN","FF","4-Seam Fastball",0.7,2,"258",33,"53","0.256","0.419","0.367",36.5,30.2,24.2,"0.274","0.479","0.391",51.9
"O'Hearn, Ryan",656811,"KC","FF","4-Seam Fastball",0,0,"205",36.7,"53","0.244","0.341","0.355",21.5,20.8,18.6,"0.29","0.482","0.412",53.3
"Pujols, Albert",405395,"LAA","FF","4-Seam Fastball",0.3,1,"210",33.8,"53","0.277","0.574","0.398",15.2,11.3,14.6,"0.304","0.596","0.402",35.7
"Moreland, Mitch",519048,"SD","FF","4-Seam Fastball",0.2,0,"189",32.9,"53","0.205","0.364","0.337",20.2,18.9,20,"0.253","0.45","0.365",47.1
"Soler, Jorge",624585,"KC","FF","4-Seam Fastball",0.3,1,"205",27.7,"53","0.275","0.529","0.353",20.3,30.2,27.1,"0.265","0.551","0.351",57.1
"O'Neill, Tyler",641933,"STL","FF","4-Seam Fastball",-0.2,0,"196",31.5,"52","0.114","0.409","0.303",31.2,25,25.5,"0.167","0.482","0.33",64.5
"Machado, Manny",592518,"SD","SI","Sinker",3.2,5,"162",17.3,"52","0.4","0.644","0.486",12.8,9.6,15.2,"0.31","0.481","0.378",43.9
"Hiura, Keston",669374,"MIL","SI","Sinker",-2.8,-5,"178",18,"52","0.186","0.186","0.246",29.4,21.2,31.4,"0.233","0.32","0.321",27.3
"Swanson, Dansby",621020,"ATL","SL","Slider",-0.6,-1,"219",20.7,"52","0.229","0.396","0.286",42.1,34.6,22,"0.193","0.321","0.257",32.3
"Story, Trevor",596115,"COL","SI","Sinker",2.2,4,"179",17.3,"52","0.333","0.542","0.425",10.8,9.6,12.5,"0.33","0.541","0.397",46.5
"Newman, Kevin",621028,"PIT","FF","4-Seam Fastball",-0.8,-2,"192",29,"52","0.239","0.326","0.315",3.3,3.8,4.3,"0.279","0.422","0.346",50
"Ozuna, Marcell",542303,"ATL","SL","Slider",-1.1,-3,"236",22,"51","0.156","0.333","0.263",50.9,39.2,27.4,"0.179","0.404","0.295",40
"Franco, Maikel",596748,"KC","SL","Slider",-2.1,-5,"245",26,"51","0.213","0.255","0.231",37.5,19.6,14.3,"0.222","0.334","0.265",21.1
"Kiner-Falefa, Isiah",643396,"TEX","SI","Sinker",1,1,"136",17,"51","0.34","0.362","0.379",10.9,3.9,9.1,"0.261","0.305","0.288",24.4
"Hernández, Enrique",571771,"LAD","FF","4-Seam Fastball",-1.1,-2,"205",36.9,"51","0.208","0.438","0.295",19.8,23.5,23.1,"0.267","0.486","0.34",47.2
"Bohm, Alec",664761,"PHI","FF","4-Seam Fastball",-0.5,-1,"215",32.5,"51","0.262","0.429","0.353",25.5,23.5,20.7,"0.229","0.486","0.356",54.8
"Barnes, Austin",605131,"LAD","FF","4-Seam Fastball",-1,-2,"179",45.9,"51","0.25","0.275","0.313",23.1,13.7,16.7,"0.22","0.3","0.306",34.3
"Cruz, Nelson",443558,"MIN","FF","4-Seam Fastball",2.4,6,"269",31.8,"50","0.292","0.771","0.448",29.6,34,20.5,"0.301","0.716","0.43",54.8
"Canó, Robinson",429664,"NYM","FF","4-Seam Fastball",3.5,8,"221",36.5,"50","0.457","0.804","0.536",8.9,12,10.9,"0.411","0.657","0.475",53.7
"Anderson, Brian",605119,"MIA","SL","Slider",-1.8,-3,"180",20.3,"50","0.156","0.244","0.225",40.8,30,24.2,"0.122","0.194","0.191",23.3
"Buxton, Byron",621439,"MIN","FF","4-Seam Fastball",-1.2,-2,"175",39.5,"50","0.174","0.37","0.238",24.1,28,29.2,"0.215","0.451","0.283",44.1
"Castro, Willi",650489,"DET","FF","4-Seam Fastball",2,4,"204",38.2,"50","0.372","0.558","0.424",35,26,18.6,"0.318","0.537","0.396",25
"Biggio, Cavan",624415,"TOR","SI","Sinker",3.6,6,"173",15.6,"50","0.35","0.65","0.496",16.4,14,17.5,"0.3","0.451","0.398",45.5
"Alberto, Hanser",593643,"BAL","SL","Slider",0.8,1,"156",20.5,"50","0.271","0.417","0.349",23.2,20,21.7,"0.225","0.301","0.239",12.8
"Paredes, Isaac",670623,"DET","FF","4-Seam Fastball",0.2,0,"153",34.1,"50","0.34","0.468","0.373",8.7,20,22.2,"0.293","0.383","0.317",35.1
"Duvall, Adam",594807,"ATL","SL","Slider",-1.1,-2,"177",22.2,"50","0.125","0.438","0.264",49,50,41,"0.136","0.427","0.247",47.8
"Hernández, César",514917,"CLE","SI","Sinker",0.4,1,"205",19.1,"49","0.333","0.467","0.394",13.3,20.4,20.8,"0.32","0.469","0.368",57.1
"Hernández, Teoscar",606192,"TOR","FF","4-Seam Fastball",3.4,8,"244",29,"49","0.356","0.867","0.541",28.5,24.5,16.7,"0.333","0.857","0.505",78.8
"Encarnación, Edwin",429665,"CWS","FF","4-Seam Fastball",-2.8,-7,"240",30.3,"49","0.075","0.15","0.224",32.2,26.5,18.3,"0.123","0.308","0.272",29.6
"Chavis, Michael",656308,"BOS","FF","4-Seam Fastball",-0.5,-1,"238",38.3,"49","0.214","0.429","0.303",27.7,30.6,20.3,"0.276","0.467","0.355",48.3
"Margot, Manuel",622534,"TB","FF","4-Seam Fastball",-2.4,-5,"200",34.3,"49","0.238","0.238","0.284",20,18.4,18,"0.256","0.413","0.345",33.3
"Odor, Rougned",596059,"TEX","FF","4-Seam Fastball",0,0,"204",34.3,"49","0.195","0.463","0.302",23.7,30.6,18.8,"0.165","0.404","0.294",28.6
"Alberto, Hanser",593643,"BAL","SI","Sinker",-3.2,-4,"133",17.5,"49","0.261","0.326","0.27",16.3,8.2,16,"0.265","0.33","0.275",25.6
"Marte, Starling",516782,"MIA","SI","Sinker",-1.5,-3,"181",19.2,"48","0.239","0.326","0.27",14.3,16.7,17.8,"0.221","0.267","0.236",28.9
"Walker, Christian",572233,"AZ","SL","Slider",2.4,4,"185",19.2,"48","0.326","0.581","0.421",34.4,22.9,17.5,"0.29","0.567","0.39",45.5
"Turner, Trea",607208,"WSH","SI","Sinker",5.1,9,"182",17.6,"48","0.409","0.955","0.589",14.5,0,0,"0.365","0.684","0.467",45.5
"DeShields, Delino",592261,"CLE","FF","4-Seam Fastball",-1,-2,"193",43.1,"48","0.31","0.381","0.338",22.5,20.8,20.4,"0.276","0.389","0.323",26.5
"LeMahieu, DJ",518934,"NYY","SI","Sinker",1.9,4,"185",22.3,"48","0.325","0.575","0.45",8.6,6.3,7,"0.253","0.352","0.33",42.1
"Rizzo, Anthony",519203,"CHC","SI","Sinker",-0.1,0,"187",19,"48","0.2","0.35","0.35",8.3,8.3,9.1,"0.329","0.443","0.396",44.4
"Freeman, Freddie",518692,"ATL","SL","Slider",0.2,0,"208",20.4,"48","0.237","0.368","0.352",24,18.8,12.5,"0.256","0.422","0.374",51.7
"Murphy, Daniel",502517,"COL","FF","4-Seam Fastball",-1,-2,"191",39.2,"48","0.271","0.458","0.311",14.7,22.9,23.4,"0.282","0.477","0.321",32.4
"Bader, Harrison",664056,"STL","FF","4-Seam Fastball",-1,-2,"186",35.6,"48","0.216","0.459","0.382",31.7,33.3,29.6,"0.179","0.432","0.355",45.5
"Schoop, Jonathan",570731,"DET","FF","4-Seam Fastball",1.8,3,"195",31.3,"48","0.326","0.535","0.407",24.7,25,20.7,"0.248","0.378","0.298",40.6
"Giménez, Andrés",665926,"NYM","FF","4-Seam Fastball",-0.6,-1,"190",37.8,"47","0.238","0.429","0.313",21,21.3,16.7,"0.222","0.367","0.282",33.3
"Tatis Jr., Fernando",665487,"SD","SI","Sinker",0.9,2,"214",21.7,"47","0.293","0.585","0.397",15.8,14.9,14.9,"0.358","0.618","0.455",62.9
"Braun, Ryan",460075,"MIL","FF","4-Seam Fastball",2.1,3,"147",29.6,"47","0.326","0.651","0.435",23.3,14.9,19.4,"0.345","0.653","0.441",47.2
"Hicks, Aaron",543305,"NYY","SI","Sinker",1.7,3,"152",16.6,"47","0.342","0.632","0.467",16.9,12.8,27.3,"0.295","0.52","0.412",46.9
"Davis, J.D.",605204,"NYM","SI","Sinker",-0.1,0,"170",17.9,"47","0.282","0.385","0.353",21.4,21.3,17.9,"0.294","0.449","0.374",46.7
"Lewis, Kyle",641786,"SEA","SL","Slider",1.2,2,"171",17.4,"47","0.273","0.409","0.34",39,31.9,28.3,"0.239","0.368","0.288",31
"Cruz, Nelson",443558,"MIN","SL","Slider",-0.3,-1,"193",22.8,"47","0.214","0.357","0.293",52.7,40.4,32.8,"0.181","0.301","0.257",34.8
"Bote, David",623520,"CHC","FF","4-Seam Fastball",0.8,2,"228",38.1,"47","0.237","0.5","0.383",23.1,17,13.8,"0.274","0.499","0.398",56.7
"Pederson, Joc",592626,"LAD","FF","4-Seam Fastball",1.9,4,"184",33.5,"47","0.286","0.738","0.462",27,25.5,22.2,"0.276","0.663","0.422",50
"Kelly, Carson",608348,"AZ","FF","4-Seam Fastball",0.1,0,"210",41.5,"47","0.244","0.488","0.359",21.8,19.1,18.4,"0.237","0.441","0.338",53.1
"Correa, Carlos",621043,"HOU","SL","Slider",-1.3,-2,"184",21.2,"47","0.214","0.262","0.281",33.3,27.7,21.7,"0.175","0.209","0.225",24.1
"Stewart, DJ",621466,"BAL","FF","4-Seam Fastball",-1.6,-3,"209",42.3,"47","0.059","0.235","0.279",37.7,44.7,25.9,"0.081","0.186","0.274",38.5
"Miller, Brad",543543,"STL","FF","4-Seam Fastball",0.6,1,"204",29.1,"46","0.243","0.568","0.408",48,34.8,29.6,"0.239","0.482","0.379",47.6
"Kiermaier, Kevin",595281,"TB","FF","4-Seam Fastball",-0.1,0,"212",32.5,"46","0.184","0.447","0.357",29.3,28.3,21.7,"0.276","0.514","0.397",60
"Acuña Jr., Ronald",660670,"ATL","SI","Sinker",2,4,"181",20.7,"46","0.281","0.625","0.476",19.1,17.4,17,"0.31","0.665","0.495",50
"Piscotty, Stephen",572039,"ATH","FF","4-Seam Fastball",-1.5,-2,"160",27.2,"46","0.22","0.39","0.299",30.9,34.8,34,"0.233","0.459","0.325",42.3
"García Jr., Luis",671277,"WSH","FF","4-Seam Fastball",-0.6,-1,"154",30.5,"46","0.311","0.467","0.345",15.4,19.6,23.1,"0.249","0.407","0.29",25
"Thames, Eric",519346,"WSH","FF","4-Seam Fastball",0.9,2,"187",32.2,"46","0.244","0.439","0.335",24.2,37,23.6,"0.254","0.549","0.371",70.8
"Mazara, Nomar",608577,"CWS","FF","4-Seam Fastball",-1.8,-3,"188",30.8,"46","0.238","0.333","0.288",23.6,23.9,21.6,"0.26","0.506","0.356",54.8
"Polanco, Jorge",593871,"MIN","SI","Sinker",-2.9,-4,"128",14.2,"46","0.289","0.311","0.277",7.9,15.2,22.6,"0.302","0.418","0.322",28.9
"Naquin, Tyler",571980,"CLE","FF","4-Seam Fastball",-0.8,-2,"219",41.9,"46","0.209","0.372","0.296",37.5,39.1,26.1,"0.203","0.365","0.268",56
"Frazier, Adam",624428,"PIT","SI","Sinker",-2,-3,"155",17.5,"46","0.25","0.364","0.291",9,13,14.6,"0.277","0.387","0.307",31.6
"Rendon, Anthony",543685,"LAA","SI","Sinker",3.3,6,"169",19,"46","0.421","0.816","0.553",4.3,8.7,11.1,"0.373","0.725","0.502",61.8
"Ahmed, Nick",605113,"AZ","SL","Slider",0.7,1,"183",22,"46","0.244","0.39","0.318",37.8,23.9,16.4,"0.214","0.32","0.28",33.3
"Lindor, Francisco",596019,"CLE","CH","Changeup",0.2,0,"177",15.8,"45","0.268","0.341","0.326",17,0,0,"0.321","0.43","0.358",29.3
"Alonso, Pete",624413,"NYM","SL","Slider",2.2,3,"155",16.7,"45","0.237","0.5","0.363",43,28.9,24.1,"0.243","0.55","0.37",38.5
"Sogard, Eric",519299,"MIL","FF","4-Seam Fastball",0.5,1,"154",30.9,"45","0.324","0.514","0.404",0,4.4,4.9,"0.35","0.436","0.395",11.1
"Inciarte, Ender",542255,"ATL","FF","4-Seam Fastball",-2.9,-6,"212",39.4,"45","0.132","0.132","0.193",27.7,17.8,12.5,"0.183","0.23","0.251",9.7
"Marte, Starling",516782,"MIA","SL","Slider",0.4,1,"168",17.8,"45","0.293","0.317","0.322",41.8,31.1,24.1,"0.215","0.319","0.256",46.4
"Olson, Matt",621566,"ATH","CH","Changeup",-0.7,-1,"145",14.5,"45","0.214","0.381","0.303",13.6,17.8,22.2,"0.288","0.52","0.366",50
"Walker, Christian",572233,"AZ","SI","Sinker",1.1,2,"148",15.4,"45","0.25","0.556","0.413",11.7,6.7,8.8,"0.301","0.612","0.431",55.9
"Duvall, Adam",594807,"ATL","SI","Sinker",-0.9,-1,"141",17.7,"45","0.205","0.436","0.326",6.6,15.6,25.9,"0.23","0.548","0.372",34.4
"Conforto, Michael",624424,"NYM","SI","Sinker",6.4,9,"136",14.6,"45","0.27","0.622","0.49",11.9,17.8,20.5,"0.345","0.737","0.496",51.7
"Murphy, Sean",669221,"ATH","FF","4-Seam Fastball",1.4,3,"184",31.5,"45","0.212","0.667","0.448",21.8,17.8,14.3,"0.213","0.568","0.419",56
"Lindor, Francisco",596019,"CLE","SI","Sinker",1,2,"177",15.8,"45","0.366","0.561","0.427",16.3,11.1,11.6,"0.259","0.465","0.341",50
"Gardner, Brett",458731,"NYY","FF","4-Seam Fastball",-1.4,-3,"228",34.9,"45","0.216","0.324","0.317",22.2,24.4,21.6,"0.217","0.393","0.335",57.7
"Yelich, Christian",592885,"MIL","SI","Sinker",-0.6,-1,"199",18.1,"45","0.184","0.368","0.326",22.6,31.1,26.4,"0.238","0.409","0.342",58.3
"Riley, Austin",663586,"ATL","SI","Sinker",0.4,1,"160",20.7,"45","0.317","0.439","0.39",14.5,15.6,18.4,"0.296","0.388","0.335",55.9
"Wolters, Tony",547172,"COL","FF","4-Seam Fastball",0.6,1,"174",42.2,"45","0.325","0.425","0.389",13.9,15.6,26.9,"0.31","0.431","0.36",24.2
"Votto, Joey",458015,"CIN","SI","Sinker",1.9,4,"202",21.9,"45","0.281","0.469","0.47",14.9,6.7,5.7,"0.284","0.412","0.411",37.9
"Laureano, Ramón",657656,"ATH","SL","Slider",-2,-4,"188",21,"45","0.098","0.146","0.158",44.6,40,27.3,"0.143","0.22","0.205",21.7
"Segura, Jean",516416,"PHI","SL","Slider",-0.5,-1,"153",18.6,"44","0.3","0.375","0.333",28.9,18.2,20.5,"0.287","0.413","0.337",40.6
"Kemp, Matt",461314,"COL","FF","4-Seam Fastball",-0.7,-1,"186",34,"44","0.263","0.447","0.358",29.1,34.1,31.9,"0.23","0.445","0.341",39.1
"O'Neill, Tyler",641933,"STL","SL","Slider",0.5,1,"166",26.7,"44","0.244","0.463","0.355",43,34.1,20.8,"0.193","0.367","0.268",26.9
"Trout, Mike",545361,"LAA","SI","Sinker",2.6,4,"173",16.9,"44","0.333","0.615","0.467",13,11.4,12.8,"0.397","0.73","0.501",50
"Hoerner, Nico",663538,"CHC","FF","4-Seam Fastball",-1.8,-3,"182",34.8,"44","0.143","0.171","0.28",8.8,9.1,8,"0.25","0.373","0.359",38.7
"Suzuki, Kurt",435559,"WSH","FF","4-Seam Fastball",0.4,1,"162",33.5,"44","0.286","0.543","0.406",10.3,6.8,5.7,"0.241","0.453","0.375",36.4
"Mondesi, Adalberto",609275,"KC","CH","Changeup",0.6,1,"167",19.7,"44","0.282","0.385","0.366",37.6,15.9,17.9,"0.259","0.367","0.32",15.6
"Naylor, Josh",647304,"CLE","FF","4-Seam Fastball",-3.3,-4,"130",34.2,"44","0.244","0.293","0.268",8.1,2.3,3.1,"0.262","0.335","0.289",27.5
"Segura, Jean",516416,"PHI","SI","Sinker",2.2,4,"183",22.3,"44","0.333","0.59","0.448",9.6,15.9,15.6,"0.268","0.486","0.363",53.1
"Cruz, Nelson",443558,"MIN","SI","Sinker",7.4,10,"139",16.4,"44","0.5","0.941","0.632",15.3,9.1,10.3,"0.417","0.837","0.565",60
"Smith, Will",669257,"LAD","FF","4-Seam Fastball",1.8,4,"212",34.8,"44","0.294","0.735","0.472",16.3,18.2,15.1,"0.313","0.647","0.468",74.1
"Semien, Marcus",543760,"ATH","SI","Sinker",0.9,2,"170",17.3,"44","0.351","0.432","0.422",12.2,9.1,10.3,"0.255","0.367","0.34",27.3
"Lindor, Francisco",596019,"CLE","SL","Slider",-2.2,-4,"179",16,"44","0.128","0.256","0.223",37.4,36.4,18,"0.234","0.364","0.305",39.1
"Arraez, Luis",650333,"MIN","FF","4-Seam Fastball",0.2,0,"207",40.4,"44","0.316","0.368","0.377",5.8,6.8,5.4,"0.32","0.5","0.397",40
"Grisham, Trent",663757,"SD","CH","Changeup",-2.2,-3,"134",12.8,"44","0.167","0.262","0.213",25,29.5,28.9,"0.146","0.217","0.181",27.6
"Ramírez, José",608070,"CLE","SL","Slider",1.6,3,"198",17.3,"44","0.231","0.462","0.358",20,25,15.5,"0.208","0.372","0.296",39.3
"Urías, Luis",649966,"MIL","FF","4-Seam Fastball",-0.7,-1,"168",34.6,"44","0.275","0.4","0.328",22.8,27.3,21.1,"0.249","0.33","0.292",35.7
"Mendick, Danny",664901,"CWS","FF","4-Seam Fastball",-1.1,-2,"176",37.6,"44","0.205","0.359","0.317",27.6,25,22.9,"0.223","0.328","0.282",31
"Quinn, Roman",596451,"PHI","FF","4-Seam Fastball",-1.6,-3,"166",36.6,"43","0.184","0.237","0.255",16.7,20.9,21.4,"0.222","0.247","0.256",26.7
"Rosario, Eddie",592696,"MIN","CH","Changeup",4.4,6,"131",15.8,"43","0.359","0.692","0.469",19.1,9.3,12.1,"0.314","0.549","0.397",25.7
"Goldschmidt, Paul",502671,"STL","SI","Sinker",1.6,3,"182",18.6,"43","0.353","0.5","0.438",14.3,16.3,11.9,"0.307","0.48","0.413",44.4
"Goldschmidt, Paul",502671,"STL","SL","Slider",0.1,0,"212",21.7,"43","0.286","0.314","0.331",29.6,16.3,10.9,"0.246","0.288","0.311",31
"Galvis, Freddy",520471,"CIN","FF","4-Seam Fastball",-1.4,-2,"167",27,"43","0.152","0.333","0.319",27.6,18.6,17,"0.196","0.405","0.357",32
"Cooper, Garrett",643265,"MIA","FF","4-Seam Fastball",0.1,0,"184",33,"43","0.282","0.615","0.405",21.9,27.9,26.1,"0.266","0.519","0.363",51.9
"Grichuk, Randal",545341,"TOR","SL","Slider",2.5,3,"142",16.6,"43","0.3","0.625","0.41",24.4,16.3,14.9,"0.284","0.538","0.377",29.4
"Dozier, Hunter",641531,"KC","SL","Slider",-0.6,-1,"196",27,"43","0.171","0.314","0.305",52.1,37.2,25,"0.164","0.317","0.299",15.8
"Laureano, Ramón",657656,"ATH","SI","Sinker",2.7,4,"135",15.1,"43","0.314","0.514","0.42",5.7,7,15.8,"0.366","0.56","0.454",37.5
"Pollock, AJ",572041,"LAD","SL","Slider",-1.4,-2,"158",21.2,"43","0.179","0.359","0.282",33.3,27.9,25,"0.212","0.374","0.274",39.3
"Hilliard, Sam",656541,"COL","FF","4-Seam Fastball",-0.1,0,"200",40.7,"43","0.286","0.595","0.386",35.4,32.6,24.1,"0.201","0.335","0.24",57.1
"Taylor, Chris",621035,"LAD","SL","Slider",-1.7,-3,"181",21.1,"43","0.122","0.293","0.238",42.5,34.9,25,"0.202","0.374","0.266",42.3
"Voit, Luke",572228,"NYY","SL","Slider",0.6,1,"174",19.1,"43","0.238","0.5","0.34",34.4,20.9,17.3,"0.257","0.502","0.325",30.3
"González, Erik",570481,"PIT","SL","Slider",1,2,"147",22.2,"43","0.279","0.465","0.34",43.8,30.2,26,"0.261","0.417","0.292",40
"Piscotty, Stephen",572039,"ATH","SL","Slider",-0.3,0,"125",21.3,"43","0.25","0.35","0.297",42.9,34.9,37.5,"0.251","0.374","0.283",26.9
"Valaika, Pat",642162,"BAL","FF","4-Seam Fastball",-1.1,-2,"191",33.6,"43","0.162","0.27","0.278",30.2,25.6,22.9,"0.196","0.375","0.303",38.5
"Frazier, Clint",640449,"NYY","FF","4-Seam Fastball",2.3,4,"188",27.3,"43","0.394","0.788","0.528",19.4,11.6,11.6,"0.32","0.648","0.458",48.3
"Gomes, Yan",543228,"WSH","FF","4-Seam Fastball",-1.6,-2,"133",32.8,"43","0.162","0.378","0.263",15.7,16.3,21.9,"0.22","0.444","0.301",42.4
"Reyes, Franmil",614177,"CLE","SI","Sinker",0,0,"184",18.7,"42","0.333","0.472","0.41",13.9,9.5,11.1,"0.294","0.416","0.363",37.5
"Schwarber, Kyle",656941,"CHC","SL","Slider",-2.3,-3,"149",15.6,"42","0.154","0.256","0.218",39.1,40.5,25.4,"0.182","0.315","0.247",45.5
"Turner, Trea",607208,"WSH","CH","Changeup",0.6,1,"126",12.2,"42","0.263","0.421","0.323",23,11.9,8.5,"0.249","0.378","0.319",32.4
"Santana, Carlos",467793,"CLE","SI","Sinker",1.2,2,"173",15.4,"42","0.25","0.5","0.422",13.6,14.3,20,"0.33","0.572","0.452",44.4
"Taylor, Michael A.",572191,"WSH","FF","4-Seam Fastball",-0.7,-1,"160",40.7,"42","0.175","0.35","0.243",22.8,28.6,21.1,"0.236","0.504","0.325",42.9
"McCutchen, Andrew",457705,"PHI","SL","Slider",0.8,1,"179",18.4,"42","0.176","0.382","0.327",30.5,21.4,14.8,"0.19","0.35","0.31",23.1
"Hiura, Keston",669374,"MIL","SL","Slider",-1.4,-2,"181",18.3,"42","0.179","0.359","0.282",50,42.9,31.6,"0.162","0.32","0.238",38.1
"Kepler, Max",596146,"MIN","SI","Sinker",-1.3,-2,"131",17,"42","0.237","0.447","0.335",14.8,9.5,17.4,"0.318","0.496","0.381",44.1
"Hernández, César",514917,"CLE","SL","Slider",2.1,3,"153",14.2,"42","0.263","0.5","0.358",29.6,33.3,20.9,"0.224","0.462","0.327",33.3
"Santana, Carlos",467793,"CLE","SL","Slider",-1.9,-4,"194",17.3,"42","0.086","0.171","0.207",27.5,16.7,10.6,"0.24","0.41","0.346",39.3
"Escobar, Eduardo",500871,"AZ","CH","Changeup",-1.3,-2,"131",16.2,"42","0.244","0.341","0.265",21.3,14.3,18.8,"0.285","0.354","0.291",28.6
"Gurriel Jr., Lourdes",666971,"TOR","SL","Slider",1.5,2,"152",18.3,"42","0.35","0.6","0.44",30.2,16.7,14.3,"0.303","0.538","0.374",48.5
"Solak, Nick",669256,"TEX","SL","Slider",-1.1,-2,"161",18,"42","0.231","0.282","0.243",27.6,21.4,16.1,"0.261","0.345","0.299",29
"Iglesias, Jose",578428,"BAL","FF","4-Seam Fastball",0.5,1,"146",25.8,"41","0.325","0.5","0.363",7.8,4.9,5.4,"0.381","0.604","0.427",44.7
"Kiner-Falefa, Isiah",643396,"TEX","SL","Slider",-1.6,-2,"153",19.1,"41","0.22","0.268","0.237",26.4,17.1,13,"0.215","0.264","0.211",26.5
"Rosario, Eddie",592696,"MIN","SL","Slider",-0.3,0,"138",16.7,"41","0.275","0.475","0.338",18.1,14.6,15,"0.239","0.403","0.284",32.4
"Adell, Jo",666176,"LAA","FF","4-Seam Fastball",-4.2,-7,"156",28.5,"41","0.128","0.154","0.152",48.8,48.8,40.8,"0.092","0.111","0.12",21.1
"Franco, Maikel",596748,"KC","SI","Sinker",-1.6,-2,"145",15.4,"41","0.263","0.316","0.295",17.4,14.6,14.3,"0.259","0.323","0.289",46.9
"Myers, Wil",571976,"SD","SL","Slider",5.2,8,"158",18.7,"41","0.378","0.811","0.517",37.3,31.7,23.6,"0.294","0.67","0.428",50
"Hays, Austin",669720,"BAL","FF","4-Seam Fastball",0.7,1,"171",31.8,"41","0.229","0.4","0.385",11.3,17.1,11.9,"0.235","0.363","0.323",39.3
"Lopes, Tim",621005,"SEA","FF","4-Seam Fastball",-0.3,-1,"207",36.3,"41","0.289","0.421","0.357",33.7,29.3,21.8,"0.235","0.371","0.291",53.8
"Suárez, Eugenio",553993,"CIN","SI","Sinker",-2.5,-4,"172",17.2,"41","0.179","0.333","0.241",17.9,22,23.1,"0.215","0.354","0.264",40
"Dickerson, Corey",572816,"MIA","CH","Changeup",-2.9,-4,"132",15.3,"41","0.15","0.175","0.201",20.6,9.8,10.3,"0.213","0.244","0.219",25
"Holt, Brock",571788,"WSH","FF","4-Seam Fastball",0.5,1,"146",31.6,"41","0.378","0.486","0.393",15.9,24.4,23.3,"0.325","0.445","0.351",42.9
"Gurriel, Yuli",493329,"HOU","SL","Slider",-3,-4,"130",16.5,"41","0.158","0.289","0.193",31.4,19.5,21.1,"0.176","0.3","0.212",28.1
"Marmolejos, José",592530,"SEA","FF","4-Seam Fastball",2,3,"133",29.6,"41","0.286","0.629","0.428",23.2,22,31,"0.297","0.644","0.436",57.7
"Contreras, Willson",575929,"CHC","SI","Sinker",-0.6,-1,"170",19.5,"41","0.188","0.25","0.302",22.1,22,18.8,"0.296","0.472","0.412",60.9
"Yelich, Christian",592885,"MIL","SL","Slider",1.4,2,"159",14.5,"41","0.235","0.471","0.388",41.3,36.6,22.7,"0.269","0.551","0.404",68.4
"Mountcastle, Ryan",663624,"BAL","FF","4-Seam Fastball",-1,-2,"162",31.2,"41","0.297","0.405","0.345",25.3,19.5,16.7,"0.289","0.441","0.348",44.8
"Calhoun, Kole",594777,"AZ","SI","Sinker",3.5,5,"136",15.1,"41","0.241","0.69","0.486",22,12.2,22.7,"0.284","0.667","0.486",37.5
"Báez, Javier",595879,"CHC","SI","Sinker",-1.1,-2,"139",15.3,"41","0.263","0.395","0.35",21.9,12.2,19.2,"0.287","0.403","0.323",47.1
"Longoria, Evan",446334,"SF","SL","Slider",-1.9,-3,"163",20.5,"41","0.2","0.25","0.21",33.8,31.7,25.5,"0.198","0.267","0.214",25.9
"Newman, Kevin",621028,"PIT","SL","Slider",-1.3,-2,"133",20.1,"41","0.179","0.179","0.208",31.5,19.5,21.1,"0.185","0.237","0.212",9.7
"Calhoun, Willie",641432,"TEX","FF","4-Seam Fastball",-2.1,-3,"136",32.5,"41","0.237","0.421","0.315",4.2,2.4,3.7,"0.258","0.37","0.288",39.5
"Olivares, Edward",658668,"KC","FF","4-Seam Fastball",-2.6,-4,"156",38.8,"41","0.231","0.308","0.257",25.8,24.4,19.6,"0.252","0.322","0.273",31
"La Stella, Tommy",600303,"ATH","SI","Sinker",0.1,0,"166",17.7,"41","0.188","0.469","0.356",7,2.4,3.7,"0.311","0.456","0.403",37.5
"Severino, Pedro",600474,"BAL","SI","Sinker",-3.6,-5,"150",20.2,"41","0.162","0.189","0.23",11.3,12.2,19.2,"0.237","0.277","0.275",28.1
"Newman, Kevin",621028,"PIT","SI","Sinker",-2.8,-4,"159",24,"41","0.237","0.237","0.254",4.3,9.8,11.8,"0.312","0.376","0.317",28.6
"d'Arnaud, Travis",518595,"ATL","SL","Slider",0.7,1,"146",21.6,"41","0.27","0.514","0.367",47.8,29.3,22.6,"0.244","0.436","0.327",40
"Barnhart, Tucker",571466,"CIN","FF","4-Seam Fastball",2.1,3,"134",30.7,"41","0.286","0.743","0.465",19.4,17.1,20.6,"0.327","0.731","0.477",21.4
"Ramírez, José",608070,"CLE","CH","Changeup",0.9,2,"194",16.9,"41","0.308","0.538","0.377",23.7,14.6,13,"0.297","0.392","0.319",21.2
"Adrianza, Ehire",501303,"MIN","FF","4-Seam Fastball",-2,-3,"147",36.2,"41","0.206","0.294","0.299",15.4,26.8,23.4,"0.223","0.33","0.315",30.4
"Sandoval, Pablo",467055,"ATL","FF","4-Seam Fastball",-0.9,-1,"148",41.7,"40","0.257","0.343","0.326",39.2,27.5,26.2,"0.212","0.308","0.285",54.2
"Arcia, Orlando",606115,"MIL","SL","Slider",0.1,0,"151",21.5,"40","0.278","0.5","0.359",25.4,12.5,14.3,"0.308","0.423","0.362",31.3
"Riley, Austin",663586,"ATL","SL","Slider",0,0,"184",23.8,"40","0.237","0.447","0.31",45.1,30,18.5,"0.227","0.404","0.289",34.6
"Dozier, Hunter",641531,"KC","SI","Sinker",0.7,1,"119",16.4,"40","0.306","0.389","0.368",11.3,7.5,21.4,"0.289","0.344","0.319",27.3
"Martinez, J.D.",502110,"BOS","SI","Sinker",-3.6,-6,"161",17.9,"40","0.139","0.139","0.183",20.5,25,26.3,"0.233","0.291","0.278",38.5
"Merrifield, Whit",593160,"KC","CH","Changeup",-1.5,-2,"120",12,"40","0.2","0.35","0.235",16.7,12.5,12.2,"0.307","0.54","0.359",22.9
"Lowe, Brandon",664040,"TB","CH","Changeup",-0.7,-1,"146",16.6,"40","0.167","0.417","0.291",43.2,25,22.2,"0.241","0.416","0.305",25.9
"Davis, J.D.",605204,"NYM","CH","Changeup",1.1,1,"120",12.6,"40","0.235","0.353","0.32",31.8,25,19.6,"0.215","0.395","0.326",50
"Ahmed, Nick",605113,"AZ","SI","Sinker",0.8,1,"136",16.3,"40","0.297","0.378","0.373",15.9,15,25,"0.275","0.388","0.319",22.6
"Stallings, Jacob",607732,"PIT","FF","4-Seam Fastball",-1.1,-2,"180",29.1,"40","0.219","0.375","0.315",25,27.5,18.6,"0.209","0.384","0.321",56.5
"Grichuk, Randal",545341,"TOR","CH","Changeup",-0.1,0,"109",12.7,"40","0.225","0.425","0.268",27.5,20,20.5,"0.201","0.343","0.251",18.8
"Pham, Tommy",502054,"SD","FF","4-Seam Fastball",-0.2,0,"165",33.1,"40","0.161","0.29","0.337",20,20,17,"0.274","0.602","0.44",56.5
"Santander, Anthony",623993,"BAL","FF","4-Seam Fastball",2,4,"185",31.4,"40","0.289","0.816","0.465",30.9,17.5,15.2,"0.291","0.675","0.413",41.9
"Gurriel, Yuli",493329,"HOU","SI","Sinker",-3.2,-4,"129",16.3,"40","0.243","0.324","0.253",6.5,7.5,13.6,"0.291","0.365","0.327",47.2
"Moncada, Yoán",660162,"CWS","SL","Slider",-3.1,-4,"133",13.6,"40","0.143","0.171","0.191",45.5,42.5,29.8,"0.086","0.135","0.156",21.1
"Robles, Victor",645302,"WSH","SL","Slider",-1.2,-2,"145",19.2,"40","0.231","0.333","0.256",31,32.5,23.2,"0.221","0.305","0.24",15.4
"Rendon, Anthony",543685,"LAA","SL","Slider",2.1,3,"153",17.2,"40","0.364","0.515","0.438",27.6,15,14.3,"0.327","0.461","0.401",25.9
"Trout, Mike",545361,"LAA","SL","Slider",1.2,2,"146",14.3,"40","0.229","0.629","0.376",25.5,32.5,22,"0.185","0.417","0.307",39.1
"Nimmo, Brandon",607043,"NYM","SI","Sinker",-0.3,0,"148",15.1,"40","0.273","0.364","0.36",17.7,15,13.6,"0.252","0.316","0.329",29.6
"Joyce, Matt",459964,"MIA","FF","4-Seam Fastball",1.1,2,"162",26.9,"40","0.313","0.469","0.433",17.7,15,15.4,"0.249","0.422","0.366",34.6
"Renfroe, Hunter",592669,"TB","FF","4-Seam Fastball",-1.5,-2,"157",27.5,"39","0.147","0.471","0.316",23.9,25.6,21.7,"0.162","0.42","0.299",54.2
"González, Erik",570481,"PIT","SI","Sinker",-1.7,-2,"135",20.4,"39","0.235","0.294","0.3",17.7,12.8,20,"0.18","0.21","0.242",48.3
"Solano, Donovan",456781,"SF","SL","Slider",2.9,4,"144",19.3,"39","0.351","0.568","0.42",36.6,23.1,18,"0.272","0.457","0.329",25
"Devers, Rafael",646240,"BOS","SI","Sinker",3.6,5,"126",12.9,"39","0.343","0.686","0.496",13.8,12.8,16.7,"0.347","0.683","0.461",40
"Freeman, Freddie",518692,"ATL","SI","Sinker",1.7,3,"160",15.7,"39","0.382","0.529","0.446",14.6,15.4,15.8,"0.35","0.544","0.423",60.7
"Cabrera, Asdrúbal",452678,"WSH","SI","Sinker",-2,-3,"151",17.8,"39","0.229","0.371","0.285",15.5,12.8,22.7,"0.265","0.468","0.331",51.6
"Urshela, Gio",570482,"NYY","SI","Sinker",-1.4,-2,"121",19.1,"39","0.243","0.351","0.304",6.5,12.8,26.3,"0.315","0.502","0.368",62.5
"d'Arnaud, Travis",518595,"ATL","SI","Sinker",4.2,6,"152",22.5,"39","0.5","0.794","0.558",16,15.4,19.4,"0.401","0.669","0.471",72.4
"Peraza, José",606299,"BOS","FF","4-Seam Fastball",-2,-3,"139",33.7,"39","0.206","0.353","0.278",24.1,28.2,22.9,"0.205","0.318","0.281",45.8
"LeMahieu, DJ",518934,"NYY","SL","Slider",-1.1,-1,"129",15.6,"39","0.243","0.297","0.268",14.8,10.3,9.5,"0.275","0.392","0.307",33.3
"Kieboom, Carter",666198,"WSH","FF","4-Seam Fastball",-0.4,-1,"178",33.2,"39","0.25","0.25","0.31",14.3,15.4,10.2,"0.202","0.262","0.292",19.2
"Muncy, Max",571970,"LAD","CH","Changeup",-2.7,-4,"160",14.5,"39","0.1","0.1","0.213",42,23.1,18,"0.166","0.236","0.284",31.8
"Bellinger, Cody",641355,"LAD","CH","Changeup",2.4,3,"127",13.1,"39","0.306","0.639","0.421",17.5,10.3,12.5,"0.348","0.642","0.442",37.5
"Perez, Salvador",521692,"KC","FF","4-Seam Fastball",6.8,11,"156",27.7,"39","0.447","1","0.622",26.9,23.1,20.9,"0.343","0.828","0.486",58.6
"Tatis Jr., Fernando",665487,"SD","SL","Slider",-1.1,-2,"154",15.6,"39","0.229","0.371","0.301",47.3,28.2,22.4,"0.235","0.37","0.303",50
"Markakis, Nick",455976,"ATL","FF","4-Seam Fastball",-1.8,-3,"189",34.4,"39","0.167","0.222","0.256",11.4,20.5,15.4,"0.233","0.323","0.275",57.1
"Pillar, Kevin",607680,"COL","SI","Sinker",-1.3,-2,"155",18.7,"39","0.206","0.324","0.288",7.5,10.3,12.9,"0.263","0.371","0.33",43.3
"Yelich, Christian",592885,"MIL","CU","Curveball",-0.5,-1,"174",15.8,"39","0.129","0.258","0.273",52.7,43.6,31.5,"0.161","0.284","0.293",50
"Cave, Jake",595909,"MIN","FF","4-Seam Fastball",0.1,0,"189",37.5,"39","0.314","0.514","0.39",31.5,30.8,23.5,"0.262","0.346","0.308",60.9
"Acuña Jr., Ronald",660670,"ATL","SL","Slider",-0.1,0,"159",18.2,"39","0.235","0.412","0.329",33.8,28.2,20.4,"0.235","0.427","0.334",60.9
"Blackmon, Charlie",453568,"COL","SL","Slider",1.6,2,"126",13.9,"39","0.286","0.429","0.331",30.6,20.5,14.8,"0.284","0.461","0.353",17.9
"Winker, Jesse",608385,"CIN","SI","Sinker",1.1,2,"137",17.5,"39","0.241","0.69","0.463",21.1,23.1,24.3,"0.232","0.509","0.409",45
"Flores, Wilmer",527038,"SF","SL","Slider",-0.9,-1,"159",17.8,"39","0.171","0.343","0.288",18.3,17.9,11.5,"0.175","0.295","0.251",35.7
"Arcia, Orlando",606115,"MIL","SI","Sinker",-1.9,-3,"142",20.2,"39","0.235","0.265","0.283",19.4,12.8,20,"0.266","0.36","0.325",41.4
"Realmuto, J.T.",592663,"PHI","SI","Sinker",1,1,"135",18.2,"39","0.333","0.455","0.422",16.1,5.1,11.1,"0.29","0.413","0.366",48.4
"Seager, Corey",608369,"LAD","CH","Changeup",-1.6,-2,"111",13.8,"39","0.231","0.359","0.261",25.8,15.4,23.1,"0.272","0.431","0.299",45.5
"Bote, David",623520,"CHC","SL","Slider",-1.2,-1,"118",19.7,"39","0.135","0.378","0.236",35.1,43.6,41.5,"0.149","0.335","0.226",60
"León, Sandy",506702,"CLE","FF","4-Seam Fastball",0.2,0,"160",45.6,"39","0.107","0.321","0.323",32.8,25.6,25,"0.17","0.387","0.362",33.3
"McMahon, Ryan",641857,"COL","CH","Changeup",-0.4,-1,"118",14,"39","0.2","0.343","0.303",29.1,20.5,19,"0.233","0.375","0.304",40.7
"Brantley, Michael",488726,"HOU","SI","Sinker",0,0,"143",19.8,"39","0.313","0.438","0.392",4.1,7.7,15,"0.236","0.362","0.337",34.5
"Alonso, Pete",624413,"NYM","SI","Sinker",-1.1,-2,"174",18.7,"39","0.235","0.265","0.306",9.1,7.7,8.6,"0.223","0.272","0.278",25.8
"Jiménez, Eloy",650391,"CWS","SI","Sinker",0.6,1,"131",16.3,"39","0.351","0.459","0.396",13.2,10.3,19,"0.303","0.446","0.343",54.5
"Turner, Trea",607208,"WSH","SL","Slider",3.2,5,"154",14.9,"39","0.371","0.6","0.446",25.4,23.1,18.4,"0.255","0.45","0.339",30.8
"Cronenworth, Jake",630105,"SD","SI","Sinker",-2.8,-4,"132",17.5,"38","0.2","0.229","0.254",6,7.9,11.5,"0.326","0.5","0.382",43.8
"Grisham, Trent",663757,"SD","SL","Slider",-0.3,0,"136",13,"38","0.212","0.333","0.284",41.7,42.1,30.8,"0.235","0.322","0.292",50
"Robert Jr., Luis",673357,"CWS","SI","Sinker",0.5,1,"135",15.3,"38","0.29","0.419","0.38",19.4,13.2,11.9,"0.302","0.469","0.401",50
"Ruiz, Rio",547004,"BAL","SI","Sinker",3.8,4,"117",14.8,"38","0.353","0.706","0.491",13.4,7.9,12,"0.305","0.567","0.394",50
"Tucker, Kyle",663656,"HOU","SI","Sinker",-2.6,-3,"130",15.1,"38","0.212","0.333","0.295",20,21.1,23.5,"0.263","0.438","0.35",48
"Gregorius, Didi",544369,"PHI","CH","Changeup",3,3,"117",13,"38","0.333","0.528","0.387",11.9,13.2,13.5,"0.311","0.465","0.352",22.6
"Mountcastle, Ryan",663624,"BAL","SL","Slider",2.2,2,"106",20.4,"38","0.333","0.5","0.401",36.4,26.3,25,"0.265","0.422","0.315",46.2
"Wade, Tyler",642180,"NYY","FF","4-Seam Fastball",0,0,"145",36.8,"38","0.207","0.483","0.384",11.3,13.2,15.6,"0.265","0.418","0.387",33.3
"Bohm, Alec",664761,"PHI","SI","Sinker",2.6,3,"125",18.9,"38","0.382","0.559","0.42",13,13.2,29.4,"0.317","0.437","0.356",43.3
"Bell, Josh",605137,"PIT","CH","Changeup",-3.4,-6,"163",19,"38","0.139","0.167","0.164",46.6,28.9,33.3,"0.168","0.201","0.191",16
"Sisco, Chance",642082,"BAL","FF","4-Seam Fastball",0.1,0,"182",34,"38","0.207","0.379","0.355",27.2,28.9,18.3,"0.141","0.294","0.303",33.3
"Grichuk, Randal",545341,"TOR","SI","Sinker",-0.6,-1,"139",16.3,"38","0.324","0.382","0.353",24.2,18.4,25.9,"0.324","0.442","0.371",48.1
"Perez, Salvador",521692,"KC","SL","Slider",-0.7,-1,"153",27.2,"38","0.171","0.371","0.312",33.3,34.2,24.1,"0.187","0.416","0.287",31.8
"Narváez, Omar",553882,"MIL","FF","4-Seam Fastball",-1.4,-3,"184",33.3,"38","0.156","0.25","0.258",36,44.7,31.5,"0.097","0.169","0.204",20
"Sánchez, Gary",596142,"NYY","SL","Slider",-2.5,-4,"168",21.7,"38","0.108","0.189","0.142",38.8,44.7,23.9,"0.152","0.314","0.208",25
"Villar, Jonathan",542340,"TOR","CH","Changeup",-0.5,-1,"145",18,"38","0.265","0.324","0.363",36.6,18.4,15.2,"0.287","0.349","0.308",35.7
"Solak, Nick",669256,"TEX","SI","Sinker",-0.3,0,"152",17,"38","0.4","0.429","0.396",7.9,7.9,12.5,"0.312","0.364","0.331",40.6
"Caratini, Victor",605170,"CHC","FF","4-Seam Fastball",-0.3,-1,"185",34.2,"38","0.235","0.324","0.314",14.7,18.4,14,"0.261","0.376","0.318",37
"Soto, Juan",665742,"WSH","CH","Changeup",3.4,5,"151",18.3,"38","0.353","0.618","0.467",21.4,18.4,14.9,"0.289","0.392","0.34",51.9
"Adames, Willy",642715,"TB","SL","Slider",1,2,"169",20.5,"38","0.294","0.471","0.367",41.6,34.2,24.1,"0.3","0.49","0.373",52.4
"Hicks, Aaron",543305,"NYY","CH","Changeup",-0.7,-1,"187",20.4,"38","0.125","0.156","0.214",46.5,31.6,19.7,"0.167","0.261","0.268",25
"Lewis, Kyle",641786,"SEA","SI","Sinker",-1.2,-2,"159",16.2,"38","0.25","0.281","0.309",22.2,10.5,17.4,"0.2","0.324","0.302",25
"Frazier, Clint",640449,"NYY","SI","Sinker",-2.3,-3,"135",19.6,"38","0.188","0.281","0.282",25,26.3,40,"0.193","0.37","0.311",22.7
"Martinez, J.D.",502110,"BOS","SL","Slider",-2.1,-3,"134",14.9,"38","0.176","0.324","0.263",43.6,34.2,28.3,"0.223","0.375","0.3",42.9
"Edman, Tommy",669242,"STL","CH","Changeup",-2.2,-3,"122",13.9,"38","0.167","0.194","0.193",12.5,7.9,10.3,"0.271","0.343","0.293",30.3
"García, Avisaíl",541645,"MIL","SI","Sinker",-2.7,-3,"114",15.7,"38","0.188","0.219","0.262",29.2,15.8,24,"0.204","0.31","0.298",30.8
"Arenado, Nolan",571448,"COL","SL","Slider",-0.8,-1,"141",20.6,"38","0.235","0.353","0.283",21.1,15.8,15.8,"0.219","0.292","0.253",34.5
"Carlson, Dylan",666185,"STL","FF","4-Seam Fastball",-1.3,-2,"164",33.6,"38","0.242","0.424","0.32",28.2,34.2,28.9,"0.261","0.529","0.359",61.9
"Wong, Kolten",543939,"STL","SI","Sinker",1.1,1,"130",15.3,"38","0.382","0.441","0.4",4.9,7.9,8.6,"0.308","0.41","0.352",29
"Fuentes, Joshua",658069,"COL","FF","4-Seam Fastball",-0.6,-1,"143",37.7,"38","0.257","0.429","0.307",23.6,39.5,30.6,"0.194","0.27","0.228",23.8
"Núñez, Renato",600524,"BAL","SI","Sinker",0.9,1,"147",16.5,"38","0.314","0.571","0.401",16.9,18.4,24.1,"0.294","0.547","0.379",39.3
"Davis, Khris",501981,"ATH","FF","4-Seam Fastball",0.5,1,"156",39.2,"38","0.29","0.484","0.399",29.6,26.3,19.2,"0.261","0.461","0.377",38.1
"Tatis Jr., Fernando",665487,"SD","CH","Changeup",-0.4,0,"130",13.2,"38","0.226","0.355","0.333",32.9,21.1,18.6,"0.259","0.545","0.403",56.5
"Devers, Rafael",646240,"BOS","CU","Curveball",-0.9,-1,"118",12,"37","0.25","0.333","0.291",25.8,29.7,22,"0.199","0.257","0.212",32
"Fletcher, David",664058,"LAA","SL","Slider",-1.6,-2,"127",14,"37","0.143","0.257","0.199",10.5,10.8,7.8,"0.274","0.353","0.297",12.9
"Walsh, Jared",665120,"LAA","FF","4-Seam Fastball",1,1,"128",32.6,"37","0.286","0.6","0.37",9.5,10.8,13.3,"0.28","0.521","0.343",43.8
"Simmons, Andrelton",592743,"LAA","FF","4-Seam Fastball",-0.8,-1,"145",32.6,"37","0.343","0.4","0.349",12.7,10.8,12.1,"0.244","0.283","0.257",32.3
"Guerrero Jr., Vladimir",665489,"TOR","SI","Sinker",1,2,"150",16.5,"37","0.364","0.485","0.43",14.9,8.1,13.6,"0.26","0.319","0.303",56.7
"Gurriel Jr., Lourdes",666971,"TOR","SI","Sinker",-0.9,-1,"132",15.9,"37","0.257","0.343","0.311",12.5,13.5,22.7,"0.286","0.412","0.321",60
"Jansen, Danny",643376,"TOR","FF","4-Seam Fastball",-2.2,-4,"173",30.3,"37","0.125","0.25","0.268",16.1,16.2,12.5,"0.222","0.422","0.317",29.6
"Camargo, Johan",622666,"ATL","FF","4-Seam Fastball",-1.5,-3,"180",34,"37","0.171","0.371","0.277",34.7,37.8,23.7,"0.142","0.257","0.197",28.6
"Gamel, Ben",592325,"MIL","FF","4-Seam Fastball",-0.3,0,"159",31,"37","0.226","0.258","0.318",20,29.7,28.9,"0.249","0.316","0.318",40
"DeJong, Paul",657557,"STL","SL","Slider",-1.1,-2,"159",23.3,"37","0.206","0.294","0.218",41.2,37.8,24.1,"0.208","0.329","0.237",36.4
"Schwarber, Kyle",656941,"CHC","SI","Sinker",-1.1,-1,"135",14.1,"37","0.229","0.514","0.315",16.7,24.3,22,"0.267","0.569","0.368",53.8
"Happ, Ian",664023,"CHC","SL","Slider",2,3,"137",14.6,"37","0.281","0.719","0.451",36,24.3,18.4,"0.27","0.493","0.372",65.2
"Taylor, Chris",621035,"LAD","SI","Sinker",0.1,0,"123",14.3,"37","0.25","0.438","0.349",24.2,18.9,20.6,"0.278","0.458","0.365",44
"Betts, Mookie",605141,"LAD","CH","Changeup",2.2,2,"109",11.7,"37","0.25","0.5","0.351",13.7,16.2,16.2,"0.242","0.401","0.283",33.3
"Santana, Carlos",467793,"CLE","CH","Changeup",1.1,2,"178",15.9,"37","0.276","0.345","0.365",25,13.5,10,"0.264","0.366","0.366",25
"Aguilar, Jesús",542583,"MIA","SL","Slider",-2.7,-4,"160",18.2,"37","0.152","0.182","0.169",30.1,21.6,14,"0.204","0.277","0.23",22.2
"Dickerson, Corey",572816,"MIA","SL","Slider",-1.7,-2,"117",13.6,"37","0.278","0.278","0.262",23.3,18.9,14.9,"0.23","0.308","0.247",20.7
"Rosario, Amed",642708,"NYM","FF","4-Seam Fastball",2.6,4,"169",32.3,"37","0.371","0.6","0.481",19.5,16.2,13.6,"0.353","0.636","0.434",44.8
"Conforto, Michael",624424,"NYM","SL","Slider",1.9,3,"140",15,"37","0.333","0.533","0.434",30.6,21.6,16.3,"0.271","0.453","0.384",36.4
"Profar, Jurickson",595777,"SD","CH","Changeup",-1.8,-2,"123",14.7,"37","0.182","0.333","0.251",18.8,5.4,6.9,"0.255","0.383","0.324",18.8
"McCutchen, Andrew",457705,"PHI","SI","Sinker",-2,-4,"187",19.2,"37","0.212","0.212","0.278",16.4,10.8,10.5,"0.327","0.422","0.368",37.9
"Reynolds, Bryan",668804,"PIT","SI","Sinker",-0.6,-1,"120",13.9,"37","0.226","0.484","0.362",12.9,13.5,16.7,"0.319","0.591","0.436",50
"Bogaerts, Xander",593428,"BOS","SI","Sinker",-1.6,-3,"174",18,"37","0.314","0.314","0.305",13.3,10.8,8.9,"0.223","0.313","0.259",35.5
"Mondesi, Adalberto",609275,"KC","SL","Slider",-1.9,-2,"118",13.9,"37","0.222","0.389","0.272",45.7,40.5,37.5,"0.189","0.307","0.224",38.1
"Gordon, Alex",460086,"KC","CH","Changeup",2.4,3,"115",16.3,"37","0.303","0.515","0.412",22.4,18.9,20,"0.297","0.573","0.402",34.6
"Cabrera, Miguel",408234,"DET","SI","Sinker",-2.6,-3,"129",14.2,"37","0.242","0.242","0.278",10.2,2.7,5,"0.299","0.421","0.353",71.9
"Schoop, Jonathan",570731,"DET","SI","Sinker",2.5,3,"104",16.7,"37","0.429","0.657","0.481",9.7,8.1,21.4,"0.37","0.535","0.406",40.6
"Romine, Austin",519222,"DET","SL","Slider",-1.8,-2,"122",23.2,"37","0.25","0.389","0.268",39.7,37.8,32.6,"0.254","0.427","0.286",47.8
"Anderson, Tim",641313,"CWS","SI","Sinker",-0.8,-1,"134",17,"37","0.353","0.382","0.374",17.1,10.8,14.8,"0.362","0.547","0.397",38.7
"Moncada, Yoán",660162,"CWS","SI","Sinker",0,0,"169",17.2,"37","0.313","0.375","0.367",25.8,24.3,23.1,"0.275","0.352","0.334",43.5
"Mazara, Nomar",608577,"CWS","SL","Slider",-2.8,-3,"117",19.1,"37","0.125","0.188","0.211",47.5,45.9,34.7,"0.114","0.171","0.202",53.3
"Adames, Willy",642715,"TB","SI","Sinker",1.5,2,"131",15.9,"36","0.344","0.563","0.436",23.2,16.7,20.7,"0.31","0.472","0.377",30.8
"Mercado, Óscar",640458,"CLE","FF","4-Seam Fastball",-3,-3,"112",30.6,"36","0.161","0.258","0.266",19.4,16.7,20,"0.165","0.307","0.256",46.2
"Bogaerts, Xander",593428,"BOS","SL","Slider",-1.4,-2,"146",15.1,"36","0.182","0.303","0.249",36.1,30.6,20.8,"0.153","0.275","0.224",18.2
"Machado, Manny",592518,"SD","SL","Slider",2,3,"167",17.8,"36","0.212","0.606","0.376",37.3,33.3,21.1,"0.201","0.538","0.336",33.3
"Smoak, Justin",475253,"SF","FF","4-Seam Fastball",0.1,0,"185",33.4,"36","0.172","0.414","0.332",24.7,22.2,19.5,"0.255","0.503","0.391",42.9
"Judge, Aaron",592450,"NYY","FF","4-Seam Fastball",4.1,6,"146",30,"36","0.375","0.906","0.566",13.8,5.6,5.3,"0.402","0.889","0.554",53.3
"Slater, Austin",596103,"SF","FF","4-Seam Fastball",0.2,0,"174",40.4,"36","0.214","0.464","0.376",26.7,25,20,"0.267","0.553","0.42",57.9
"Vázquez, Christian",543877,"BOS","SL","Slider",0,0,"125",16,"36","0.273","0.303","0.327",24.2,25,17.3,"0.246","0.314","0.283",37.5
"Verdugo, Alex",657077,"BOS","SI","Sinker",0.5,1,"156",16.9,"36","0.324","0.471","0.389",10.2,19.4,17.9,"0.242","0.353","0.28",37
"Dahl, David",621311,"COL","FF","4-Seam Fastball",-0.9,-1,"141",36,"36","0.212","0.364","0.307",31.3,33.3,27.3,"0.17","0.263","0.226",28.6
"Hernández, Teoscar",606192,"TOR","SI","Sinker",4.9,6,"130",15.5,"36","0.5","0.906","0.61",15.3,13.9,17.2,"0.46","0.947","0.598",51.9
"Rizzo, Anthony",519203,"CHC","SL","Slider",2,3,"131",13.3,"36","0.226","0.484","0.363",34.4,27.8,18.9,"0.241","0.401","0.331",42.9
"Suárez, Eugenio",553993,"CIN","SL","Slider",0.1,0,"184",18.4,"36","0.167","0.367","0.303",51.8,41.7,23.1,"0.169","0.414","0.317",46.7
"Anderson, Brian",605119,"MIA","SI","Sinker",2.4,3,"142",16,"36","0.333","0.667","0.468",23.9,11.1,13.3,"0.246","0.465","0.368",38.5
"Albies, Ozzie",645277,"ATL","FF","4-Seam Fastball",4.4,6,"148",33.4,"36","0.333","0.758","0.5",19.5,16.7,16.2,"0.314","0.701","0.443",40.7
"Molina, Yadier",425877,"STL","SI","Sinker",-0.1,0,"98",17.6,"36","0.314","0.343","0.329",14.3,8.3,11.5,"0.268","0.343","0.279",25
"Peralta, David",444482,"AZ","SI","Sinker",-2.1,-3,"147",17.9,"36","0.229","0.257","0.236",13.8,11.1,11.4,"0.237","0.294","0.246",38.7
"Seager, Kyle",572122,"SEA","SI","Sinker",8.2,9,"108",11.2,"36","0.567","0.9","0.628",8.2,2.8,4.8,"0.347","0.576","0.426",45.2
"Schoop, Jonathan",570731,"DET","SL","Slider",-1.5,-2,"148",23.7,"36","0.125","0.313","0.264",39.1,30.6,20.4,"0.16","0.288","0.251",23.8
"Tauchman, Mike",643565,"NYY","FF","4-Seam Fastball",-1.6,-3,"193",41.2,"36","0.172","0.241","0.289",33,30.6,22,"0.192","0.266","0.298",27.8
"Polanco, Jorge",593871,"MIN","CH","Changeup",-0.6,-1,"172",19.1,"36","0.242","0.364","0.299",26.7,19.4,15.6,"0.239","0.344","0.291",30.8
"Strange-Gordon, Dee",543829,"SEA","FF","4-Seam Fastball",-3,-4,"134",46.7,"36","0.182","0.182","0.233",16.2,13.9,16.1,"0.222","0.257","0.252",3.6
"Stassi, Max",545358,"LAA","FF","4-Seam Fastball",-1,-1,"115",31.8,"36","0.185","0.407","0.303",21.8,11.1,13.8,"0.186","0.395","0.328",26.9
"Marte, Ketel",606466,"AZ","CH","Changeup",-0.8,-1,"142",20.4,"36","0.324","0.382","0.333",15.9,5.6,5.7,"0.3","0.391","0.322",31.3
"Gonzalez, Marwin",503556,"MIN","CH","Changeup",3.4,4,"128",16,"36","0.324","0.618","0.44",26.7,13.9,16.1,"0.254","0.48","0.33",27.6
"Betts, Mookie",605141,"LAD","SI","Sinker",-0.1,0,"143",15.4,"36","0.294","0.412","0.354",10.5,22.2,21.6,"0.3","0.407","0.327",53.8
"Gregorius, Didi",544369,"PHI","SI","Sinker",0.6,1,"143",15.9,"36","0.387","0.452","0.397",10.1,2.8,3.6,"0.31","0.364","0.341",22.6
"Lopes, Tim",621005,"SEA","SL","Slider",-1.3,-1,"106",18.6,"36","0.206","0.324","0.278",33.3,25,23.7,"0.209","0.284","0.241",28
"Iglesias, Jose",578428,"BAL","SI","Sinker",2.6,3,"126",22.3,"36","0.412","0.647","0.468",3.3,2.8,4.3,"0.392","0.566","0.428",54.5
"Grossman, Robbie",543257,"ATH","CH","Changeup",0,0,"142",18.9,"36","0.235","0.412","0.299",20.8,11.1,9.8,"0.277","0.364","0.303",40
"Smith, Dominic",642086,"NYM","CH","Changeup",4.3,4,"93",12.3,"36","0.313","0.594","0.399",30.8,22.2,27.6,"0.284","0.377","0.313",32
"Rengifo, Luis",650859,"LAA","FF","4-Seam Fastball",-0.8,-1,"156",35.6,"36","0.148","0.259","0.331",13.1,5.6,5,"0.262","0.408","0.389",36
"Dubón, Mauricio",643289,"SF","SL","Slider",-2,-3,"133",19.6,"36","0.176","0.265","0.219",27.4,25,15,"0.22","0.342","0.264",12
"Donaldson, Josh",518626,"MIN","FF","4-Seam Fastball",1.6,3,"159",35.4,"35","0.261","0.565","0.447",36.8,25.7,19.1,"0.218","0.529","0.432",73.3
"Canha, Mark",592192,"ATH","SI","Sinker",3.7,5,"136",12.8,"35","0.444","0.593","0.525",12,14.3,16.7,"0.366","0.517","0.455",54.5
"Bart, Joey",663698,"SF","FF","4-Seam Fastball",-1.7,-2,"145",33.6,"35","0.182","0.273","0.25",29.7,31.4,25,"0.184","0.268","0.225",45.5
"Tucker, Kyle",663656,"HOU","CH","Changeup",-0.2,0,"117",13.6,"35","0.229","0.429","0.304",22.4,20,25.9,"0.269","0.399","0.287",35.7
"Fowler, Dexter",451594,"STL","FF","4-Seam Fastball",2.6,4,"151",33.5,"35","0.321","0.75","0.497",26.4,22.9,14.8,"0.23","0.486","0.379",40
"Varsho, Daulton",662139,"AZ","FF","4-Seam Fastball",3.8,7,"170",37.8,"35","0.31","0.655","0.48",18.1,22.9,18.2,"0.251","0.506","0.382",42.9
"Plawecki, Kevin",608700,"BOS","FF","4-Seam Fastball",1.4,2,"126",38.9,"35","0.353","0.588","0.436",3.2,8.6,13.6,"0.283","0.438","0.318",29
"Shaw, Travis",543768,"TOR","SI","Sinker",0.1,0,"110",15.5,"35","0.25","0.469","0.319",22.6,25.7,40.9,"0.328","0.676","0.436",58.3
"Ramos, Wilson",467092,"NYM","SI","Sinker",-1.7,-2,"113",21.4,"35","0.207","0.276","0.294",19.2,8.6,15,"0.188","0.292","0.289",38.5
"Devers, Rafael",646240,"BOS","SL","Slider",0.8,1,"122",12.4,"35","0.303","0.545","0.379",33.8,20,15.6,"0.345","0.551","0.4",57.7
"Hernández, Teoscar",606192,"TOR","SL","Slider",-2.3,-4,"153",18.2,"35","0.121","0.152","0.179",50.8,51.4,30,"0.199","0.238","0.22",46.7
"Freeman, Freddie",518692,"ATL","CH","Changeup",0.8,1,"151",14.8,"35","0.2","0.36","0.37",32.3,20,17.5,"0.254","0.443","0.412",27.8
"Pillar, Kevin",607680,"COL","CH","Changeup",0.5,1,"136",16.4,"35","0.314","0.457","0.344",35.4,22.9,16.3,"0.259","0.417","0.29",29.6
"Markakis, Nick",455976,"ATL","SI","Sinker",-4.1,-4,"99",18,"35","0.212","0.364","0.27",5,17.1,33.3,"0.25","0.341","0.28",40.7
"McNeil, Jeff",643446,"NYM","CH","Changeup",5.5,5,"97",12.1,"35","0.469","0.656","0.531",15.4,2.9,2.9,"0.333","0.478","0.381",22.6
"Correa, Carlos",621043,"HOU","SI","Sinker",0.6,1,"133",15.3,"35","0.333","0.533","0.431",9.3,14.3,19.2,"0.341","0.57","0.435",28
"Calhoun, Kole",594777,"AZ","SL","Slider",6.3,9,"144",16,"35","0.429","1.036","0.63",48.6,20,19.4,"0.331","0.811","0.501",59.1
"Seager, Kyle",572122,"SEA","CH","Changeup",1.3,2,"170",17.7,"35","0.296","0.407","0.423",25.4,14.3,11.6,"0.362","0.501","0.449",31.8
"Hoskins, Rhys",656555,"PHI","SI","Sinker",2.8,3,"117",15.2,"35","0.345","0.621","0.46",12.7,2.9,3.8,"0.313","0.608","0.441",42.9
"Marte, Starling",516782,"MIA","CH","Changeup",-1.3,-2,"131",13.9,"35","0.212","0.212","0.246",30.7,14.3,10.6,"0.291","0.341","0.302",21.4
"Muncy, Max",571970,"LAD","CU","Curveball",-0.1,0,"173",15.7,"35","0.219","0.25","0.25",31.3,40,23,"0.196","0.283","0.249",33.3
"Flores, Wilmer",527038,"SF","SI","Sinker",2.9,4,"134",15,"35","0.382","0.676","0.457",8.3,2.9,2.9,"0.308","0.431","0.328",36.4
"Muncy, Max",571970,"LAD","SL","Slider",0.1,0,"164",14.9,"35","0.143","0.25","0.3",26.4,14.3,7.6,"0.208","0.405","0.346",34.8
"Trevino, Jose",624431,"TEX","FF","4-Seam Fastball",-0.1,0,"107",34.4,"34","0.313","0.531","0.359",8.3,14.7,19.2,"0.267","0.548","0.358",39.3
"Harper, Bryce",547180,"PHI","CH","Changeup",-0.6,-1,"147",15.1,"34","0.167","0.333","0.309",40.9,20.6,19.4,"0.244","0.504","0.352",50
"Springer, George",543807,"HOU","SI","Sinker",-1.1,-1,"118",14.4,"34","0.3","0.3","0.321",13.6,11.8,20,"0.319","0.432","0.372",34.6
"Yastrzemski, Mike",573262,"SF","SI","Sinker",0.6,1,"122",13,"34","0.241","0.345","0.347",20,14.7,17.9,"0.33","0.526","0.415",41.7
"Sanó, Miguel",593934,"MIN","SI","Sinker",-0.1,0,"118",13.6,"34","0.207","0.586","0.379",15.2,20.6,24.1,"0.288","0.607","0.421",68.2
"Peralta, David",444482,"AZ","SL","Slider",-1.4,-2,"130",15.8,"34","0.235","0.412","0.276",25.4,26.5,20,"0.241","0.381","0.267",40
"Seager, Corey",608369,"LAD","SL","Slider",1,1,"132",16.4,"34","0.179","0.429","0.326",33.8,23.5,18.6,"0.252","0.528","0.366",45.5
"Akiyama, Shogo",673451,"CIN","SI","Sinker",-1.4,-2,"150",18.3,"34","0.222","0.333","0.344",7.8,8.8,8.8,"0.275","0.367","0.368",25
"Romine, Austin",519222,"DET","FF","4-Seam Fastball",-1.7,-3,"191",36.4,"34","0.294","0.353","0.285",33,47.1,25,"0.138","0.205","0.149",77.8
"Frazier, Adam",624428,"PIT","CH","Changeup",-0.6,-1,"100",11.3,"34","0.313","0.375","0.326",18.6,14.7,20,"0.238","0.292","0.259",14.8
"Rosario, Eddie",592696,"MIN","SI","Sinker",2.9,4,"127",15.3,"34","0.276","0.517","0.416",7.5,0,0,"0.333","0.641","0.448",44.8
"Reynolds, Bryan",668804,"PIT","CH","Changeup",1,1,"143",16.6,"34","0.219","0.406","0.316",23.8,20.6,18.9,"0.241","0.345","0.28",28
"Crawford, J.P.",641487,"SEA","SI","Sinker",-0.6,-1,"143",15.3,"34","0.3","0.367","0.341",17.7,11.8,15.4,"0.249","0.334","0.308",50
"Machado, Manny",592518,"SD","CH","Changeup",0.4,0,"105",11.2,"34","0.313","0.313","0.332",29.4,11.8,12.9,"0.28","0.318","0.289",35.7
"Ford, Mike",645801,"NYY","FF","4-Seam Fastball",-2,-3,"149",41.9,"34","0.143","0.25","0.288",12.5,11.8,10.8,"0.282","0.447","0.38",45.8
"Blackmon, Charlie",453568,"COL","SI","Sinker",-0.5,-1,"152",16.8,"34","0.323","0.548","0.426",15.2,8.8,10.7,"0.327","0.502","0.39",28.6
"Grisham, Trent",663757,"SD","FC","Cutter",0.2,0,"99",9.5,"34","0.207","0.379","0.368",35.7,35.3,38.7,"0.236","0.49","0.363",47.1
"Pham, Tommy",502054,"SD","SI","Sinker",-3.1,-3,"113",22.6,"34","0.25","0.25","0.233",15.2,17.6,27.3,"0.234","0.283","0.258",50
"Moran, Colin",592567,"PIT","SI","Sinker",-0.7,-1,"128",15.8,"34","0.313","0.344","0.343",15.3,8.8,10.3,"0.25","0.347","0.283",41.4
"Pillar, Kevin",607680,"COL","SL","Slider",3,4,"139",16.8,"34","0.333","0.636","0.443",37,20.6,15.6,"0.268","0.399","0.298",34.6
"Andrus, Elvis",462101,"TEX","FF","4-Seam Fastball",2.1,3,"147",35.7,"34","0.3","0.7","0.475",18.5,11.8,13.3,"0.296","0.627","0.419",46.2
"Myers, Wil",571976,"SD","SI","Sinker",-1.6,-2,"137",16.3,"34","0.273","0.394","0.3",16.4,17.6,22.2,"0.269","0.332","0.276",33.3
"Lowe, Brandon",664040,"TB","SL","Slider",0,0,"139",15.8,"34","0.161","0.452","0.291",46.9,41.2,33.3,"0.143","0.298","0.229",29.4
"Gyorko, Jedd",576397,"MIL","SL","Slider",-0.8,-1,"127",22.4,"34","0.207","0.31","0.274",52.6,35.3,25,"0.194","0.326","0.276",27.8
"Hernández, César",514917,"CLE","CH","Changeup",0.7,1,"131",12.2,"34","0.387","0.419","0.39",34.3,20.6,15.6,"0.298","0.351","0.323",29.2
"Torrens, Luis",620443,"SEA","FF","4-Seam Fastball",-0.6,-1,"115",39.1,"34","0.296","0.37","0.378",18.8,14.7,17.9,"0.252","0.457","0.372",60.9
"La Stella, Tommy",600303,"ATH","CH","Changeup",2.7,3,"121",12.9,"33","0.31","0.517","0.374",13.7,3,2.9,"0.268","0.418","0.327",27.6
"Gyorko, Jedd",576397,"MIL","FF","4-Seam Fastball",4.2,7,"164",29,"33","0.417","0.875","0.591",12.3,15.2,9.8,"0.362","0.795","0.524",55
"Blackmon, Charlie",453568,"COL","CH","Changeup",-4.1,-4,"104",11.5,"33","0.129","0.129","0.179",28.3,12.1,13.8,"0.186","0.217","0.207",25.9
"Brinson, Lewis",621446,"MIA","FF","4-Seam Fastball",-1.4,-2,"122",28.4,"33","0.207","0.345","0.292",32.3,30.3,22.2,"0.214","0.33","0.289",47.4
"Robles, Victor",645302,"WSH","SI","Sinker",-0.3,0,"113",14.9,"33","0.214","0.429","0.341",16.7,21.2,23.3,"0.178","0.22","0.24",22.7
"Seager, Kyle",572122,"SEA","SL","Slider",0,0,"151",15.7,"33","0.154","0.308","0.28",27.6,24.2,16.7,"0.151","0.295","0.275",21.1
"Pujols, Albert",405395,"LAA","SI","Sinker",-2.4,-3,"123",19.8,"33","0.129","0.29","0.206",16.7,9.1,12.5,"0.179","0.302","0.234",42.9
"Crawford, J.P.",641487,"SEA","CH","Changeup",-0.1,0,"132",14.1,"33","0.258","0.323","0.261",18.2,9.1,10.3,"0.256","0.327","0.287",34.5
"Lewis, Kyle",641786,"SEA","CH","Changeup",0.7,1,"140",14.3,"33","0.259","0.407","0.362",60.9,42.4,32.6,"0.209","0.32","0.314",15.4
"McCann, James",543510,"CWS","FF","4-Seam Fastball",0.5,1,"162",35.9,"33","0.24","0.36","0.373",27.5,24.2,19,"0.248","0.423","0.366",50
"Ramírez, José",608070,"CLE","SI","Sinker",3.8,6,"164",14.3,"33","0.345","0.828","0.567",13.2,12.1,13.8,"0.32","0.722","0.465",48
"Reddick, Josh",502210,"HOU","CH","Changeup",-2,-2,"117",14,"33","0.267","0.3","0.271",26.1,9.1,8.8,"0.311","0.412","0.339",14.3
"Bregman, Alex",608324,"HOU","SI","Sinker",0.6,1,"123",16.7,"33","0.269","0.654","0.464",4.3,0,0,"0.279","0.57","0.431",38.5
"Núñez, Renato",600524,"BAL","SL","Slider",-2.3,-4,"182",20.4,"33","0.156","0.25","0.191",36,33.3,16.7,"0.15","0.269","0.195",23.8
"Santander, Anthony",623993,"BAL","SI","Sinker",1.9,2,"93",15.8,"33","0.345","0.517","0.438",9.3,6.1,13.3,"0.403","0.573","0.453",48.1
"Maldonado, Martín",455117,"HOU","SI","Sinker",1.6,2,"112",16.1,"33","0.32","0.44","0.413",10.4,12.1,18.2,"0.299","0.47","0.408",18.2
"Nola, Austin",543592,"SD","SL","Slider",-0.3,0,"124",17,"33","0.233","0.467","0.332",25,9.1,7.1,"0.308","0.519","0.384",48.1
"Crawford, Brandon",543063,"SF","SL","Slider",1.6,2,"112",15.3,"33","0.267","0.533","0.37",43.5,30.3,27,"0.198","0.359","0.277",50
"Rios, Edwin",621458,"LAD","FF","4-Seam Fastball",2.2,2,"98",33.4,"33","0.233","0.7","0.415",14.6,9.1,15,"0.223","0.609","0.351",35.7
"Altuve, Jose",514888,"HOU","SL","Slider",-1.5,-3,"166",21.8,"33","0.226","0.226","0.261",31.8,27.3,17,"0.201","0.24","0.225",27.3
"Harper, Bryce",547180,"PHI","SL","Slider",-0.8,-1,"147",15.1,"33","0.179","0.25","0.264",31.9,21.2,13.7,"0.271","0.547","0.397",38.1
"Madrigal, Nick",663611,"CWS","FF","4-Seam Fastball",1.8,3,"146",34.4,"33","0.5","0.6","0.505",9.4,12.1,12.1,"0.399","0.479","0.414",30.8
"Lamb, Jake",571875,"ATH","FF","4-Seam Fastball",-1.2,-2,"168",39,"33","0.226","0.387","0.288",15.6,18.2,12,"0.296","0.531","0.369",60
"Pollock, AJ",572041,"LAD","SI","Sinker",-0.9,-1,"104",13.9,"33","0.233","0.467","0.311",13.2,21.2,26.9,"0.252","0.403","0.324",37.5
"Soler, Jorge",624585,"KC","SL","Slider",-0.2,0,"188",25.4,"33","0.179","0.429","0.32",49.3,36.4,22.6,"0.249","0.55","0.388",56.3
"Rosario, Eddie",592696,"MIN","CU","Curveball",-1.6,-2,"103",12.4,"33","0.25","0.281","0.256",31.1,24.2,25,"0.213","0.283","0.221",36
"Stallings, Jacob",607732,"PIT","SI","Sinker",1.1,1,"116",18.8,"33","0.323","0.581","0.43",11.1,30.3,33.3,"0.216","0.384","0.28",42.9
"Taveras, Leody",665750,"TEX","CH","Changeup",-3.1,-3,"92",17.5,"33","0.161","0.226","0.2",25,30.3,27.8,"0.207","0.243","0.229",19
"Ahmed, Nick",605113,"AZ","CH","Changeup",1,1,"90",10.8,"33","0.29","0.484","0.353",30.8,18.2,23.1,"0.303","0.509","0.367",40
"Gallo, Joey",608336,"TEX","SL","Slider",-2,-3,"139",14.5,"33","0.133","0.267","0.244",40.7,45.5,34.1,"0.117","0.25","0.204",26.7
"Guerrero Jr., Vladimir",665489,"TOR","CH","Changeup",-3.2,-4,"114",12.6,"33","0.129","0.161","0.162",44.4,30.3,28.6,"0.173","0.232","0.209",23.8
"Gallo, Joey",608336,"TEX","CH","Changeup",-0.5,-1,"114",11.9,"33","0.226","0.387","0.315",38.3,33.3,27.5,"0.188","0.331","0.251",20
"Reyes, Victor",622682,"DET","CU","Curveball",-3.5,-4,"118",14.6,"33","0.121","0.242","0.153",27,27.3,22,"0.251","0.371","0.268",37.5
"Heyward, Jason",518792,"CHC","SI","Sinker",-0.5,-1,"127",15.7,"33","0.24","0.36","0.345",18.2,18.2,20,"0.249","0.409","0.364",50
"Devers, Rafael",646240,"BOS","CH","Changeup",2.5,2,"100",10.2,"33","0.344","0.625","0.42",21.5,12.1,11.8,"0.342","0.616","0.413",39.3
"Vázquez, Christian",543877,"BOS","SI","Sinker",-0.5,-1,"174",22.3,"33","0.345","0.483","0.402",22.4,15.2,15.2,"0.192","0.26","0.256",29.2
"Tellez, Rowdy",642133,"TOR","FF","4-Seam Fastball",-0.8,-1,"126",28.6,"33","0.194","0.516","0.366",13.6,21.2,15.2,"0.248","0.631","0.382",54.2
"Molina, Yadier",425877,"STL","SL","Slider",-2.9,-4,"129",23.2,"32","0.172","0.31","0.215",34.2,12.5,11.4,"0.156","0.272","0.197",25.9
"Vogt, Stephen",519390,"AZ","FF","4-Seam Fastball",0.4,0,"122",39.9,"32","0.2","0.36","0.317",14.5,18.8,17.6,"0.188","0.373","0.319",50
"Ervin, Phillip",640447,"SEA","FF","4-Seam Fastball",-1.6,-3,"166",41,"32","0.125","0.167","0.27",24,18.8,10.7,"0.118","0.151","0.263",22.2
"Marte, Ketel",606466,"AZ","SI","Sinker",0.5,1,"107",15.4,"32","0.3","0.4","0.364",14.3,9.4,15,"0.274","0.48","0.344",39.3
"Rojas, Josh",668942,"AZ","FF","4-Seam Fastball",-3.1,-4,"117",38.5,"32","0.222","0.222","0.256",12.7,15.6,14.3,"0.241","0.371","0.336",47.8
"Kingery, Scott",664068,"PHI","FF","4-Seam Fastball",-1.7,-3,"147",31.4,"32","0.143","0.357","0.276",34.1,21.9,14.6,"0.243","0.622","0.401",42.9
"Straw, Myles",664702,"HOU","FF","4-Seam Fastball",-3.1,-5,"145",41.2,"32","0.167","0.2","0.195",17.2,21.9,15.6,"0.198","0.334","0.254",21.7
"Tucker, Cole",657061,"PIT","FF","4-Seam Fastball",-1.3,-2,"133",31.1,"32","0.194","0.355","0.303",28.6,31.3,25,"0.156","0.25","0.189",38.1
"Voit, Luke",572228,"NYY","SI","Sinker",-0.4,0,"123",13.5,"32","0.31","0.345","0.34",20,21.9,29.2,"0.228","0.274","0.269",27.3
"Santander, Anthony",623993,"BAL","CH","Changeup",1.4,2,"109",18.5,"32","0.2","0.467","0.303",27.1,12.5,13.3,"0.305","0.575","0.39",23.1
"Belt, Brandon",474832,"SF","CH","Changeup",2.1,2,"90",13.1,"32","0.31","0.724","0.455",38.3,21.9,30.4,"0.327","0.751","0.469",50
"Winker, Jesse",608385,"CIN","SL","Slider",1.1,1,"131",16.7,"32","0.2","0.4","0.378",40,40.6,24.5,"0.262","0.529","0.41",66.7
"Gordon, Alex",460086,"KC","SL","Slider",-1.7,-2,"100",14.2,"32","0.143","0.179","0.267",36,28.1,28.1,"0.191","0.27","0.262",26.3
"Crawford, Brandon",543063,"SF","CH","Changeup",0.7,1,"118",16.1,"32","0.194","0.452","0.309",35.3,21.9,23.3,"0.192","0.399","0.263",20.8
"Araúz, Jonathan",660620,"BOS","FF","4-Seam Fastball",-2.6,-4,"135",40.3,"32","0.207","0.207","0.234",20,28.1,20,"0.282","0.334","0.311",20
"Guerrero Jr., Vladimir",665489,"TOR","SL","Slider",0.7,1,"124",13.7,"32","0.267","0.5","0.377",34.4,15.6,14.3,"0.259","0.428","0.319",36
"Castro, Jason",488771,"SD","FF","4-Seam Fastball",0,0,"148",36.5,"32","0.214","0.5","0.345",24.6,25,19.5,"0.261","0.651","0.413",65
"Story, Trevor",596115,"COL","SL","Slider",1,1,"145",14,"32","0.276","0.483","0.359",25.4,21.9,15.9,"0.247","0.494","0.347",27.3
"Hays, Austin",669720,"BAL","SI","Sinker",-1.4,-1,"95",17.7,"32","0.29","0.29","0.303",14,12.5,16.7,"0.267","0.324","0.275",37
"Jansen, Danny",643376,"TOR","SI","Sinker",1.4,2,"114",20,"32","0.261","0.522","0.426",17.8,15.6,26.3,"0.329","0.586","0.472",42.1
"Candelario, Jeimer",600869,"DET","CH","Changeup",0.6,1,"136",16.1,"32","0.333","0.6","0.414",25.8,12.5,10,"0.391","0.628","0.447",57.7
"Lux, Gavin",666158,"LAD","FF","4-Seam Fastball",-0.6,-1,"128",46.2,"32","0.214","0.357","0.33",19.6,31.3,31.3,"0.178","0.261","0.251",22.2
"Luplow, Jordan",656669,"CLE","FF","4-Seam Fastball",0.8,1,"139",34.9,"32","0.269","0.577","0.397",18.2,15.6,13.2,"0.199","0.489","0.341",22.7
"Betts, Mookie",605141,"LAD","SL","Slider",2.5,4,"141",15.2,"32","0.333","0.583","0.447",19.6,9.4,9.4,"0.267","0.504","0.399",22.7
"Stewart, Christin",621514,"DET","FF","4-Seam Fastball",-0.3,0,"119",30.7,"32","0.226","0.548","0.333",30.3,37.5,28.6,"0.232","0.556","0.336",52.6
"Hedges, Austin",595978,"CLE","FF","4-Seam Fastball",-1.2,-1,"124",37,"32","0.091","0.227","0.26",17,18.8,18.2,"0.172","0.287","0.32",42.1
"Lowe, Nathaniel",663993,"TB","FF","4-Seam Fastball",-2.9,-4,"135",45.8,"32","0.111","0.222","0.228",47.9,56.3,43.9,"0.143","0.237","0.247",44.4
"Rizzo, Anthony",519203,"CHC","CH","Changeup",3.2,4,"115",11.7,"32","0.267","0.5","0.383",16.4,9.4,8.3,"0.288","0.436","0.362",25
"Santana, Domingo",570267,"CLE","FF","4-Seam Fastball",-0.7,-1,"116",35.2,"32","0.167","0.25","0.309",30.8,28.1,25.7,"0.199","0.342","0.346",53.3
"Grisham, Trent",663757,"SD","SI","Sinker",3.2,5,"164",15.7,"32","0.375","0.833","0.531",16.1,6.3,6.1,"0.406","0.881","0.563",47.8
"Conforto, Michael",624424,"NYM","CH","Changeup",0.8,1,"129",13.8,"32","0.276","0.448","0.347",34.3,34.4,25.6,"0.212","0.326","0.276",16.7
"Jones, JaCoby",592444,"DET","SL","Slider",-0.7,-1,"103",22.5,"32","0.2","0.267","0.263",36,31.3,27.8,"0.182","0.258","0.224",25
"Ruf, Darin",573131,"SF","FF","4-Seam Fastball",-0.1,0,"151",36,"32","0.192","0.462","0.392",20.8,21.9,17.9,"0.265","0.562","0.412",57.9
"Taveras, Leody",665750,"TEX","FF","4-Seam Fastball",0.9,1,"174",33.1,"32","0.321","0.643","0.442",21.9,31.3,19.6,"0.289","0.527","0.389",66.7
"Jones, JaCoby",592444,"DET","FF","4-Seam Fastball",3.1,5,"153",33.4,"32","0.4","0.88","0.57",31.5,28.1,25,"0.279","0.554","0.425",68.8
"Reddick, Josh",502210,"HOU","SI","Sinker",1.7,2,"128",15.3,"32","0.393","0.643","0.475",6.7,6.3,12.5,"0.332","0.532","0.409",53.8
"Alonso, Pete",624413,"NYM","CU","Curveball",-2.1,-2,"118",12.7,"31","0.133","0.267","0.185",41.7,48.4,33.3,"0.109","0.247","0.165",33.3
"Yastrzemski, Mike",573262,"SF","CH","Changeup",6.5,7,"109",11.6,"31","0.483","0.897","0.59",20.4,12.9,14.3,"0.373","0.848","0.517",48
"Moncada, Yoán",660162,"CWS","CH","Changeup",-3.2,-4,"141",14.4,"31","0.103","0.138","0.144",36.5,32.3,25,"0.182","0.304","0.239",31.6
"Ozuna, Marcell",542303,"ATL","CH","Changeup",1.6,2,"142",13.2,"31","0.333","0.593","0.434",40.3,35.5,23.4,"0.263","0.572","0.392",50
"Altuve, Jose",514888,"HOU","SI","Sinker",-2.4,-3,"110",14.4,"31","0.241","0.345","0.282",15.8,22.6,26.9,"0.251","0.348","0.289",36.4
"Chapman, Matt",656305,"ATH","SI","Sinker",-3.9,-4,"108",16.5,"31","0.143","0.179","0.173",18.4,25.8,25,"0.234","0.3","0.268",42.9
"McNeil, Jeff",643446,"NYM","SI","Sinker",3.3,3,"95",11.8,"31","0.414","0.552","0.44",3.7,9.7,10.7,"0.37","0.517","0.407",34.6
"Pérez, Roberto",547379,"CLE","SL","Slider",-1.2,-2,"140",28.8,"31","0.167","0.267","0.261",30.4,38.7,22.6,"0.167","0.265","0.201",44.4
"Bellinger, Cody",641355,"LAD","SI","Sinker",0.6,1,"137",14.2,"31","0.292","0.375","0.384",2.3,9.7,13,"0.339","0.493","0.434",42.9
"Brinson, Lewis",621446,"MIA","SL","Slider",-2,-2,"102",23.8,"31","0.226","0.323","0.237",46.4,35.5,30.6,"0.205","0.281","0.211",25
"Calhoun, Kole",594777,"AZ","CH","Changeup",-2,-2,"119",13.2,"31","0.148","0.185","0.218",31.3,35.5,23.4,"0.198","0.306","0.28",25
"Springer, George",543807,"HOU","SL","Slider",1,1,"146",17.8,"31","0.241","0.517","0.342",31.8,29,18,"0.265","0.549","0.363",50
"Smith, Dominic",642086,"NYM","SL","Slider",2.8,3,"118",15.6,"31","0.37","0.593","0.45",32.7,29,24.3,"0.283","0.413","0.35",27.8
"VanMeter, Josh",642165,"AZ","FF","4-Seam Fastball",-0.8,-1,"131",39.7,"31","0.148","0.407","0.318",22.6,25.8,21.6,"0.204","0.476","0.335",47.4
"Lopez, Nicky",670032,"KC","CH","Changeup",-3.6,-4,"103",13.8,"31","0.138","0.172","0.155",24.5,29,25.7,"0.215","0.285","0.234",14.3
"Peralta, David",444482,"AZ","CH","Changeup",-2,-2,"91",11.1,"31","0.233","0.367","0.25",34.7,29,33.3,"0.216","0.314","0.223",31.8
"Zunino, Mike",572287,"TB","FF","4-Seam Fastball",-2.6,-5,"173",45.3,"31","0.071","0.214","0.173",37.2,45.2,24.6,"0.106","0.3","0.219",42.9
"Lowe, Brandon",664040,"TB","SI","Sinker",-0.2,0,"125",14.2,"31","0.333","0.375","0.379",28.3,12.9,17.4,"0.283","0.496","0.398",47.6
"Reyes, Victor",622682,"DET","CH","Changeup",0.3,0,"92",11.4,"31","0.31","0.345","0.347",21.2,6.5,7.7,"0.303","0.398","0.332",37
"Díaz, Yandy",650490,"TB","SI","Sinker",1.7,2,"103",18,"31","0.333","0.417","0.457",7.1,12.9,20,"0.222","0.293","0.338",30
"Lopez, Nicky",670032,"KC","SL","Slider",-1,-1,"122",16.3,"31","0.172","0.31","0.237",29.2,32.3,23.8,"0.219","0.314","0.262",26.3
"Díaz, Elias",553869,"COL","FF","4-Seam Fastball",-1,-1,"109",40.4,"31","0.231","0.269","0.298",28.3,22.6,20,"0.314","0.519","0.408",57.9
"Margot, Manuel",622534,"TB","SI","Sinker",-1.8,-2,"110",18.9,"31","0.31","0.379","0.358",4.3,0,0,"0.226","0.279","0.254",24.1
"Pérez, Michael",605421,"TB","FF","4-Seam Fastball",-2.1,-2,"118",32.2,"31","0.179","0.321","0.26",28.8,19.4,21.4,"0.25","0.513","0.353",45.5
"Arozarena, Randy",668227,"TB","FF","4-Seam Fastball",7.6,7,"95",29.5,"31","0.36","0.96","0.574",31.9,29,29,"0.304","0.699","0.47",43.8
"Candelario, Jeimer",600869,"DET","SL","Slider",-0.8,-1,"116",13.7,"31","0.214","0.536","0.348",45.9,38.7,30,"0.19","0.404","0.292",43.8
"García, Avisaíl",541645,"MIL","SL","Slider",-2,-3,"124",17.1,"31","0.167","0.2","0.231",42.7,22.6,18.4,"0.162","0.21","0.204",30.4
"Happ, Ian",664023,"CHC","CH","Changeup",-0.4,-1,"152",16.2,"31","0.143","0.143","0.242",52.5,29,26.5,"0.204","0.228","0.243",21.1
"Bryant, Kris",592178,"CHC","SL","Slider",-1.6,-2,"131",21.8,"31","0.143","0.25","0.248",35.9,25.8,15.4,"0.156","0.246","0.222",15
"Soler, Jorge",624585,"KC","SI","Sinker",-0.9,-1,"129",17.5,"31","0.208","0.25","0.344",14.9,16.1,13.9,"0.28","0.428","0.395",36.8
"Rizzo, Anthony",519203,"CHC","CU","Curveball",4.5,5,"112",11.4,"31","0.269","0.538","0.427",19.2,16.1,14.3,"0.244","0.386","0.341",28.6
"Merrifield, Whit",593160,"KC","SI","Sinker",-0.9,-1,"108",10.8,"31","0.3","0.467","0.342",9.4,3.2,5.6,"0.337","0.501","0.37",31
"Chisholm Jr., Jazz",665862,"MIA","FF","4-Seam Fastball",-2.3,-2,"91",34.6,"31","0.138","0.414","0.255",18.9,25.8,28.6,"0.168","0.403","0.266",42.9
"Nola, Austin",543592,"SD","SI","Sinker",-3.5,-4,"123",16.9,"31","0.167","0.167","0.203",10.4,9.7,13.6,"0.265","0.402","0.297",35.7
"Rosario, Amed",642708,"NYM","SL","Slider",1.6,2,"95",18.2,"31","0.323","0.516","0.365",17.8,19.4,23.1,"0.252","0.331","0.28",40
"Iglesias, Jose",578428,"BAL","SL","Slider",0.5,1,"105",18.6,"31","0.276","0.517","0.358",34,32.3,30.3,"0.242","0.32","0.276",21.1
"Severino, Pedro",600474,"BAL","SL","Slider",-2,-3,"148",20,"31","0.172","0.241","0.213",44.9,32.3,21.7,"0.203","0.242","0.228",15.8
"Gonzalez, Marwin",503556,"MIN","SI","Sinker",-5,-5,"101",12.6,"30","0.074","0.074","0.13",14.6,26.7,32,"0.157","0.3","0.243",26.3
"Bruce, Jay",457803,"PHI","FF","4-Seam Fastball",-1.6,-2,"133",32.2,"30","0.207","0.414","0.305",16,13.3,11.1,"0.263","0.466","0.322",48
"Kepler, Max",596146,"MIN","CH","Changeup",0.1,0,"116",15.1,"30","0.185","0.333","0.328",25.4,13.3,14.8,"0.259","0.36","0.313",13
"Canha, Mark",592192,"ATH","SL","Slider",-1.4,-2,"154",14.5,"30","0.042","0.042","0.17",45.8,36.7,20,"0.145","0.264","0.28",30.8
"Hampson, Garrett",641658,"COL","SI","Sinker",-4.1,-5,"123",15.9,"30","0.148","0.148","0.154",10.7,10,12.5,"0.227","0.3","0.256",15.4
"Bryant, Kris",592178,"CHC","SI","Sinker",-0.1,0,"115",19.2,"30","0.214","0.357","0.305",8.9,23.3,18.4,"0.275","0.48","0.344",52.4
"Voit, Luke",572228,"NYY","CU","Curveball",-0.2,0,"126",13.8,"30","0.185","0.296","0.287",38.9,33.3,22.7,"0.193","0.367","0.279",29.4
"Bonifacio, Jorge",593528,"DET","FF","4-Seam Fastball",-1.4,-2,"122",33,"30","0.24","0.32","0.297",21.7,23.3,17.5,"0.209","0.284","0.282",36.8
"Eaton, Adam",594809,"WSH","CH","Changeup",-1.7,-2,"93",13.8,"30","0.214","0.286","0.266",13,23.3,18.9,"0.17","0.244","0.201",31.8
"Braun, Ryan",460075,"MIL","SI","Sinker",0.1,0,"104",21,"30","0.192","0.538","0.33",17.6,6.7,7.4,"0.273","0.527","0.37",36
"Reyes, Victor",622682,"DET","SL","Slider",0.3,0,"104",12.8,"30","0.296","0.519","0.382",23.8,20,15.4,"0.273","0.465","0.353",47.6
"Dietrich, Derek",518618,"TEX","FF","4-Seam Fastball",0.1,0,"128",42.1,"30","0.125","0.5","0.37",28.1,26.7,22.2,"0.245","0.574","0.411",31.3
"Bell, Josh",605137,"PIT","SI","Sinker",-1.1,-1,"113",13.2,"30","0.333","0.37","0.352",21.4,13.3,26.7,"0.328","0.442","0.37",65.2
"Lopez, Nicky",670032,"KC","SI","Sinker",-1.4,-2,"130",17.4,"30","0.269","0.346","0.314",15.7,10,11.5,"0.265","0.34","0.31",33.3
"Verdugo, Alex",657077,"BOS","SL","Slider",-0.5,-1,"111",12,"30","0.207","0.379","0.263",20.4,33.3,17.2,"0.208","0.344","0.251",31.6
"Moore, Dylan",664238,"SEA","SI","Sinker",0.7,1,"100",15.2,"30","0.32","0.44","0.392",8.3,6.7,7.7,"0.32","0.476","0.4",56.5
"Bichette, Bo",666182,"TOR","FF","4-Seam Fastball",0.2,0,"164",34.7,"30","0.333","0.633","0.408",17.8,26.7,16.7,"0.319","0.615","0.391",59.1
"Bellinger, Cody",641355,"LAD","SL","Slider",1.3,1,"114",11.8,"30","0.24","0.64","0.433",28.6,16.7,15.2,"0.238","0.481","0.37",35
"Ward, Taylor",621493,"LAA","FF","4-Seam Fastball",-1.6,-2,"129",33,"30","0.148","0.259","0.285",12.5,16.7,14.3,"0.266","0.49","0.359",54.5
"Voit, Luke",572228,"NYY","CH","Changeup",0.1,0,"106",11.6,"30","0.214","0.464","0.312",41.1,26.7,20,"0.268","0.444","0.328",45
"Story, Trevor",596115,"COL","CH","Changeup",4.3,4,"102",9.8,"30","0.379","0.828","0.508",22.6,10,11.5,"0.275","0.644","0.39",38.5
"Jansen, Danny",643376,"TOR","SL","Slider",1.5,1,"93",16.3,"30","0.261","0.348","0.379",31.3,16.7,17.2,"0.219","0.256","0.328",22.2
"Hernández, Teoscar",606192,"TOR","CH","Changeup",0.9,1,"103",12.3,"30","0.31","0.586","0.39",35.3,33.3,25.6,"0.273","0.551","0.356",36.8
"Kendrick, Howie",435062,"WSH","FF","4-Seam Fastball",-0.9,-1,"123",32.1,"30","0.296","0.37","0.34",11.3,6.7,6.7,"0.334","0.558","0.393",30.8
"Grandal, Yasmani",518735,"CWS","SI","Sinker",-0.9,-1,"126",14.7,"30","0.261","0.304","0.332",21.3,16.7,17.2,"0.259","0.362","0.346",47.4
"Adames, Willy",642715,"TB","CH","Changeup",0.8,1,"105",12.7,"30","0.25","0.464","0.358",52.6,53.3,42.1,"0.173","0.283","0.228",25
"Gregorius, Didi",544369,"PHI","SL","Slider",-1,-1,"92",10.2,"30","0.207","0.552","0.325",28.6,13.3,13.8,"0.21","0.394","0.268",12
"Toro, Abraham",647351,"HOU","FF","4-Seam Fastball",-2.2,-3,"126",34.1,"29","0.192","0.308","0.266",24.2,31,23.1,"0.225","0.329","0.284",23.5
"Smith, Dominic",642086,"NYM","SI","Sinker",-1.8,-2,"133",17.6,"29","0.208","0.375","0.324",8.6,3.4,5.3,"0.266","0.468","0.377",43.5
"Núñez, Renato",600524,"BAL","CU","Curveball",-0.1,0,"110",12.3,"29","0.148","0.37","0.248",36.7,44.8,27.7,"0.111","0.233","0.181",28.6
"Casali, Curt",592200,"CIN","FF","4-Seam Fastball",1.5,2,"138",33.4,"29","0.286","0.619","0.467",20,20.7,15.4,"0.231","0.478","0.404",46.7
"Escobar, Eduardo",500871,"AZ","SL","Slider",-5.6,-5,"90",11.1,"29","0.074","0.074","0.114",30.4,34.5,23.8,"0.125","0.142","0.159",5.9
"Bell, Josh",605137,"PIT","SL","Slider",-3.3,-4,"121",14.1,"29","0.12","0.12","0.166",29.8,31,22,"0.097","0.118","0.159",29.4
"Bader, Harrison",664056,"STL","SL","Slider",2.1,3,"137",26.2,"29","0.259","0.481","0.371",28.3,34.5,21.3,"0.238","0.447","0.316",35.3
"Castro, Harold",605612,"DET","FF","4-Seam Fastball",1.6,2,"112",50,"29","0.385","0.462","0.407",11.8,24.1,20,"0.313","0.474","0.375",42.1
"Guillorme, Luis",641645,"NYM","FF","4-Seam Fastball",1.8,2,"136",41.6,"29","0.455","0.591","0.491",20.7,24.1,18.4,"0.277","0.379","0.367",37.5
"White, Evan",657108,"SEA","SL","Slider",-2.3,-3,"135",16.3,"29","0.148","0.222","0.172",49.1,48.3,32.6,"0.117","0.269","0.229",50
"Flowers, Tyler",452095,"ATL","FF","4-Seam Fastball",-0.5,-1,"123",37.5,"29","0.19","0.238","0.329",21.2,27.6,21.6,"0.241","0.396","0.387",61.5
"Gurriel Jr., Lourdes",666971,"TOR","CH","Changeup",5.5,5,"96",11.5,"29","0.36","0.8","0.514",39.1,24.1,21.2,"0.269","0.586","0.403",44.4
"Mathis, Jeff",425772,"TEX","FF","4-Seam Fastball",-0.7,-1,"106",39.6,"29","0.222","0.63","0.386",23.5,24.1,24.1,"0.246","0.559","0.359",45
"Nimmo, Brandon",607043,"NYM","CH","Changeup",0.7,1,"102",10.4,"29","0.25","0.292","0.319",23.9,10.3,7.1,"0.243","0.374","0.344",14.3
"Yastrzemski, Mike",573262,"SF","SL","Slider",-1.3,-2,"129",13.7,"29","0.115","0.154","0.178",30.4,48.3,24.6,"0.105","0.185","0.181",25
"Solano, Donovan",456781,"SF","SI","Sinker",1.4,2,"110",14.7,"29","0.393","0.536","0.478",5.5,6.9,15.4,"0.337","0.489","0.369",30.8
"Harper, Bryce",547180,"PHI","SI","Sinker",4,5,"121",12.4,"29","0.391","0.783","0.538",11.3,3.4,6.3,"0.369","0.842","0.54",54.5
"Villar, Jonathan",542340,"TOR","SL","Slider",-1.9,-2,"130",16.1,"29","0.16","0.2","0.241",42.6,44.8,24.1,"0.093","0.097","0.174",33.3
"Engel, Adam",641553,"CWS","FF","4-Seam Fastball",0,0,"130",37.6,"29","0.231","0.385","0.331",25.8,20.7,17.6,"0.233","0.343","0.299",15
"Pederson, Joc",592626,"LAD","CH","Changeup",-3.5,-4,"118",21.5,"29","0.074","0.074","0.141",33.3,17.2,14.7,"0.195","0.241","0.226",36.4
"Profar, Jurickson",595777,"SD","SL","Slider",1.1,1,"110",13.1,"29","0.346","0.385","0.364",27.3,20.7,12.5,"0.34","0.399","0.364",25
"Martínez, José A.",500874,"CHC","FF","4-Seam Fastball",0.3,0,"138",35,"29","0.231","0.5","0.347",32.3,34.5,21.3,"0.204","0.438","0.313",50
"Goodrum, Niko",592348,"DET","CH","Changeup",-1.8,-2,"111",14.3,"29","0.16","0.28","0.234",47.2,37.9,32.4,"0.158","0.27","0.237",6.7
"Hampson, Garrett",641658,"COL","SL","Slider",-0.6,-1,"101",13.1,"29","0.286","0.429","0.322",53.2,44.8,35.1,"0.232","0.324","0.257",13.3
"Verdugo, Alex",657077,"BOS","CH","Changeup",-0.9,-1,"106",11.5,"29","0.148","0.259","0.217",21.2,27.6,20.5,"0.145","0.219","0.194",15
"Bogaerts, Xander",593428,"BOS","CH","Changeup",-0.1,0,"113",11.7,"29","0.222","0.444","0.31",37,27.6,22.2,"0.216","0.334","0.269",36.8
"Gosselin, Phil",594838,"PHI","FF","4-Seam Fastball",2.2,3,"115",27.5,"29","0.385","0.577","0.445",27.1,27.6,28.6,"0.248","0.331","0.296",27.8
"Martinez, J.D.",502110,"BOS","CH","Changeup",-2.4,-2,"93",10.4,"29","0.207","0.379","0.248",35.1,20.7,21.4,"0.209","0.389","0.253",30.4
"McNeil, Jeff",643446,"NYM","SL","Slider",-2.1,-3,"128",15.9,"29","0.148","0.185","0.216",16.2,10.3,6.1,"0.173","0.261","0.222",20.8
"Valaika, Pat",642162,"BAL","SL","Slider",1.1,1,"100",17.6,"29","0.286","0.464","0.321",35.3,31,33.3,"0.269","0.446","0.301",40
"Tucker, Kyle",663656,"HOU","SL","Slider",-2.3,-3,"150",17.4,"29","0.111","0.222","0.155",32.9,34.5,21.3,"0.178","0.254","0.198",27.8
"Garver, Mitch",641598,"MIN","FF","4-Seam Fastball",-2.8,-4,"132",34.3,"29","0.115","0.231","0.21",39.3,48.3,36.8,"0.162","0.291","0.219",53.8
"Seager, Corey",608369,"LAD","SI","Sinker",4.1,4,"99",12.3,"29","0.429","0.679","0.516",17.2,6.9,8.3,"0.413","0.707","0.48",73.1
"Stallings, Jacob",607732,"PIT","SL","Slider",-1.3,-2,"136",22,"29","0.208","0.208","0.286",42.9,31,24.3,"0.15","0.172","0.241",33.3
"Dalbec, Bobby",666915,"BOS","FF","4-Seam Fastball",5.6,8,"136",35.7,"29","0.375","1.042","0.602",37.7,41.4,27.3,"0.24","0.746","0.448",75
"Moore, Dylan",664238,"SEA","SL","Slider",-1.6,-2,"152",23.2,"29","0.138","0.138","0.155",40.9,48.3,26.4,"0.139","0.177","0.14",20
"Urshela, Gio",570482,"NYY","SL","Slider",2.6,3,"105",16.6,"29","0.423","0.462","0.402",24.5,24.1,17.1,"0.316","0.387","0.342",15
"Gardner, Brett",458731,"NYY","SI","Sinker",2,2,"114",17.5,"28","0.429","0.667","0.529",5.9,3.6,5,"0.348","0.598","0.477",40
"Aguilar, Jesús",542583,"MIA","SI","Sinker",-1.5,-2,"127",14.4,"28","0.208","0.25","0.273",21.1,21.4,23.1,"0.277","0.345","0.331",44.4
"Gonzalez, Marwin",503556,"MIN","SL","Slider",-2.8,-4,"127",15.8,"28","0.148","0.148","0.154",29.1,21.4,16.2,"0.244","0.293","0.252",23.8
"Alfaro, Jorge",595751,"MIA","FF","4-Seam Fastball",-1.8,-2,"128",37.4,"28","0.167","0.208","0.241",38.8,35.7,25.6,"0.211","0.324","0.296",64.3
"Camargo, Johan",622666,"ATL","CH","Changeup",-1.3,-1,"106",20,"28","0.222","0.333","0.255",38.9,28.6,22.2,"0.174","0.21","0.189",10.5
"Ohtani, Shohei",660271,"LAA","SI","Sinker",3.5,4,"107",14.5,"28","0.391","0.826","0.575",25,10.7,15.8,"0.444","0.847","0.572",50
"Díaz, Yandy",650490,"TB","SL","Slider",1,1,"112",19.5,"28","0.28","0.4","0.339",18.9,17.9,13.5,"0.204","0.268","0.262",30
"Garcia, Greg",594824,"SD","FF","4-Seam Fastball",-0.6,-1,"116",40.1,"28","0.238","0.286","0.306",9.8,21.4,21.4,"0.2","0.245","0.271",16.7
"Maybin, Cameron",457727,"CHC","SL","Slider",-1.5,-1,"95",23.9,"28","0.185","0.296","0.223",41.7,28.6,20,"0.178","0.242","0.201",21.1
"Gonzalez, Marwin",503556,"MIN","CU","Curveball",0.6,1,"147",18.3,"28","0.227","0.273","0.298",42.2,32.1,19.6,"0.24","0.375","0.334",42.9
"Chavis, Michael",656308,"BOS","SI","Sinker",-3.9,-4,"105",16.9,"28","0.192","0.192","0.211",26.9,25,29.2,"0.212","0.241","0.238",36.8
"Moran, Colin",592567,"PIT","SL","Slider",2.6,3,"106",13.1,"28","0.24","0.68","0.411",32.4,35.7,23.8,"0.251","0.638","0.401",53.3
"Soto, Juan",665742,"WSH","SI","Sinker",1.5,2,"128",15.5,"28","0.333","0.75","0.486",11.4,14.3,14.8,"0.397","0.777","0.523",40
"Swanson, Dansby",621020,"ATL","CH","Changeup",-0.2,0,"94",8.9,"28","0.25","0.292","0.305",38.5,28.6,24.2,"0.226","0.337","0.31",43.8
"Bonifacio, Jorge",593528,"DET","SL","Slider",0.5,0,"99",26.8,"28","0.222","0.481","0.309",52.8,42.9,29.3,"0.19","0.388","0.26",46.7
"Hayes, Ke'Bryan",663647,"PIT","FF","4-Seam Fastball",-1.1,-1,"126",32.5,"28","0.24","0.4","0.331",13.2,21.4,15.4,"0.243","0.411","0.324",47.4
"Galvis, Freddy",520471,"CIN","SI","Sinker",0.7,1,"136",22,"28","0.393","0.643","0.445",20,17.9,21.7,"0.307","0.501","0.345",43.5
"Ohtani, Shohei",660271,"LAA","SL","Slider",-2.2,-2,"98",13.3,"28","0.115","0.154","0.159",34.1,28.6,23.5,"0.167","0.215","0.203",22.2
"Gallo, Joey",608336,"TEX","SI","Sinker",1.2,2,"123",12.9,"28","0.217","0.739","0.443",18.9,25,28,"0.282","0.854","0.504",68.8
"Wendle, Joey",621563,"TB","SI","Sinker",0.1,0,"103",15.3,"28","0.32","0.36","0.345",11.4,21.4,17.1,"0.279","0.351","0.322",31.6
"Chirinos, Robinson",455139,"NYM","FF","4-Seam Fastball",-2.2,-2,"111",35.6,"28","0.28","0.36","0.3",23.5,10.7,11.5,"0.271","0.367","0.313",30.4
"Gordon, Alex",460086,"KC","SI","Sinker",1.7,2,"103",14.6,"28","0.292","0.458","0.377",18.6,21.4,26.1,"0.228","0.299","0.293",38.9
"Díaz, Yandy",650490,"TB","FF","4-Seam Fastball",0.4,1,"180",31.4,"28","0.429","0.429","0.481",17.9,7.1,4.7,"0.392","0.47","0.461",52.6
"Sogard, Eric",519299,"MIL","SI","Sinker",-3.5,-4,"105",21,"28","0.154","0.154","0.185",0,7.1,8,"0.194","0.229","0.222",20.8
"Profar, Jurickson",595777,"SD","SI","Sinker",4,4,"112",13.4,"28","0.375","0.75","0.539",20.8,17.9,17.9,"0.346","0.654","0.459",63.2
"Maybin, Cameron",457727,"CHC","FF","4-Seam Fastball",0.9,1,"135",33.9,"28","0.333","0.542","0.437",24.5,14.3,14.3,"0.293","0.54","0.404",45
"Biggio, Cavan",624415,"TOR","SL","Slider",2,2,"119",10.7,"28","0.261","0.391","0.357",37.5,28.6,17.8,"0.184","0.314","0.299",26.7
"Myers, Wil",571976,"SD","CH","Changeup",3.9,4,"104",12.3,"28","0.385","0.808","0.533",18,14.3,13.3,"0.331","0.665","0.438",36.4
"Meadows, Austin",640457,"TB","CH","Changeup",-3.3,-3,"98",14.9,"28","0.083","0.167","0.189",53.2,50,38.9,"0.117","0.188","0.212",60
"Frazier, Todd",453943,"NYM","SI","Sinker",3.5,3,"91",12.7,"28","0.4","0.64","0.505",8.3,10.7,15,"0.319","0.614","0.422",50
"Longoria, Evan",446334,"SF","SI","Sinker",-3.5,-3,"91",11.5,"28","0.148","0.259","0.193",6.7,10.7,16.7,"0.26","0.506","0.335",37.5
"Miller, Brad",543543,"STL","CH","Changeup",1.9,2,"112",16,"28","0.259","0.481","0.393",25,14.3,13.3,"0.294","0.542","0.368",34.8
"Biggio, Cavan",624415,"TOR","CH","Changeup",4.5,5,"113",10.2,"28","0.292","0.5","0.389",34.9,25,21.9,"0.279","0.409","0.354",41.2
"DeJong, Paul",657557,"STL","SI","Sinker",2.2,2,"96",14.1,"28","0.4","0.64","0.448",14.3,10.7,16.7,"0.359","0.592","0.422",52.2
"Tapia, Raimel",606132,"COL","SI","Sinker",0.3,0,"119",14.8,"28","0.32","0.36","0.345",9.3,10.7,10,"0.281","0.409","0.341",36.4
"Canha, Mark",592192,"ATH","CU","Curveball",-1.8,-2,"133",12.5,"28","0.087","0.087","0.171",13.2,17.9,12.8,"0.207","0.328","0.3",25
"Marte, Starling",516782,"MIA","CU","Curveball",1,1,"92",9.8,"28","0.222","0.481","0.341",27.5,17.9,15.2,"0.218","0.44","0.292",22.7
"Edman, Tommy",669242,"STL","SL","Slider",0.5,1,"93",10.6,"28","0.261","0.304","0.305",22.2,28.6,22.9,"0.273","0.348","0.33",43.8
"McBroom, Ryan",643436,"KC","FF","4-Seam Fastball",-2.4,-3,"132",36.5,"28","0.185","0.222","0.198",38.3,39.3,25.6,"0.175","0.225","0.194",6.3
"Frazier, Adam",624428,"PIT","CU","Curveball",-1.3,-1,"118",13.3,"28","0.148","0.259","0.193",21.7,21.4,19.4,"0.189","0.275","0.216",14.3
"Miller, Brad",543543,"STL","SL","Slider",-3.1,-4,"117",16.7,"28","0.12","0.16","0.184",35.2,28.6,21.6,"0.231","0.415","0.318",29.4
"Machín, Vimael",605353,"ATH","FF","4-Seam Fastball",-1.3,-2,"126",46.7,"27","0.273","0.273","0.33",18.9,7.4,7.4,"0.308","0.421","0.386",40
"Galvis, Freddy",520471,"CIN","CH","Changeup",0.1,0,"91",14.7,"27","0.269","0.346","0.296",25.6,11.1,15.8,"0.28","0.445","0.327",21.7
"Cabrera, Asdrúbal",452678,"WSH","CH","Changeup",1.5,1,"95",11.2,"27","0.24","0.4","0.311",11.1,3.7,3.8,"0.274","0.343","0.275",28
"Brosseau, Mike",670712,"TB","FF","4-Seam Fastball",1.5,2,"126",33.4,"27","0.208","0.583","0.4",50,48.1,38.2,"0.17","0.482","0.313",54.5
"Nottingham, Jacob",641924,"MIL","FF","4-Seam Fastball",-4.2,-5,"119",52.7,"27","0.043","0.043","0.137",42.6,48.1,28.9,"0.099","0.112","0.185",50
"Olson, Matt",621566,"ATH","SL","Slider",0.4,1,"133",13.3,"27","0.192","0.462","0.287",28.6,40.7,19.6,"0.158","0.399","0.245",46.7
"Moustakas, Mike",519058,"CIN","CU","Curveball",-2.7,-3,"122",18.5,"27","0.042","0.167","0.152",38.9,33.3,21.4,"0.159","0.245","0.232",20
"White, Evan",657108,"SEA","SI","Sinker",-3.9,-4,"112",13.5,"27","0.115","0.154","0.172",19.6,33.3,42.9,"0.204","0.325","0.243",23.5
"Myers, Wil",571976,"SD","CU","Curveball",-1.5,-2,"112",13.3,"27","0.167","0.458","0.306",29.3,37,37,"0.269","0.606","0.4",42.9
"Suzuki, Kurt",435559,"WSH","SL","Slider",-0.9,-1,"112",23.1,"27","0.174","0.261","0.263",32.7,25.9,20.6,"0.163","0.214","0.244",18.8
"Mondesi, Adalberto",609275,"KC","CU","Curveball",-2.6,-3,"111",13.1,"27","0.111","0.259","0.152",69.2,63,40.5,"0.13","0.196","0.14",40
"Moustakas, Mike",519058,"CIN","SL","Slider",-1.2,-1,"113",17.1,"27","0.192","0.385","0.259",28.8,33.3,20.5,"0.21","0.353","0.256",35.3
"Knapp, Andrew",595284,"PHI","FF","4-Seam Fastball",3.4,4,"118",34.2,"27","0.304","0.609","0.448",19.6,14.8,10.3,"0.324","0.62","0.443",36.8
"Crawford, J.P.",641487,"SEA","SL","Slider",1.9,2,"103",11,"27","0.28","0.48","0.365",42.9,40.7,25.6,"0.191","0.358","0.267",57.1
"Edman, Tommy",669242,"STL","SI","Sinker",-1.4,-2,"135",15.4,"27","0.25","0.25","0.311",8.2,14.8,14.3,"0.292","0.353","0.328",35
"Haggerty, Sam",664059,"SEA","FF","4-Seam Fastball",1.3,1,"102",44.5,"27","0.348","0.609","0.45",25,11.1,10.7,"0.286","0.492","0.385",40
"Winker, Jesse",608385,"CIN","CU","Curveball",5.3,6,"120",15.3,"27","0.435","0.87","0.546",15.9,7.4,5,"0.299","0.621","0.41",45.5
"Stanton, Giancarlo",519317,"NYY","FF","4-Seam Fastball",5.8,7,"126",30.4,"27","0.438","1.063","0.654",23.9,18.5,13.5,"0.46","1.061","0.658",63.6
"Realmuto, J.T.",592663,"PHI","SL","Slider",-1.2,-2,"136",18.3,"27","0.222","0.296","0.226",34.4,37,23.8,"0.157","0.249","0.173",29.4
"Osuna, José",591741,"PIT","FF","4-Seam Fastball",-6.4,-6,"95",30.8,"27","0.04","0.04","0.119",15.4,18.5,17.9,"0.201","0.473","0.306",50
"Reynolds, Bryan",668804,"PIT","SL","Slider",-5.5,-7,"120",13.9,"27","0","0","0.052",41.3,40.7,19.6,"0.063","0.078","0.109",7.1
"Miller, Brad",543543,"STL","SI","Sinker",2.3,2,"100",14.3,"27","0.333","0.5","0.481",24.3,14.8,16.7,"0.334","0.606","0.523",60
"Grichuk, Randal",545341,"TOR","CU","Curveball",-1.5,-2,"122",14.3,"27","0.222","0.259","0.213",28.8,33.3,19.1,"0.245","0.303","0.24",44.4
"Phillips, Brett",621433,"TB","FF","4-Seam Fastball",-0.7,-1,"113",44.8,"27","0.25","0.458","0.344",39.3,25.9,20,"0.274","0.432","0.345",29.4
"Kipnis, Jason",543401,"CHC","SL","Slider",0.2,0,"100",16.9,"27","0.154","0.385","0.274",46.9,51.9,31.8,"0.126","0.269","0.185",16.7
"McMahon, Ryan",641857,"COL","SL","Slider",-3.5,-4,"105",12.5,"27","0.038","0.115","0.119",49.2,59.3,32,"0.052","0.128","0.1",20
"Edman, Tommy",669242,"STL","CU","Curveball",-1.1,-1,"132",15.1,"27","0.231","0.308","0.252",32,37,29.4,"0.221","0.261","0.233",25
"Bart, Joey",663698,"SF","SL","Slider",0.3,0,"101",23.4,"27","0.25","0.333","0.337",49.1,55.6,34.1,"0.17","0.253","0.238",66.7
"Semien, Marcus",543760,"ATH","CU","Curveball",1.4,1,"93",9.5,"27","0.24","0.52","0.346",15,25.9,19.4,"0.179","0.369","0.262",22.2
"Rojas, Miguel",500743,"MIA","SL","Slider",1,1,"106",19.9,"26","0.261","0.348","0.35",32.5,19.2,15.2,"0.312","0.369","0.346",27.8
"Conforto, Michael",624424,"NYM","CU","Curveball",-0.5,-1,"135",14.5,"26","0.28","0.36","0.296",39.2,46.2,27.3,"0.168","0.206","0.182",38.5
"Joyce, Matt",459964,"MIA","CH","Changeup",-1,-1,"128",21.3,"26","0.2","0.2","0.208",49,38.5,24.4,"0.208","0.267","0.228",6.7
"Trout, Mike",545361,"LAA","CU","Curveball",4.1,4,"98",9.6,"26","0.3","0.9","0.512",34.6,34.6,27.3,"0.305","0.951","0.53",58.3
"Frazier, Todd",453943,"NYM","SL","Slider",-1.8,-2,"114",15.9,"26","0.167","0.25","0.228",35.8,38.5,21.7,"0.16","0.198","0.199",14.3
"Lopes, Tim",621005,"SEA","SI","Sinker",-5.4,-5,"97",17,"26","0.115","0.115","0.104",22.2,15.4,16,"0.238","0.262","0.228",40.9
"Eaton, Adam",594809,"WSH","SI","Sinker",-5.6,-5,"92",13.6,"26","0.087","0.13","0.142",9.1,11.5,18.8,"0.3","0.376","0.325",47.6
"Pérez, Roberto",547379,"CLE","FF","4-Seam Fastball",-3,-4,"140",28.8,"26","0.174","0.174","0.219",22,38.5,31.3,"0.213","0.329","0.285",30.8
"Valaika, Pat",642162,"BAL","SI","Sinker",0.4,0,"99",17.4,"26","0.36","0.64","0.454",10.6,0,0,"0.378","0.632","0.441",44
"Velazquez, Andrew",623205,"BAL","FF","4-Seam Fastball",-3.3,-4,"133",41.4,"26","0.095","0.143","0.177",31.2,34.6,23.1,"0.126","0.23","0.222",14.3
"Ruiz, Rio",547004,"BAL","SL","Slider",0.4,0,"104",13.2,"26","0.208","0.5","0.325",37,26.9,18.9,"0.184","0.257","0.228",29.4
"Smoak, Justin",475253,"SF","SL","Slider",-2.2,-2,"103",18.6,"26","0.16","0.4","0.25",40.7,42.3,22,"0.13","0.24","0.178",50
"Tatis Jr., Fernando",665487,"SD","CU","Curveball",7.2,7,"93",9.4,"26","0.375","0.875","0.535",32.6,19.2,20.8,"0.343","0.827","0.5",57.9
"Sánchez, Gary",596142,"NYY","SI","Sinker",0.2,0,"113",14.6,"26","0.263","0.526","0.448",17.9,11.5,20,"0.279","0.565","0.45",56.3
"Haseley, Adam",656514,"PHI","FF","4-Seam Fastball",-0.4,-1,"129",35,"26","0.273","0.364","0.336",7,15.4,10.5,"0.316","0.446","0.347",40
"Taylor, Chris",621035,"LAD","CH","Changeup",0.9,1,"104",12.1,"26","0.217","0.391","0.379",51.9,42.3,30.6,"0.213","0.298","0.276",41.7
"Bohm, Alec",664761,"PHI","SL","Slider",1.2,1,"108",16.3,"26","0.32","0.48","0.394",41.9,30.8,25,"0.247","0.431","0.302",41.2
"Hoskins, Rhys",656555,"PHI","SL","Slider",0.9,1,"135",17.6,"26","0.238","0.429","0.414",39.6,34.6,21.4,"0.161","0.312","0.3",25
"Moran, Colin",592567,"PIT","CU","Curveball",-0.9,-1,"95",11.7,"26","0.167","0.333","0.221",26.1,26.9,17.5,"0.246","0.411","0.293",44.4
"Escobar, Eduardo",500871,"AZ","SI","Sinker",1.2,1,"94",11.6,"26","0.333","0.476","0.39",18.6,11.5,12.5,"0.247","0.328","0.31",36.8
"Guzmán, Ronald",608597,"TEX","FF","4-Seam Fastball",2,3,"126",38.3,"26","0.318","0.5","0.475",24.2,23.1,14.3,"0.306","0.589","0.425",37.5
"Happ, Ian",664023,"CHC","CU","Curveball",-1,-1,"95",10.1,"26","0.208","0.333","0.252",42.2,42.3,36.7,"0.256","0.417","0.303",57.1
"Heyward, Jason",518792,"CHC","CH","Changeup",0.9,1,"93",11.5,"26","0.19","0.429","0.377",41.5,26.9,21.2,"0.215","0.292","0.312",28.6
"Happ, Ian",664023,"CHC","SI","Sinker",3.2,4,"138",14.7,"26","0.429","0.81","0.558",23.9,26.9,20.6,"0.281","0.559","0.417",50
"Margot, Manuel",622534,"TB","SL","Slider",1.4,1,"104",17.8,"26","0.292","0.417","0.344",49,30.8,19.5,"0.188","0.268","0.212",23.5
"Bradley Jr., Jackie",598265,"BOS","CH","Changeup",-0.6,-1,"108",12.9,"26","0.208","0.208","0.236",35.5,34.6,24.3,"0.127","0.172","0.178",6.7
"Heyward, Jason",518792,"CHC","SL","Slider",1.3,2,"124",15.3,"26","0.292","0.5","0.4",33.3,34.6,22,"0.239","0.41","0.308",20
"Carpenter, Matt",572761,"STL","CH","Changeup",-4,-5,"114",15.6,"26","0.077","0.077","0.069",50,34.6,25.7,"0.148","0.188","0.146",17.6
"Akiyama, Shogo",673451,"CIN","SL","Slider",-3,-4,"119",14.5,"26","0.16","0.16","0.2",35.2,30.8,17.8,"0.19","0.261","0.212",35.3
"Franco, Maikel",596748,"KC","CH","Changeup",-2.7,-3,"97",10.3,"26","0.12","0.32","0.2",29.1,30.8,25,"0.157","0.218","0.181",41.2
"Swanson, Dansby",621020,"ATL","CU","Curveball",-1.1,-1,"122",11.5,"26","0.16","0.28","0.216",41.9,50,30.2,"0.178","0.284","0.217",16.7
"Torres, Gleyber",650402,"NYY","SL","Slider",-1.3,-2,"136",20.3,"26","0.13","0.174","0.198",42.9,26.9,15.9,"0.221","0.271","0.273",31.3
"Goodrum, Niko",592348,"DET","CU","Curveball",-1.5,-2,"119",15.4,"26","0.13","0.217","0.212",43.6,38.5,28.6,"0.179","0.226","0.237",23.1
"Olson, Matt",621566,"ATH","SI","Sinker",3.2,3,"103",10.3,"26","0.286","0.619","0.51",26.2,19.2,23.8,"0.298","0.706","0.47",50
"Polanco, Jorge",593871,"MIN","SL","Slider",-2.1,-3,"129",14.3,"26","0.095","0.143","0.225",25.6,26.9,15.6,"0.145","0.259","0.253",33.3
"Semien, Marcus",543760,"ATH","SL","Slider",-2,-3,"147",15,"26","0.045","0.182","0.185",41.2,23.1,14.6,"0.12","0.197","0.223",12.5
"Upton, Justin",457708,"LAA","SI","Sinker",2.4,3,"117",17.2,"26","0.35","0.55","0.433",8.9,7.7,8.3,"0.278","0.427","0.404",42.1
"Moncada, Yoán",660162,"CWS","CU","Curveball",0.4,1,"122",12.4,"26","0.25","0.5","0.344",36,38.5,25,"0.24","0.42","0.311",50
"Bregman, Alex",608324,"HOU","SL","Slider",-2.7,-3,"121",16.4,"26","0.083","0.083","0.123",26.1,23.1,15.4,"0.173","0.262","0.225",22.2
"Bradley Jr., Jackie",598265,"BOS","SI","Sinker",2.1,2,"117",14,"25","0.391","0.739","0.496",15.7,16,16,"0.233","0.5","0.339",42.1
"Tejeda, Anderson",660731,"TEX","FF","4-Seam Fastball",-3.7,-4,"94",34.2,"25","0.174","0.217","0.214",43.4,36,39.1,"0.122","0.229","0.192",28.6
"Nola, Austin",543592,"SD","CH","Changeup",1.1,1,"92",12.6,"25","0.19","0.333","0.298",15.4,20,17.9,"0.233","0.323","0.313",56.3
"Villar, Jonathan",542340,"TOR","SI","Sinker",1,1,"90",11.2,"25","0.368","0.684","0.471",28.6,24,30,"0.3","0.639","0.43",53.3
"Cronenworth, Jake",630105,"SD","CH","Changeup",3.6,3,"93",12.3,"25","0.348","0.783","0.486",31,20,16.1,"0.327","0.651","0.431",38.9
"Paredes, Isaac",670623,"DET","SL","Slider",-3.1,-4,"132",29.4,"25","0.087","0.087","0.133",28.6,24,13,"0.154","0.204","0.2",23.5
"Votto, Joey",458015,"CIN","SL","Slider",1.2,1,"121",13.1,"25","0.318","0.364","0.35",25.6,32,17.4,"0.259","0.447","0.346",42.9
"La Stella, Tommy",600303,"ATH","SL","Slider",-0.8,-1,"102",10.9,"25","0.227","0.227","0.272",11.6,8,6.3,"0.251","0.305","0.27",14.3
"Thames, Eric",519346,"WSH","CH","Changeup",-2.2,-2,"96",16.6,"25","0.13","0.174","0.178",40.8,36,29,"0.114","0.165","0.169",21.4
"Seager, Corey",608369,"LAD","CU","Curveball",5.6,5,"96",11.9,"25","0.364","0.909","0.582",35.3,20,16.7,"0.375","0.921","0.553",58.8
"Adell, Jo",666176,"LAA","SI","Sinker",-2.1,-2,"103",18.8,"25","0.304","0.435","0.352",20.8,12,15,"0.252","0.342","0.298",45
"Kepler, Max",596146,"MIN","SL","Slider",0.5,1,"121",15.7,"25","0.19","0.333","0.336",26,16,11.4,"0.191","0.292","0.284",41.2
"Duvall, Adam",594807,"ATL","CH","Changeup",-1.2,-1,"96",12,"25","0.208","0.417","0.252",38.5,32,21.6,"0.172","0.339","0.205",35.3
"Torres, Gleyber",650402,"NYY","SI","Sinker",2.4,3,"105",15.6,"25","0.333","0.571","0.472",16.7,12,13.6,"0.288","0.544","0.407",66.7
"Polanco, Gregory",570256,"PIT","SL","Slider",-3.6,-4,"113",15,"25","0.043","0.174","0.136",46.7,40,22.7,"0.156","0.381","0.26",38.5
"Soto, Juan",665742,"WSH","SL","Slider",4.1,6,"134",16.2,"25","0.409","0.864","0.59",27.1,12,9.4,"0.391","1.005","0.59",63.2
"Merrifield, Whit",593160,"KC","CU","Curveball",3.1,3,"91",9.1,"25","0.36","0.68","0.44",20.5,20,21.7,"0.323","0.462","0.342",35
"Hernández, Teoscar",606192,"TOR","CU","Curveball",-1.1,-1,"101",12,"25","0.136","0.318","0.222",48.8,36,24.3,"0.168","0.344","0.245",28.6
"Turner, Justin",457759,"LAD","SL","Slider",-0.9,-1,"115",16.9,"25","0.238","0.286","0.278",30.2,24,17.1,"0.194","0.298","0.265",31.3
"Laureano, Ramón",657656,"ATH","CH","Changeup",-0.3,0,"110",12.3,"25","0.182","0.364","0.286",33.3,28,20,"0.299","0.646","0.43",40
"Mullins, Cedric",656775,"BAL","SI","Sinker",0,0,"93",15.4,"25","0.333","0.524","0.396",14.3,20,21.7,"0.285","0.361","0.319",44.4
"Anderson, Brian",605119,"MIA","CH","Changeup",2.3,2,"102",11.5,"25","0.333","0.625","0.454",33.9,24,14.3,"0.325","0.622","0.406",38.9
"Ruiz, Rio",547004,"BAL","CH","Changeup",-2.7,-3,"100",12.7,"24","0.091","0.227","0.188",30.9,20.8,18.5,"0.178","0.373","0.248",22.2
"Dyson, Jarrod",502481,"CWS","FF","4-Seam Fastball",-5.3,-6,"107",43.1,"24","0.045","0.045","0.096",14.3,20.8,17.9,"0.095","0.123","0.147",0
"Goodwin, Brian",571718,"CIN","CH","Changeup",-1.1,-1,"99",14.5,"24","0.19","0.238","0.252",43.6,25,21.4,"0.174","0.302","0.264",20
"Maldonado, Martín",455117,"HOU","SL","Slider",-2,-2,"107",15.4,"24","0.174","0.217","0.194",39,50,33.3,"0.17","0.292","0.215",36.4
"Barnhart, Tucker",571466,"CIN","SI","Sinker",-4.6,-4,"97",22.2,"24","0.1","0.1","0.192",14.6,29.2,26.9,"0.129","0.186","0.23",23.1
"Braun, Ryan",460075,"MIL","SL","Slider",3.1,3,"95",19.2,"24","0.348","0.739","0.485",37.7,12.5,12.5,"0.282","0.526","0.357",40
"Urías, Luis",649966,"MIL","SL","Slider",-3.5,-4,"107",22.1,"24","0.13","0.13","0.142",18.2,33.3,23.5,"0.15","0.196","0.176",20
"Votto, Joey",458015,"CIN","CH","Changeup",-2.3,-3,"116",12.6,"24","0.087","0.13","0.119",34.2,16.7,14.8,"0.137","0.18","0.159",5.3
"Carpenter, Matt",572761,"STL","SI","Sinker",1.8,2,"106",14.5,"24","0.389","0.556","0.483",22.2,16.7,13.8,"0.333","0.617","0.472",57.1
"Cooper, Garrett",643265,"MIA","SI","Sinker",0.5,0,"98",17.6,"24","0.333","0.524","0.41",19,12.5,14.3,"0.313","0.693","0.453",50
"Hicks, Aaron",543305,"NYY","CU","Curveball",-1.7,-2,"106",11.5,"24","0.136","0.182","0.233",35,29.2,17.9,"0.227","0.273","0.263",20
"Guerrero Jr., Vladimir",665489,"TOR","FC","Cutter",-0.2,0,"105",11.6,"24","0.227","0.545","0.39",21.8,8.3,10,"0.334","0.561","0.405",45
"Turner, Trea",607208,"WSH","FC","Cutter",2.7,3,"113",10.9,"24","0.476","0.667","0.492",15.2,0,0,"0.375","0.657","0.456",31.8
"Upton, Justin",457708,"LAA","SL","Slider",-0.3,0,"129",18.9,"24","0.143","0.286","0.246",45.7,41.7,22.7,"0.137","0.276","0.239",36.4
"Schwarber, Kyle",656941,"CHC","CU","Curveball",0.6,1,"142",14.9,"24","0.167","0.222","0.302",40,45.8,30.6,"0.165","0.286","0.319",28.6
"White, Evan",657108,"SEA","CH","Changeup",0.3,0,"93",11.2,"24","0.182","0.364","0.269",48.8,41.7,31.3,"0.192","0.381","0.282",41.7
"Adell, Jo",666176,"LAA","SL","Slider",-3.7,-4,"98",17.9,"24","0.095","0.143","0.152",41.7,41.7,27.8,"0.19","0.291","0.271",45.5
"Kiermaier, Kevin",595281,"TB","CH","Changeup",-1.7,-2,"102",15.6,"24","0.19","0.19","0.238",25.5,12.5,9.7,"0.225","0.3","0.29",27.8
"Gallo, Joey",608336,"TEX","CU","Curveball",0,0,"115",12,"24","0.211","0.316","0.325",47.5,37.5,22.5,"0.192","0.316","0.317",30
"Locastro, Tim",641796,"AZ","FF","4-Seam Fastball",0.5,1,"115",36.2,"24","0.2","0.45","0.379",10.9,29.2,20.6,"0.233","0.462","0.359",38.5
"Walker, Christian",572233,"AZ","CH","Changeup",0.1,0,"99",10.3,"24","0.261","0.522","0.344",19.6,12.5,8.3,"0.204","0.297","0.237",30
"Akiyama, Shogo",673451,"CIN","CU","Curveball",0.2,0,"100",12.2,"24","0.273","0.318","0.298",26.2,33.3,20,"0.246","0.317","0.282",21.4
"Jay, Jon",445055,"AZ","FF","4-Seam Fastball",-4.2,-4,"96",46.2,"24","0.095","0.095","0.133",9.8,12.5,13,"0.276","0.454","0.332",36.8
"Frazier, Adam",624428,"PIT","SL","Slider",-4.3,-4,"100",11.3,"24","0.087","0.087","0.104",22.9,20.8,14.7,"0.186","0.255","0.215",22.2
"Smith, Will",669257,"LAD","SI","Sinker",2.3,3,"108",17.7,"24","0.368","0.579","0.469",7,8.3,7.4,"0.312","0.724","0.485",58.8
"Brantley, Michael",488726,"HOU","SL","Slider",4.1,4,"93",12.9,"24","0.391","0.696","0.508",23.7,16.7,10.3,"0.385","0.555","0.414",57.9
"Muncy, Max",571970,"LAD","SI","Sinker",-2,-2,"108",9.8,"24","0.136","0.318","0.231",17.1,20.8,23.8,"0.268","0.499","0.354",52.9
"McCutchen, Andrew",457705,"PHI","CU","Curveball",-2.2,-2,"113",11.6,"24","0.091","0.227","0.179",23.3,33.3,21.1,"0.186","0.251","0.234",28.6
"Pollock, AJ",572041,"LAD","CH","Changeup",-1.7,-2,"101",13.5,"24","0.19","0.333","0.283",33.3,25,18.2,"0.15","0.253","0.24",20
"Encarnación, Edwin",429665,"CWS","SI","Sinker",4.6,6,"128",16.2,"24","0.364","0.773","0.571",20,12.5,11.5,"0.267","0.633","0.397",36.8
"Naquin, Tyler",571980,"CLE","SI","Sinker",-3.1,-3,"93",17.8,"24","0.182","0.273","0.246",9.1,8.3,8.3,"0.325","0.516","0.367",52.4
"Polanco, Gregory",570256,"PIT","CU","Curveball",-2.4,-2,"98",13,"23","0.136","0.409","0.213",50,52.2,35.3,"0.182","0.459","0.273",63.6
"Harper, Bryce",547180,"PHI","FC","Cutter",0.4,0,"95",9.8,"23","0.235","0.353","0.339",38.5,30.4,29.2,"0.246","0.325","0.338",45.5
"Kepler, Max",596146,"MIN","CU","Curveball",-0.9,-1,"97",12.6,"23","0.143","0.19","0.224",28.6,30.4,23.3,"0.131","0.164","0.208",7.1
"Cabrera, Asdrúbal",452678,"WSH","CU","Curveball",-0.4,0,"99",11.7,"23","0.278","0.278","0.348",27.5,21.7,15.2,"0.291","0.403","0.388",30.8
"Abreu, José",547989,"CWS","CU","Curveball",3.7,4,"99",9.6,"23","0.333","0.952","0.541",40,39.1,23.1,"0.331","0.851","0.506",75
"Kelly, Carson",608348,"AZ","SL","Slider",1.5,1,"92",18.2,"23","0.348","0.609","0.407",40,30.4,17.5,"0.234","0.388","0.262",31.3
"Castellanos, Nick",592206,"CIN","CU","Curveball",-1.5,-2,"119",12.3,"23","0.1","0.2","0.2",31.4,39.1,19.1,"0.16","0.237","0.239",36.4
"Wong, Kolten",543939,"STL","SL","Slider",-0.2,0,"107",12.6,"23","0.25","0.25","0.287",27.9,26.1,13,"0.227","0.271","0.281",35.7
"McMahon, Ryan",641857,"COL","SI","Sinker",-0.1,0,"101",12,"23","0.3","0.3","0.357",26,34.8,25,"0.217","0.249","0.3",33.3
"Dickerson, Corey",572816,"MIA","SI","Sinker",0.2,0,"109",12.7,"23","0.267","0.333","0.415",19.5,4.3,4.3,"0.193","0.265","0.372",28.6
"Harper, Bryce",547180,"PHI","CU","Curveball",1.9,2,"93",9.6,"23","0.368","0.579","0.428",21.4,13,15.8,"0.365","0.556","0.419",29.4
"Judge, Aaron",592450,"NYY","SL","Slider",1.3,1,"93",19.1,"23","0.294","0.471","0.445",44.4,26.1,20,"0.229","0.342","0.368",9.1
"Harrison, Monte",656509,"MIA","FF","4-Seam Fastball",-1.8,-2,"94",43.3,"23","0.2","0.35","0.296",43.6,52.2,63.2,"0.175","0.406","0.299",25
"Seager, Kyle",572122,"SEA","CU","Curveball",-1.7,-2,"114",11.8,"23","0.174","0.217","0.172",40,43.5,26.3,"0.142","0.235","0.161",23.1
"Cabrera, Asdrúbal",452678,"WSH","SL","Slider",0.1,0,"93",11,"23","0.227","0.364","0.286",34.8,21.7,17.9,"0.229","0.357","0.268",29.4
"Carpenter, Matt",572761,"STL","SL","Slider",-1.7,-2,"98",13.4,"23","0.111","0.111","0.23",55.3,43.5,29.4,"0.118","0.209","0.259",12.5
"Choi, Ji Man",596847,"TB","CH","Changeup",0.4,0,"99",16.6,"23","0.273","0.455","0.328",31.3,13,11.5,"0.244","0.372","0.284",36.8
"Goodrum, Niko",592348,"DET","SL","Slider",-3.4,-4,"114",14.7,"23","0.091","0.227","0.157",62.5,65.2,34.9,"0.098","0.233","0.16",42.9
"Flores, Wilmer",527038,"SF","CH","Changeup",1.5,2,"112",12.6,"23","0.273","0.545","0.361",28.8,26.1,13,"0.264","0.472","0.329",37.5
"Bell, Josh",605137,"PIT","CU","Curveball",2.1,2,"103",12,"23","0.25","0.4","0.335",41,39.1,28.1,"0.136","0.223","0.222",45.5
"Yelich, Christian",592885,"MIL","CH","Changeup",-1.1,-1,"121",11,"23","0.1","0.25","0.217",41,30.4,21.9,"0.214","0.339","0.299",30.8
"Semien, Marcus",543760,"ATH","FC","Cutter",-0.9,-1,"98",10,"23","0.261","0.522","0.328",22.6,17.4,11.8,"0.214","0.425","0.264",31.6
"Galvis, Freddy",520471,"CIN","CU","Curveball",-1.1,-1,"92",14.9,"23","0.1","0.25","0.257",17.1,17.4,13.3,"0.183","0.266","0.261",31.3
"Sánchez, Gary",596142,"NYY","CU","Curveball",-2.5,-2,"91",11.8,"22","0.091","0.227","0.132",30.8,40.9,27.3,"0.172","0.338","0.213",46.2
"Tsutsugo, Yoshi",660294,"TB","SI","Sinker",-1.2,-1,"122",14.4,"22","0.125","0.438","0.355",18.2,18.2,12.9,"0.186","0.53","0.405",58.3
"Pujols, Albert",405395,"LAA","SL","Slider",-3,-3,"96",15.4,"22","0.136","0.136","0.123",34.1,27.3,17.6,"0.167","0.188","0.156",18.8
"Bote, David",623520,"CHC","SI","Sinker",0.2,0,"96",16,"22","0.316","0.474","0.391",22.7,9.1,8.3,"0.307","0.449","0.377",41.2
"Espinal, Santiago",669289,"TOR","FF","4-Seam Fastball",-1.6,-2,"96",36.1,"22","0.3","0.35","0.293",25,31.8,25.9,"0.261","0.409","0.306",28.6
"Reyes, Victor",622682,"DET","SI","Sinker",1.7,2,"102",12.6,"22","0.381","0.667","0.457",26,27.3,26.1,"0.299","0.583","0.387",73.3
"Semien, Marcus",543760,"ATH","CH","Changeup",0.1,0,"103",10.5,"22","0.158","0.316","0.268",35.7,36.4,21.6,"0.147","0.206","0.228",18.2
"Kemp, Matt",461314,"COL","SL","Slider",-3.7,-4,"104",19,"22","0.095","0.095","0.114",50,36.4,21.1,"0.12","0.151","0.144",15.4
"Odor, Rougned",596059,"TEX","SL","Slider",-3.7,-4,"108",18.2,"22","0.048","0.048","0.114",25,45.5,23.8,"0.103","0.137","0.131",36.4
"Polanco, Gregory",570256,"PIT","SI","Sinker",-1,-1,"99",13.1,"22","0.222","0.333","0.291",31.9,18.2,15.4,"0.355","0.492","0.394",53.3
"Sierra, Magneuris",642423,"MIA","FF","4-Seam Fastball",-0.6,-1,"90",43.7,"22","0.278","0.389","0.381",4.8,4.5,5.9,"0.303","0.373","0.379",17.6
"Laureano, Ramón",657656,"ATH","CU","Curveball",2.7,3,"102",11.4,"22","0.235","0.588","0.423",26.5,22.7,14.3,"0.227","0.527","0.401",41.7
"Marmolejos, José",592530,"SEA","CH","Changeup",-2.3,-2,"90",20,"22","0.136","0.318","0.189",52.4,36.4,28.6,"0.251","0.409","0.285",14.3
"Votto, Joey",458015,"CIN","CU","Curveball",-0.5,-1,"108",11.7,"22","0.15","0.3","0.236",16.7,18.2,13.8,"0.278","0.616","0.4",37.5
"Mazara, Nomar",608577,"CWS","SI","Sinker",1.4,1,"96",15.7,"22","0.429","0.524","0.432",20,27.3,18.8,"0.272","0.384","0.303",53.3
"Chapman, Matt",656305,"ATH","SL","Slider",0.5,1,"113",17.3,"22","0.273","0.636","0.377",61.4,68.2,39.5,"0.224","0.538","0.313",85.7
"Hampson, Garrett",641658,"COL","CH","Changeup",-3.4,-3,"93",12,"22","0.182","0.182","0.164",48.8,54.5,40,"0.175","0.208","0.169",10
"Moran, Colin",592567,"PIT","CH","Changeup",0.7,1,"98",12.1,"22","0.133","0.2","0.32",27.8,9.1,9.1,"0.364","0.462","0.471",53.8
"Cooper, Garrett",643265,"MIA","SL","Slider",0.6,1,"99",17.8,"22","0.286","0.476","0.343",18.8,22.7,15.2,"0.388","0.581","0.429",31.3
"Alonso, Pete",624413,"NYM","FC","Cutter",-0.1,0,"91",9.8,"22","0.25","0.25","0.371",36.6,13.6,17.6,"0.216","0.273","0.351",30.8
"DeShields, Delino",592261,"CLE","SL","Slider",0.4,0,"99",22.1,"22","0.286","0.429","0.325",29.5,18.2,14.3,"0.242","0.336","0.269",11.8
"Hoerner, Nico",663538,"CHC","SL","Slider",0.2,0,"106",20.3,"22","0.368","0.368","0.382",32.5,27.3,17.6,"0.218","0.236","0.269",23.1
"Frazier, Clint",640449,"NYY","SL","Slider",2.8,3,"110",16,"22","0.294","0.529","0.47",37.1,36.4,20.5,"0.2","0.309","0.329",66.7
"Kiermaier, Kevin",595281,"TB","CU","Curveball",-1.8,-2,"95",14.5,"22","0.238","0.286","0.252",28.6,31.8,25.9,"0.19","0.209","0.205",14.3
"Tsutsugo, Yoshi",660294,"TB","SL","Slider",-1.7,-2,"93",11,"22","0.15","0.15","0.186",30,40.9,29,"0.146","0.18","0.191",27.3
"Vogelbach, Daniel",596129,"MIL","CH","Changeup",2.6,2,"96",15.6,"21","0.263","0.579","0.386",32.3,23.8,19.2,"0.163","0.305","0.245",35.7
"Nimmo, Brandon",607043,"NYM","SL","Slider",-0.5,0,"108",11,"21","0.2","0.5","0.31",27.3,19,7.5,"0.232","0.448","0.304",25
"Chavis, Michael",656308,"BOS","CH","Changeup",-2.1,-2,"95",15.3,"21","0.2","0.35","0.3",45.3,19,14.3,"0.266","0.431","0.318",43.8
"Renfroe, Hunter",592669,"TB","CH","Changeup",1.2,1,"97",17,"21","0.25","0.313","0.403",34.9,14.3,9.1,"0.325","0.389","0.381",28.6
"Meadows, Austin",640457,"TB","SI","Sinker",-1,-1,"104",15.8,"21","0.316","0.421","0.324",12.8,4.8,7.1,"0.273","0.383","0.29",26.3
"Santana, Danny",542454,"TEX","FF","4-Seam Fastball",-2.2,-2,"108",41.5,"21","0.158","0.421","0.281",42.9,28.6,22.2,"0.173","0.452","0.298",61.5
"Murphy, Sean",669221,"ATH","SL","Slider",-1.1,-1,"104",17.8,"21","0.1","0.25","0.171",37.2,57.1,31.6,"0.118","0.308","0.2",50
"Smith, Will",669257,"LAD","SL","Slider",0,0,"106",17.4,"21","0.2","0.35","0.257",10.5,14.3,7.9,"0.331","0.505","0.375",29.4
"Olson, Matt",621566,"ATH","FC","Cutter",1.8,2,"93",9.3,"21","0.222","0.556","0.376",45.7,38.1,32,"0.187","0.488","0.335",60
"Grandal, Yasmani",518735,"CWS","SL","Slider",1.2,1,"104",12.1,"21","0.333","0.444","0.39",27.5,33.3,17.9,"0.226","0.398","0.324",72.7
"Grandal, Yasmani",518735,"CWS","CH","Changeup",-0.3,0,"139",16.2,"21","0.118","0.176","0.236",40,33.3,23.3,"0.145","0.212","0.257",30
"Davis, J.D.",605204,"NYM","SL","Slider",-1,-1,"129",13.6,"21","0.111","0.333","0.255",35.4,38.1,18.2,"0.194","0.499","0.343",40
"Judge, Aaron",592450,"NYY","SI","Sinker",0.2,0,"99",20.3,"21","0.3","0.5","0.402",17.1,14.3,15.8,"0.302","0.505","0.364",41.2
"Ruiz, Rio",547004,"BAL","CU","Curveball",-1.8,-2,"108",13.7,"21","0","0","0.133",43.6,42.9,23.1,"0.065","0.093","0.19",12.5
"Reddick, Josh",502210,"HOU","SL","Slider",-3.6,-3,"92",11,"21","0.05","0.05","0.076",36.6,28.6,17.1,"0.129","0.157","0.151",14.3
"Peterson, Jace",607054,"MIL","FF","4-Seam Fastball",2.5,3,"103",35.9,"21","0.333","0.417","0.488",24.2,23.8,16.1,"0.212","0.285","0.422",57.1
"Ozuna, Marcell",542303,"ATL","CU","Curveball",3.7,3,"90",8.4,"20","0.333","0.556","0.378",42.4,35,25,"0.249","0.451","0.319",33.3
"Donaldson, Josh",518626,"MIN","SL","Slider",1.6,2,"99",22,"20","0.211","0.526","0.342",40.5,30,18.2,"0.202","0.416","0.281",53.8
"Ramírez, José",608070,"CLE","CU","Curveball",1.6,2,"130",11.3,"20","0.333","0.444","0.375",5.6,15,8.3,"0.225","0.315","0.281",6.7
"Realmuto, J.T.",592663,"PHI","CU","Curveball",1.4,1,"93",12.5,"20","0.211","0.579","0.388",29.6,25,23.8,"0.244","0.513","0.335",35.7
"Bellinger, Cody",641355,"LAD","CU","Curveball",0.8,1,"110",11.4,"20","0.158","0.421","0.295",26,30,16.7,"0.219","0.392","0.314",53.8
"Joyce, Matt",459964,"MIA","CU","Curveball",-1.2,-1,"97",16.1,"20","0.211","0.211","0.26",37.8,35,28,"0.217","0.31","0.248",58.3
"Gregorius, Didi",544369,"PHI","CU","Curveball",5.2,5,"91",10.1,"20","0.389","0.778","0.513",27.1,15,8.3,"0.303","0.489","0.373",53.3
"Berti, Jon",542932,"MIA","SL","Slider",0.3,0,"98",16.8,"20","0.211","0.421","0.253",17.1,35,17.9,"0.198","0.325","0.212",38.5
"Canha, Mark",592192,"ATH","CH","Changeup",-0.3,0,"135",12.7,"20","0.176","0.294","0.25",29.2,30,14,"0.179","0.338","0.226",7.7
"Narváez, Omar",553882,"MIL","SL","Slider",1.5,1,"93",16.8,"20","0.188","0.438","0.348",30.8,30,18.8,"0.171","0.462","0.344",30
"Reynolds, Bryan",668804,"PIT","CU","Curveball",-0.1,0,"125",14.5,"20","0.15","0.3","0.235",34.8,35,24.1,"0.226","0.382","0.258",23.1
"Franco, Maikel",596748,"KC","CU","Curveball",1.5,2,"104",11,"20","0.353","0.647","0.43",47.7,25,14.7,"0.314","0.46","0.363",23.1
"Mendick, Danny",664901,"CWS","SL","Slider",0,0,"98",20.9,"19","0.211","0.421","0.266",22.2,26.3,15.6,"0.169","0.242","0.181",21.4
"McCutchen, Andrew",457705,"PHI","FC","Cutter",2.3,2,"91",9.3,"19","0.421","0.474","0.492",18.9,10.5,9.5,"0.274","0.336","0.266",23.5
"Hays, Austin",669720,"BAL","SL","Slider",-0.1,0,"102",19,"19","0.278","0.444","0.332",45.9,42.1,25.8,"0.215","0.312","0.252",30
"Nimmo, Brandon",607043,"NYM","CU","Curveball",1.9,2,"112",11.5,"19","0.313","0.5","0.405",19,21.1,8.5,"0.244","0.388","0.336",25
"Goodwin, Brian",571718,"CIN","CU","Curveball",-1.8,-2,"107",15.7,"19","0.111","0.167","0.113",56.3,68.4,34.2,"0.128","0.166","0.127",33.3
"Suárez, Eugenio",553993,"CIN","CU","Curveball",-1.5,-2,"119",11.9,"19","0.059","0.118","0.187",46.2,42.1,21.1,"0.143","0.279","0.231",33.3
"Harrison, Josh",543281,"WSH","FF","4-Seam Fastball",2.8,3,"104",31,"19","0.25","0.583","0.476",41.7,21.1,16,"0.349","0.591","0.509",62.5
"Grossman, Robbie",543257,"ATH","CU","Curveball",0,0,"90",12,"19","0.167","0.333","0.282",35.5,36.8,25,"0.166","0.225","0.199",27.3
"Odom, Joseph",641929,"SEA","FF","4-Seam Fastball",-3.2,-3,"99",50.8,"19","0","0","0.178",36.4,52.6,37,"0.096","0.125","0.165",14.3
"Lowe, Brandon",664040,"TB","CU","Curveball",2.1,2,"114",12.9,"19","0.375","0.688","0.489",32.5,15.8,9.7,"0.304","0.485","0.398",30.8
"Schwarber, Kyle",656941,"CHC","CH","Changeup",-2.1,-2,"106",11.1,"19","0.105","0.316","0.181",30.6,21.1,14.3,"0.262","0.485","0.31",33.3
"Lin, Tzu-Wei",624407,"BOS","FF","4-Seam Fastball",-2.6,-3,"99",44.8,"19","0.188","0.188","0.216",13,21.1,15.4,"0.226","0.266","0.256",15.4
"Heyward, Jason",518792,"CHC","CU","Curveball",2.5,2,"100",12.4,"19","0.294","0.529","0.387",17.5,10.5,5.7,"0.388","0.586","0.469",50
"Cronenworth, Jake",630105,"SD","SL","Slider",0.3,0,"90",11.9,"19","0.235","0.353","0.317",21.6,21.1,13.8,"0.23","0.314","0.286",30.8
"Grandal, Yasmani",518735,"CWS","CU","Curveball",-1.7,-2,"110",12.8,"19","0.056","0.111","0.103",46.7,63.2,32.4,"0.058","0.084","0.094",16.7
"Longoria, Evan",446334,"SF","CU","Curveball",1.8,2,"100",12.6,"19","0.278","0.667","0.408",21.1,26.3,13.5,"0.261","0.525","0.349",30.8
"Wong, Kolten",543939,"STL","CU","Curveball",-1.2,-1,"115",13.5,"18","0.222","0.278","0.219",38.9,38.9,25.9,"0.119","0.152","0.117",9.1
"Aguilar, Jesús",542583,"MIA","CU","Curveball",2.9,3,"96",10.9,"18","0.389","0.611","0.431",23.5,11.1,6.9,"0.333","0.563","0.38",37.5
"Hernández, César",514917,"CLE","CU","Curveball",1.4,1,"94",8.7,"18","0.294","0.412","0.328",17.1,11.1,7.4,"0.347","0.575","0.411",33.3
"Candelario, Jeimer",600869,"DET","CU","Curveball",-1.9,-3,"133",15.8,"18","0.111","0.111","0.1",37.2,55.6,27.8,"0.209","0.317","0.223",50
"Betts, Mookie",605141,"LAD","CU","Curveball",-2.3,-2,"90",9.7,"18","0.118","0.118","0.189",19.5,33.3,18.2,"0.169","0.219","0.2",27.3
"Polanco, Jorge",593871,"MIN","CU","Curveball",1,1,"121",13.4,"18","0.294","0.412","0.328",31,27.8,13.5,"0.209","0.262","0.236",25
"Madrigal, Nick",663611,"CWS","SL","Slider",-0.9,-1,"91",21.5,"18","0.278","0.278","0.25",20,5.6,2.7,"0.303","0.34","0.283",17.6
"Vogelbach, Daniel",596129,"MIL","CU","Curveball",-2.5,-3,"105",17.1,"18","0.067","0.067","0.167",36,33.3,21.4,"0.157","0.18","0.243",33.3
"Ohtani, Shohei",660271,"LAA","CH","Changeup",-3,-3,"109",14.7,"18","0.118","0.118","0.139",33.3,11.1,7.1,"0.22","0.259","0.24",13.3
"Thames, Eric",519346,"WSH","CU","Curveball",-0.5,0,"93",16,"18","0.176","0.353","0.25",30.8,33.3,21.4,"0.152","0.244","0.202",36.4
"Trout, Mike",545361,"LAA","FC","Cutter",2.2,2,"92",9,"17","0.25","0.5","0.391",14.7,29.4,20.8,"0.24","0.502","0.335",72.7
"Goodrum, Niko",592348,"DET","SI","Sinker",-1.1,-1,"96",12.4,"17","0.2","0.467","0.326",34.1,47.1,28.6,"0.186","0.462","0.318",57.1
"Hoskins, Rhys",656555,"PHI","CU","Curveball",0.5,1,"103",13.4,"17","0.235","0.529","0.318",23.1,41.2,25,"0.242","0.426","0.277",40
"Jeffers, Ryan",680777,"MIN","FF","4-Seam Fastball",-1.3,-1,"90",36.3,"17","0.25","0.25","0.365",34.4,35.3,22.2,"0.134","0.217","0.311",66.7
"Lindor, Francisco",596019,"CLE","CU","Curveball",-0.6,-1,"117",10.5,"17","0.25","0.313","0.274",33.3,35.3,17.1,"0.213","0.236","0.226",20
"Bogaerts, Xander",593428,"BOS","CU","Curveball",1.2,2,"123",12.7,"16","0.2","0.4","0.281",28.1,18.8,7.5,"0.203","0.456","0.3",25
"Bradley Jr., Jackie",598265,"BOS","CU","Curveball",-1,-1,"100",12,"16","0.067","0.067","0.156",33.3,25,22.2,"0.143","0.164","0.174",9.1
"Santana, Carlos",467793,"CLE","CU","Curveball",-0.2,0,"135",12,"16","0.133","0.2","0.178",27.6,37.5,21.4,"0.145","0.178","0.179",11.1
"Biggio, Cavan",624415,"TOR","CU","Curveball",-1.5,-2,"110",9.9,"16","0.071","0.071","0.144",34.6,50,25.8,"0.117","0.129","0.182",16.7
"Goldschmidt, Paul",502671,"STL","CU","Curveball",-0.9,-1,"93",9.5,"16","0.2","0.267","0.234",21.7,25,13.3,"0.151","0.216","0.192",9.1
"Gregorius, Didi",544369,"PHI","FC","Cutter",0.8,1,"91",10.1,"15","0.308","0.692","0.407",19,6.7,4.5,"0.263","0.475","0.318",38.5
"Story, Trevor",596115,"COL","CU","Curveball",0.5,0,"91",8.8,"14","0.214","0.5","0.296",53.1,57.1,36.4,"0.159","0.39","0.226",50
"Hicks, Aaron",543305,"NYY","SL","Slider",-0.4,0,"91",9.9,"14","0","0","0.2",25,21.4,9.1,"0.171","0.203","0.318",14.3
"Kieboom, Carter",666198,"WSH","SL","Slider",-1.4,-1,"94",17.5,"14","0","0","0.2",40,50,19.4,"0.084","0.12","0.269",25
"Mercado, Óscar",640458,"CLE","SL","Slider",-2.7,-3,"102",27.9,"13","0.077","0.077","0.069",57.1,53.8,19.4,"0.11","0.12","0.101",16.7
"Carpenter, Matt",572761,"STL","CU","Curveball",0.8,1,"98",13.4,"12","0.111","0.222","0.354",39.1,25,13,"0.103","0.296","0.294",33.3