Name,Team,wFB,wSL,wCT,wCB,wCH,wSF,wKN,wFB/C,wSL/C,wCT/C,wCB/C,wCH/C,wSF/C,wKN/C,NameASCII,PlayerId,MLBAMID
"Jonathan Schoop","- - -",-34.88991093635559,-5.343602538108826,0.886059120297432,1.8545736372470856,0.7275304794311523,-3.3657157123088837,1.4086850881576538,-0.9361392792153365,-0.3013876220027538,0.2283657526539773,0.3000928215610171,0.10589963310497123,-3.868638749780326,140.86850881576538,"Jonathan Schoop",11265,570731
"Luis Urías","- - -",10.643183529376984,-2.4604262709617615,4.340408980846405,-5.319523401558399,-6.418263256549835,1.7901892811059952,1.4075472354888916,0.24506524359606224,-0.12834774496409815,0.8363023084482476,-0.7676079944528714,-0.9651523694059903,1.4437010331499962,140.75472354888916,"Luis Urias",16622,649966
"Nick Allen","- - -",-29.854671239852905,-23.779746532440186,0.384472131729126,-5.251449093222618,-8.83563756942749,-1.2664276957511902,0.7739226818084717,-1.3435945652499057,-2.195729135036028,0.15256830624171666,-1.4668852215705637,-3.1221334167588304,-2.1107128262519836,77.39226818084717,"Nick Allen",22277,669397
"Willson Contreras","- - -",51.22228544950485,8.601692140102386,7.30374613404274,13.86737835407257,6.2639652490615845,-1.6865979954600334,1.4286218881607056,0.8561304604630596,0.31176847191382334,1.0693625379271947,1.4895143237457111,0.5413971693225225,-0.8069846868229825,71.43109440803528,"Willson Contreras",11609,575929
"Chas McCormick","HOU",25.880056142807007,-9.767562091350555,-6.196855306625366,-4.1716375052928925,2.7907230854034424,2.590161442756653,1.4313210621476173,0.8670035558729315,-0.6455758156874128,-1.418044692591617,-0.7612477199439585,0.520657292052881,2.7554908965496305,47.71070207158725,"Chas McCormick",19599,676801
"DJ LeMahieu","NYY",4.946869384497404,7.888584710657597,11.560601353645325,10.67283809185028,11.087198913097382,-2.030628025531769,0.4630792737007141,0.07326524562348051,0.34046546010606804,1.4450751692056656,1.3915043144524486,1.247153983475521,-0.9401055673758189,46.30792737007141,"DJ LeMahieu",9874,518934
"Brett Gardner","NYY",29.680058002471924,-9.464054822921753,-9.471464395523071,-1.8435595035552979,1.4962539672851562,2.6354547441005707,1.3824058771133423,1.0057627245839351,-1.3443259691650218,-3.189045251017869,-0.3558995180608683,0.2812507457302925,2.108363795280457,46.080195903778076,"Brett Gardner",9927,458731
"Dansby Swanson","- - -",41.74075984954834,-11.308221608400345,8.760191187262535,3.41788649559021,-7.734177589416504,-3.649921480566263,0.454441100358963,0.5614090094088546,-0.2685400524436083,0.7697883292849328,0.23901304164966503,-0.4901253225232259,-1.4599685922265053,45.4441100358963,"Dansby Swanson",18314,621020
"Leury García","CHW",-9.633941173553467,-6.971449851989746,-1.7263048887252808,-9.778778195381165,-2.9415473490953445,-0.5386449806392193,1.7192585468292236,-0.360551690627001,-0.8903511943792779,-0.5851880978729765,-1.468285014321496,-0.41902383890247075,-0.5730265751481056,42.98146367073059,"Leury Garcia",5913,544725
"Garrett Hampson","- - -",-28.004146695137024,-11.177665531635284,11.751474753022194,-5.670538485050201,-12.888891384005547,-2.3155263029038906,0.3934909701347351,-0.7264370089529707,-0.7491732930050459,2.605648503996052,-0.9594819771658547,-1.958798082675615,-2.6615244860964262,39.34909701347351,"Garrett Hampson",19262,641658
"Jason Heyward","- - -",29.200223058462143,-6.613227292895317,-1.6909607201814651,-2.1648857593536377,-12.239558607339859,-3.8600716814398766,0.7581232786178589,0.7676189026935368,-0.4920556021499492,-0.310268022051645,-0.2586482388714023,-1.2489345517693735,-1.8469242494927638,37.906163930892944,"Jason Heyward",4940,518792
"Danny Jansen","- - -",-5.389322400093079,9.429420381784439,0.3293536752462387,1.2607228085398674,-5.480092763900757,-0.6792187243700027,2.141542613506317,-0.13723764706119373,0.5479035666347727,0.05870832000824219,0.1913084686706931,-0.7425599951085036,-0.6468749755904788,30.593465907233103,"Danny Jansen",16535,643376
"AJ Pollock","- - -",33.6605397798121,-0.8749007098376751,-4.780385375022888,-6.768788103014231,-7.976832784712315,0.06626467406749725,1.3824058771133423,1.2388862635190319,-0.05895557343919643,-1.2546943241529889,-1.269941482741882,-1.2290959606644554,0.07705194659011308,27.64811754226685,"AJ Pollock",9256,572041
"Brandon Drury","- - -",-22.574504643678665,0.7811400517821312,-9.340170562267303,-1.4496182203292847,6.985090434551239,1.5738194324076176,0.8125511407852173,-0.5704954420944823,0.03886268914338961,-1.698212829503146,-0.23231061223225716,1.1266274894437482,1.220015063881874,27.08503802617391,"Brandon Drury",11615,592273
"Edmundo Sosa","- - -",0.7760105729103088,-7.428423307836056,-4.169309459626675,-0.9871868789196014,7.833466202020645,0.47672491148114204,0.8109863810241222,0.031278136755756095,-0.5853761471896025,-1.499751604182257,-0.24741525787458685,1.628579251979344,0.6272696203699237,27.03287936747074,"Edmundo Sosa",17022,624641
"Nolan Arenado","- - -",23.837001144886017,-0.8309101462364197,10.915204405784607,22.61125349998474,6.343024164438248,2.546483188867569,0.7602441906929016,0.34121100980369334,-0.022702463011924037,1.1047777738648388,2.0352163366322897,0.5398318437819786,1.035155767832345,25.34147302309672,"Nolan Arenado",9777,571448
"Jarren Duran","BOS",22.989056944847107,-4.503045827150345,11.295987129211426,12.559544503688812,0.4146030806005001,11.390269696712494,1.259619116783142,0.554353917165351,-0.31162946900694427,1.7873397356347194,1.6972357437417314,0.04674217368664037,3.5931450147358026,25.192382335662845,"Jarren Duran",24617,680776
"Gleyber Torres","- - -",49.58297562599182,-10.841327428817749,-1.7947973757982254,4.759480595588684,-2.4342846274375916,6.216272681951523,0.4630792438983917,0.6944394345377006,-0.2664371449697161,-0.14544549236614468,0.3592060826859384,-0.17227775141101143,2.0448265401156323,23.153962194919586,"Gleyber Torres",16997,650402
"Gavin Sheets","- - -",-14.24243700504303,-7.1057512909173965,0.15492919087409973,-0.5707193315029144,9.941779911518097,-0.5192287862300873,0.454441100358963,-0.41450631562989027,-0.4474654465313222,0.025191738353512152,-0.05358866962468681,0.7736793705461554,-0.1707989428388445,22.72205501794815,"Gavin Sheets",19901,657757
"Willie Calhoun","- - -",-4.964930236339569,-4.509976714849472,-3.9944897145032883,6.428987272083759,-4.823021084070206,1.081121176481247,0.6676628589630127,-0.2374428616135614,-0.5473272712195961,-1.244389319159903,1.2755927127150317,-0.8078762284874715,0.819031194303975,22.255428632100426,"Willie Calhoun",17838,641432
"Ezequiel Duran","TEX",-10.412300825119019,-13.57757043838501,1.5017128586769104,-5.823048084974289,4.153452694416046,-0.8552240505814552,0.43587177991867065,-0.5159712995599117,-1.1725017649727987,0.5142852255742844,-1.5124800220712438,1.2252072844885091,-1.2217486436877931,21.793588995933533,"Ezequiel Duran",23733,677649
"Brad Miller","- - -",8.540857970714569,-7.7830207683146,-0.398621566593647,3.0030049234628677,2.635884240269661,-1.46501874178648,1.3022668361663818,0.4255534614207558,-1.1496337914792614,-0.14548232357432372,0.6471993369532043,0.4616259615183294,-1.5585305763685957,21.704447269439697,"Brad Miller",12775,543543
"Thairo Estrada","- - -",-0.9373271763324738,-14.829250395298004,5.989012271165848,-6.644975997507572,2.976272389292717,-1.5124752670526505,1.0386742949485779,-0.028770017689762853,-0.8911809131789665,1.559638612282773,-0.9800849553845976,0.5295858343937219,-1.0881117029155758,20.773485898971558,"Thairo Estrada",16426,642731
"Abraham Toro","- - -",-4.31441193819046,-13.710979223251343,0.8864549770951271,3.6213164031505585,-15.578383460640907,-3.1280725449323654,1.2093708515167236,-0.14094779281902842,-1.474298841209822,0.24900420704919302,0.6096492261196227,-1.6193745801082022,-1.475505917420927,20.15618085861206,"Abraham Toro",19844,647351
"Xavier Edwards","MIA",3.3393770456314087,0.6768966019153595,5.509387254714966,5.274940133094788,2.254464626312256,-1.8716763257980347,0.5993674993515015,0.16507054105938748,0.14014422399903922,2.071198216058258,1.574608994953668,0.478654910045065,-1.2313660038144965,19.97891664505005,"Xavier Edwards",22266,669364
"Wil Myers","- - -",31.74997341632843,-9.06768536567688,-11.559042811393738,-7.793249011039734,1.7887113094329834,-1.5057412385940552,0.38975557684898376,1.0218852081212884,-0.5407087278280787,-2.7261893423098438,-1.1443831146901224,0.2839224300687275,-1.836269803163482,19.48777884244919,"Wil Myers",10047,571976
"Cody Bellinger","- - -",34.29840302467346,10.798068523406982,5.100154846906662,4.723663706332445,28.89231362566352,-5.044473871588707,1.1540566310286522,0.48010082621323436,0.40563743513925554,0.5000151810692806,0.3763875463213104,1.6576198293553366,-1.2934548388688993,19.234277183810867,"Cody Bellinger",15998,641355
"Pavin Smith","ARI",19.20345175266266,-14.907210558652878,3.520351529121399,-6.561254113912582,8.511177405714989,1.4109480381011963,0.5381710529327393,0.6957772374153137,-1.2051099885733936,0.7982656528619952,-0.9202319935361266,1.0953896275051465,0.6355621793248633,17.939035097757973,"Pavin Smith",19892,656976
"Michael Harris II","ATL",-0.1286153793334961,13.250516593456268,6.226780876517296,10.969829499721527,-8.911721676588058,4.449881747364998,0.5372763276100159,-0.003502597476402399,0.9700231766805466,1.1815523484852553,1.4529575496319902,-0.9923966232280689,1.7943071561955637,17.909210920333862,"Michael Harris II",25931,671739
"Alex Verdugo","- - -",19.00217080116272,-2.667857311666012,-3.3270177245140076,6.000796794891357,6.713730663061142,-9.425009042024612,0.50590580701828,0.28055766722519887,-0.1258423260219817,-0.40922727238794676,0.553068829022245,0.40912435484833287,-2.4933886354562467,16.863526900609337,"Alex Verdugo",17027,657077
"Royce Lewis","MIN",-0.2872835397720337,10.547779083251953,-3.383725345134735,0.9230277240276337,-1.9548004567623138,1.7194621823728085,0.47982215881347656,-0.016567678187545197,1.160371736331348,-1.0100672672043987,0.28935038370772215,-0.541495971402303,1.2643104282153004,15.994071960449219,"Royce Lewis",20437,668904
"Michael A. Taylor","- - -",-36.64919263124466,-7.999150946736336,-0.09770959615707397,-5.970738597214222,-3.6200876981019974,-2.634539097547531,0.4791107177734375,-0.8641639384872591,-0.3792864365451084,-0.018470623092074475,-0.7876963848567574,-0.4294291456823247,-2.1246283044738155,15.970357259114584,"Michael A. Taylor",11489,572191
"Nick Fortes","- - -",-20.798219561576843,-1.1205305457115173,-10.879939407110214,-1.8422200679779053,-4.591928951442242,-0.9266434274613857,0.4782465174794197,-1.0130647618887891,-0.11672193184494972,-3.2869907574351096,-0.4493219677994891,-1.3309938989687657,-1.1729663638751717,15.941550582647324,"Nick Fortes",21538,663743
"Freddie Freeman","- - -",132.11456632614136,36.807207107543945,18.347226530313492,21.960702538490295,49.06382131576538,7.841905936598778,0.9275964498519897,1.6306414012113226,1.1235411204988994,1.3620806629779876,1.4939253427544419,2.182554328993122,1.8760540518178894,15.459940830866495,"Freddie Freeman",5361,518692
"Miguel Cabrera","DET",-23.200031399726868,-11.62761116027832,-2.9850291162729263,-3.736360788345337,8.62734842300415,0.07474058866500854,0.4630792737007141,-0.5387838225668107,-0.6142425335593407,-0.6364667625315408,-0.6115156773069291,1.3915078101619598,0.07951126453724314,15.435975790023804,"Miguel Cabrera",1744,408234
"Michael Brantley","HOU",16.437815070152283,14.084911666810513,11.274183988571167,0.48928147554397583,7.277349516749382,-0.4140075594186783,0.6161535382270813,0.48618204880663357,1.571976748527959,3.0225694339332887,0.08831795587436388,0.9246949830685365,-0.306672266236058,15.403838455677032,"Michael Brantley",4106,488726
"Michael Toglia","COL",0.6342957019805908,-11.25873190164566,5.9546908140182495,-6.723681628704071,-7.615267693996429,-4.794759094715118,0.9145925045013428,0.034101919461322086,-1.3763730931107163,1.6449422138171959,-1.2405316658125591,-1.2929147188448946,-3.0933929643323346,15.243208408355713,"Michael Toglia",25845,669911
"Jake McCarthy","ARI",15.14846557378769,4.41205757111311,-7.881869852542877,2.6611111164093018,-4.867684617638588,1.7135649770498276,1.5341089963912964,0.6399858713049298,0.3946384231764856,-2.020992269882789,0.44724556578307595,-0.7511858977837327,0.9904999867340043,13.946445421739059,"Jake McCarthy",21622,664983
"Carlos Correa","- - -",33.05568981170654,8.449165791273117,4.377059444785118,3.394215002655983,18.098206400871277,1.7482065744698048,0.5100187659263611,0.5067559376315582,0.26085723344467787,0.48688091710624226,0.3321149709056735,1.490791301554471,0.6775994474689166,12.750469148159027,"Carlos Correa",14162,621043
"Mauricio Dubón","- - -",-33.25109577178955,-8.700432129204273,-6.065436340868473,3.467494487762451,7.858420506119728,-4.2276160679757595,0.5046861991286278,-0.9162605613609687,-0.49716755024024417,-1.3015957813022474,0.55837270334339,1.3185269305570013,-3.9144593221997774,12.617154978215694,"Mauricio Dubon",16530,643289
"Josh Bell","- - -",44.94859838485718,21.932024240493774,0.2337915599346161,12.143061738461256,-16.399282097816467,0.535585030913353,0.5030313730239868,0.6614951933017981,1.0065178632626788,0.021234474108502824,0.8780232638077553,-0.5776429058758883,0.11823069115085055,12.57578432559967,"Josh Bell",13145,605137
"Luke Voit","- - -",26.19336350262165,3.823123946785927,11.383848570287228,-10.715230599045753,-7.649372145533562,-3.60931932926178,0.4630792737007141,0.9123428597221055,0.24014597655690495,3.0195884801822883,-1.4986336502161892,-1.0267613618165856,-3.00776610771815,11.576981842517853,"Luke Voit",14811,572228
"Nick Castellanos","- - -",64.7032231092453,-0.7827836275100708,-0.5360781401395798,-4.820236086845398,-6.241494417190552,-0.6944130212068558,1.6140888780355453,1.03890852776566,-0.018691108584290135,-0.06344120001651832,-0.3349712360559693,-0.4029370185403842,-0.24365369165152834,11.529206271682467,"Nick Castellanos",11737,592206
"Cavan Biggio","- - -",7.065710574388504,-0.9458756446838379,-1.8936785459518433,2.9627890773117542,1.0409115552902222,0.5330951437354088,1.2680261433124542,0.16489406241280055,-0.07677562051005178,-0.3333941102027893,0.39503854364156726,0.10326503524704583,0.24453905675936183,11.527510393749584,"Cavan Biggio",19252,624415
"Austin Nola","- - -",-22.32288120687008,-0.15811844170093536,-0.5181997530162334,3.8618722409009933,4.057467717677355,-0.5878102220594883,0.439827561378479,-0.8323221926498912,-0.01689299590821959,-0.2024217785219662,1.040935913989486,0.87445424949943,-0.9796837034324805,10.995689034461975,"Austin Nola",15941,543592
"Spencer Steer","CIN",-17.32336115837097,20.42859709262848,2.477450966835022,4.453821361064911,13.184138357639313,-0.13434149138629436,0.9408462047576904,-0.39796372980406547,1.1528553664011556,0.45126611417759965,0.6637587721408214,2.4643249266615537,-0.08502626037107239,10.453846719529894,"Spencer Steer",26323,668715
"Ozzie Albies","ATL",56.57339119911194,10.119828343391418,6.989837288856506,-1.4074613004922867,2.92114982008934,-7.504247605800629,1.0423938632011414,0.9385101393349691,0.48397074812967084,0.6812706909216868,-0.09074540944502171,0.14446833927246985,-1.6492851880880504,10.423938632011414,"Ozzie Albies",16556,645277
"Jesús Sánchez","- - -",9.689344733953476,-7.599977269768715,1.1243553161621094,-7.244081199169159,1.6720921993255615,-1.685948371887207,1.249374270439148,0.24761933897146632,-0.5303543105211943,0.1938543648555361,-0.8176163881680767,0.16958338735553363,-0.6086456216199304,10.411452253659565,"Jesus Sanchez",19913,660821
"Christian Vázquez","- - -",-29.56707612797618,-13.931377500295639,-0.459670752286911,-2.659698486328125,-8.462728381156921,1.4411665201187134,0.5118061080574989,-0.5762439315528392,-0.6414078038810147,-0.06922752293477576,-0.3345532687205189,-1.1283637841542562,0.973761162242374,10.236122161149979,"Christian Vazquez",9774,543877
"Tony Kemp","- - -",-9.218447372317314,0.4452512823045254,-1.2828842923045158,-5.081002950668335,1.0752787590026855,-3.3743007630109787,0.475818395614624,-0.2514579206851422,0.050310879356443544,-0.3795515657705668,-0.7363772392272949,0.13946546809373353,-2.5370682428653977,9.51636791229248,"Tony Kemp",14894,643393
"Starling Marte","- - -",32.41690792143345,5.674966543912888,8.986115217208862,1.391732931137085,-2.4378311038017273,0.6065862774848938,0.5634351372718811,0.5910101717672461,0.2424163410471118,1.2446142960123079,0.12958407180047346,-0.2184436472940616,0.393887193172009,9.390585621198017,"Starling Marte",9241,516782
"Brendan Rodgers","- - -",-11.816102020442486,-15.22421407699585,3.6306728795170784,9.93474517762661,-2.275857239961624,4.068105459213257,0.8402611017227173,-0.33779594112185496,-0.8265045644405999,0.7132952612017835,1.650289896615716,-0.33079320348279423,3.537483008011528,9.336234463585749,"Brendan Rodgers",17907,663898
"Masyn Winn","STL",-1.6585793495178223,-5.127241611480713,-4.962073236703873,-3.922682523727417,2.5634888112545013,-1.261172115802765,0.8247120678424835,-0.06156567741343067,-0.4098514477602488,-1.2312836815642363,-0.9406912526924261,0.57736234487714,-0.9701323967713575,9.16346742047204,"Masyn Winn",27479,691026
"Lane Thomas","- - -",5.343365013599396,5.583207905292511,-5.72125643864274,1.8785179480910301,6.775563523173332,-2.427304930984974,0.7310611046850681,0.11347133178168178,0.26612049119602055,-0.9680636952018173,0.27995796543830553,0.9516240903333332,-1.7589166166557781,9.138263808563352,"Lane Thomas",16939,657041
"Chris Taylor","- - -",40.29020953178406,-14.629933387041092,-4.707622051239014,-0.23662489652633667,-6.103892490267754,-1.057279884815216,0.4536083787679672,0.791245277529145,-0.641945300001803,-0.658408678494967,-0.02875150626079425,-0.585786227472913,-0.8009696097084971,9.072167575359344,"Chris Taylor",13757,621035
"Harrison Bader","- - -",18.46154561638832,-16.833868741989136,2.678865909576416,-5.84439580142498,-4.370400242507458,-0.5238813906908035,0.08921898901462555,0.3965960390201573,-0.6494548125767413,0.46028623875883434,-0.5981981373004074,-0.4861401827038329,-0.3492542604605357,8.921898901462555,"Harrison Bader",18030,664056
"Bryson Stott","PHI",-12.553589463233948,15.288056492805481,-7.120545864105225,3.2730876803398132,1.3416864424943924,-2.938228376209736,0.9232242405414581,-0.24220701260339472,1.115916532321568,-1.1466257430121136,0.3915176651124178,0.13310381373952304,-1.0273525790943132,8.392947641285984,"Bryson Stott",26294,681082
"Aaron Judge","NYY",207.18289279937744,64.86271804571152,27.539241313934326,15.370462223887444,22.449611723423004,0.08793219923973083,0.7867776155471802,3.0955161033823018,1.62278503992273,2.294936776161194,1.2702861342055738,1.2555711254710853,0.0183574528684198,7.867776155471802,"Aaron Judge",15640,592450
"LaMonte Wade Jr.","- - -",17.63085436820984,4.728573560714722,-4.7393325716257095,3.430827047675848,2.8699813187122345,-4.399118348956108,0.7341524213552475,0.45949581360984726,0.43501136713106914,-0.6799616315101448,0.42992820146313887,0.2569365549429037,-1.8406352924502545,7.341524213552475,"LaMonte Wade Jr.",18126,664774
"Yordan Alvarez","HOU",99.585120677948,45.583911538124084,2.644197165966034,8.971231639385223,27.968626022338867,9.911407098174095,1.4560851156711578,1.837702909724082,2.173767836820414,0.3212876264843298,0.7635090756923595,2.2591781924344803,3.0780767385633836,6.933738646053132,"Yordan Alvarez",19556,670541
"Niko Goodrum","- - -",8.219916641712189,-10.34939093887806,-6.296457946300507,-5.834510862827301,-12.19942019879818,-3.08486520126462,0.1975419968366623,0.38303432626804235,-1.7751957013512967,-2.440487576085468,-1.0164653071127703,-1.6244234618905697,-2.937966858347257,6.584733227888743,"Niko Goodrum",12092,592348
"Xander Bogaerts","- - -",43.549227714538574,36.37034097313881,3.110522598028183,6.051796317100525,21.35113698244095,-1.2067668288946152,0.1975419968366623,0.5794202729448985,1.0176368487168106,0.304953195885116,0.4298150793395259,1.383741865355862,-0.39180741197877117,6.584733227888743,"Xander Bogaerts",12161,593428
"Adam Duvall","- - -",6.1218408942222595,-13.371691882610321,9.028812110424042,7.903659462928772,-3.9512696862220764,-3.2071256786584854,0.7853455394506454,0.17273817421620372,-0.7162127414360108,2.019868481079204,1.2645855140686035,-0.5941758926649738,-2.393377372133198,6.544546162088712,"Adam Duvall",10950,594807
"José Abreu","- - -",10.954357370734215,-2.5631858110427856,3.9193575382232666,5.030626952648163,17.384302973747253,4.191740661859512,0.5927319675683975,0.17476639072645525,-0.0886915505551137,0.6029780828035795,0.44916312077215736,1.9402123854628632,2.794493774573008,5.927319675683975,"Jose Abreu",15676,547989
"Kyle Tucker","- - -",85.53085827827454,28.76774799823761,1.4558493494987488,12.164754986763,13.859393119812012,6.192746117711067,0.7666814997792244,1.5559552169960804,1.178523064245703,0.16657315211656165,1.129503712791365,0.9112027034721901,1.7013038784920516,5.897549998301725,"Kyle Tucker",18345,663656
"Lourdes Gurriel Jr.","- - -",5.9212483167648315,20.444379210472107,-6.1747037172317505,9.803294777870178,14.845333963632584,-4.194864492863417,0.9749064892530441,0.09618661983048785,0.6979986073906489,-0.7315999664966529,1.0179953040363632,1.2591462225303294,-1.7262816843059328,5.7347440544296715,"Lourdes Gurriel Jr.",19238,666971
"Matt Olson","- - -",90.75395154953003,13.370596438646317,7.625636979937553,18.077161729335785,25.19108736515045,13.536038517951965,0.8466396331787109,0.9970770330644916,0.3842125413404114,0.5794556975636439,1.0015048049493511,1.2483194928221235,3.18495023951811,5.644264221191406,"Matt Olson",14344,621566
"Rafael Devers","- - -",60.11071300506592,45.23885655403137,8.141705811023712,17.15109595283866,31.946523368358612,7.654425233602524,0.710837110877037,0.6706539440484873,1.835247730386668,0.7262895460324453,1.175537762360429,1.7184789332091777,1.5880550277183658,5.467977775977208,"Rafael Devers",17350,646240
"Bobby Dalbec","- - -",-5.130500555038452,0.5677721500396729,-6.827047653496265,1.9559148102998734,5.467671472579241,-2.7192253582179546,0.3259127177298069,-0.23299275908439837,0.057641842643621606,-2.1071134733013164,0.5106827180939617,1.2016860379295036,-4.120038421542356,5.431878628830114,"Bobby Dalbec",19966,666915
"Willi Castro","- - -",-8.962750166654587,1.6363147497177124,-3.0059081949293613,-2.648504450917244,-1.938414990901947,-2.3877475187182426,0.26641646027565,-0.1841913310039989,0.11048715393097315,-0.426369956727569,-0.2515198908753318,-0.13660429816081374,-0.7213738727245446,5.3283292055130005,"Willi Castro",17338,650489
"Jorge Soler","- - -",74.36824148893356,-13.48325514793396,0.4693119078874588,-3.6686919033527374,5.961548250168562,-1.7751045115292072,0.3160567581653595,1.2806654294632953,-0.35287241946961423,0.05822728385700481,-0.2918609310543148,0.4854680985479285,-0.8142681245546821,5.267612636089325,"Jorge Soler",14221,624585
"Zach McKinstry","- - -",-12.289352357387543,-6.681484058499336,1.6711778044700623,-0.7173950672149658,3.4821533113718033,-0.2716805934906006,0.3117952048778534,-0.3531423091203317,-0.5388293595563981,0.3049594533704493,-0.10643843727225011,0.4534053790848702,-0.12937171118600027,5.196586747964224,"Zach McKinstry",19392,656716
"Christian Walker","- - -",26.5833158493042,2.0561041831970215,3.8260855078697205,18.3918594121933,3.7517149448394775,-5.597165942192078,0.811382994055748,0.34582172302984515,0.05719344042272661,0.38453120682107744,1.5124884385027384,0.25696677704379983,-2.555783535247524,5.071143712848425,"Christian Walker",13419,572233
"Jeff McNeil","NYM",31.289659023284912,8.764869332313538,-7.398261070251465,14.61125909909606,22.738677203655243,2.6487888544797897,0.14389599859714508,0.5085268815745964,0.398765665710352,-0.7420522638165963,1.4338821490771403,1.6465370893305753,0.8251678674391869,4.796533286571503,"Jeff McNeil",15362,643446
"Eddie Rosario","- - -",-3.8778460770845413,-19.407540556043386,-2.3557505011558533,-8.440851908177137,4.229371510446072,6.5848104655742645,0.38273562490940094,-0.10130214412446555,-1.1877319801740138,-0.45390183066586764,-0.8407223016112686,0.32608878260956603,2.732286500238284,4.784195311367512,"Eddie Rosario",12155,592696
"Matt Carpenter","- - -",33.95456910133362,-7.595105051994324,-4.134106546640396,2.763483464717865,-14.307984232902527,-5.195445790886879,0.047397106885910034,1.0587642376468231,-0.7617958928780666,-0.9937756121731721,0.37445575402681097,-1.5968732402793,-2.9858883855671716,4.739710688591003,"Matt Carpenter",8090,572761
"Jake Burger","- - -",15.91659140586853,-1.9962323307991028,4.061535038053989,7.214124411344528,-4.420819401741028,-3.5162327885627747,0.5533338207751513,0.5670321127847713,-0.11694389752777404,0.8848660213625249,1.5381928382397716,-0.668807776360216,-1.749369546548644,4.61111517312626,"Jake Burger",22275,669394
"Jo Adell","LAA",-19.226711869239807,-3.9569538831710815,3.5942122489213943,0.6450334191322327,-5.806614637374878,0.7781355753540993,0.1844247728586197,-0.5833347047706252,-0.2281980324781477,0.905343135748462,0.12524920759849179,-1.114513366098825,0.532969572160342,4.610619321465492,"Jo Adell",20220,666176
"Jesse Winker","- - -",26.353148877620697,7.0780368745327,-8.290255308151245,12.03559410572052,14.800842517986894,3.667807325720787,0.4101647436618805,0.5477686318358075,0.42510731979175376,-1.1083229021592573,1.1001457135027897,1.3679152049895467,1.587795379099908,4.557386040687561,"Jesse Winker",13590,608385
"Brandon Nimmo","NYM",30.501849055290222,23.54355177283287,12.800854407250881,15.737906157970428,26.45058411359787,0.8562874346971512,0.2619370222091675,0.3733853477205315,0.98964067981643,1.1808906279751734,1.1995355303331119,1.9798341402393616,0.2835388856613083,4.365617036819458,"Brandon Nimmo",12927,607043
"Joey Wendle","- - -",-14.979858756065369,-11.754171013832092,0.7076215147972107,-3.5526866018772125,4.362345337867737,-3.7762716859579086,0.08243049681186676,-0.5021742794524092,-1.1323864175175427,0.1409604611149822,-0.494114965490572,0.5887105719119753,-2.3167310956796987,4.121524840593338,"Joey Wendle",13853,621563
"Zach Neto","LAA",3.045486733317375,-3.1600676774978638,9.811641335487366,2.8075024783611298,1.4002671837806702,-1.76567542552948,0.08180482685565948,0.11919713241946674,-0.19458544812178963,2.3989343118551014,0.5526579681813247,0.29856443150973777,-0.975511284822917,4.090241342782974,"Zach Neto",31347,687263
"Yainer Diaz","HOU",5.9764885902404785,4.751421511173248,9.777770787477493,-5.627890557050705,-2.050785005092621,0.9422832131385803,0.11903317272663116,0.2591712311465949,0.31676143407821655,2.9719668047044054,-1.1035079523628832,-0.3936247610542458,0.5926309516594844,3.967772424221039,"Yainer Diaz",23003,673237
"Jean Segura","- - -",-9.697984099388123,-1.6187442541122437,-11.327086448669434,-2.7092013359069824,11.910948514938354,0.6147678792476654,0.07881326973438263,-0.2337426873798053,-0.09043263989453874,-2.2654172897338865,-0.3875824514888387,1.8466586844865667,0.6027136071055543,3.9406634867191315,"Jean Segura",5933,516416
"Ty France","- - -",-0.5867425203323364,4.617614891380072,-1.0180229842662811,11.527485564351082,-5.9548004269599915,1.7477519419044256,0.03891072794795036,-0.009046292327048048,0.16386142268914378,-0.12693553419779066,1.143599758368163,-0.5781359637825234,0.8652237336160523,3.8910727947950363,"Ty France",17982,664034
"Jace Peterson","- - -",-1.5058861374855042,-10.415681540966034,1.3829785287380219,-7.428748495876789,-2.7515663765370846,-4.091700688004494,0.03870123252272606,-0.05882367724552751,-1.158585265958402,0.46880628092814297,-1.0860743415024545,-0.3703319483899172,-3.8600949886834846,3.870123252272606,"Jace Peterson",12325,607054
"Jacob Young","WSN",-8.689835254102945,-8.170697927474976,-2.9374805688858032,-1.7522903680801392,-2.2449613213539124,-2.7341495752334595,0.2313498705625534,-0.4497844334421814,-0.8458279428027925,-1.1844679713249207,-0.6148387256421541,-0.7904793385048988,-4.080820261542477,3.8558311760425568,"Jacob Young",29931,696285
"Max Muncy","LAD",91.20876479148865,9.608710020780563,1.6705739498138428,-4.814896643161774,13.89440667629242,1.6841420531272888,0.38204849511384964,1.4663788551686276,0.34219052780557563,0.18459380660926442,-0.2507758668313424,0.8082842743625607,0.5397891195920798,3.820484951138496,"Max Muncy",13301,571970
"Gavin Lux","- - -",25.62310755252838,-10.473279654979706,0.301210381090641,-4.423816502094269,6.886030554771423,-1.3760574162006378,0.4200989603996277,0.6854763925234988,-0.6991508447917026,0.04788718300328156,-0.561398033260694,0.6844960790031236,-0.5931281966382059,3.819081458178433,"Gavin Lux",19955,666158
"Harold Castro","- - -",-1.5095661282539368,3.119770735502243,-4.2147746086120605,-6.539045765995979,-12.224716782569885,-4.676928281784058,0.1853713020682335,-0.055930571628526736,0.3889988448257161,-1.3818933142990364,-1.0185429542049813,-1.5572887621108134,-4.066894158073094,3.70742604136467,"Harold Castro",14691,605612
"Paul Goldschmidt","- - -",73.73855903744698,7.438979834318161,20.5119566321373,17.62397289276123,23.80172908306122,1.2802667170763016,0.36515581607818604,0.8823568150944953,0.17340279334074968,1.7561606705597002,1.2247375186074516,1.6892639519560837,0.42392937651533164,3.651558160781861,"Paul Goldschmidt",9218,502671
"Randal Grichuk","- - -",16.53900059312582,-20.93392539024353,1.9101783633232117,-9.043067276477814,-0.7489672303199768,3.6193898916244507,0.14601698517799377,0.3122333508235949,-0.7654086065902571,0.2609533283228431,-0.867024666968151,-0.0640690530641554,2.3502531763795136,3.6504246294498444,"Randal Grichuk",10243,545341
"Gunnar Henderson","BAL",18.9328932762146,20.041629254817963,9.70028305053711,16.35697413980961,10.939293801784515,1.7486160025000572,0.03638676553964615,0.479678066283623,1.2102433124890073,1.3566829441310644,2.2437550260369834,1.0983226708618992,0.5790119213576348,3.638676553964615,"Gunnar Henderson",26289,683002
"Austin Slater","- - -",10.121736407279968,0.4581425189971924,0.5245051309466362,-1.3334969580173492,2.028523251414299,-2.92820006608963,0.03610638156533241,0.3107686953417245,0.039024064650527455,0.1473329019513023,-0.24648742292372444,0.29656772681495597,-4.243768211724102,3.6106381565332413,"Austin Slater",16153,596103
"Hanser Alberto","- - -",3.210639391094446,-9.060676097869873,3.9221810549497604,0.884991466999054,-3.5531349033117294,-1.749108362942934,0.036094389855861664,0.1660103097773757,-0.916145207064699,1.2256815796718001,0.20344631425265608,-0.8380035149320116,-3.721507155197732,3.6094389855861664,"Hanser Alberto",11902,593643
"Patrick Bailey","SFG",-17.593114376068115,-13.33916163444519,0.033379316329956055,0.9424194693565369,-8.748515158891678,-1.7492617070674896,0.18028276413679123,-0.7645855878343379,-1.780929457202295,0.00929785970193762,0.18442651063728707,-1.1450936071847746,-0.7507560974538582,3.605655282735824,"Patrick Bailey",27478,672275
"Austin Riley","ATL",18.667056426405907,14.957668900489807,6.377674460411072,32.78194198012352,23.06773442029953,1.2305448949337006,0.3960026167333126,0.2675129897736587,0.4390275579832641,0.7749300680936904,3.328115937068378,1.9433643151052677,0.5831966326700003,3.6000237884846604,"Austin Riley",18360,663586
"Rowdy Tellez","- - -",-4.863783240318298,-10.748667150735855,12.967873573303223,-6.3611436784267426,-3.1787647008895874,-2.910891741514206,0.2146477811038494,-0.10276322079692157,-0.6263792045883365,1.907040231368121,-0.5386235121445166,-0.2113540359634034,-0.8663368278316088,3.57746301839749,"Rowdy Tellez",15679,642133
"Wyatt Langford","TEX",6.903559446334839,0.6409749090671539,-0.306254506111145,2.66798597574234,4.917658030986786,0.35885289311408997,0.03507758677005768,0.3035866071387352,0.05951484763854725,-0.0925240199731556,0.9231785383191489,0.9642466727425071,0.32922283771934857,3.507758677005768,"Wyatt Langford",33333,694671
"Trevor Larnach","MIN",10.752046465873718,-2.5621870160102844,4.904453217983246,-1.475970819592476,-9.046894669532776,-1.1708902716636658,0.03440771624445915,0.38427614245438596,-0.19221207922057648,1.0260362380718087,-0.21085297422749655,-0.9065024718970718,-0.37892889050604067,3.4407716244459152,"Trevor Larnach",21501,663616
"James Wood","WSN",17.710303783416748,1.1283417046070099,6.495340704917908,-0.7037813067436218,3.7701109647750854,2.7368419766426086,0.03440771624445915,0.9599080641418292,0.1114962158702579,2.5775161527452015,-0.13329191415598898,0.7920401186502282,1.5462384048828297,3.4407716244459152,"James Wood",29518,695578
"Lawrence Butler","OAK",-8.009014710783958,9.128725588321686,1.8969639539718628,7.0808621644973755,-5.655116081237793,0.20769411325454712,0.16093473136425018,-0.3467105935404311,1.0739677162731396,0.645225834684307,1.903457571101445,-0.7392308602925219,0.08800598019260472,3.2186946272850037,"Lawrence Butler",22542,671732
"Dominic Smith","- - -",0.24763703346252441,-7.070904761552811,-2.5580594539642334,10.414124116301537,-1.7766753174364567,-2.9013785123825073,0.09560419619083405,0.006288395974162631,-0.4594480026999877,-0.36491575662827863,1.2920749523947317,-0.17891997154445685,-1.2089077134927113,3.186806539694468,"Dominic Smith",15653,642086
"Aledmys Díaz","- - -",-21.285880833864212,-3.9480430632829666,-6.041976153850555,3.5977628752589226,2.573240987956524,2.1069230064749718,0.1444934457540512,-0.9575295021981203,-0.3331681909943432,-1.7262789011001585,0.8796486247576828,0.5338674248872456,2.6336537580937147,2.889868915081024,"Aledmys Diaz",15937,649557
"Vladimir Guerrero Jr.","TOR",98.3805903494358,24.3524881452322,17.416501998901367,19.850985765457153,-0.14647027105093002,4.954421252012253,0.3620084524154663,1.3013305601777223,0.6714223365103998,1.4022948469324772,1.9654441351937775,-0.008495955397385731,1.376228125558959,2.7846804031958947,"Vladimir Guerrero Jr.",19611,665489
"Gio Urshela","- - -",-11.797949194908142,-7.2186598777771,6.687355473637581,7.456699728965759,3.649948462843895,-0.5600514486432076,0.027315916493535042,-0.2552563650997002,-0.3080947451035894,1.0041074284741114,0.9205802134525629,0.4472976057406734,-0.32372916106543786,2.731591649353504,"Gio Urshela",10681,570482
"Tommy Pham","- - -",16.83011022210121,-24.545850843191147,12.271050497889519,-0.3493761122226715,-0.36070847511291504,2.500943385064602,0.02694571390748024,0.24793916060844448,-0.7601688090179978,1.2395000502918707,-0.030275226362449868,-0.03139325283837381,1.1578441597521305,2.694571390748024,"Tommy Pham",2967,502054
"Trea Turner","- - -",79.41554355621338,34.552435874938965,11.330400973558426,0.2831478416919708,19.509240746498108,2.714427422732115,0.3188156671822071,1.0826931636838906,0.8919059337877894,1.1914196607316958,0.018162145073250213,1.235544062476131,0.9457935270843605,2.6567972265183926,"Trea Turner",16252,607208
"Max Kepler","- - -",31.311408400535583,1.6673595905303955,7.5347137451171875,-4.3780225813388824,7.818538546562195,-7.632336139678955,0.15921525657176971,0.5548716711064254,0.07541201223565787,0.9598361458748009,-0.3499618370374806,0.5240307336837933,-2.377674809868833,2.6535876095294952,"Max Kepler",12144,596146
"Alec Bohm","PHI",-23.04858958721161,8.639736622571945,-3.064254641532898,17.063812613487244,9.64609645307064,6.853209927678108,0.4707293286919594,-0.4038652459648083,0.3346141217107647,-0.40478925251425335,2.2481966552684116,1.1308436639004267,5.191825702786446,2.4775227825892596,"Alec Bohm",21618,664761
"Isiah Kiner-Falefa","- - -",-44.36281432211399,-6.129383102059364,-10.96807886660099,2.224078670144081,-4.9701077491045,2.096450552344322,0.04901018738746643,-0.7881118195436844,-0.25234183211442424,-1.5275875858775754,0.25564122645334264,-0.5390572395991865,1.0588134102749103,2.4505093693733215,"Isiah Kiner-Falefa",16512,643396
"Logan O'Hoppe","LAA",-6.8750375509262085,-13.174326658248901,3.874353915452957,1.0486457869410515,-2.5602454245090485,-0.77696493268013,0.09649889171123505,-0.335859186659805,-0.9484756413426134,1.4088559692556206,0.3415784322283555,-0.6275111334581001,-0.588609797484947,2.412472292780876,"Logan O'Hoppe",24729,681351
"Martín Maldonado","- - -",-55.9070166349411,-29.943562120199203,-1.0393063426017761,-9.947683736681938,2.2422024309635162,-5.495512709021568,0.2070528119802475,-1.3248108207332014,-1.5300747123249465,-0.21562372253148884,-1.3228302841332364,0.37684074469975065,-5.3354492320597755,2.070528119802475,"Martin Maldonado",6887,455117
"Jose Miranda","MIN",0.11338460445404053,-2.5345345735549927,-5.3997445702552795,2.859775424003601,-3.693232361227274,-1.8429375886917114,0.05821313336491585,0.006402292741617195,-0.2205861247654476,-1.7196638758774776,0.8101346810208502,-1.0258978781186872,-2.4904562009347453,1.9404377788305283,"Jose Miranda",20538,669304
"Alek Thomas","ARI",-6.255268447101116,-4.21861457824707,8.300516933202744,-13.342118978500366,-11.845581412315369,-2.2642104476690292,0.01905633509159088,-0.29175692383867147,-0.4403564277919697,2.219389554332284,-2.0338596003811533,-1.687404759589084,-1.2108077260262191,1.9056335091590881,"Alek Thomas",23792,677950
"Ketel Marte","ARI",94.06811547279358,26.632340669631958,6.560034811496735,23.027405381202698,16.959887146949768,-2.747899681329727,0.18668457120656967,1.552023023804547,1.1381342166509383,0.6393796112569917,1.8160414338487931,0.7674157080067768,-0.5809513068350375,1.8668457120656967,"Ketel Marte",13613,606466
"Ronald Acuña Jr.","ATL",86.6461945772171,46.21743333339691,13.327013313770294,26.689937949180603,14.86544644832611,3.8464506529271603,0.06301021575927734,1.242773875175231,1.7123910090180403,1.5809031214436886,2.7515399947608867,1.2046553037541419,1.596037615322473,1.5752553939819336,"Ronald Acuna Jr.",18401,660670
"Victor Caratini","- - -",-14.196456789970398,4.253566026687622,5.407503128051758,-0.7501094564795494,-10.29609690606594,-1.3738999366760254,0.03743613883852959,-0.4103022193633063,0.35804427834070895,1.035920139473517,-0.08197917557153545,-0.8906658223240432,-0.6079203259628431,1.247871294617653,"Victor Caratini",14968,605170
"Shohei Ohtani","- - -",129.15681314468384,52.36283493041992,19.148119747638702,40.05055367946625,23.93892550468445,14.022644445300102,0.15625092387199402,1.8677774858233382,1.6847758986621597,1.5837981594407529,2.677176048092664,1.0494925692540311,2.4907006119538373,1.1160780276571,"Shohei Ohtani",19755,660271
"Brendan Donovan","STL",19.156229972839355,10.654041051864624,5.965387225151062,-1.485645554959774,22.663392543792725,4.238550867885351,0.06151926890015602,0.4808290655833171,0.7599173360816422,0.8984016905347985,-0.19995229541854295,2.943297732960094,1.7809037260022482,1.0253211483359337,"Brendan Donovan",24679,680977
"Bo Bichette","TOR",18.93405818939209,14.648162126541138,-4.6311992183327675,20.987072825431824,25.603126883506775,0.15127603709697723,0.0653592050075531,0.3005883186123526,0.5096785708608607,-0.47597114268579316,2.39852260862078,2.6259617316417203,0.07718165158009042,0.9337029286793299,"Bo Bichette",19612,666182
"Jeimer Candelario","- - -",36.19037014245987,-7.487888127565384,-8.734960228204727,-11.980747237801552,-0.867460086941719,-0.8404077291488647,0.10546112060546875,0.7111489515122789,-0.39472262137930336,-1.0337231039295534,-0.808963351640888,-0.053946522819758654,-0.27920522563085204,0.6591320037841797,"Jeimer Candelario",13621,600869
"Travis d'Arnaud","- - -",-25.402408599853516,5.430308282375336,-12.084223970770836,5.335849285125732,18.661966981366277,-1.354433063417673,0.04453679919242859,-0.6109285377550148,0.2773395445544094,-2.0551401310834754,0.9666393632474154,2.8888493779204762,-1.1286942195147276,0.6362399884632656,"Travis d'Arnaud",7739,518595
"Hunter Renfroe","- - -",14.265168279409409,1.2667053639888763,0.17102134227752686,-13.95979043841362,3.584180310368538,-2.2890816777944565,0.00337103009223938,0.2811978765899745,0.04496646659527428,0.02311099219966579,-1.2441880961152958,0.3355974073378781,-1.7211140434544785,0.11236766974131267,"Hunter Renfroe",15464,592669
"Masataka Yoshida","BOS",29.080093383789062,-5.937468647956848,-3.9239375591278076,-1.0267312675714493,1.8827934265136719,2.0873393416404724,0.000919044017791748,1.3224235281395662,-0.7403327491218016,-1.0750513860624131,-0.22417713265752165,0.3620756589449369,1.3295155042296003,0.0229761004447937,"Masataka Yoshida",31837,807799
"Carlos Santana","- - -",20.627420395612717,-23.66614492237568,-3.1628213226795197,8.008494198322296,19.10995990037918,-0.884801559150219,-0.01832227036356926,0.28918295802064653,-0.9262679030284023,-0.2671301792803648,0.4761292626826574,0.7634822173543421,-0.1816840983881353,-0.3053711727261543,"Carlos Santana",2396,467793
"Bo Naylor","CLE",0.879749059677124,-4.343881785869598,-2.739110618829727,-4.521218180656433,-2.630205102264881,1.302540272474289,-0.018983978778123856,0.04579641122733597,-0.4711368531311929,-0.8152114936993236,-0.9893256412814952,-0.4747662639467295,0.8296434856524133,-0.3163996463020643,"Bo Naylor",21865,666310
"Nolan Schanuel","LAA",1.9667387008666992,4.3878583908081055,4.960364326834679,-0.2015005350112915,3.723968118429184,-1.146494448184967,-0.032569628208875656,0.07718754712977627,0.48917038916478317,1.1698972468949713,-0.04763606028635733,0.6602780351824794,-0.6704645895818521,-0.4652804029839379,"Nolan Schanuel",33189,694384
"José Ramírez","CLE",82.78842210769653,15.921141535043716,2.597144491970539,26.588939785957336,34.168381452560425,4.413313567638397,-0.03260384872555733,1.1412795989481188,0.5627833699202445,0.21464004065872225,1.4971249879480482,1.1199076188974246,0.7129747282129882,-0.46576926750796177,"Jose Ramirez",13510,608070
"Brandon Marsh","- - -",9.80324649810791,-4.216553151607513,4.164633184671402,0.8554303050041199,15.08946418762207,4.50440901517868,-0.11190107464790344,0.2328009142272123,-0.2508359995007444,0.7558317939512527,0.08966774685577776,1.7245101928710938,1.8768370896577835,-0.6993817165493965,"Brandon Marsh",20202,669016
"Eugenio Suárez","- - -",51.688732385635376,-6.674369774758816,15.063560724258423,-2.6274503469467163,7.422454476356506,1.7656806707382202,-0.09553241729736328,0.6007523522272824,-0.17126943224939226,1.4332598215279184,-0.1768136168873968,0.5227080617152469,0.5605335462661016,-0.734864748441256,"Eugenio Suarez",12552,553993
"Ryan McMahon","- - -",2.2419259548187256,-3.6273521184921265,2.6832255367189646,7.573765188455582,1.8801495432853699,-0.31979863345623016,-0.08540408313274384,0.026721405897720207,-0.1376604219541604,0.21939701853793658,0.5176872992792605,0.0987992403197777,-0.08482722372844301,-0.7764007557522167,"Ryan McMahon",15112,641857
"Jonathan India","- - -",22.27717363834381,3.6518361568450928,4.418406702578068,6.665665730834007,-4.290480136871338,0.31940898299217224,-0.05771392583847046,0.3710388680603566,0.14215010341942752,0.5084472615164635,0.688601831697728,-0.44507055361735876,0.1513786649252001,-0.9618987639745077,"Jonathan India",21523,663697
"Ezequiel Tovar","COL",-8.810306191444397,-4.591651439666748,-6.055363550782204,-2.770077735185623,6.000761434435844,2.431801438331604,-0.13575409352779388,-0.29446210532902395,-0.2575239169751401,-1.2282684687184997,-0.5347640415416262,1.1812522508731977,2.316001369839623,-0.9696720966270991,"Ezequiel Tovar",24064,678662
"Wilmer Flores","- - -",20.836510866880417,-1.781476467847824,-6.245182558894157,0.4955844283103943,5.287915229797363,2.046920031309128,-0.06014403700828552,0.3887408743820973,-0.07033069355893502,-0.8462306990371488,0.052057187847730495,0.46021890598758597,1.2111952847983005,-1.0024006168047586,"Wilmer Flores",5827,527038
"Ha-Seong Kim","- - -",-11.405240952968597,-2.252888560295105,3.21644988656044,3.394740253686905,3.8418867886066437,-1.493997685611248,-0.044023092836141586,-0.2287453059159366,-0.10662037672953643,0.6257684604203191,0.5371424452036242,0.5984247334278261,-0.9959984570741653,-1.1005773209035397,"Ha-Seong Kim",27506,673490
"Tyrone Taylor","- - -",3.664988800883293,-8.274725466966629,-9.069686576724052,-3.5420466288924217,0.5884840190410614,0.48418304324150085,-0.1311490386724472,0.12712413461267058,-0.4948998485027888,-2.0335620127183973,-0.5973097181943375,0.11864597158085916,0.3842722565408737,-1.1922639879313384,"Tyrone Taylor",13675,621438
"Nick Ahmed","- - -",-18.08709928393364,-10.591179586946964,-6.196012403815985,-0.38827207684516907,-2.8270948231220245,1.9371184259653091,-0.10111097618937492,-0.5132548037438605,-0.6707523487616823,-1.4613236801452794,-0.06740834667450853,-0.4501743348920421,2.0390720273319043,-1.4444425169910704,"Nick Ahmed",12147,605113
"Joey Meneses","WSN",-12.748813390731812,14.912002086639404,-1.242043375968933,-0.08595538139343262,-2.0096120834350586,0.9300153851509094,-0.07392899692058563,-0.5802828125048617,1.2375105466090792,-0.3402858564298447,-0.0228604737748491,-0.4784790674845377,1.6909370639107444,-1.4785799384117126,"Joey Meneses",14366,608841
"Jake Cave","- - -",-6.40826016664505,-2.179245539009571,-3.0245857276022434,-1.672950655221939,-5.423513278365135,-1.8596664071083069,-0.1259000599384308,-0.26914154416820874,-0.23533969103775065,-0.9694185024366164,-0.26896312784918636,-0.8369619256736319,-1.6031606957830231,-1.5737507492303848,"Jake Cave",14477,595909
"Jake Bauers","- - -",0.3279048204421997,-19.769134879112244,2.5122090876102448,-3.9046595692634583,-4.873932868242264,0.22323553264141083,-0.03621666505932808,0.010253434035090672,-1.6378736436712713,0.6280522719025612,-0.5400635642134797,-0.5922154153392787,0.1116177663207054,-1.810833252966404,"Jake Bauers",15194,641343
"Brenton Doyle","COL",-21.746381282806396,-10.269987046718597,-1.3555169105529785,-1.8881556987762451,5.284286379814148,-1.151763778179884,-0.17452472448349,-0.7811200173421837,-0.668183932772843,-0.3145050836549834,-0.44743026037351774,1.2175775068696193,-1.2941166046964987,-1.939163605372111,"Brenton Doyle",25479,686668
"Corbin Carroll","ARI",44.18484389781952,9.651705741882324,-1.1725319623947144,14.87262362241745,6.2258108872920275,7.521571904420853,-0.45909202098846436,1.1488518954191242,0.5714449817573904,-0.17192550768250942,1.946678484609614,0.8002327618627285,2.9847507557225605,-2.086781913583929,"Corbin Carroll",25878,682998
"Myles Straw","- - -",-42.4164759516716,-9.400124862790108,-6.966431885957718,4.625312834978104,-0.9838475435972214,-1.4372256100177765,-0.11707095801830292,-0.7998581171350481,-0.48654890594151695,-1.1908430574286697,0.7306971303282944,-0.1899319582234018,-2.2456650156527758,-2.3414191603660583,"Myles Straw",17620,664702
"J.D. Martinez","- - -",36.282461404800415,2.4149115085601807,-3.561132177710533,15.100752592086792,22.745085701346397,0.8671378195285797,-0.20722438022494316,0.6164196636901191,0.07996395723709207,-0.39878299862379996,1.4259445318306696,2.24310509875211,0.4446860612967075,-2.5903047528117895,"J.D. Martinez",6184,502110
"Kyle Schwarber","- - -",123.01886473596096,10.637553215026855,11.14845272898674,13.470025360584259,19.34347653388977,0.035219013690948486,-0.6978128626942635,1.5200650529588653,0.28750143824396907,0.9392125298219663,0.7153491959949155,0.951006712580618,0.00852760622056864,-2.683895625747167,"Kyle Schwarber",16478,656941
"Enrique Hernández","- - -",-26.808971226215363,-10.643968537449837,-10.08658504486084,-4.325616180896759,8.273776173591614,-6.673960350453854,-0.13989628851413727,-0.5171483647032284,-0.4089115842278078,-1.3893367830386834,-0.4727449378029245,0.7849882517639103,-3.458010544276608,-2.7979257702827454,"Enrique Hernandez",10472,571771
"Mitch Haniger","- - -",9.940069437026978,-10.116928577423096,-2.3102943301200867,5.953419089317322,-1.597756266593933,-2.577071886509657,-0.05634257197380066,0.2763433260224347,-0.553442482353561,-0.4231308296923236,0.850488441331046,-0.18218429493659444,-2.0951803955363064,-2.817128598690033,"Mitch Haniger",14274,571745
"Pete Alonso","NYM",102.43016958236694,14.903970271348953,4.157995730638504,1.7461984902620316,19.318405717611313,1.9100584834814072,-0.09310440719127655,1.1942423875756902,0.4027011691799231,0.38823489548445417,0.11510866778259932,1.305297683622386,0.6345709247446535,-3.103480239709218,"Pete Alonso",19251,624413
"Ceddanne Rafaela","BOS",-20.372580409049988,8.389209747314453,-3.430239900946617,-2.8046948611736298,3.18404358625412,0.3055746257305145,-0.09310440719127655,-0.9340935538308109,0.7314045115356977,-1.19105552116202,-0.6959540598445731,0.7747064686749684,0.26117489378676456,-3.103480239709218,"Ceddanne Rafaela",24262,678882
"Jacob Stallings","- - -",-25.65035718679428,-18.76046621799469,-0.7843605428934097,-4.584539115428925,-2.909275159239769,-0.580767072737217,-0.21799643337726593,-0.6849227553216096,-1.107465538252343,-0.145791922470894,-0.8172083984721791,-0.543789749390611,-0.6913893723062107,-3.1142347625323703,"Jacob Stallings",13723,607732
"Josh Naylor","- - -",30.16662088036537,8.212362587451935,2.761224180459976,2.5065643787384033,2.668582260608673,-3.41122754663229,-0.25492748618125916,0.7023660274823137,0.3772330081512143,0.42743408366253505,0.20345490087162366,0.18609360255290608,-1.0368472786116383,-3.1865935772657394,"Josh Naylor",18839,647304
"Jordan Walker","STL",-5.162191390991211,1.1511602401733398,-7.230634070932865,-2.0307674407958984,-6.168511867523193,1.1503202319145203,-0.25776196271181107,-0.30012740645297736,0.10609771798832625,-2.7081026482894623,-0.6326378320236444,-1.667165369600863,1.0852077659570947,-3.2220245338976383,"Jordan Walker",27475,691023
"Freddy Galvis","- - -",-2.823260545730591,-9.867717742919922,1.4664156138896942,2.286856282502413,-2.273139536380768,-2.4812555611133575,-0.06482890248298645,-0.12301788870285799,-1.5712926342229174,0.5728185991756618,0.4876026188704505,-0.3219744385808453,-2.639633575652508,-3.2414451241493225,"Freddy Galvis",6609,520471
"J.D. Davis","- - -",14.430187530815601,-5.526530519127846,13.73158372938633,-3.344926819205284,5.346776515245438,-0.6201971881091595,-0.13361498713493347,0.3232568891311739,-0.366237940300056,3.1208144839514387,-0.5169902348076173,0.7782789687402383,-0.6815353715485268,-3.340374678373337,"J.D. Davis",16219,605204
"Kevin Kiermaier","- - -",8.408249318599701,-5.834496259689331,-12.200070276856422,-9.46441388130188,-7.198428843170404,-2.241175465285778,-0.13876181840896606,0.23832906231858564,-0.44234240027970667,-2.505147900791873,-1.1934948147921665,-0.7278492258008498,-1.3582881607792594,-3.4690454602241516,"Kevin Kiermaier",11038,595281
"Geraldo Perdomo","ARI",0.3256566524505615,3.7040204405784607,7.087571829557419,5.76211142539978,6.2087249755859375,3.5732348188757896,-0.3481365889310837,0.006942158440642966,0.27315784960018147,1.0755040712530226,0.6046286910178154,0.652176993233817,1.6316140725460226,-3.481365889310837,"Geraldo Perdomo",22799,672695
"Jarred Kelenic","- - -",-6.482137680053711,-12.987220168113708,-0.49655625224113464,-2.291369266808033,-12.790254265069962,1.9337190389633179,-0.3523368239402771,-0.26001354512850827,-1.0178072232064035,-0.14519188662021482,-0.3514370041116615,-1.4837881978039398,0.8749859904811393,-3.523368239402771,"Jarred Kelenic",22558,672284
"Keibert Ruiz","- - -",1.3363958597183228,-7.761180967092514,-6.298864969983697,-13.232565455138683,-2.224501971155405,-6.432742744684219,-0.3210369348526001,0.0516381707773695,-0.6599643679500438,-1.3430415714250954,-1.5157577840937781,-0.2381693759267029,-2.4741318248785458,-3.567077053917779,"Keibert Ruiz",19610,660688
"Yoán Moncada","- - -",24.286685720086098,0.6086519733071327,4.0803133845329285,9.806094199419022,6.7061746418476105,-3.6056219562888145,-0.2537166699767113,0.4872930521686617,0.040042892980732415,0.5812412228679386,0.8647349382203722,0.40643482677864307,-1.5408640838841088,-3.6245238568101614,"Yoan Moncada",17232,660162
"Jeremy Peña","HOU",28.087875604629517,-8.540050685405731,3.3767120242118835,4.146282613277435,-6.781153358519077,3.1542274057865143,-0.18201316893100739,0.7665904913927271,-0.36778857387621583,0.57524906715705,0.6330202463018986,-0.7576707663149806,1.3956758432683691,-3.6402633786201477,"Jeremy Pena",21636,665161
"Mickey Moniak","- - -",-0.5361682921648026,-15.728244349360466,-2.3782391734421253,5.026720590889454,5.66416297480464,2.345862552523613,-0.11440865695476532,-0.0254108195338769,-1.5983988159919174,-0.6718189755486229,0.9413334439867891,0.8530365925910601,0.885231151895703,-3.8136218984921775,"Mickey Moniak",19956,666160
"Justin Turner","- - -",16.079617142677307,15.179160743951797,4.944612354040146,17.569571927189827,22.04877372086048,6.453792721033096,-0.03891569375991821,0.217556719559969,0.5487765995644178,0.5810355292644119,1.8020073771476746,2.019118472606271,4.163737239376191,-3.8915693759918213,"Justin Turner",5235,457759
"Tommy Edman","- - -",3.4863114953041077,6.986688852310181,-6.486432701349258,8.443341672420502,1.783898949623108,-3.913621872663498,-0.1667909175157547,0.06370019176510337,0.4522128706996881,-0.8413012582813564,0.7137228801707948,0.10707676768446026,-1.4824325275240522,-4.1697729378938675,"Tommy Edman",19470,669242
"Jose Altuve","HOU",85.8010048866272,15.118083834648132,15.181693326681852,-0.6143167167901993,8.040468990802765,-1.2804747819900513,-0.25105655938386917,1.340850209198737,0.43960697396476106,1.550734762684561,-0.05089616543415072,0.5469706796464466,-0.3387499423254104,-4.1842759897311534,"Jose Altuve",5417,514888
"Francisco Lindor","- - -",78.56641411781311,5.962666347622871,-3.2022395990788937,2.5427491143345833,25.84211254119873,-0.7973972409963608,-0.21116618812084198,0.9569599770744593,0.21611693902221354,-0.26204906702773273,0.13039739047869658,1.1270001108241925,-0.1885099860511491,-4.22332376241684,"Francisco Lindor",12916,596019
"James McCann","- - -",-14.99682967364788,-10.268315315246582,-6.033259987831116,3.14603728055954,3.7463546991348267,2.6846360862255096,-0.29626962542533875,-0.4025994543261176,-0.6470267999525257,-1.4679464690586657,0.5305290523709173,0.6339009643206136,3.9479942444492786,-4.232423220361982,"James McCann",12859,543510
"Nolan Gorman","STL",0.36021000146865845,1.549132525920868,-1.2569280415773392,-0.5004591345787048,-2.4467800855636597,-0.22775417566299438,-0.4424247443675995,0.011334487145017572,0.13072848320007324,-0.23760454472161419,-0.0862860576859836,-0.319422987671496,-0.10897328979090641,-4.424247443675995,"Nolan Gorman",22263,669357
"Reese McGuire","- - -",-10.655776739120483,-2.217733323574066,-4.128776580095291,-7.034962177276611,1.5607889592647552,1.5841565355658531,-0.13512547314167023,-0.5309305799262822,-0.30338349159699946,-1.3948569527348957,-1.3273513542031343,0.3523225641681163,1.022036474558615,-4.504182438055674,"Reese McGuire",15674,624512
"Gary Sánchez","- - -",6.28400556743145,-14.810670375823975,-6.178419828414917,-1.239523097872734,0.5147089958190918,1.1332290917634964,-0.7502073645591736,0.15164106099014116,-0.6228204531465086,-0.974514168519703,-0.14862387264661078,0.05950393015249616,0.6588541231183118,-4.688796028494835,"Gary Sanchez",11442,596142
"Nick Gordon","- - -",-19.29274845123291,-1.5773409008979797,2.4620097875595093,-0.2800542712211609,1.3819856941699982,0.9400069527328014,-0.6196826696395874,-1.0207803413350747,-0.2411836239905168,1.0751134443491306,-0.07693798659922002,0.33220809956009567,1.1463499423570749,-4.7667897664583645,"Nick Gordon",16337,624503
"Charlie Blackmon","COL",31.530520021915436,30.40997552871704,2.023218870162964,11.359139621257782,6.328458666801453,2.131768524646759,-0.39243197441101074,0.5393520359547629,1.7347390489855699,0.22555394316198038,1.3223678255247708,0.46842773255377146,0.968985693021254,-4.905399680137634,"Charlie Blackmon",7859,453568
"Jackie Bradley Jr.","- - -",5.514463901519775,-10.998197793960571,-6.137257218360901,-17.381696701049805,-19.925161242485046,-4.027043804526329,-0.29740098118782043,0.17423266671468485,-0.99621356829353,-1.615067689042342,-2.1619025747574385,-2.184776452026869,-2.64937092403048,-4.956683019797007,"Jackie Bradley Jr.",12984,598265
"Orlando Arcia","- - -",-37.84500515460968,-26.099241942167282,2.636915698647499,-1.2564665973186493,0.9638986811041832,-3.2814299166202545,-0.3010803982615471,-0.8046992378186195,-1.0892838874026411,0.46753824444104597,-0.14764589862733835,0.14693577455856452,-2.34387851187161,-5.0180066376924515,"Orlando Arcia",13185,606115
"CJ Abrams","- - -",13.420494854450226,-20.15729022026062,8.14902275800705,-0.5564532279968262,4.136579155921936,0.04423099756240845,-0.5332508683204651,0.3793243316690284,-1.1407634533254454,1.3604378560946662,-0.06999411672916052,0.4889573470356899,0.018127458017380513,-5.332508683204651,"CJ Abrams",25768,682928
"Michael Conforto","- - -",15.322841197252274,-2.307563304901123,6.727571398019791,-0.5651562213897705,0.5054115056991577,-1.3556182980537415,-0.382336288690567,0.27728630469149973,-0.11851891653318558,0.8204355363438769,-0.04591033480014382,0.03208961940947033,-0.4372962251786263,-5.461946981293814,"Michael Conforto",16376,624424
"J.T. Realmuto","PHI",39.90920636057854,6.11197292432189,-6.6722634844481945,11.868266701698303,0.7922617793083191,2.518242731690407,-0.49319756031036377,0.6214451317436708,0.18008170077554184,-0.7678093768064667,1.0606136462643703,0.06742653440921864,1.0072970926761629,-5.479972892337375,"J.T. Realmuto",11739,592663
"Lars Nootbaar","STL",11.154647946357727,-7.998804926872253,14.84104435890913,6.68253118544817,10.475345432758331,-4.627971723675728,-0.11314614117145538,0.28808491596998265,-0.5269304958413868,2.9272276842029843,0.8945824880118032,0.984524946687813,-1.9045151126237563,-5.657307058572769,"Lars Nootbaar",21454,663457
"Will Smith","LAD",55.311588525772095,9.432380616664886,6.255925714969635,6.229496218264103,19.60230255126953,4.866915166378021,-0.8546409606933594,0.8911162965324971,0.3124339389421956,0.7519141484338503,0.5586992124003679,1.9840387197641227,2.4213508290437913,-5.6976064046223955,"Will Smith",19197,669257
"Luis Rengifo","LAA",34.89518043398857,-25.54561746120453,-14.273480147123337,-1.8716123849153519,-6.4075624998658895,-2.8219183683395386,-0.22813871502876282,0.8280773714757611,-1.4930226453071027,-1.865814398316776,-0.16800829308037268,-0.47817630596014105,-0.9866847441746639,-5.70346787571907,"Luis Rengifo",19858,650859
"Andy Pages","LAD",-4.615889549255371,-2.9558544158935547,-2.7887322306632996,5.7336273193359375,7.057195544242859,4.407906889915466,-0.22888287901878357,-0.2194907060986862,-0.27911750858296075,-1.0444690002484267,2.040436768446953,2.5114574890543984,4.952704370691535,-5.722071975469589,"Andy Pages",24816,681624
"Bryce Harper","PHI",118.80604362487793,21.695678412914276,13.786376178264618,4.214329019188881,36.15605780482292,3.2768750321120024,-0.9789671301841736,1.793840308393144,0.7277986720199354,1.5810064424615387,0.25966290937701053,1.886075002859829,0.853352872945834,-5.758630177553963,"Bryce Harper",11579,547180
"Will Benson","- - -",-6.274510622024536,3.899797260761261,-1.036647379398346,2.767782300710678,2.4089006409049034,-1.9537750482559204,-0.4073810279369354,-0.3257793677063622,0.5097774197073544,-0.2970336330654287,0.5513510559184618,0.5082068862668573,-1.2853783212210002,-5.819728970527649,"Will Benson",21853,666181
"Jake Fraley","- - -",8.39098608493805,6.427866846323013,2.0024771243333817,-1.095515787601471,2.2740529775619507,-4.34867749363184,-0.4108165502548218,0.2931860966085971,0.660623519663208,0.4145915371290645,-0.16906107833356032,0.27664878072529814,-1.9948061897393758,-5.868807860783169,"Jake Fraley",19260,641584
"Francisco Alvarez","NYM",7.948330402374268,-10.865938395261765,2.7131311297416687,-4.4362345933914185,1.1632335186004639,2.571075815707445,-0.17700079083442688,0.42323378074410367,-0.9950493035953997,0.7887009098086246,-1.2087832679540649,0.33522579786756884,2.4721882843340817,-5.900026361147562,"Francisco Alvarez",26121,682626
"Andrés Giménez","- - -",-14.2995325922966,2.2154784500598907,-6.630401991307735,1.4294190667569637,10.55260917544365,-0.041387468576431274,-0.1771642565727234,-0.3059377961552546,0.11797009851224126,-0.9526439642683527,0.1488978194538504,0.9610755168892213,-0.016358683231791016,-5.90547521909078,"Andres Gimenez",19950,665926
"Seth Brown","OAK",7.541589945554733,-13.31968304514885,1.0118836611509323,4.410994630306959,-5.278127878904343,-5.862177640199661,-0.3692975342273712,0.26304813203888155,-0.9582505787876869,0.21949754037981178,0.5087652399431325,-0.44616465586680837,-2.042570606341345,-6.15495890378952,"Seth Brown",18171,664913
"Luis García Jr.","WSN",3.620137572288513,5.74901008605957,-0.07564151287078857,-8.283699005842209,-6.734225392341614,-4.201600633561611,-0.895281195640564,0.10920475331187068,0.3505493954914372,-0.015098106361434844,-0.7655914053458603,-0.5501818130998051,-1.3171161860694705,-6.394865683146886,"Luis Garcia Jr.",20391,671277
"Tim Anderson","- - -",10.753346875309944,-14.47139447182417,-4.940543621778488,1.4689217507839203,1.78768390417099,-0.1452661044895649,-0.7076613903045654,0.24153968722618924,-0.6400439837162393,-0.893407526542222,0.19931095668709908,0.22977942212994729,-0.1117431572996653,-6.433285366405141,"Tim Anderson",15172,641313
"Steven Kwan","CLE",16.825782001018524,5.999380946159363,2.2919006943702698,6.83306460827589,9.347659766674042,-2.063180595636368,-0.45106565952301025,0.2889042239185873,0.34678502578955855,0.3165608693881588,0.8541330760344863,0.8988134391032733,-0.663402120783398,-6.443795136043004,"Steven Kwan",24610,680757
"Michael Chavis","- - -",-26.591278538107872,-5.525475263595581,6.083107367157936,3.5675896741449833,-5.150368392467499,-4.260635882616043,-0.26407457888126373,-1.1191615546341698,-0.577374635694418,2.119549605281511,1.0943526607806697,-1.1419885570881372,-9.908455540967543,-6.601864472031593,"Michael Chavis",17321,656308
"Taylor Ward","LAA",23.870068430900574,7.084383547306061,3.1597557365894318,-0.8181815706193447,16.6872461438179,0.9325907081365585,-0.2663125693798065,0.4604565669541006,0.2386921680359185,0.374378641775999,-0.09798581684064009,2.204391828773831,0.4686385468022907,-6.657814234495163,"Taylor Ward",17548,621493
"Corey Dickerson","- - -",-0.13993120938539505,3.686268448829651,3.307906586676836,11.332684323191643,-6.413704141974449,-6.681061379611492,-0.2022773027420044,-0.004939329664150902,0.5319290690951878,1.0369613124378796,2.535276134942202,-0.8870960085718465,-4.985866701202606,-6.7425767580668134,"Corey Dickerson",10762,572816
"Aaron Hicks","- - -",-0.48850756883621216,-3.4298119246959686,-5.183264970779419,-2.4042838737368584,-0.8171923756599426,5.149516731500626,-0.545787513256073,-0.017887497943471702,-0.36487360901020943,-1.2798185113035603,-0.3227226676156857,-0.07408815735810904,2.319602131306588,-6.8223439157009125,"Aaron Hicks",5297,543305
"Joc Pederson","- - -",52.36336398124695,-2.7810564637184143,12.282201189547777,8.6354039311409,-4.997379571199417,0.03321523219347,-1.46186363697052,1.0261290217763464,-0.14499773012087666,1.4691628217162414,0.7907879057821335,-0.30791001670976076,0.008672384384718016,-6.961255414145333,"Joc Pederson",11899,592626
"Otto Lopez","- - -",0.28792083263397217,3.4836495369672775,-1.5764004327356815,8.473506718873978,-7.082633137702942,-1.818605124950409,-0.6338049173355103,0.0164714435145293,0.36212573149348,-0.6487244579159183,3.126755246816966,-1.9951079261135047,-1.420785253867507,-7.042276859283447,"Otto Lopez",19608,672640
"Mike Yastrzemski","- - -",11.122895956039429,-10.753332987427711,6.155251353979111,9.623905658721924,31.55826508998871,3.5227694511413574,-0.784980908036232,0.1676902752305055,-0.48767950056361503,0.6425105797472976,0.7176663429322837,2.2445423250347587,1.1742564837137859,-7.136190073056654,"Mike Yastrzemski",14854,573262
"Andrew Benintendi","- - -",14.283457040786743,-4.017024397850037,3.169802039861679,4.905078887939453,3.636438727378845,0.40489380061626434,-0.28870171308517456,0.2198808041993033,-0.18086557396893455,0.3423112354062288,0.4500072374256379,0.22813291890707937,0.1100254892978979,-7.217542827129364,"Andrew Benintendi",17901,643217
"Nick Senzel","- - -",-12.370070412755013,-15.097041055560112,-5.39577117562294,5.012825667858124,4.960892960429192,-1.505513273179531,-0.29007935523986816,-0.4062420496799676,-1.1359699816072317,-1.2319112273111734,0.8642802875617455,1.0062663205738727,-1.9552120430903,-7.251983880996704,"Nick Senzel",19293,669222
"Marcell Ozuna","- - -",76.18174684047699,-0.8861170560121536,14.577035307884216,7.719764679670334,-1.8534358516335487,-2.7686642706394196,-1.0034238398075104,1.1661066407542782,-0.024525797287909042,1.6054003643044292,0.604523467476142,-0.13668405985498147,-0.9580153185603528,-7.718644921596233,"Marcell Ozuna",10324,542303
"Teoscar Hernández","- - -",56.30550256371498,-14.768809080123901,4.6859105080366135,9.609261609613895,26.818572118878365,0.7644976675510406,-0.70978844165802,0.8375056160005204,-0.3691279450168433,0.4437415253822551,0.7961277224203724,2.096839102336072,0.2730348812682288,-7.886538240644667,"Teoscar Hernandez",13066,606192
"Kevin Newman","- - -",-31.529892474412918,-8.432896465063095,-4.927870154380798,0.3677814155817032,5.072221264243126,2.415688306093216,-0.49257293343544006,-0.7695848785553556,-0.446421199844526,-0.9643581515422306,0.05231599083665763,0.7767567020280437,2.7451003478332,-8.209548890590668,"Kevin Newman",17696,621028
"Jazz Chisholm Jr.","- - -",23.813048601150513,10.395379818975925,4.024887256324291,2.0176929235458374,10.45802566409111,-2.3404219783842564,-0.7717099338769913,0.568330515540585,0.5800993202553529,0.5160111867082424,0.20484192117216624,0.8260683778902931,-0.5722303125633879,-8.574554820855457,"Jazz Chisholm Jr.",20454,665862
"Elly De La Cruz","CIN",28.44235062599182,-2.460046947002411,4.630506157875061,-4.867911096662283,2.212032675743103,-4.431211490184069,-0.8586896657943726,0.9753892532919006,-0.19174177295420194,0.7432594153892554,-0.5595300111106072,0.18619803667871238,-1.5072147925796153,-8.586896657943726,"Elly De La Cruz",26668,682829
"Yuli Gurriel","- - -",-31.177868127822876,14.303633153438568,0.13645637035369873,12.250485360622406,8.62706583738327,2.3137896358966827,-0.2615389823913574,-0.6767499050970887,0.7308959199508721,0.025269698213647915,1.651008808709219,0.9606977547197406,1.5122808077756096,-8.717966079711914,"Yuli Gurriel",19198,493329
"Mookie Betts","- - -",114.73647785186768,31.651220127940178,15.422507524490356,20.742755234241486,17.628547847270966,5.4915772415697575,-0.8046503365039825,1.3852043686088094,0.9182251270072578,1.3624123254850138,1.6701091170886866,1.3077557750201012,2.1620382840825814,-8.940559294488695,"Mookie Betts",13611,605141
"Mark Vientos","NYM",10.292503073811531,-5.770755998790264,-1.4476881176233292,-1.7930763959884644,4.236410766839981,-4.023259148001671,-0.4572784900665283,0.5417106880953437,-0.4296914369910845,-0.4055148788860866,-0.4449321081857232,0.9270045441662979,-4.789594223811513,-9.145569801330566,"Mark Vientos",22184,668901
"Daulton Varsho","- - -",-9.163483262062073,-5.658095598220825,3.5454251766204834,1.7850701287388802,10.353423953056335,4.431467168033123,-0.4695275127887726,-0.20736554111930464,-0.33799854230709825,0.41957694397875545,0.18346044488580474,0.8766658724010445,1.9101151586349667,-9.390550255775452,"Daulton Varsho",19918,662139
"Evan Longoria","- - -",21.962665930390358,-6.989692449569702,-6.515914894640446,-3.1424840092658997,-0.20854084938764572,-2.167827345430851,-0.28755173459649086,0.7257986097286966,-0.5185231787514616,-1.4708611500317033,-0.5228758750858402,-0.03534590667587216,-3.0968962077583586,-9.58505781988303,"Evan Longoria",9368,446334
"Tucker Barnhart","- - -",-11.484706662595272,-15.81699575483799,-3.05830791965127,-10.181618571281433,-3.696497157216072,1.0562955141067505,-0.3233841359615326,-0.4375126347655342,-1.66319618873165,-0.8112222598544482,-1.4462526379661127,-0.5042970200840481,1.173661682340834,-10.779471198717754,"Tucker Barnhart",10200,571466
"Austin Hedges","- - -",-63.42944723367691,-50.14772683382034,-2.1024585366249084,-1.4002434872090816,-4.762438967823982,-4.361826065927744,-0.23657363653182983,-1.9821702260524032,-3.273350315523521,-0.5636618060656591,-0.27893296557949837,-1.0176151640649536,-6.1434169942644274,-11.828681826591492,"Austin Hedges",12976,595978
"Josh Harrison","- - -",3.8506221771240234,-5.5231558084487915,-4.950461149215698,-4.055640399456024,-5.961155265569687,-1.810866430401802,-0.24705442786216736,0.15458138005315228,-0.5245162211252413,-1.6338155607972602,-1.0215718890317442,-1.5896414041519165,-3.292484418912368,-12.352721393108368,"Josh Harrison",8202,543281
"Eloy Jiménez","- - -",19.983902648091316,12.185783505439758,3.115749828517437,-4.928001701831818,-6.264906447380781,-1.5519846975803375,-0.24705442786216736,0.6204254159606121,0.5569370889140658,0.7400830946597238,-0.6853966205607535,-0.7511878234269522,-0.8971009812603107,-12.352721393108368,"Eloy Jimenez",17484,650391
"Gabriel Moreno","- - -",-0.4373661279678345,5.8428643345832825,-0.9464687183499336,3.7667431831359863,0.8563429564237595,-1.3205597698688507,-0.24809692800045013,-0.01791016085044367,0.5527780827420323,-0.2930243710061714,0.9733186519731232,0.24397235225748132,-1.4199567417944632,-12.404846400022507,"Gabriel Moreno",22664,672515
"Corey Seager","- - -",72.22585272789001,21.311451852321625,6.574088752269745,24.31332691386342,10.6757173538208,5.974536627531052,-0.2617335580289364,1.4462525576269525,0.8137247748118223,0.7680010224614188,2.1943435842837022,0.6214038040640746,1.2766103904980879,-13.08667790144682,"Corey Seager",13624,608369
"Bryan De La Cruz","- - -",-8.065938413143158,-14.021696031093597,-3.9154834151268005,1.1620501354336739,5.064492519944906,-4.902935791760683,-0.8391193747520447,-0.24251167808608415,-0.6958658079947195,-0.6762492944951296,0.18773023189558544,0.8168536322491784,-3.686417888541867,-13.985322912534079,"Bryan De La Cruz",19600,650559
"Yan Gomes","- - -",-20.619115591049194,-11.050292611122131,-8.096069574356079,0.23548395931720734,5.794839262962341,-2.9579136073589325,-0.28332945704460144,-0.6381651374512285,-0.8137181598764457,-1.887195704978107,0.04281526533040133,1.1850387040822783,-3.7441944396948514,-14.166472852230072,"Yan Gomes",9627,543228
"Elias Díaz","- - -",-35.65169298648834,-6.5452927350997925,6.471291929483414,-5.773995164781809,-11.83998305350542,-1.590881571173668,-0.44369280338287354,-0.8359130829188356,-0.31881601242570834,1.289101977984744,-0.6458607566870033,-1.3025283887244687,-1.252662654467455,-14.789760112762451,"Elias Diaz",11680,553869
"Santiago Espinal","- - -",-21.42147398740053,-16.508971601724625,3.0572313368320465,-1.05918587744236,3.880949378013611,0.7132180407643318,-0.302735835313797,-0.6218134684296235,-1.0298797006690346,0.5640648222937356,-0.17420820352670394,0.6881115918463849,0.5943483673036098,-15.13679176568985,"Santiago Espinal",19997,669289
"Miguel Rojas","- - -",-17.626618087291718,-5.849381864070892,-11.053860679268837,1.0590350031852722,1.8196572661399841,1.569964051246643,-0.20853759348392487,-0.3406109775322071,-0.2573419209886006,-1.5267763369155851,0.11939515255752788,0.20796083041599822,1.414382028150129,-20.853759348392487,"Miguel Rojas",7802,500743
"Eduardo Escobar","- - -",18.523576259613037,-13.793982028961182,3.840766429901123,4.0757473558187485,-3.717715263366699,-5.133927583694458,-0.20905697345733643,0.3843065614027601,-1.0255748720417235,0.6369430232008496,0.40839151861911305,-0.28774885939370737,-2.9848416184270103,-20.905697345733643,"Eduardo Escobar",6153,500871
"Josh Smith","TEX",4.912688255310059,5.722736448049545,-2.626181811094284,-5.122754663228989,-4.224294543266296,0.2175966501235962,-0.21370044350624084,0.1475281758351369,0.514634572666326,-0.49832671937272943,-0.8316160167579526,-0.5145303950385258,0.09419768403618882,-21.370044350624084,"Josh Smith",26396,669701
"Eric Haase","- - -",-5.804100394248962,-15.422606602311134,4.766720563173294,-4.831819389015436,-1.8501852750778198,-0.6020079553127289,-0.21751686930656433,-0.26074125760327777,-1.1232779754050353,1.739679037654487,-1.193041824448256,-0.4224167294698219,-0.7166761372770581,-21.751686930656433,"Eric Haase",14111,606992
"Trey Mancini","- - -",22.16881835460663,3.2451632618904114,0.2055836319923401,0.08967655897140503,-3.29667592048645,-1.2639441080391407,-0.22479265928268433,0.5761127431030829,0.1534356152194048,0.030502022550792297,0.00987627301447192,-0.35911502401813183,-0.8838769986287697,-22.479265928268433,"Trey Mancini",15149,641820
"Kyle Higashioka","- - -",-3.4943279027938843,-10.742564767599106,3.7810077145695686,-7.100261718034744,-3.2579296827316284,-2.4223073422908783,-0.23855803906917572,-0.14338645477201,-0.7204939481957818,0.9221970035535534,-1.4549716635317098,-0.6066908161511412,-1.8350813199173321,-23.855803906917572,"Kyle Higashioka",5517,543309
"Matt Chapman","- - -",33.80198383331299,22.6459767408669,-14.710749387741089,-1.184503048658371,13.815556555986404,7.759075373411179,-0.24982324242591858,0.39213438321708805,0.6309829128132322,-1.4254602119904156,-0.08540036399844059,1.115957718577254,2.8844146369558286,-24.982324242591858,"Matt Chapman",16505,656305
"Victor Reyes","DET",-1.9786187410354614,-1.6646619737148285,0.6850404143333435,-2.108655631542206,-1.831829994916916,0.793292760848999,-0.7763863205909729,-0.08888673589557329,-0.2900107968144301,0.2842491345781508,-0.4208893476132148,-0.3158327577442958,1.555476001664704,-38.819316029548645,"Victor Reyes",15487,622682
"Didi Gregorius","- - -",-22.923572182655334,6.3614014983177185,-10.217473983764648,11.668627262115479,-4.381708025932312,-0.40079665184020996,-0.8221480250358582,-0.9173098112307057,0.9410357246032128,-3.2436425345284596,2.6519607413898814,-0.67307342948269,-0.3853813960002019,-41.10740125179291,"Didi Gregorius",6012,544369
"Nicky Lopez","- - -",-14.708300650119781,-9.823608040809631,-1.6620414815843105,-4.903773620724678,-14.95674405246973,-3.39312282204628,-0.7996814846992493,-0.30489843802072514,-0.6898601152253955,-0.29107556595171813,-0.5284238815436075,-1.5308847546028383,-1.8440884902425434,-79.96814846992493,"Nicky Lopez",19339,670032
"Albert Pujols","- - -",13.644585132598877,-15.090470314025879,-3.3279074355959892,-1.3183284997940063,2.479497492313385,-2.1150565147399902,,0.5296810998679689,-1.214036227998864,-0.9348054594370756,-0.22808451553529518,0.6062341057000941,-3.990672669320736,,"Albert Pujols",1177,405395
"David Peralta","- - -",-0.07499054074287415,-2.3274709582328796,3.051986064761877,2.7920762300491333,1.1546657383441925,3.5510233603417873,,-0.0017415360135363247,-0.15084063241949966,0.47687282261904324,0.3292542724114544,0.09135013752723041,1.6214718540373458,,"David Peralta",2136,444482
"Nelson Cruz","- - -",54.6537139415741,5.296977534890175,-8.139369368553162,0.49290603399276733,6.289956212043762,-2.490613680332899,,1.4827377629293026,0.26765929938808364,-1.6782204883614766,0.07630124365213117,0.75059143341811,-3.0373337565035357,,"Nelson Cruz",2434,443558
"Anthony Rizzo","- - -",25.196348428726196,12.630851536989212,-7.358652830123901,15.804915606975555,5.937969096004963,0.8434160128235817,,0.456125062069627,0.6743647376929638,-1.1015947350484883,1.4381178896247093,0.399863238788213,0.33872129029059506,,"Anthony Rizzo",3473,519203
"Eric Hosmer","- - -",-8.881814658641815,-5.004984617233276,-1.5594868957996368,5.252614110708237,12.44299242272973,-1.111236721277237,,-0.24420716685844968,-0.34684578082004686,-0.30222614259682884,0.668271515357282,1.4536206101319777,-1.0011141633128262,,"Eric Hosmer",3516,543333
"Joey Votto","CIN",69.1102876663208,-18.147098183631897,12.736809730529785,3.804378032684326,-16.67119061946869,1.2604554891586304,,1.710650684809921,-1.329457742390615,2.1847014975179735,0.4633834388166049,-1.5032633561288267,0.9133735428685728,,"Joey Votto",4314,458015
"Starlin Castro","- - -",-2.93095825612545,-11.924973621964455,-0.25264668464660645,2.1523660123348236,2.028515100479126,-2.24138405919075,,-0.13377262693406894,-1.3834076127568973,-0.11805919843299367,0.5913093440480285,0.5588195869088501,-4.980853464868334,,"Starlin Castro",4579,516770
"Mike Moustakas","- - -",-8.345733404159546,1.3593139052391052,1.1759241819381714,-3.9270272254943848,6.632723391056061,-1.2434903793036938,,-0.26327234713437053,0.12202099687963243,0.3119162286308147,-0.5140087991484796,0.8311683447438674,-1.0907810344769242,,"Mike Moustakas",4892,519058
"Giancarlo Stanton","NYY",38.478994369506836,7.723092615604401,-8.496722996234894,10.00998567044735,-2.268891431391239,-3.076204836368561,,0.8006449098940249,0.316909832400673,-1.1268863390231956,1.4962609372865994,-0.2641317149465936,-1.3034766255798986,,"Giancarlo Stanton",4949,519317
"Asdrúbal Cabrera","- - -",-1.1106088757514954,-5.002600073814392,-5.689793199300766,-3.9326615929603577,10.107421427965164,5.393155373632908,,-0.048519391688575594,-0.6948055658075545,-2.0105276322617547,-0.8999225613181597,1.9975141161986492,7.816167208163635,,"Asdrubal Cabrera",4962,452678
"Josh Donaldson","- - -",18.102795839309692,12.429068684577942,2.475453197956085,2.402514334768057,-0.0901828408241272,-0.015751630067825317,,0.44566213292244444,0.6119679312938425,0.48254448303237535,0.3645697017857446,-0.010510820608872633,-0.018105321917040593,,"Josh Donaldson",5038,518626
"Robbie Grossman","- - -",19.472785025835037,-10.00468435883522,2.378889448940754,-11.532599747180939,7.134949684143066,-4.904712431132793,,0.37730643336243047,-0.6621233857601072,0.37581191926394214,-1.0080943834948373,0.47598063269800306,-2.3925426493330697,,"Robbie Grossman",5254,543257
"Brandon Crawford","- - -",11.539971053600311,-2.3823841363191605,-2.492213688790798,-0.39190779626369476,-15.287610054016113,-1.9254348129034042,,0.2852897664672512,-0.17213758210398558,-0.4450381587126425,-0.04716098631332067,-1.1503092591434247,-1.1599004897008458,,"Brandon Crawford",5343,543063
"Ji Man Choi","- - -",10.483835570514202,2.1142593324184418,-2.7514784783124924,0.8145286366343498,9.317980464547873,-2.2371914088726044,,0.3332433429915513,0.21662493160025018,-0.7600769277106333,0.12786948769770012,0.955690304056192,-1.4527216940731198,,"Ji Man Choi",5452,596847
"Marwin Gonzalez","- - -",-8.764164179563522,-13.819529056549072,-4.712060358375311,-4.4382426999509335,-2.606293350458145,-2.927033007144928,,-0.42236935805125403,-1.8700309954734873,-1.8406485774903558,-0.6838586594685568,-0.323361457873219,-3.4435682436999153,,"Marwin Gonzalez",5497,503556
"Avisaíl García","- - -",11.388439178466797,-17.042627811431885,-0.47950583696365356,-1.9535874128341675,-5.295324325561523,-0.5397806614637375,,0.37548431185185616,-1.0910773246755368,-0.10515478880781877,-0.32344162464141846,-0.8527092311693274,-0.6350360723102794,,"Avisail Garcia",5760,541645
"Yadier Molina","STL",-26.671890020370483,-6.2458716332912445,-9.624307930469513,-3.164215311408043,1.1889919936656952,-3.75323349237442,,-1.0720213030695531,-0.5435919611219534,-3.928288951212046,-0.6315799024766553,0.2972479984164238,-8.159203244292218,,"Yadier Molina",7007,425877
"Salvador Perez","KCR",42.07843255996704,5.120039582252502,-3.617894947528839,-1.7462315037846565,4.140157341957092,-3.328118696808815,,0.8843722690199042,0.15812352014368444,-0.4296787348609073,-0.16350482245174686,0.38158132183936333,-1.1397666769893202,,"Salvador Perez",7304,521692
"Donovan Solano","- - -",16.550075858831406,3.4915794879198074,2.754048764705658,1.7979284077882767,-1.2246063649654388,0.19558773934841156,,0.40793876901235904,0.19017317472330106,0.49267419762176345,0.26440123643945246,-0.17982472319609968,0.15901442223448095,,"Donovan Solano",8623,456781
"Elvis Andrus","- - -",-5.594898462295532,-11.740263104438782,-10.901036381721497,-9.70586895942688,-4.973438948392868,-3.676476463675499,,-0.13436355577078607,-0.5120044964866455,-1.6770825202648456,-1.210208099679162,-0.6248038879890538,-2.7852094421784086,,"Elvis Andrus",8709,462101
"Lorenzo Cain","MIL",-2.300909634679556,-4.487039685249329,-3.8946293964982033,-0.8540129140019417,-4.112218260765076,-0.27443385124206543,,-0.09214696174127177,-0.5745249276887745,-1.5578517585992813,-0.23206872663096242,-1.000539722813887,-0.8852704878776305,,"Lorenzo Cain",9077,456715
"Kyle Seager","SEA",18.455066680908203,-4.1622218787670135,4.112756609916687,-12.05366039276123,-2.835097312927246,0.6666455268859863,,0.7557357363189273,-0.42645715970973497,1.4636144519276466,-1.6953108850578384,-0.34958043315995635,0.5697825016119542,,"Kyle Seager",9785,572122
"Andrew McCutchen","- - -",23.912604093551636,-11.16969895362854,4.439124226570129,5.27807229757309,5.581394046545029,0.4535197541117668,,0.3653010096784546,-0.3361329808494896,0.4648297619445162,0.49605942646363627,0.48115465918491623,0.22563171846356556,,"Andrew McCutchen",9847,457705
"Jonathan Villar","- - -",-5.4314296543598175,0.7493146061897278,-0.8123400025069714,8.567066133022308,2.8591001629829407,-4.025074139237404,,-0.15853559995212543,0.0944911231008484,-0.1654460290238231,1.4231006865485563,0.27177758203259894,-3.1445891712792218,,"Jonathan Villar",10071,542340
"Mike Trout","LAA",97.2975447177887,21.063278675079346,15.29172383248806,13.051211033016443,26.302351221442223,-1.0834094136953354,,1.5219387567306226,1.0015824381873202,1.9680468252880385,1.830464380507215,3.70978155450525,-0.7081107279054479,,"Mike Trout",10155,545361
"Jose Iglesias","- - -",-17.137711584568024,3.9323015809059143,-5.197463631629944,7.023918628692627,10.381672844290733,-2.948942005634308,,-0.3827945406425737,0.2125568422111305,-0.9314450952741835,0.8758003277671604,1.4143968452712172,-2.3975138257189497,,"Jose Iglesias",10231,578428
"Brandon Belt","- - -",29.344355698674917,6.991100192070007,-3.732256829738617,11.03285837173462,10.235677480697632,-1.0884286910295486,,0.6736537120907924,0.6309657213059573,-0.6019769080223576,1.6818381664229602,1.0923882049837388,-1.1337798864891133,,"Brandon Belt",10264,474832
"César Hernández","- - -",-21.426688492298126,9.0783831179142,-0.7549375221133232,11.065251678228378,-12.137833207845688,1.0101507417857647,,-0.4603929628770547,0.8120199568796242,-0.18017601959745183,1.3728600097057542,-0.8789162351807159,0.8212607656794836,,"Cesar Hernandez",10556,514917
"Jurickson Profar","- - -",16.590025305747986,-0.36589181423187256,-1.875950738787651,14.245010823011398,-6.203444421291351,0.6740536093711853,,0.24229626560169398,-0.017145820723143045,-0.17273947870972847,0.9940691432666712,-0.30513745308860557,0.21604282351640555,,"Jurickson Profar",10815,595777
"Andrelton Simmons","- - -",-28.426349639892578,-12.861355036497116,-4.327140673995018,0.5789694786071777,-9.166410207748413,-1.8094225227832794,,-1.5705165546901976,-1.3682292592018208,-1.6642848746134684,0.16447996551340277,-2.457482629423167,-4.413225665325072,,"Andrelton Simmons",10847,592743
"Kole Calhoun","- - -",0.1972377896308899,-1.2472587823867798,-4.696249544620514,-0.5277692973613739,-2.160660982131958,-2.1878978461027145,,0.0063481747547759855,-0.1068773592447969,-1.1859216021768975,-0.07454368606799067,-0.24665079704702716,-1.4585985640684762,,"Kole Calhoun",11200,594777
"Adam Eaton","- - -",2.402130603790283,-14.505184769630432,1.11720472574234,0.8172157406806946,5.403673201799393,-1.3081178814172745,,0.09354091136254997,-2.09915843265274,0.44688189029693604,0.1861539272621172,1.1620802584514822,-1.6558454195155374,,"Adam Eaton",11205,594809
"Whit Merrifield","- - -",4.48952716588974,-16.30134348385036,9.813968420028687,4.600371107459068,-3.915602095425129,0.754285454750061,,0.07496288472014928,-0.5529628047439064,1.2501870598762657,0.45413337684689714,-0.38052498497814663,0.502856969833374,,"Whit Merrifield",11281,593160
"Jesús Aguilar","- - -",3.7042373567819595,5.196432702243328,-5.896355599164963,-7.42008239030838,0.6930481195449829,-1.4171016812324524,,0.10562410484123066,0.325387144786683,-1.3461999084851513,-1.1091304021387713,0.10161995887756348,-1.4916859802446867,,"Jesus Aguilar",11342,542583
"Yasmani Grandal","- - -",14.05833125114441,11.021149381995201,-7.384945258498192,1.4495036602020264,7.741956666111946,-6.6656076312065125,,0.2936772770241155,0.8317848590185059,-1.1949749609220375,0.1354676317945819,0.544441397054286,-3.251515917661713,,"Yasmani Grandal",11368,518735
"Mark Canha","- - -",54.2885485291481,3.260271430015564,3.168196350336075,-6.596113160252571,11.284345630556345,4.411183375865221,,0.8639170676185248,0.11257843335689102,0.40359189176255733,-0.5054492843105418,0.9829569364596119,2.9805293080170414,,"Mark Canha",11445,592192
"Christian Yelich","MIL",92.91256755590439,9.172606587409973,1.4809729605913162,2.3563209176063538,33.580424427986145,1.4981053918600082,,1.2845647387792671,0.3315000573693521,0.12756011719132784,0.14941794024136676,2.1976717557582557,0.49118209569180593,,"Christian Yelich",11477,592885
"Manny Machado","SDP",48.531055718660355,22.372146129608154,3.4329594373703003,8.886104047298431,11.640484988689423,-4.400520205497742,,0.6093804083206975,0.6426930804253994,0.34432893052861585,0.764724961041173,0.849050692099885,-1.447539541282152,,"Manny Machado",11493,592518
"Jon Berti","- - -",-7.820248246192932,-4.6107968389987946,4.622570693492889,8.312883857637644,-1.6375335454940796,0.9168380424380302,,-0.2047721457500113,-0.3338737754524833,1.0092949112429888,1.5422790088381528,-0.37731187684195383,1.104624147515699,,"Jon Berti",12037,542932
"Austin Barnes","LAD",-28.447935819625854,-13.414408802986145,-2.7140461206436157,-3.181603007018566,6.872048228979111,0.11820325255393982,,-1.0949936805090783,-1.3074472517530356,-0.9798000435536519,-0.8740667601699358,2.2025795605702276,0.4221544734069279,,"Austin Barnes",12158,605131
"Ben Gamel","- - -",19.697043538093567,-13.848398387432098,-0.7707610130310059,-4.276671200990677,-2.8396308422088623,1.5009308457374573,,0.6813228480834855,-1.3445046978089414,-0.19365854598768992,-0.6539252600903176,-0.4050828590882828,1.5967349422738908,,"Ben Gamel",12160,592325
"Miguel Sanó","- - -",40.32116907835007,-16.574247360229492,3.717154622077942,-4.099400460720062,-7.794813334941864,-0.551803395152092,,1.528474946108797,-1.1042136815609256,0.978198584757353,-0.8853996675421302,-1.1616711378452853,-1.103606790304184,,"Miguel Sano",12164,593934
"Maikel Franco","- - -",-27.87377619743347,-9.840474843978882,3.7694381326436996,0.6782376617193222,-14.090328097343445,-2.4395502395927906,,-1.1736326819971987,-0.6800604591554169,1.0558650231494957,0.1316966333435577,-2.3801229894161224,-4.691442768447674,,"Maikel Franco",12179,596748
"Jorge Alfaro","- - -",-13.096332550048828,-5.208155483007431,-7.230749845504761,-4.280156880617142,-0.9683551527559757,-3.1030148901045322,,-0.583355570158077,-0.4709001340874711,-2.6293635801835493,-0.9469373629683941,-0.26898754243221545,-6.464614354384442,,"Jorge Alfaro",12180,595751
"Rougned Odor","- - -",-4.613036900758743,-23.27337860316038,3.4971379041671753,-0.5607757270336151,-11.82714655995369,-0.13619732856750488,,-0.14290696718583468,-1.816813317967243,0.861364015804723,-0.0741766834700549,-1.4601415506115667,-0.09079821904500326,,"Rougned Odor",12282,596059
"Tommy La Stella","- - -",7.901978090405464,-4.094051390886307,-1.7274203449487686,8.519081205129623,0.8553538024425507,-1.929712861776352,,0.3609857510463894,-0.6939070154044589,-0.5415110799212441,2.1458642834079655,0.1693769905826833,-2.41214107722044,,"Tommy La Stella",12371,600303
"Kevin Pillar","- - -",-21.331457674503326,0.725489892065525,2.8725517094135284,-7.564113229513168,-6.65371847897768,-0.8118331879377365,,-0.6744058702024447,0.052118526728845184,0.7127919874475257,-1.1837422894386804,-0.9241275665246778,-0.6709365189568071,,"Kevin Pillar",12434,607680
"Kolten Wong","- - -",31.719302892684937,3.326565220952034,1.1859747767448425,-2.2774707078933716,-11.148736521601677,0.9198970794677734,,0.804854171344454,0.272000426897141,0.2502056491022875,-0.2316857281681965,-1.1835176774524072,0.6300664927861462,,"Kolten Wong",12532,543939
"Marcus Semien","- - -",56.0354865193367,2.5264142751693726,1.7035983204841614,28.631297431886196,12.234426245093346,-1.1023238897323608,,0.6898373325044528,0.05918047025461168,0.12389805967157538,2.0959954196109956,0.7027240807061084,-0.40378164459060834,,"Marcus Semien",12533,543760
"C.J. Cron","- - -",27.727688908576965,1.207667887210846,-2.934750020503998,4.817219823598862,7.246191591024399,-2.6414176374673843,,0.6761201879682264,0.06577711803980643,-0.5698543729133977,0.7719903563459714,0.9410638429901816,-4.063719442257514,,"C.J. Cron",12546,543068
"Trevor Story","- - -",29.39781567454338,9.170960277318954,8.761212397366762,-5.8908049166202545,26.913714662194252,-4.3235940262675285,,0.5049435876768015,0.36220222264292873,1.3732307832863264,-0.5515734940655669,2.8970629345741927,-2.2518718886810047,,"Trevor Story",12564,596115
"George Springer","- - -",100.19298478960991,15.787251442670822,-7.3680223524570465,21.033457815647125,0.5759443640708923,-0.6259100884199142,,1.501243404099639,0.48000156408242084,-0.6643843419708788,2.2962290191754504,0.038888883461910356,-0.21884968126570425,,"George Springer",12856,543807
"Anthony Rendon","- - -",24.32978105545044,3.2174429893493652,2.6552507877349854,7.572288505733013,6.164021700620651,1.246134340763092,,0.6638412293438046,0.20441187988242474,0.6382814393593714,1.2641550093043428,1.0720037740209827,1.0742537420371483,,"Anthony Rendon",12861,543685
"Javier Báez","- - -",-45.003976941108704,-24.391579151153564,11.079716265201569,11.726785778999329,1.1316105425357819,-1.7759645134210587,,-0.859182454011239,-0.7300682176340486,1.569364910085208,1.1485588422134505,0.09961360409645967,-0.9651981051201406,,"Javier Baez",12979,595879
"Jorge Polanco","- - -",40.97664785385132,-7.355206489562988,0.18001314997673035,11.007645785808563,10.860521256923676,-3.342262715101242,,0.6860312716198111,-0.32631794541095777,0.019825236781578232,0.7367902132401983,0.4438300472792675,-0.944142009915605,,"Jorge Polanco",13152,593871
"Mike Zunino","- - -",-18.755041122436523,-2.8689968436956406,-3.6223819106817245,-5.506045658141375,1.5762973129749298,-1.3717135787010193,,-0.8197133357708272,-0.345662270324776,-1.249097210579905,-1.5252204039172783,0.4427801440940814,-3.8103154963917203,,"Mike Zunino",13265,572287
"Ildemaro Vargas","- - -",-13.120029956102371,-2.370541602373123,0.23145712167024612,-8.088046818971634,-4.59811806678772,-4.735651716589928,,-0.5621263905785078,-0.3283298618245323,0.06827643707086906,-1.731915807060307,-0.693532136770395,-5.092098619989169,,"Ildemaro Vargas",13324,545121
"Omar Narváez","- - -",-4.646335959434509,-12.103204488754272,0.2442091628909111,0.9375582225620747,-4.842311501502991,0.5197000205516815,,-0.14353833671407196,-1.2091113375378892,0.0647769662840613,0.13451337482956593,-0.6224050773140091,0.382132368052707,,"Omar Narvaez",13338,553882
"Tyler Naquin","- - -",-0.9788357615470886,-8.93549058586359,-3.199575625360012,6.996839553117752,9.83375233411789,-2.769218534231186,,-0.036320436421042254,-1.3683752811429695,-1.2073870284377404,1.3507412264706085,1.831238795925119,-6.020040291806926,,"Tyler Naquin",13359,571980
"Patrick Wisdom","- - -",-4.591870009899139,-8.395360335707664,3.4060438871383667,-6.368882667273283,18.37965214252472,-2.7252079844474792,,-0.15455637865698887,-0.5451532685524457,0.9010698114122664,-1.352204387956111,3.258803571369631,-3.283383113792144,,"Patrick Wisdom",13602,621550
"Carson Kelly","- - -",-8.233997285366058,-6.5467289686203,-11.545315325260162,-5.5205643475055695,10.253046721220016,-1.1442603208124638,,-0.18730658064981934,-0.33885760707144413,-1.9668339566030941,-0.8166515306960902,1.496795141783944,-1.3461886127205456,,"Carson Kelly",13620,608348
"Rob Refsnyder","- - -",7.626438856124878,1.818970263004303,1.961289644241333,4.443374149501324,2.5131145007908344,-0.18649327754974365,,0.3344929322861788,0.17456528435741872,0.6786469357236447,1.1164256657038503,0.48798339821181247,-0.15671703995776776,,"Rob Refsnyder",13770,608701
"Joey Gallo","- - -",28.091418504714966,-8.12117549777031,-0.8589650169014931,7.4868651032447815,-4.80521348118782,-4.7489252388477325,,0.6339746897927097,-0.46889004028696935,-0.16115666358376982,0.8421670532333838,-0.37628923110319656,-1.9705083978621296,,"Joey Gallo",14128,608336
"Daniel Vogelbach","- - -",24.785826921463013,-20.0752385109663,-3.7688253708183765,1.0837570279836655,19.199613332748413,-2.7440824285149574,,0.6270130766876553,-1.425798189699311,-0.5944519512331824,0.09879280109240342,2.055633119137946,-1.7935179271339592,,"Daniel Vogelbach",14130,596129
"Byron Buxton","MIN",44.48703587055206,19.011850833892822,14.609232544898987,14.18043065071106,-7.148994296789169,4.195462957024574,,1.05444503130012,0.9193351467066162,2.348751213006268,2.0761977526663338,-0.7156150447236406,2.2081383984339866,,"Byron Buxton",14161,621439
"Raimel Tapia","- - -",-4.202213138341904,0.019408300518989563,4.7856738194823265,-1.0230546295642853,-1.648875430226326,-0.27895066142082214,,-0.11468922320802138,0.0020216979707280793,1.0802875439012023,-0.16238962374036275,-0.2207329893207933,-0.14453402146156588,,"Raimel Tapia",14350,606132
"Harold Ramírez","- - -",8.800756335258484,-6.2140103206038475,3.7436051964759827,5.486799776554108,3.9279803931713104,-1.7781461998820305,,0.2635746132152885,-0.33571098436541585,0.8586250450632987,0.8140652487469002,0.579348140585739,-1.9979170785191354,,"Harold Ramirez",14387,623912
"Anthony Santander","- - -",14.411293387413025,-2.6223673224449158,2.6612565517425537,1.0451616644859314,5.91886168718338,8.851025432348251,,0.22444001537786987,-0.1424425487476869,0.2288268746124294,0.08152587086473724,0.30291001469720474,1.958191467333684,,"Anthony Santander",14551,623993
"Franmil Reyes","- - -",-4.170655190944672,2.6456914842128754,-3.862363651394844,4.615190327167511,-3.789739154279232,1.905013993382454,,-0.1188220852120989,0.13630558908876225,-0.9928955402043301,0.671788985031661,-0.6172213606317968,2.0266106312579297,,"Franmil Reyes",14566,614177
"David Bote","CHC",-0.3639627695083618,-9.50529533624649,1.008874848484993,-6.217289865016937,-1.3982778061181307,-0.10128598660230637,,-0.01779769044050669,-1.0176975734739282,0.4670716891134226,-1.7415377773156688,-0.4136916586148316,-0.3376199553410212,,"David Bote",14593,623520
"Manuel Margot","- - -",-18.171903789043427,-13.821730971336365,4.091527983546257,-5.918988108634949,7.446621537208557,-1.6954683363437653,,-0.4258707239054002,-0.7713019515254668,0.8817948240401416,-0.8717213709329822,1.0371339188312754,-1.5554755379300598,,"Manuel Margot",14712,622534
"Kyle Farmer","- - -",-29.77550482749939,-7.184254080057144,23.558483988046646,-6.520910024642944,-5.26024965941906,-3.2188626527786255,,-0.6698651254780515,-0.37732426891056425,4.068822795862979,-0.7962039102128137,-0.7186133414506912,-3.2513764169481068,,"Kyle Farmer",14813,571657
"Hunter Dozier","KCR",22.438209176063538,-0.35591554641723633,-9.496551841497421,-8.070287540555,-3.2488934099674225,-4.384573340415955,,0.6996635227958695,-0.017193987749624943,-1.934124611302937,-1.0689122570271523,-0.4493628506179008,-4.926486899343769,,"Hunter Dozier",15117,641531
"Mitch Garver","- - -",40.68991041183472,-18.422378819435835,0.411676749587059,-1.8621800690889359,6.172872811555862,-0.7703506052494049,,1.0873840302467856,-0.8536783512250155,0.06793345702756749,-0.24215605579830116,0.6982887795877672,-0.6757461449556184,,"Mitch Garver",15161,641598
"Chad Pinder","OAK",-16.280417919158936,-4.8406848311424255,-4.860634803771973,4.778397560119629,-1.4275247752666473,-2.373353347182274,,-0.8470560832028582,-0.5853306930039209,-1.593650755335073,1.4054110470940084,-0.3229694061689247,-4.2381309771112035,,"Chad Pinder",15191,640461
"Adam Frazier","- - -",5.086914300918579,-20.20789098739624,-13.680798828601837,-3.57341880351305,3.424635946750641,1.096347913146019,,0.07766281375448213,-0.9692034046712825,-1.3308170066733305,-0.2847345660169761,0.26343353436543393,0.34804695655429174,,"Adam Frazier",15223,624428
"Mike Tauchman","- - -",-6.902271509170532,3.8486981987953186,4.208834737539291,4.295332565903664,11.783671367913485,-0.4535582885146141,,-0.168307035093161,0.34455668744810375,0.768035536047316,0.6243215938813464,1.454774242952282,-0.22124794561688496,,"Mike Tauchman",15274,643565
"Garrett Cooper","- - -",17.36863887310028,-4.135474145412445,-4.93940657377243,4.691729877144098,2.4725663512945175,-0.7511766031384468,,0.4420625826698977,-0.23064551842791103,-0.9998798732332855,0.7678772303018164,0.5015347568548717,-1.015103517754658,,"Garrett Cooper",15279,643265
"Kris Bryant","- - -",39.86065316200256,3.6945906579494476,-4.163964953273535,3.991151601076126,5.1965301632881165,-3.7910215258598328,,1.009386000557168,0.1952743476717467,-0.8638931438326836,0.5701645144394466,0.5704204350480918,-2.7875158278381122,,"Kris Bryant",15429,592178
"J.P. Crawford","SEA",3.073683023452759,-9.09592255949974,0.33090707659721375,12.468907907605171,10.923009395599365,-4.916109085083008,,0.03675774962273091,-0.3392735009138284,0.03222074747782023,1.0313406044338438,0.7051652288960211,-1.369389717293317,,"J.P. Crawford",15491,641487
"Amed Rosario","- - -",-4.142392918467522,-29.11940038204193,2.8519948460161686,-5.154663309454918,5.800794556736946,8.371315404772758,,-0.07600720951316553,-0.9887742065209485,0.36895146778993126,-0.536385359984903,0.5620924958078436,5.40084864824049,,"Amed Rosario",15518,642708
"Austin Meadows","- - -",6.11932647228241,12.025196708738804,2.402684360742569,7.451762914657593,3.0967502892017365,3.265141040086746,,0.1955056380920898,1.2270608886468166,0.576183299938266,1.130768272330439,0.3580058137805475,2.383314627800545,,"Austin Meadows",15672,640457
"Tyler O'Neill","- - -",15.923491835594177,7.8362646996974945,6.314762786030769,-0.9632835388183594,5.340867429971695,-2.2639434039592743,,0.38951790204486736,0.3485882873530914,0.9851424003168127,-0.11776082381642534,0.6537169436929859,-1.6769951140439068,,"Tyler O'Neill",15711,641933
"Miguel Andujar","- - -",1.0416260957717896,-12.342113882303238,-2.177220344543457,1.0698028355836868,2.4877669364213943,-1.8695581257343292,,0.05661011390064073,-1.0893304397443282,-0.6577704968409236,0.26414884829226837,0.53500364224116,-1.9474563809732597,,"Miguel Andujar",15878,609280
"Luis Torrens","- - -",-0.18179970979690552,-7.8121334463357925,-10.051650434732437,-3.178059857338667,-1.6111655794084072,-2.710373006761074,,-0.008620185386292344,-0.7186875295617104,-3.3173763810998147,-0.9132355911892721,-0.43663023832206155,-3.6138306756814322,,"Luis Torrens",15905,620443
"Willy Adames","- - -",42.38387107849121,0.6092058420181274,-8.865683197975159,9.391997069120407,2.981271803379059,-3.4672645926475525,,0.5433133069925806,0.015786624566419473,-0.7715999301980121,0.7477704672866566,0.19013213031754203,-1.010864312725234,,"Willy Adames",15986,642715
"Francisco Mejía","- - -",-1.2160313427448273,-5.803838446736336,-3.2310637086629868,-3.640405163168907,-5.3135764598846436,-0.8156867027282715,,-0.07740492315371274,-0.7626594542360494,-1.2192693240237686,-0.7537070731198566,-0.9257101846488927,-0.8866159812263821,,"Francisco Mejia",16403,642336
"Ryan O'Hearn","- - -",2.503087878227234,9.054176650941372,-0.6214006543159485,-9.583316653966904,-4.279257282614708,5.047485738992691,,0.05989681450651434,0.5913897224651452,-0.08801708984645162,-0.8377025047173867,-0.34399174297545887,1.5112232751475123,,"Ryan O'Hearn",16442,656811
"Rhys Hoskins","- - -",41.61505079269409,5.702500224113464,7.19696444272995,-3.5704416036605835,14.353326290845871,-0.10578148812055588,,0.673818827601912,0.18568870804667745,0.7648208759542986,-0.33059644478338734,1.401692020590417,-0.06824612136810057,,"Rhys Hoskins",16472,656555
"Connor Joe","- - -",10.350918889045715,-5.039488151669502,-0.6599732786417007,1.0247055888175964,5.780744798481464,-1.9090326875448227,,0.3216568952469147,-0.3224240660057263,-0.12991599973261825,0.1677095890045166,0.7536825030614687,-2.3568304784503984,,"Connor Joe",16572,656582
"Yandy Díaz","TBR",68.32283902168274,31.44817142188549,-10.83698359131813,22.853651385754347,8.64074394106865,5.997406333684921,,0.9521019930557796,1.0923296777313474,-1.0291532375420827,2.672941682544368,0.7391568811863686,2.165128640319466,,"Yandy Diaz",16578,650490
"Jose Trevino","- - -",-35.6706725358963,-9.915376588702202,7.7172758132219315,-3.600532352924347,-7.572861090302467,-1.0662665590643883,,-1.271681730334984,-0.6943541028502942,1.9992942521300339,-0.7532494462184826,-1.5518157971931286,-1.1980523135554926,,"Jose Trevino",16725,624431
"Colin Moran","- - -",-9.120258331298828,-1.381637454032898,2.733983099460602,-3.544211745262146,8.074284851551056,-1.539396807551384,,-0.38514604439606537,-0.18746776852549496,0.8790942441995504,-0.7430213302436365,1.404223452443662,-2.4053075117990375,,"Colin Moran",16909,592567
"Jonah Heim","- - -",-43.047221660614014,-13.747789561748505,-1.3632054775953293,-4.92631047219038,6.50717231631279,-1.6359885334968567,,-0.9557553654665634,-1.1033538974115975,-0.23915885571847884,-0.6212245236053442,0.569804931375901,-0.6127297878265381,,"Jonah Heim",16930,641680
"Ramón Laureano","- - -",39.05713629722595,-3.550405766814947,-12.65107448399067,6.067386746406555,-0.799087405204773,1.1571886837482452,,0.7613476861057691,-0.13608301137657902,-1.723579629971481,0.6013267340343463,-0.07713198891937963,0.6393307645017929,,"Ramon Laureano",17128,657656
"Jorge Mateo","- - -",-24.986799091100693,-12.497742652893066,-2.0240435749292374,3.04816435277462,-5.541014157235622,-3.101872328668833,,-0.982958264795464,-0.8637002524459617,-0.5622343263692325,0.7072307083003759,-1.084347193196795,-3.1332043723927603,,"Jorge Mateo",17273,622761
"Jose Siri","- - -",-5.345901131629944,-13.798485666513443,-7.464693792164326,-6.8867223262786865,1.9122362434864044,0.6264047399163246,,-0.24091487749571625,-1.0183384255729477,-2.591907566723724,-1.7841249549944784,0.4618928124363295,0.696005266573694,,"Jose Siri",17452,642350
"Alex Bregman","- - -",47.51988124847412,25.619478702545166,-5.499194547533989,20.25265447795391,24.919969856739044,9.129937887191772,,0.628736190109475,0.7770542524278181,-0.4958696616351658,1.711974173960601,1.6849202066760678,3.4194523922066566,,"Alex Bregman",17678,608324
"Ian Happ","CHC",39.18285322189331,-4.032575815916061,17.00172710418701,15.579794317483902,12.13306250795722,-0.17797647789120674,,0.5356507617483707,-0.18852621860290142,1.5526691419348868,1.1281531004695078,0.5149856752104084,-0.04362168575764871,,"Ian Happ",17919,664023
"Cedric Mullins","- - -",12.927409186959267,-12.152951758354902,4.928661413490772,14.949037503451109,14.032439194619656,0.9115099757909775,,0.20904607352780188,-0.6125479716912753,0.5392408548676995,1.3407208523274536,1.105787170576805,0.29594479733473295,,"Cedric Mullins",17929,656775
"Tyler Stephenson","CIN",19.885751962661743,13.54743978381157,-4.735872000455856,7.68990296125412,-4.91806036233902,0.25465475022792816,,0.4922215832342015,0.7338808116907676,-0.9805118013366162,1.26687033958058,-0.7296825463411009,0.19146973701347983,,"Tyler Stephenson",17988,663886
"David Fletcher","- - -",-21.790946006774902,-1.4184508323669434,3.616833508014679,-3.8748244121670723,2.4981637597084045,-0.8169534392654896,,-0.5472362131284505,-0.10514831967138201,0.8430847338029555,-0.7070847467458161,0.5237240586390786,-1.5710643062797878,,"David Fletcher",17992,664058
"Paul DeJong","- - -",-11.625545293092728,-30.167789220809937,10.011350020766258,-6.076432004570961,-20.6176398396492,-1.9554984495043755,,-0.23533492496139127,-1.2507375298843257,1.7380816008274753,-0.6804515122699845,-2.1499103065327634,-1.5277331636752933,,"Paul DeJong",18015,657557
"Jake Cronenworth","SDP",9.785715341567993,9.87361878156662,-7.260371088981628,14.808537244796753,16.435884952545166,3.2357690930366516,,0.13610174327632812,0.4897628363872331,-0.7849049825926084,1.3573361360950278,1.2546477063011576,1.023977561087548,,"Jake Cronenworth",18036,630105
"Dylan Moore","- - -",-4.412165969610214,-24.930562019348145,4.159034222364426,-3.510202258825302,7.239913433790207,-2.376654263585806,,-0.10886173130052341,-1.282436317867703,0.8719149313132968,-0.5184936866802514,0.9106809350679504,-2.2006057996164867,,"Dylan Moore",18042,664238
"Brian Anderson","- - -",7.868821144104004,-1.7007755935192108,-0.1336195468902588,5.977801505476236,-3.993576053529978,-6.004141882061958,,0.22696340190666292,-0.1124108125260549,-0.029627393988970907,1.069374151247985,-0.5433436807523779,-5.266791124615753,,"Brian Anderson",18289,605119
"Victor Robles","- - -",-2.2995774149894714,-16.811062902212143,3.664905145764351,9.116022020578384,-8.420951522886753,1.1672859974205494,,-0.06186648950738422,-0.8117364993825273,0.7200206573210906,1.3917590871112038,-1.2383752239539343,1.5359026281849333,,"Victor Robles",18363,645302
"Ryan Mountcastle","BAL",-6.069005012512207,5.950337886810303,4.830282688140869,13.03737124428153,-0.853376030921936,-0.7050367593765259,,-0.12591296706456861,0.22650696181234498,0.6699421204078875,1.5745617444784457,-0.09245677474777204,-0.30653772146805475,,"Ryan Mountcastle",18373,663624
"Trent Grisham","- - -",10.383600503206253,-13.234166145324707,6.888061344623566,7.880409330129623,-2.925714612007141,3.823852017521858,,0.1650810890811805,-0.6613776184570068,0.7265887494328656,0.8419240737317973,-0.22181308658128437,1.3464267667330487,,"Trent Grisham",18564,663757
"Luis Arraez","- - -",33.78396826982498,4.545737449079752,0.24623876810073853,18.29336053133011,16.395199298858643,-0.5631212368607521,,0.440928847165557,0.21677336428611121,0.02644884727183013,1.6060895988876303,1.2226099402579151,-0.21826404529486518,,"Luis Arraez",18568,650333
"Ke'Bryan Hayes","- - -",-43.17180848121643,1.6574460063129663,-2.8661788552999496,1.9909094274044037,-0.993452861905098,1.5705060362815857,,-0.8778326246688984,0.068546154107236,-0.459323534503197,0.2633478078577253,-0.12056466770692938,0.9815662726759911,,"Ke'Bryan Hayes",18577,663647
"Jared Walsh","- - -",3.7261887788772583,2.19184148311615,-3.6874473690986633,0.2335643470287323,5.110401850193739,-1.5858580768108368,,0.13624090599185587,0.23120690750170358,-1.1856743952085735,0.03375207327004802,0.7537465855742977,-1.321548397342364,,"Jared Walsh",18607,665120
"Ramón Urías","- - -",13.044309496879578,1.801915019750595,3.5157064609229565,0.6845222115516663,-3.6210296750068665,-2.297796815633774,,0.35591567522181655,0.10809328252852998,0.7003399324547722,0.12818768006585513,-0.5729477333871624,-1.8382374525070193,,"Ramon Urias",18795,602104
"Andy Ibáñez","- - -",-10.005401968955994,-13.54547330737114,0.8855547904968262,2.0243284702301025,5.734593316912651,-0.26567467674613,,-0.44173960127841033,-1.416890513323341,0.2913009179265875,0.5734641558725503,1.194706941023469,-0.6038060835139317,,"Andy Ibanez",18819,628451
"Brandon Lowe","TBR",54.44975796341896,-12.097489416599274,8.247542466968298,16.64769446849823,10.241878390312195,-4.590189844369888,,1.1602334959177276,-0.5551853793758271,1.1970308370055585,1.3057015269410377,0.58793790989163,-1.031503335813458,,"Brandon Lowe",18882,664040
"Leody Taveras","- - -",-21.47902512550354,2.8157554864883423,3.3385985642671585,-13.31632050871849,-8.211243271827698,-3.380229949951172,,-0.6074384933683128,0.264142165711852,0.717978185863905,-1.6834792046420342,-0.694690632134323,-1.23366056567561,,"Leody Taveras",18900,665750
"Adolis García","TEX",-8.425762116909027,5.910993695259094,7.163606405258179,1.880949780344963,-4.841293357312679,-3.5956740379333496,,-0.12787618935967562,0.21763599761631422,0.9090871072662663,0.2507933040459951,-0.3923252315488395,-1.4616561129810364,,"Adolis Garcia",19287,666969
"Randy Arozarena","- - -",61.417346477508545,-0.22419815883040428,-4.849318400025368,7.818767160177231,8.737317696213722,-0.7140786945819855,,0.9717934569226035,-0.0061916089155041225,-0.48736868341963496,0.6987280750828624,0.6263310176497292,-0.23802623152732852,,"Randy Arozarena",19290,668227
"Alex Call","- - -",-3.3171618580818176,4.852210581302643,0.8125174418091774,0.9480139538645744,-0.022754251956939697,2.150487594306469,,-0.14536204461357657,0.5326246521737259,0.30205109360935967,0.27638890783223746,-0.007066537874825993,2.622545846715206,,"Alex Call",19296,669743
"Bryan Reynolds","PIT",81.44039928913116,-0.39998769760131836,13.059411779046059,6.871512413024902,6.17818546295166,2.9080449044704437,,1.1818371686131355,-0.01553953759134881,1.0910118445318344,0.382175328866791,0.2371664285202173,0.5592394047058546,,"Bryan Reynolds",19326,668804
"Sean Murphy","- - -",18.716482162475586,-13.033297341316938,-5.036072626709938,1.9868401288986206,5.511513456702232,-2.3086590468883514,,0.44299366065030976,-0.5441877804307699,-0.8148984832863977,0.22629158643492261,0.6632386831169954,-1.7896581758824428,,"Sean Murphy",19352,669221
"Luke Raley","- - -",19.719641983509064,-10.554593592882156,-3.5528924614191055,4.795754164457321,7.117288768291473,-0.7704789042472839,,1.0346087084737179,-1.0575745083048254,-0.9109980670305398,0.9708004381492554,1.0718808385981133,-0.40766079589803383,,"Luke Raley",19354,670042
"Austin Hays","- - -",24.71553749591112,-2.1732992231845856,-6.017695218324661,-3.363976836204529,6.8993374183773994,4.7702620923519135,,0.5838775690033339,-0.08976865853715761,-0.8915104027147647,-0.36132941312615774,0.7717379662614541,2.3156612098795697,,"Austin Hays",19363,669720
"Jake Rogers","DET",-19.34393072128296,-7.624564230442047,-2.8304772078990936,-0.12318083643913269,-2.8689857125282288,0.1421060562133789,,-0.8849007649260274,-0.6813730322110855,-0.8957206354111056,-0.04322134611899393,-0.7432605472871059,0.1973695225185818,,"Jake Rogers",19452,668670
"TJ Friedl","CIN",24.645929038524628,5.075400561094284,10.594686210155487,12.515760362148285,-5.416598308831453,-2.2553900852799416,,0.6528722924112484,0.46563307899947565,2.0103768899725782,1.7239339341802045,-0.6005097903360813,-0.9556737649491278,,"TJ Friedl",19522,670770
"Nathaniel Lowe","- - -",11.938320398330688,19.525636851787567,-6.320054054260254,10.323124527931213,25.15282380580902,-1.7416509240865707,,0.14776977841726313,0.8567633546199019,-0.6269894895099458,0.8077562228428179,2.090841546617541,-0.4681857322813362,,"Nathaniel Lowe",19566,663993
"Brent Rooker","- - -",28.02093005180359,21.565782576799393,18.41788598522544,-6.043983660638332,2.473483666777611,-0.8188032805919647,,0.7302822531092934,1.1273278921484262,3.342629035431114,-0.8849170806205465,0.26798306248944864,-0.3440349918453633,,"Brent Rooker",19627,667670
"Fernando Tatis Jr.","SDP",83.91134643554688,34.61395621299744,7.232811212539673,10.637170284986496,-4.116220057010651,-0.7892033457756042,,1.5410715598814855,1.3478954911603362,1.0636487077264225,1.1689198115369777,-0.3506149963382155,-0.2890854746430785,,"Fernando Tatis Jr.",19709,665487
"Josh Rojas","- - -",-15.27894127368927,-12.57044830173254,-5.573337957262993,1.603720173239708,4.381607949733734,2.7748472914099693,,-0.3320065465816877,-0.773566049337387,-0.7450986573881007,0.18100679156204377,0.35335547981723664,1.1561863714208205,,"Josh Rojas",19734,668942
"Emmanuel Rivera","- - -",-8.462805271148682,-9.807480275630951,-0.672433115541935,-0.6822278797626495,-0.9289993047714233,-0.46676165983080864,,-0.38069299465356193,-0.867918608462916,-0.2271733498452483,-0.21319621242582798,-0.22066491799796278,-0.7408915235409661,,"Emmanuel Rivera",19890,656896
"Connor Wong","BOS",-6.561170980334282,-3.5702917873859406,5.651271656155586,-5.760745175182819,-3.838361695408821,-0.6287938058376312,,-0.28891109556733957,-0.3479816556906375,1.8774988890882347,-1.6697812101979186,-0.9548163421414978,-0.714538415724581,,"Connor Wong",19896,657136
"Josh Lowe","TBR",-7.459530770778656,-11.68077838420868,0.25797224044799805,7.572223871946335,9.883415818214417,-2.741590067744255,,-0.23931763781773036,-1.0309601398242436,0.053300049679338435,1.2413481757289073,1.158665394866872,-1.2634055611724677,,"Josh Lowe",19953,666139
"Keston Hiura","- - -",8.342422604560852,3.457462728023529,0.009207725524902344,-6.348771251738071,-5.625163722783327,-0.39488640427589417,,0.3350370523920021,0.3705747832822647,0.003555106380271175,-1.6663441605611735,-1.5285770985824259,-0.7897728085517884,,"Keston Hiura",20003,669374
"Isaac Paredes","- - -",13.926012381911278,3.7928861379623413,1.2765493243932724,-0.8008162826299667,8.764704210683703,1.0065671503543854,,0.3051942227024168,0.14509893412250732,0.1823641891990389,-0.10865892572998193,1.144217259880379,0.4473631779352824,,"Isaac Paredes",20036,670623
"Luis Robert Jr.","CHW",3.7694050520658493,16.776811242103577,-7.632454365491867,5.949393227696419,7.959433138370514,0.03667651116847992,,0.09735033708847751,0.682816900370516,-1.298036456716304,0.9705372312718464,1.01783032459981,0.016979866281703667,,"Luis Robert Jr.",20043,673357
"Juan Soto","- - -",165.4261326789856,32.064274072647095,37.1124382019043,28.211886823177338,38.748302936553955,13.750971183180809,,2.0287727824256265,0.8949001973945603,2.8926296338195088,1.6364203493722351,1.532765147806723,2.5750882365507133,,"Juan Soto",20123,665742
"Dylan Carlson","- - -",-2.911003530025482,0.6793888211250305,-7.087053298950195,6.403812199831009,-4.016049742698669,-2.8611679673194885,,-0.07303069568553643,0.05222050892582863,-1.2093947609130027,0.7411819675730335,-0.32466044807588273,-1.5058778775365729,,"Dylan Carlson",20126,666185
"Miguel Vargas","- - -",-22.100575268268585,-0.13624707609415054,1.9328488111495972,3.6188930943608284,-5.161854520440102,0.6754113063216209,,-0.8633037214167416,-0.013266511791056528,0.5099864937070178,1.090028040470129,-1.3201673965319953,1.3783904210645326,,"Miguel Vargas",20178,678246
"Jake Meyers","HOU",2.5842469930648804,-11.523609310388565,-1.5914945788681507,-5.140973053872585,-3.2524537965655327,-0.48191481828689575,,0.09863538141469008,-0.731193484161711,-0.39688144111425205,-1.0323239064001175,-0.6102164721511318,-0.33700336943139564,,"Jake Meyers",20308,676694
"Ernie Clement","- - -",-12.265704214572906,-0.39456093311309814,-3.0198267325758934,-3.4443049654364586,-2.171919694170356,0.8101943135261536,,-0.5660223449272223,-0.03419072210685426,-0.8183812283403505,-1.0469012052998354,-0.4947425271458669,0.92067535627972,,"Ernie Clement",20352,676391
"William Contreras","- - -",40.25264114141464,6.980963084846735,-8.392527401447296,13.858669117093086,12.586605712771416,2.9323174208402634,,0.8451110884193711,0.2789038387873246,-1.1754240058049434,1.7388543434244774,1.4016264713553914,1.1023749702407004,,"William Contreras",20503,661388
"Nolan Jones","- - -",-3.152386963367462,4.260400652885437,2.9972952604293823,0.8509396314620972,-1.0010308623313904,3.1709794215857983,,-0.11230448747301255,0.4919631238897733,0.7257373511935551,0.1925202786113342,-0.19176836443130085,2.0326791164011526,,"Nolan Jones",20529,666134
"Nico Hoerner","CHC",16.679673314094543,10.933878108859062,-2.345636308193207,-2.52128005027771,4.7367753982543945,1.8042810186743736,,0.3219392648927725,0.4323399805796386,-0.3050242273333169,-0.25544883994708306,0.5553077840860955,1.2796319281378536,,"Nico Hoerner",21479,663538
"Joey Bart","- - -",16.86684264242649,-19.160865157842636,-0.613639771938324,-6.2742654755711555,-5.002316325902939,1.8048627376556396,,0.7787092632699211,-1.700165497590296,-0.1842762077892865,-1.6511224935713567,-1.497699498773335,1.899855513321726,,"Joey Bart",21524,663698
"Cal Raleigh","SEA",24.002550527453423,12.652720347046852,-0.9105613231658936,1.011884331703186,9.848557442426682,3.0425200313329697,,0.5647658947636099,0.7420950350174107,-0.1215702701156066,0.09814590996151175,0.5679675572333727,0.7142065801251102,,"Cal Raleigh",21534,663728
"Matt Vierling","- - -",-12.460957184433937,-0.9084092676639557,0.9001154005527496,7.407978534698486,3.801564335823059,0.5061848647892475,,-0.35582402011518954,-0.061838615906327825,0.2013680985576621,1.4218768780611297,0.6975347405179925,0.5502009399883125,,"Matt Vierling",21558,663837
"Kyle Isbel","KCR",-15.1014986038208,-1.6099816784262657,-1.8963841795921326,-6.133795320987701,-1.0278714299201965,-3.6486530900001526,,-0.5668730707139941,-0.16876118222497544,-0.4504475485967061,-0.9798395081450003,-0.14810827520463926,-1.7129826713615741,,"Kyle Isbel",21614,664728
"Oneil Cruz","PIT",12.172351092100143,-5.192160367965698,4.674974109977484,-10.112723529338837,6.463826298713684,2.764190524816513,,0.5177520668694233,-0.34706954331321516,1.0999939082299963,-1.1211445154477646,0.7759695436631073,1.051023013238218,,"Oneil Cruz",21711,665833
"Christopher Morel","- - -",-8.77452039718628,4.79640594124794,3.1939410362392664,-6.845107436180115,-0.8940011858940125,0.9867645353078842,,-0.284517522606559,0.26470231463840727,0.6695893157734312,-1.0530934517200177,-0.1320533509444627,0.7475488903847608,,"Christopher Morel",21897,666624
"Akil Baddoo","DET",-8.965459942817688,-5.769916474819183,-1.0484105497598648,-0.47023454308509827,3.08926984667778,-3.1160103157162666,,-0.38794720652607906,-0.782892330368953,-0.41936421990394596,-0.10735948472262519,0.4220313998193689,-2.709574187579362,,"Akil Baddoo",22168,668731
"Brice Turang","MIL",-14.531491756439209,0.9581702351570129,13.55827397108078,2.364442765712738,-0.2805907726287842,-8.791033744812012,,-0.4061344817339075,0.07866750699154458,2.8847391427831446,0.3119317632866409,-0.03827977798482731,-3.1622423542489253,,"Brice Turang",22186,668930
"MJ Melendez","KCR",-1.6683429479599,-5.826043248176575,-0.1818353533744812,-4.404352277517319,-1.4644595384597778,3.0930695235729218,,-0.0516995025708057,-0.5115051139751162,-0.03517124823490932,-0.5772414518371323,-0.170682929890417,1.3332196222297077,,"MJ Melendez",22197,669004
"Jack Suwinski","PIT",1.3613168597221375,-5.575158566236496,-0.7684569358825684,6.124754965305328,-4.278141617774963,-2.6865920424461365,,0.051584572175905175,-0.5181374132190052,-0.1503829620122443,0.9706426252464863,-0.571944066547455,-1.5991619300274622,,"Jack Suwinski",22244,669261
"Taylor Walls","TBR",-40.10287618637085,2.4011366069316864,-5.631855174899101,-4.597898542881012,-5.478449910879135,-3.23787385225296,,-1.1760374248202594,0.2587431688503972,-1.309733761604442,-0.7846243247237221,-0.6640545346520164,-1.8088680738843355,,"Taylor Walls",22458,670764
"Heliot Ramos","SFG",6.790371298789978,3.5093139857053757,-5.322085082530975,-1.1677882075309753,3.5196518898010254,-2.8398417979478836,,0.2622777635685584,0.2958949397727973,-1.750685882411505,-0.28692584951621014,0.8669093324633068,-2.9893071557346143,,"Heliot Ramos",22515,671218
"Tyler Freeman","- - -",-13.780307531356812,-3.3282238245010376,0.6155636757612228,-2.8115161061286926,-0.8120426386594772,1.8523292541503906,,-0.6391608316955849,-0.3551999812701214,0.22631017491221428,-1.0772092360646333,-0.258612305305566,2.9402051653180803,,"Tyler Freeman",22532,671289
"Gabriel Arias","CLE",-14.49853229522705,-13.758575081825256,2.4449711963534355,-2.0372363328933716,-1.9662505686283112,-3.745521515607834,,-0.8045800385808575,-1.2979787813042696,0.8548850336900125,-0.6346530632066578,-0.485493967562546,-5.202113216121992,,"Gabriel Arias",22563,672356
"Alejandro Kirk","TOR",7.827000021934509,0.3354780822992325,-0.9791352599859238,-2.7830329537391663,7.306167781352997,3.295080155134201,,0.1843816259584101,0.017301603006664903,-0.1537104018816207,-0.44175126249828034,1.1188618348166917,2.615142980265239,,"Alejandro Kirk",22581,672386
"Maikel Garcia","KCR",-23.09522059559822,4.937110066413879,-6.743819713592529,2.3322620540857315,11.351939141750336,3.626557022333145,,-0.6397568032021668,0.2885511435659778,-1.1353231841064864,0.49622596895441096,2.6523222293809194,2.4670455934239084,,"Maikel Garcia",22715,672580
"Lenyn Sosa","CHW",-19.353429794311523,-10.835515767335892,0.27396833896636963,-1.3210700750350952,2.3358047008514404,1.1137136071920395,,-0.9150557822369515,-1.0633479653911573,0.09715189325048569,-0.3753039985895157,0.7121355795278781,1.1137136071920395,,"Lenyn Sosa",22896,672820
"José Caballero","- - -",-3.178001254796982,-10.072545126080513,1.192836344242096,-1.1510205194354057,1.1689836382865906,1.1298867538571358,,-0.14584677626420295,-0.8338199607682544,0.40435130313291384,-0.3085845896609667,0.30442282247046626,1.2020071849543998,,"Jose Caballero",23401,676609
"Wander Franco","TBR",26.522062301635742,16.658703804016113,-1.1473126262426376,0.3297874629497528,-6.422962844371796,-5.397878885269165,,1.3777694702148438,2.717569951715516,-0.395625043531944,0.07478173763032943,-0.8224024128517023,-3.2130231459935508,,"Wander Franco",23667,677551
"Julio Rodríguez","SEA",53.08253288269043,4.514784157276154,1.4740279018878937,10.982449173927307,1.7085543870925903,0.41725967079401016,,1.22451056246114,0.17788747664602655,0.2021986147994367,1.5622260560351788,0.1877532293508341,0.16110411999768734,,"Julio Rodriguez",23697,677594
"Ryan Jeffers","MIN",-12.64427787065506,-1.5666851997375488,7.7874710932374,0.2274380624294281,13.544767826795578,-2.3207849264144897,,-0.3387162569154851,-0.08589282893297964,1.5732264834823029,0.037102457166301485,2.20958692117383,-1.8131132237613201,,"Ryan Jeffers",24618,680777
"Owen Miller","- - -",-17.866423189640045,-8.12954492866993,-4.112304218113422,-2.482074201107025,2.3092958591878414,0.15415334701538086,,-0.8556716086992359,-0.8433137892811131,-1.6853705811940254,-0.8500254113380222,0.7425388614751902,0.3083066940307617,,"Owen Miller",24655,680911
"Joey Ortiz","- - -",-11.081648230552673,-3.9386584758758545,-2.4495216012001038,1.372477911412716,-0.024163812398910522,-2.6240426748991013,,-0.49626727409550714,-0.4006773627544104,-0.9605967063529819,0.46211377488643635,-0.009588814444012111,-2.981866676021706,,"Joey Ortiz",25493,687401
"Bobby Witt Jr.","KCR",21.381940603256226,22.683106422424316,14.893735557794571,15.48792850971222,15.771369516849518,10.079790949821472,,0.44177563229868233,0.8798722429179331,1.6678315294282833,2.0192866375113714,1.9186580920741505,4.165202871827055,,"Bobby Witt Jr.",25764,677951
"Jared Triolo","PIT",2.319879412651062,-4.30360621958971,-4.961602330207825,7.020902514457703,-0.7271984815597534,-2.3573030084371567,,0.11360819846479245,-0.3981134338195847,-1.8652640339127162,2.3719265251546293,-0.2578718019715438,-2.6192255649301743,,"Jared Triolo",25807,669707
"Shea Langeliers","OAK",-9.292514324188232,1.0526902005076408,1.8312004804611206,0.25776195526123047,2.143751800060272,4.125503659248352,,-0.29956525867789274,0.06629031489342826,0.41903901154716716,0.04791114410060046,0.3525907565888606,2.787502472465103,,"Shea Langeliers",25816,669127
"Kerry Carpenter","DET",25.937877416610718,-1.039452075958252,15.095185041427612,-1.4288290739059448,8.496643714606762,-0.0528859943151474,,1.2664979207329452,-0.10552812953890883,3.4229444538384604,-0.2297152851938818,1.1179794361324686,-0.028433330276960968,,"Kerry Carpenter",25961,681481
"Riley Greene","DET",9.334973454475403,13.723759770393372,8.883833397179842,4.711682319641113,5.627912640571594,1.1940163373947144,,0.2267972170669437,0.9011004445432286,1.2875120865478031,0.5676725686314594,0.49410997722314265,0.4389765946304097,,"Riley Greene",25976,682985
"Brett Baty","NYM",3.0217466354370117,-13.110295847058296,0.9397886693477631,4.247643023729324,-7.993996202945709,-0.38471801951527596,,0.156081954309763,-1.6574331032943486,0.32745249803057946,0.9274329746133896,-1.7964036411113955,-0.23037007156603348,,"Brett Baty",26123,683146
"Andrew Vaughn","- - -",4.507332444190979,-10.283205509185791,-0.043583452701568604,-2.1005077362060547,0.27460913360118866,1.5626150816679,,0.09682776464427452,-0.35755234732913044,-0.0058976255347183495,-0.23788309583307526,0.03145579995431714,0.6352093827918294,,"Andrew Vaughn",26197,683734
"Adley Rutschman","BAL",34.07983636856079,0.9425867199897766,-2.4148902893066406,1.151864930987358,1.0729103088378906,0.5909028649330139,,0.8249778835284626,0.062340391533715386,-0.3406051183789338,0.13074516810299183,0.07440432100124068,0.18408188938723175,,"Adley Rutschman",26288,668939
"Josh Jung","TEX",2.325763374567032,-15.997177124023438,-1.7859053015708923,10.275627255439758,-1.2223186492919922,6.283526659011841,,0.09710911793599297,-1.188497557505456,-0.4775147865162813,2.6552008411989036,-0.32769936978337594,5.280274503371294,,"Josh Jung",26299,673962
"Michael Busch","- - -",6.211615085601807,10.677351474761963,5.3984135389328,4.879711806774139,11.261238932609558,0.16427350044250488,,0.2669366173442977,1.0540327220890389,1.3462377902575562,0.9070096295119219,2.0217664151902257,0.08013341485000239,,"Michael Busch",26319,683737
"JJ Bleday","- - -",12.640958726406097,-6.988968849182129,6.79163558781147,3.8939632773399353,-14.153540819883347,-9.60815167427063,,0.47719738491529246,-0.6109238504529834,1.505905895301878,0.7144886747412725,-1.4325446173970997,-3.4812143747357354,,"JJ Bleday",26368,668709
"Spencer Torkelson","DET",6.6966657638549805,-3.6652345657348633,-4.329566724598408,6.088459491729736,-8.081299543380737,-5.191873073577881,,0.16808900009676156,-0.15590108744087042,-0.760908035957541,0.9141831068663268,-0.9172871218366331,-2.85267751295488,,"Spencer Torkelson",27465,679529
"Alec Burleson","STL",-3.1566495411098003,-0.877235472202301,1.5213814079761505,1.5111390352249146,6.042471528053284,5.586601108312607,,-0.12631650824769108,-0.07996677048334558,0.3489406899027868,0.2623505269487699,0.8978412374521967,2.8358381260470087,,"Alec Burleson",27615,676475
"Anthony Volpe","NYY",0.6857259944081306,-22.9578595161438,-4.269663691520691,-5.178355799987912,-8.9555783867836,-0.776795506477356,,0.018715229105025398,-1.178534882758922,-0.7651727045736005,-0.8406421753227131,-1.5850581215546193,-0.43886751778381694,,"Anthony Volpe",27647,683011
"Vinnie Pasquantino","KCR",6.942041635513306,17.52658748626709,2.3284454345703125,9.491928219795227,2.022474527359009,-3.0627715587615967,,0.2279816629068409,1.5161407860092637,0.4272376944165711,1.4041313934608324,0.19847640111472115,-0.9692315059372141,,"Vinnie Pasquantino",27676,686469
"Michael Massey","KCR",-13.036465764045715,-11.869754910469055,8.520649313926697,0.49932706356048584,2.71038855612278,-7.217121064662933,,-0.5695266825708045,-1.4113858395325867,2.2541400301393377,0.0931580342463593,0.42021528001903563,-3.372486478814455,,"Michael Massey",27684,686681
"Pete Crow-Armstrong","CHC",-6.6212078630924225,-9.046204596757889,7.317890644073486,12.974368557333946,1.4387562572956085,-2.0052139163017273,,-0.3768473456512477,-1.1350319443861843,2.793088032089117,3.4323726342153296,0.31141910331073774,-1.3368092775344849,,"Pete Crow-Armstrong",27769,691718
"Jordan Westburg","BAL",0.9678773880004883,7.765017509460449,8.351431846618652,1.2056143879890442,-4.007936656475067,1.8492309600114822,,0.05446693235793407,0.8190946739937182,2.982654230935233,0.41147248736827446,-0.9994854504925355,1.7953698640888176,,"Jordan Westburg",27815,676059
"Colt Keith","DET",5.022612601518631,1.5312040373682976,0.10763812065124512,-3.5195456743240356,4.5841781459748745,-2.3693623542785645,,0.30569766290435973,0.21905637158344746,0.031199455261230465,-0.9189414293274245,0.7876594752534148,-1.280736407718143,,"Colt Keith",27899,690993
"Jackson Chourio","MIL",-7.47003310918808,10.862481594085693,1.2192462682724,0.628385066986084,11.13839602470398,5.964670687913895,,-0.3505412064377325,1.0680906188874821,0.3554653843359767,0.20270486031809162,3.581477821448225,6.2786007241198885,,"Jackson Chourio",28806,694192
"Jackson Merrill","SDP",9.959508180618286,5.314652681350708,5.234608173370361,8.105347394943237,0.26013803482055664,1.6762733459472656,,0.5261229889391593,0.6796231050320598,1.5814526203535837,2.4786995091569533,0.06135331009918789,1.0542599660045695,,"Jackson Merrill",29490,701538
"Sal Frelick","MIL",8.714271068572998,-4.794157028198242,-0.5162663459777832,-1.3966867923736572,3.790320038795471,2.4316880851984024,,0.3314671384014073,-0.4867164495632733,-0.11126429870210845,-0.27120131890750626,0.8275807944968276,1.3215696115208708,,"Sal Frelick",29622,686217
"Seiya Suzuki","CHC",35.262431383132935,14.019471943378448,1.598938912153244,9.076354026794434,9.386852085590363,2.9427512288093567,,0.7581688106457307,0.5890534429990945,0.2280939960275669,1.1532851368226726,1.0914944285570187,1.6532310274209867,,"Seiya Suzuki",30116,673548