"last_name, first_name","player_id","team_name_alt","pitch_type","pitch_name","run_value_per_100","run_value","pitches","pitch_usage","pa","ba","slg","woba","whiff_percent","k_percent","put_away","est_ba","est_slg","est_woba","hard_hit_percent"
"Kwan, Steven",680757,"CLE","FF","4-Seam Fastball",0.3,4,"1192",45.1,"273","0.32","0.421","0.383",7.4,9.9,8.7,"0.272","0.367","0.342",23.5
"Lowe, Nathaniel",663993,"TEX","FF","4-Seam Fastball",0.3,3,"1125",44.6,"271","0.318","0.413","0.369",25.8,25.8,19.1,"0.281","0.429","0.348",49.4
"Cronenworth, Jake",630105,"SD","FF","4-Seam Fastball",-0.6,-7,"1085",40.7,"264","0.198","0.293","0.301",11.2,14.4,12.5,"0.207","0.353","0.307",32.6
"Straw, Myles",664702,"CLE","FF","4-Seam Fastball",-1.1,-11,"1052",44.6,"256","0.237","0.306","0.302",12.3,14.8,12.8,"0.255","0.343","0.313",31.9
"Edman, Tommy",669242,"STL","FF","4-Seam Fastball",0.7,6,"886",38.1,"254","0.304","0.464","0.379",14.9,13,14.2,"0.281","0.442","0.354",39.1
"Crawford, J.P.",641487,"SEA","FF","4-Seam Fastball",-0.3,-3,"1020",41.2,"241","0.259","0.368","0.356",10.4,10.4,9.8,"0.263","0.353","0.339",26.4
"Semien, Marcus",543760,"TEX","FF","4-Seam Fastball",-0.1,-1,"930",33.5,"237","0.215","0.424","0.33",16.8,13.1,13,"0.251","0.487","0.358",42.4
"Hoskins, Rhys",656555,"PHI","FF","4-Seam Fastball",0.7,7,"926",32,"235","0.262","0.475","0.363",21.2,21.3,19.2,"0.245","0.456","0.349",46.1
"Arraez, Luis",650333,"MIN","FF","4-Seam Fastball",1.7,16,"943",39.1,"234","0.388","0.507","0.444",5.8,4.7,5.3,"0.32","0.474","0.39",31.4
"Frazier, Adam",624428,"SEA","FF","4-Seam Fastball",-0.6,-5,"907",41.4,"233","0.268","0.33","0.323",11.5,9.9,11.2,"0.283","0.392","0.35",31.6
"Olson, Matt",621566,"ATL","FF","4-Seam Fastball",1.5,15,"998",34.5,"232","0.289","0.584","0.412",30.2,25.4,17.8,"0.258","0.544","0.388",54.6
"Santander, Anthony",623993,"BAL","FF","4-Seam Fastball",0.2,2,"969",37.1,"232","0.209","0.418","0.329",20.5,19.8,15.1,"0.227","0.477","0.356",44.4
"Swanson, Dansby",621020,"ATL","FF","4-Seam Fastball",0.9,7,"831",30.2,"229","0.276","0.542","0.373",25.9,23.1,19.1,"0.261","0.583","0.39",59.7
"Profar, Jurickson",595777,"SD","FF","4-Seam Fastball",-0.2,-2,"996",35.7,"229","0.247","0.421","0.351",14.5,14,10.4,"0.252","0.406","0.35",37.5
"Bregman, Alex",608324,"HOU","FF","4-Seam Fastball",1.7,13,"784",31.1,"229","0.269","0.538","0.398",14.5,13.5,15.2,"0.275","0.522","0.399",48.7
"Kemp, Tony",643393,"ATH","FF","4-Seam Fastball",-0.1,-1,"825",40.3,"227","0.281","0.362","0.329",10.6,6.6,7.4,"0.242","0.329","0.3",15.1
"Ramírez, José",608070,"CLE","FF","4-Seam Fastball",1,9,"957",34.9,"226","0.274","0.513","0.375",12.2,12.4,10.3,"0.24","0.423","0.327",37.8
"Lindor, Francisco",596019,"NYM","FF","4-Seam Fastball",2,18,"910",32.2,"226","0.288","0.58","0.394",16.4,15.9,14,"0.246","0.526","0.356",49.7
"Hernández, César",514917,"WSH","FF","4-Seam Fastball",-0.1,-1,"936",39.5,"226","0.285","0.365","0.335",16.7,15.9,13.4,"0.265","0.363","0.321",26.1
"Nimmo, Brandon",607043,"NYM","FF","4-Seam Fastball",0.9,9,"1013",36.4,"225","0.282","0.409","0.384",14.8,13.8,10.4,"0.253","0.417","0.366",41.1
"Goldschmidt, Paul",502671,"STL","FF","4-Seam Fastball",2.6,22,"831",30.8,"223","0.311","0.58","0.425",23.2,21.5,17.2,"0.25","0.501","0.363",49.7
"Yelich, Christian",592885,"MIL","FF","4-Seam Fastball",0.8,8,"981",35.7,"222","0.299","0.457","0.387",19.7,20.3,15.7,"0.3","0.531","0.411",55
"Freeman, Freddie",518692,"LAD","FF","4-Seam Fastball",1.8,15,"837",30.4,"221","0.318","0.516","0.404",14,11.3,11.6,"0.323","0.592","0.429",49.1
"Tucker, Kyle",663656,"HOU","FF","4-Seam Fastball",0.8,6,"752",33.2,"218","0.279","0.484","0.376",16,15.6,14.9,"0.277","0.565","0.399",46.5
"Winker, Jesse",608385,"SEA","FF","4-Seam Fastball",0,0,"913",41,"217","0.202","0.324","0.332",21.6,18.4,16.3,"0.241","0.437","0.373",32.3
"Cron, C.J.",543068,"COL","FF","4-Seam Fastball",1,8,"878",35.1,"217","0.255","0.49","0.352",18.4,26.3,22.5,"0.248","0.5","0.344",47.9
"Witt Jr., Bobby",677951,"KC","FF","4-Seam Fastball",-0.8,-7,"884",37.9,"215","0.228","0.406","0.3",25.3,27.9,24.1,"0.229","0.442","0.317",43.9
"Mullins, Cedric",656775,"BAL","FF","4-Seam Fastball",0.3,2,"943",38.4,"215","0.283","0.435","0.368",24.8,21.9,18.3,"0.235","0.382","0.327",42.8
"García, Adolis",666969,"TEX","FF","4-Seam Fastball",0.6,5,"983",38.7,"214","0.241","0.439","0.333",31.5,28.5,20.7,"0.249","0.502","0.359",52.3
"McMahon, Ryan",641857,"COL","FF","4-Seam Fastball",-0.3,-3,"1014",39.6,"210","0.227","0.398","0.322",27.6,31,19.2,"0.234","0.439","0.34",50.4
"Devers, Rafael",646240,"BOS","FF","4-Seam Fastball",0.6,5,"904",40.5,"210","0.28","0.539","0.379",34.9,27.1,21.3,"0.266","0.551","0.373",58.1
"Abreu, José",547989,"CWS","FF","4-Seam Fastball",-0.2,-2,"949",34.8,"210","0.276","0.409","0.345",25.2,20,14.4,"0.297","0.552","0.403",56.7
"Chapman, Matt",656305,"TOR","FF","4-Seam Fastball",0.3,3,"930",35.3,"207","0.206","0.429","0.323",31.4,31.4,23.6,"0.205","0.472","0.352",56.6
"Soto, Juan",665742,"SD","FF","4-Seam Fastball",3.1,25,"805",29.1,"206","0.318","0.669","0.486",17.3,13.1,13.6,"0.3","0.69","0.487",58.3
"Flores, Wilmer",527038,"SF","FF","4-Seam Fastball",-0.4,-3,"775",31.9,"206","0.199","0.327","0.308",13.4,11.7,10,"0.231","0.399","0.338",37.6
"Suárez, Eugenio",553993,"SEA","FF","4-Seam Fastball",0.4,3,"804",30.7,"206","0.237","0.469","0.351",27.7,29.6,26.5,"0.221","0.512","0.362",52.1
"Schwarber, Kyle",656941,"PHI","FF","4-Seam Fastball",1.3,12,"911",31.7,"205","0.225","0.573","0.383",23.2,27.8,21.2,"0.252","0.651","0.418",60.3
"Perdomo, Geraldo",672695,"AZ","FF","4-Seam Fastball",-1.5,-13,"822",39.9,"205","0.177","0.269","0.266",18.1,23.4,18.3,"0.193","0.283","0.267",22.7
"Giménez, Andrés",665926,"CLE","FF","4-Seam Fastball",-0.3,-2,"808",39.5,"204","0.225","0.376","0.316",27.3,26,20.9,"0.231","0.406","0.325",38.1
"Merrifield, Whit",593160,"TOR","FF","4-Seam Fastball",-0.4,-3,"673",33.4,"203","0.28","0.44","0.334",11.4,8.4,9.5,"0.273","0.466","0.343",38.2
"Trout, Mike",545361,"LAA","FF","4-Seam Fastball",2,19,"930",44.2,"201","0.261","0.574","0.398",30.3,32.3,21.1,"0.233","0.572","0.379",52.7
"Verdugo, Alex",657077,"BOS","FF","4-Seam Fastball",1.4,12,"890",35.7,"201","0.35","0.531","0.424",10.6,10,9.4,"0.312","0.522","0.394",50.6
"Lopez, Nicky",670032,"KC","FF","4-Seam Fastball",-0.6,-5,"759",43.1,"200","0.274","0.324","0.32",10.9,7.5,7.8,"0.277","0.393","0.325",31
"Melendez, MJ",669004,"KC","FF","4-Seam Fastball",-0.1,-1,"838",38.2,"200","0.216","0.439","0.331",28,23.5,18.5,"0.252","0.496","0.367",50.4
"Ohtani, Shohei",660271,"LAA","FF","4-Seam Fastball",1.1,10,"895",35.2,"199","0.303","0.551","0.407",22.5,23.1,19.9,"0.319","0.674","0.448",67.4
"Bell, Josh",605137,"SD","FF","4-Seam Fastball",0.6,5,"820",32.7,"199","0.272","0.408","0.369",18,13.1,12.6,"0.299","0.466","0.385",46.9
"Correa, Carlos",621043,"MIN","FF","4-Seam Fastball",2.2,18,"804",33.2,"198","0.371","0.6","0.456",14.2,14.1,12.8,"0.302","0.587","0.413",56.8
"Rizzo, Anthony",519203,"NYY","FF","4-Seam Fastball",1.5,12,"769",36.4,"198","0.224","0.558","0.386",17,16.7,16.4,"0.231","0.515","0.378",52.3
"Blackmon, Charlie",453568,"COL","FF","4-Seam Fastball",-1,-8,"779",37.4,"198","0.214","0.33","0.27",20.9,22.2,21.3,"0.226","0.348","0.276",36.6
"Reynolds, Bryan",668804,"PIT","FF","4-Seam Fastball",2.9,20,"695",30.2,"196","0.307","0.631","0.435",19.2,17.9,15.6,"0.284","0.586","0.399",52.1
"Adames, Willy",642715,"MIL","FF","4-Seam Fastball",1.1,8,"742",30.1,"196","0.246","0.491","0.354",26.3,23,19.1,"0.244","0.52","0.36",50
"Riley, Austin",663586,"ATL","FF","4-Seam Fastball",0.5,4,"830",31.4,"195","0.27","0.5","0.368",22.7,24.6,18.8,"0.278","0.597","0.397",50.8
"Benintendi, Andrew",643217,"NYY","FF","4-Seam Fastball",0.2,1,"781",40.6,"194","0.303","0.4","0.366",17.9,11.3,12.1,"0.288","0.471","0.376",41.1
"Walls, Taylor",670764,"TB","FF","4-Seam Fastball",-0.5,-4,"787",41.7,"193","0.169","0.331","0.306",27,29,22.8,"0.153","0.29","0.284",32.7
"Grisham, Trent",663757,"SD","FF","4-Seam Fastball",0,0,"851",38.4,"193","0.189","0.396","0.309",21.3,26.9,19.7,"0.213","0.41","0.32",46.6
"Naylor, Josh",647304,"CLE","FF","4-Seam Fastball",0.3,2,"619",35,"193","0.283","0.462","0.355",13.2,10.9,14.4,"0.286","0.522","0.373",54.2
"Bohm, Alec",664761,"PHI","FF","4-Seam Fastball",1,8,"747",32.5,"192","0.341","0.472","0.393",17.2,17.2,15.3,"0.297","0.451","0.351",43.8
"Seager, Corey",608369,"TEX","FF","4-Seam Fastball",3.2,20,"637",28.1,"191","0.303","0.727","0.457",19.3,12.6,15.8,"0.349","0.788","0.506",60.8
"Escobar, Eduardo",500871,"NYM","FF","4-Seam Fastball",-0.5,-3,"726",34.8,"191","0.226","0.356","0.284",28.1,26.7,21,"0.229","0.431","0.311",39.7
"Torres, Gleyber",650402,"NYY","FF","4-Seam Fastball",2.2,16,"719",32.3,"190","0.282","0.575","0.393",26.2,25.3,20,"0.247","0.534","0.354",63.3
"Pham, Tommy",502054,"BOS","FF","4-Seam Fastball",0.9,7,"759",30.3,"189","0.278","0.463","0.365",20.3,29.6,21.5,"0.258","0.489","0.369",60.7
"Ward, Taylor",621493,"LAA","FF","4-Seam Fastball",0.6,5,"810",35.3,"189","0.267","0.46","0.369",20.5,18.5,14.3,"0.266","0.557","0.399",52
"Rojas, Josh",668942,"AZ","FF","4-Seam Fastball",-0.4,-3,"664",32.7,"189","0.241","0.38","0.321",21.3,22.2,22.3,"0.223","0.383","0.312",46
"Betts, Mookie",605141,"LAD","FF","4-Seam Fastball",1,7,"766",31.6,"189","0.242","0.516","0.383",10.7,9.5,8.4,"0.234","0.441","0.353",44.3
"Santana, Carlos",467793,"SEA","FF","4-Seam Fastball",0.2,2,"715",34.6,"188","0.232","0.465","0.361",16.7,12.8,12.4,"0.266","0.516","0.395",42.4
"Kim, Ha-Seong",673490,"SD","FF","4-Seam Fastball",0.2,2,"826",35.1,"188","0.222","0.399","0.329",21.5,22.3,16.2,"0.216","0.408","0.329",39
"Happ, Ian",664023,"CHC","FF","4-Seam Fastball",1.1,10,"877",34.3,"188","0.273","0.54","0.395",25.8,23.9,16.5,"0.246","0.465","0.357",51.3
"Bellinger, Cody",641355,"LAD","FF","4-Seam Fastball",-0.5,-4,"788",34.2,"188","0.203","0.395","0.296",25.6,24.5,18,"0.217","0.393","0.295",40.2
"Judge, Aaron",592450,"NYY","FF","4-Seam Fastball",4.1,32,"787",27.1,"187","0.346","0.814","0.511",22.7,23.5,19.8,"0.338","0.893","0.538",71.9
"Walker, Christian",572233,"AZ","FF","4-Seam Fastball",1.9,14,"732",28.8,"185","0.263","0.581","0.392",18.2,20,17.9,"0.261","0.59","0.4",46.4
"Marte, Ketel",606466,"AZ","FF","4-Seam Fastball",0,0,"654",30.3,"185","0.241","0.42","0.338",17.9,17.8,19.9,"0.242","0.404","0.329",45
"Heim, Jonah",641680,"TEX","FF","4-Seam Fastball",-0.6,-5,"710",40.4,"184","0.222","0.364","0.31",22.7,22.8,20.5,"0.202","0.35","0.291",37.5
"France, Ty",664034,"SEA","FF","4-Seam Fastball",1,7,"731",33.1,"182","0.306","0.469","0.376",16.6,15.4,13.3,"0.27","0.421","0.341",34.3
"Mancini, Trey",641820,"HOU","FF","4-Seam Fastball",1,7,"672",28.4,"182","0.278","0.49","0.404",16.6,15.9,14.6,"0.295","0.59","0.43",48.8
"Báez, Javier",595879,"DET","SL","Slider",-0.9,-5,"562",26.9,"182","0.217","0.383","0.285",45.2,28.6,29.4,"0.208","0.336","0.249",28.2
"Altuve, Jose",514888,"HOU","FF","4-Seam Fastball",2.5,17,"677",29.3,"181","0.318","0.675","0.468",12.3,11.6,12.6,"0.285","0.54","0.409",41.5
"Alvarez, Yordan",670541,"HOU","FF","4-Seam Fastball",3.7,28,"760",34.6,"181","0.366","0.796","0.516",20.4,15.5,15.1,"0.364","0.811","0.536",72
"Tellez, Rowdy",642133,"MIL","FF","4-Seam Fastball",0.5,3,"743",31.1,"181","0.242","0.54","0.373",22,22.7,20.4,"0.275","0.618","0.41",50.8
"Mountcastle, Ryan",663624,"BAL","FF","4-Seam Fastball",-0.1,-1,"762",32.6,"181","0.232","0.433","0.313",26.8,27.1,21,"0.28","0.599","0.394",61.5
"Wong, Kolten",543939,"MIL","FF","4-Seam Fastball",1.3,9,"685",33.4,"181","0.301","0.507","0.408",14.6,11,10.6,"0.26","0.417","0.363",32.8
"Machado, Manny",592518,"SD","FF","4-Seam Fastball",-0.2,-1,"746",31.5,"181","0.222","0.407","0.317",24,24.3,20.3,"0.254","0.471","0.349",60.2
"Schoop, Jonathan",570731,"DET","FF","4-Seam Fastball",-2.8,-18,"630",35.2,"180","0.187","0.259","0.238",23.5,18.9,21.1,"0.229","0.356","0.285",45.5
"LeMahieu, DJ",518934,"NYY","FF","4-Seam Fastball",0.6,5,"811",37.7,"179","0.272","0.412","0.392",14.5,15.6,12.4,"0.303","0.523","0.43",57.3
"Andrus, Elvis",462101,"CWS","FF","4-Seam Fastball",1.6,10,"633",28.1,"177","0.303","0.588","0.411",14.6,11.9,12.8,"0.254","0.491","0.341",41.7
"Donovan, Brendan",680977,"STL","FF","4-Seam Fastball",0.6,5,"717",36.5,"176","0.317","0.423","0.401",13,15.9,13.5,"0.293","0.422","0.384",39.5
"Walsh, Jared",665120,"LAA","FF","4-Seam Fastball",-0.7,-4,"617",35.3,"176","0.24","0.431","0.311",25.9,33.5,31.7,"0.23","0.421","0.298",41.7
"Rosario, Amed",642708,"CLE","FF","4-Seam Fastball",0.3,2,"799",33.4,"175","0.291","0.462","0.362",23.6,21.1,17.8,"0.285","0.486","0.362",52
"Grossman, Robbie",543257,"ATL","FF","4-Seam Fastball",-0.5,-4,"726",37.4,"175","0.212","0.315","0.304",14.3,19.4,16.7,"0.226","0.363","0.319",41.7
"Díaz, Yandy",650490,"TB","FF","4-Seam Fastball",1.6,12,"754",35,"174","0.346","0.529","0.453",13.9,8.6,8.9,"0.325","0.557","0.447",62.8
"Hays, Austin",669720,"BAL","FF","4-Seam Fastball",-0.5,-3,"583",28.4,"174","0.258","0.403","0.321",10.5,12.6,13.6,"0.268","0.467","0.343",44.9
"Carlson, Dylan",666185,"STL","FF","4-Seam Fastball",0.1,1,"746",38,"174","0.239","0.4","0.326",25.1,20.1,16.6,"0.231","0.405","0.316",33.9
"Arozarena, Randy",668227,"TB","FF","4-Seam Fastball",1.8,12,"683",27,"174","0.313","0.573","0.419",25.2,24.1,20.2,"0.251","0.506","0.369",54.1
"Martinez, J.D.",502110,"BOS","FF","4-Seam Fastball",0.1,1,"795",33.3,"174","0.288","0.425","0.347",25.6,27.6,19.8,"0.27","0.528","0.379",57
"Urías, Luis",649966,"MIL","FF","4-Seam Fastball",2.4,15,"621",31.5,"172","0.267","0.527","0.387",25.5,25.6,21.2,"0.224","0.451","0.341",44.2
"Drury, Brandon",592273,"SD","FF","4-Seam Fastball",0.9,6,"671",29.9,"172","0.276","0.487","0.363",18.5,21.5,18.3,"0.254","0.466","0.345",39.8
"Vogelbach, Daniel",596129,"NYM","FF","4-Seam Fastball",0.3,2,"736",35,"172","0.206","0.44","0.349",16.1,22.7,18.6,"0.21","0.461","0.358",40.8
"Alonso, Pete",624413,"NYM","FF","4-Seam Fastball",0.8,6,"737",29.4,"172","0.262","0.53","0.379",20.7,19.8,16.3,"0.256","0.568","0.386",46.2
"Rutschman, Adley",668939,"BAL","FF","4-Seam Fastball",1.7,13,"715",35.6,"170","0.304","0.581","0.412",11.3,15.3,12.8,"0.283","0.539","0.386",49.2
"Miller, Owen",680911,"CLE","FF","4-Seam Fastball",-0.8,-6,"702",38.2,"169","0.247","0.336","0.3",13.5,19.5,15.8,"0.252","0.362","0.308",39.5
"Gordon, Nick",624503,"MIN","FF","4-Seam Fastball",0.1,1,"643",41.5,"169","0.294","0.471","0.358",26.6,24.3,22.5,"0.255","0.504","0.347",47.8
"Muncy, Max",571970,"LAD","FF","4-Seam Fastball",0.2,2,"702",28.8,"169","0.184","0.426","0.337",15.2,16,14.4,"0.233","0.537","0.399",50
"Arenado, Nolan",571448,"STL","FF","4-Seam Fastball",1.5,10,"669",28.7,"169","0.303","0.579","0.403",13.3,7.7,7.3,"0.232","0.451","0.33",40
"McNeil, Jeff",643446,"NYM","FF","4-Seam Fastball",0.6,4,"686",33.2,"169","0.303","0.441","0.376",16.7,11.2,10.7,"0.269","0.42","0.353",33.3
"Candelario, Jeimer",600869,"DET","FF","4-Seam Fastball",-1.3,-8,"646",37.1,"169","0.217","0.375","0.297",21.6,19.5,19,"0.242","0.44","0.325",36.1
"Stott, Bryson",681082,"PHI","FF","4-Seam Fastball",-1.9,-14,"743",39.6,"168","0.176","0.277","0.257",18.9,24.4,18.1,"0.202","0.32","0.278",33.3
"Kirk, Alejandro",672386,"TOR","FF","4-Seam Fastball",1.3,10,"741",33.7,"168","0.305","0.473","0.425",11.7,10.7,8.5,"0.298","0.548","0.431",60.5
"Cruz, Nelson",443558,"WSH","FF","4-Seam Fastball",-0.6,-4,"675",33.9,"168","0.248","0.345","0.321",23.8,18.5,16.6,"0.269","0.489","0.375",50.9
"Murphy, Sean",669221,"ATH","FF","4-Seam Fastball",1.1,7,"643",27.1,"167","0.281","0.496","0.375",21.8,22.8,19.8,"0.256","0.504","0.387",55.2
"Thomas, Lane",657041,"WSH","FF","4-Seam Fastball",0.4,3,"725",32.9,"167","0.222","0.493","0.356",24,22.8,17.9,"0.198","0.422","0.322",36.8
"Turner, Justin",457759,"LAD","FF","4-Seam Fastball",-0.1,-1,"797",37.2,"166","0.245","0.36","0.331",20.2,21.1,14.8,"0.236","0.4","0.333",35.5
"Gurriel, Yuli",493329,"HOU","FF","4-Seam Fastball",-1.1,-8,"683",32.3,"166","0.221","0.309","0.279",10.1,13.9,11.9,"0.22","0.323","0.282",38.1
"Yastrzemski, Mike",573262,"SF","FF","4-Seam Fastball",0.3,2,"827",35.2,"166","0.233","0.451","0.373",19.1,16.3,12,"0.213","0.467","0.366",41.3
"Rengifo, Luis",650859,"LAA","FF","4-Seam Fastball",0.4,2,"582",32,"165","0.296","0.461","0.359",14.2,13.9,13.1,"0.265","0.421","0.324",33.1
"Alonso, Pete",624413,"NYM","SI","Sinker",1.4,8,"549",21.9,"165","0.315","0.541","0.402",8,7.3,11.7,"0.291","0.496","0.368",45.3
"Bogaerts, Xander",593428,"BOS","FF","4-Seam Fastball",0.5,3,"673",26.9,"165","0.301","0.545","0.386",17,15.8,13.3,"0.263","0.465","0.36",49.2
"Springer, George",543807,"TOR","FF","4-Seam Fastball",1.8,11,"635",29.2,"165","0.275","0.592","0.406",25.5,15.2,14,"0.28","0.597","0.412",49.6
"Varsho, Daulton",662139,"AZ","FF","4-Seam Fastball",-0.2,-1,"704",30.3,"163","0.214","0.441","0.334",26.8,30.7,23.3,"0.195","0.399","0.298",40.2
"Voit, Luke",572228,"WSH","FF","4-Seam Fastball",2.6,16,"612",27.2,"163","0.282","0.563","0.416",30.4,30.7,25.6,"0.263","0.602","0.406",53.3
"Tapia, Raimel",606132,"TOR","FF","4-Seam Fastball",-0.6,-4,"631",40,"163","0.284","0.365","0.318",16.2,13.5,15.6,"0.27","0.393","0.321",41.4
"McCutchen, Andrew",457705,"MIL","FF","4-Seam Fastball",1,6,"650",27.5,"163","0.232","0.471","0.351",24,21.5,17.2,"0.235","0.456","0.349",46.7
"Gurriel Jr., Lourdes",666971,"TOR","FF","4-Seam Fastball",-0.1,0,"628",33.9,"163","0.306","0.431","0.36",12.3,15.3,13.3,"0.279","0.452","0.356",52.5
"Turner, Trea",607208,"LAD","FF","4-Seam Fastball",0.7,5,"701",25.8,"161","0.301","0.566","0.402",19,19.3,15.5,"0.282","0.498","0.378",51.3
"Smith, Will",669257,"LAD","FF","4-Seam Fastball",1.4,10,"739",31.2,"161","0.277","0.547","0.402",19.8,18,12,"0.272","0.609","0.414",51.4
"Espinal, Santiago",669289,"TOR","FF","4-Seam Fastball",0.6,4,"586",30.7,"161","0.302","0.439","0.368",11,11.8,11,"0.28","0.438","0.36",37.2
"Donaldson, Josh",518626,"NYY","FF","4-Seam Fastball",-0.2,-2,"667",30.7,"161","0.203","0.368","0.316",31.2,28,22.4,"0.217","0.422","0.331",56.5
"Farmer, Kyle",571657,"CIN","FF","4-Seam Fastball",0.5,3,"651",30.6,"161","0.259","0.415","0.349",16.8,18.6,16.7,"0.249","0.434","0.354",37.4
"Acuña Jr., Ronald",660670,"ATL","FF","4-Seam Fastball",0.4,3,"750",34.7,"161","0.229","0.4","0.334",25.1,18.6,12.2,"0.265","0.557","0.39",47.3
"Bichette, Bo",666182,"TOR","FF","4-Seam Fastball",-0.3,-3,"784",31.1,"160","0.306","0.469","0.367",21.5,26.3,18,"0.272","0.458","0.34",71.7
"Rodgers, Brendan",663898,"COL","FF","4-Seam Fastball",0,0,"685",32.4,"160","0.264","0.393","0.34",18.8,15.6,13.7,"0.286","0.49","0.373",58.6
"Peralta, David",444482,"TB","FF","4-Seam Fastball",1,6,"612",33.4,"160","0.281","0.519","0.382",18.8,16.9,15.8,"0.275","0.528","0.391",49.5
"Urshela, Gio",570482,"MIN","FF","4-Seam Fastball",-0.6,-4,"665",33,"159","0.246","0.355","0.305",22.2,19.5,15.3,"0.251","0.422","0.335",42.7
"Kiner-Falefa, Isiah",643396,"NYY","FF","4-Seam Fastball",-0.5,-3,"651",33.6,"157","0.288","0.381","0.34",8,13.4,12.4,"0.253","0.34","0.303",34.5
"Moncada, Yoán",660162,"CWS","FF","4-Seam Fastball",-0.8,-5,"662",38.4,"156","0.196","0.37","0.293",22.9,26.3,22.4,"0.197","0.375","0.294",41.8
"Guerrero Jr., Vladimir",665489,"TOR","SI","Sinker",0.9,5,"512",19.7,"153","0.277","0.518","0.396",11.2,11.1,18.1,"0.284","0.481","0.358",50.8
"Pollock, AJ",572041,"CWS","FF","4-Seam Fastball",0.5,3,"498",27.1,"153","0.281","0.519","0.38",25.2,19,22.5,"0.295","0.626","0.421",52.3
"Brown, Seth",664913,"ATH","FF","4-Seam Fastball",1.7,11,"651",29.6,"153","0.291","0.59","0.417",22.1,21.6,15.2,"0.292","0.609","0.42",54.5
"Nimmo, Brandon",607043,"NYM","SI","Sinker",0.4,2,"598",21.5,"153","0.271","0.419","0.367",8.3,11.8,10.7,"0.257","0.359","0.329",41.6
"Ozuna, Marcell",542303,"ATL","FF","4-Seam Fastball",0.4,3,"592",29.3,"152","0.25","0.486","0.339",20.5,21.1,16.3,"0.295","0.622","0.406",56
"Arenado, Nolan",571448,"STL","SL","Slider",0.1,1,"520",22.3,"152","0.234","0.418","0.31",25.8,17.8,17.8,"0.23","0.355","0.279",29.6
"Castro, Harold",605612,"DET","FF","4-Seam Fastball",0.9,6,"618",37.3,"152","0.322","0.545","0.396",18.4,19.1,16.8,"0.29","0.535","0.369",39.1
"Grichuk, Randal",545341,"COL","FF","4-Seam Fastball",-0.3,-2,"637",32.2,"152","0.271","0.414","0.325",17.5,23,18.6,"0.23","0.396","0.297",50.9
"Choi, Ji Man",596847,"TB","FF","4-Seam Fastball",-0.1,-1,"746",40.5,"152","0.194","0.387","0.325",35,32.9,21.1,"0.205","0.414","0.343",61.8
"Velazquez, Andrew",623205,"LAA","FF","4-Seam Fastball",-1.1,-6,"563",42.7,"152","0.194","0.295","0.267",30.6,28.9,24.4,"0.209","0.344","0.265",43.4
"Taylor, Michael A.",572191,"KC","FF","4-Seam Fastball",-1,-6,"598",34.8,"152","0.231","0.362","0.312",21.6,23,20,"0.241","0.463","0.362",44.9
"Hayes, Ke'Bryan",663647,"PIT","FF","4-Seam Fastball",-0.1,-1,"692",31.1,"151","0.267","0.378","0.333",14.1,25.2,16.2,"0.255","0.37","0.316",58.8
"Lux, Gavin",666158,"LAD","FF","4-Seam Fastball",0,0,"559",30.3,"151","0.266","0.347","0.347",17.2,17.2,16.6,"0.233","0.377","0.347",52.5
"Vaughn, Andrew",683734,"CWS","FF","4-Seam Fastball",0.2,1,"618",29.6,"151","0.295","0.477","0.383",13.5,11.3,11,"0.301","0.557","0.406",63.5
"Reyes, Franmil",614177,"CHC","FF","4-Seam Fastball",-1,-6,"552",29.8,"151","0.216","0.403","0.289",29.3,29.1,25.7,"0.234","0.474","0.338",56.7
"Guerrero Jr., Vladimir",665489,"TOR","FF","4-Seam Fastball",1.3,8,"651",25.1,"151","0.311","0.583","0.405",18.3,13.9,11.7,"0.292","0.539","0.388",56.1
"Miranda, Jose",669304,"MIN","FF","4-Seam Fastball",-0.9,-5,"538",29.7,"150","0.217","0.37","0.292",18.2,22.7,20,"0.237","0.423","0.314",47.1
"Odor, Rougned",596059,"BAL","FF","4-Seam Fastball",-0.3,-2,"580",33,"149","0.215","0.392","0.311",26.6,22.8,18.6,"0.231","0.42","0.33",39.2
"Estrada, Thairo",642731,"SF","FF","4-Seam Fastball",0.9,5,"586",30.1,"148","0.321","0.485","0.398",11.2,10.8,10,"0.279","0.421","0.337",37.8
"Wisdom, Patrick",621550,"CHC","FF","4-Seam Fastball",0.5,3,"720",32.6,"148","0.176","0.424","0.323",37.3,39.9,20.8,"0.164","0.413","0.309",49.3
"Walker, Christian",572233,"AZ","SL","Slider",0.7,4,"568",22.3,"148","0.2","0.415","0.334",33.2,24.3,21.1,"0.213","0.407","0.313",44.2
"Turner, Trea",607208,"LAD","SI","Sinker",2,10,"496",18.2,"148","0.382","0.527","0.435",14.1,9.5,12.6,"0.324","0.523","0.399",46.6
"Canha, Mark",592192,"NYM","FF","4-Seam Fastball",0.7,4,"597",26.9,"148","0.244","0.407","0.359",22.8,23.6,17.8,"0.246","0.413","0.351",42.7
"Gallo, Joey",608336,"LAD","FF","4-Seam Fastball",0.5,3,"611",35.4,"148","0.163","0.423","0.314",37.9,41.2,30.2,"0.142","0.405","0.302",65.1
"Rosario, Amed",642708,"CLE","SL","Slider",0.8,4,"498",20.8,"147","0.305","0.433","0.337",23.1,18.4,19.4,"0.259","0.356","0.285",38.3
"Renfroe, Hunter",592669,"MIL","FF","4-Seam Fastball",0.8,5,"589",29.1,"147","0.264","0.535","0.38",20.8,17,15.6,"0.253","0.508","0.368",50
"Kepler, Max",596146,"MIN","FF","4-Seam Fastball",-1.3,-8,"560",33.8,"147","0.182","0.289","0.293",20.9,18.4,17.6,"0.244","0.398","0.341",49
"Torkelson, Spencer",679529,"DET","FF","4-Seam Fastball",-1.4,-8,"554",34.4,"146","0.18","0.295","0.289",19.1,21.9,19.9,"0.203","0.406","0.327",45.1
"Abreu, José",547989,"CWS","SL","Slider",0.7,4,"506",18.6,"146","0.288","0.386","0.328",27.1,14.4,11.5,"0.282","0.46","0.351",40.2
"Canha, Mark",592192,"NYM","SI","Sinker",1,5,"502",22.6,"146","0.29","0.452","0.395",14,12.3,14.4,"0.264","0.414","0.353",50.9
"Sánchez, Gary",596142,"MIN","FF","4-Seam Fastball",0,0,"502",26.7,"146","0.244","0.465","0.352",21.2,21.9,18.6,"0.278","0.648","0.428",55.8
"Pederson, Joc",592626,"SF","FF","4-Seam Fastball",2.6,13,"493",29.3,"145","0.298","0.589","0.433",17.9,19.3,18.1,"0.271","0.542","0.387",64.3
"Perez, Salvador",521692,"KC","FF","4-Seam Fastball",2.3,11,"480",28.2,"145","0.333","0.637","0.425",23.1,17.9,17.6,"0.283","0.621","0.405",60
"Paredes, Isaac",670623,"TB","FF","4-Seam Fastball",0.4,2,"521",32.2,"145","0.262","0.444","0.354",10,10.3,10.1,"0.239","0.393","0.327",40.5
"Cabrera, Miguel",408234,"DET","FF","4-Seam Fastball",-1.6,-11,"648",39.5,"144","0.277","0.308","0.289",23.4,20.1,17.5,"0.25","0.383","0.302",40.4
"Rojas, Miguel",500743,"MIA","FF","4-Seam Fastball",-1.5,-8,"516",28.4,"144","0.246","0.343","0.277",4.9,8.3,9,"0.274","0.406","0.315",36.3
"Betts, Mookie",605141,"LAD","SI","Sinker",1.8,9,"528",21.8,"144","0.323","0.624","0.436",6.8,11.1,15.2,"0.283","0.559","0.379",50.8
"Taylor, Chris",621035,"LAD","FF","4-Seam Fastball",0.1,1,"670",33.8,"143","0.205","0.377","0.314",37.2,36.4,21.1,"0.176","0.337","0.289",40
"Hernández, Enrique",571771,"BOS","FF","4-Seam Fastball",0.1,1,"472",31.7,"143","0.275","0.417","0.364",12.6,7.7,9.9,"0.262","0.459","0.367",38.2
"Bichette, Bo",666182,"TOR","SL","Slider",1,5,"446",17.7,"142","0.261","0.455","0.33",28.3,26.1,23.1,"0.252","0.444","0.319",46.4
"Hicks, Aaron",543305,"NYY","FF","4-Seam Fastball",-0.6,-4,"643",31.9,"142","0.261","0.313","0.351",16.9,13.4,9.9,"0.262","0.378","0.357",40.6
"Rodríguez, Julio",677594,"SEA","FF","4-Seam Fastball",1.2,8,"603",28.9,"141","0.325","0.619","0.426",21.9,20.6,17,"0.282","0.568","0.397",62.2
"Gamel, Ben",592325,"PIT","FF","4-Seam Fastball",1,5,"547",31.9,"141","0.266","0.427","0.355",13,19.1,16,"0.272","0.451","0.357",41.2
"Realmuto, J.T.",592663,"PHI","FF","4-Seam Fastball",1.9,12,"635",29,"141","0.315","0.677","0.446",26.3,25.5,18.7,"0.287","0.635","0.419",61.5
"Castellanos, Nick",592206,"PHI","SL","Slider",-0.2,-1,"499",24.2,"141","0.268","0.42","0.311",39.4,22,17.7,"0.254","0.392","0.287",23.4
"Marsh, Brandon",669016,"PHI","FF","4-Seam Fastball",-0.6,-4,"639",35.4,"141","0.22","0.409","0.31",32.2,38.3,29.2,"0.212","0.455","0.323",45.2
"McCutchen, Andrew",457705,"MIL","SI","Sinker",-1.1,-6,"567",24,"141","0.266","0.352","0.311",14.7,11.3,15.2,"0.293","0.46","0.354",46
"Mateo, Jorge",622761,"BAL","FF","4-Seam Fastball",-1.5,-9,"591",29.8,"141","0.203","0.333","0.305",22.6,29.1,22.7,"0.219","0.358","0.305",39
"Polanco, Jorge",593871,"MIN","FF","4-Seam Fastball",0.8,5,"607",31.9,"140","0.246","0.518","0.392",22.8,16.4,13.5,"0.258","0.582","0.418",53.3
"Semien, Marcus",543760,"TEX","SL","Slider",0.8,4,"582",21,"140","0.248","0.372","0.319",32,22.9,19,"0.241","0.34","0.279",31
"Contreras, Willson",575929,"CHC","FF","4-Seam Fastball",1.8,10,"564",31.3,"140","0.28","0.508","0.392",31,26.4,23.3,"0.248","0.493","0.374",51.9
"Turner, Trea",607208,"LAD","SL","Slider",-1.6,-9,"525",19.3,"140","0.178","0.289","0.203",36.8,27.1,20.2,"0.213","0.334","0.255",30.3
"Raleigh, Cal",663728,"SEA","FF","4-Seam Fastball",-0.5,-3,"535",32.6,"139","0.185","0.412","0.294",28.9,30.9,25.1,"0.207","0.504","0.336",50
"Maldonado, Martín",455117,"HOU","FF","4-Seam Fastball",-0.8,-4,"486",32.4,"139","0.203","0.382","0.304",23.6,20.9,19.5,"0.196","0.379","0.292",46.3
"Riley, Austin",663586,"ATL","SL","Slider",3.5,19,"538",20.4,"139","0.267","0.6","0.405",36.1,29.5,20.5,"0.246","0.532","0.364",50
"Greene, Riley",682985,"DET","FF","4-Seam Fastball",0.2,2,"634",36.9,"139","0.282","0.444","0.353",21.2,29.5,22,"0.259","0.482","0.357",51.8
"Bichette, Bo",666182,"TOR","SI","Sinker",-0.6,-3,"480",19,"138","0.292","0.4","0.345",12.1,15.2,21.9,"0.276","0.38","0.31",46.8
"Bogaerts, Xander",593428,"BOS","SI","Sinker",0.8,4,"499",20,"138","0.339","0.39","0.392",12,14.5,22.2,"0.296","0.399","0.356",42.4
"Urías, Ramón",602104,"BAL","FF","4-Seam Fastball",0.4,2,"556",33.8,"138","0.212","0.466","0.34",29.2,26.8,22.7,"0.229","0.474","0.35",56.6
"Guerrero Jr., Vladimir",665489,"TOR","SL","Slider",0.8,4,"491",18.9,"138","0.27","0.452","0.35",28.5,15.2,15,"0.306","0.524","0.385",49.5
"Bohm, Alec",664761,"PHI","SI","Sinker",-1.4,-6,"458",19.9,"138","0.263","0.361","0.313",13.4,13.8,20.7,"0.283","0.407","0.313",41.2
"Crawford, Brandon",543063,"SF","FF","4-Seam Fastball",0.2,1,"529",30.8,"137","0.267","0.45","0.351",25.2,16.8,15.9,"0.238","0.438","0.337",47.5
"Realmuto, J.T.",592663,"PHI","SI","Sinker",1,4,"434",19.8,"137","0.309","0.415","0.375",13.5,7.3,12.5,"0.34","0.493","0.395",48.7
"Swanson, Dansby",621020,"ATL","SI","Sinker",2.1,10,"466",17,"137","0.391","0.555","0.439",22.7,18.2,23.4,"0.345","0.605","0.425",48.5
"Sheets, Gavin",657757,"CWS","FF","4-Seam Fastball",-0.3,-2,"554",32.6,"136","0.283","0.442","0.353",14,11.8,9.1,"0.252","0.408","0.327",37.1
"Iglesias, Jose",578428,"COL","FF","4-Seam Fastball",-1.1,-6,"562",32.3,"136","0.28","0.344","0.316",8.5,13.2,11.3,"0.299","0.374","0.327",25.2
"Peña, Jeremy",665161,"HOU","FF","4-Seam Fastball",1.3,7,"527",26.3,"135","0.28","0.517","0.39",15.9,18.5,15.8,"0.299","0.571","0.41",50.5
"Pham, Tommy",502054,"BOS","SI","Sinker",-0.1,0,"483",19.3,"135","0.254","0.339","0.314",10.5,9.6,13,"0.298","0.418","0.357",48.6
"Nola, Austin",543592,"SD","FF","4-Seam Fastball",-1.3,-7,"527",34.6,"135","0.236","0.293","0.289",11.4,14.1,13.6,"0.252","0.375","0.305",45.7
"Harrison, Josh",543281,"CWS","FF","4-Seam Fastball",-0.8,-5,"580",37.9,"135","0.258","0.375","0.321",21.9,17.8,16.4,"0.233","0.384","0.313",38.5
"Calhoun, Kole",594777,"TEX","FF","4-Seam Fastball",-1.4,-9,"634",37.3,"135","0.179","0.309","0.247",25.3,22.2,19.2,"0.257","0.451","0.331",47.9
"García, Adolis",666969,"TEX","SL","Slider",-2.2,-10,"457",18,"134","0.192","0.315","0.226",41.6,35.1,27.3,"0.221","0.409","0.277",48.8
"Aguilar, Jesús",542583,"BAL","FF","4-Seam Fastball",-1.1,-6,"579",27.9,"134","0.227","0.319","0.287",19.5,21.6,16.1,"0.244","0.44","0.323",41.9
"Mountcastle, Ryan",663624,"BAL","SL","Slider",0.9,4,"488",20.9,"134","0.256","0.446","0.328",40.3,27.6,21,"0.251","0.499","0.346",38.4
"Walker, Christian",572233,"AZ","SI","Sinker",-0.3,-2,"475",18.7,"134","0.272","0.439","0.351",11.4,9,11.7,"0.307","0.541","0.411",46.7
"Drury, Brandon",592273,"SD","SI","Sinker",0.2,1,"475",21.2,"133","0.328","0.426","0.364",14.8,15,21.5,"0.269","0.381","0.316",40.2
"Soto, Juan",665742,"SD","SI","Sinker",0.6,3,"484",17.5,"133","0.245","0.382","0.377",10.9,12,16.5,"0.25","0.441","0.39",41.9
"Dalbec, Bobby",666915,"BOS","FF","4-Seam Fastball",-1.2,-6,"532",36.1,"133","0.218","0.294","0.291",26.5,32.3,26.5,"0.222","0.417","0.318",55.8
"Dozier, Hunter",641531,"KC","FF","4-Seam Fastball",1.4,8,"546",28.2,"133","0.32","0.557","0.4",17.1,24.8,18.4,"0.276","0.527","0.37",48.3
"Hernández, Teoscar",606192,"TOR","FF","4-Seam Fastball",3.1,17,"553",26.6,"133","0.347","0.729","0.492",27.2,24.1,21.8,"0.337","0.782","0.495",70.9
"Marte, Starling",516782,"NYM","FF","4-Seam Fastball",2.6,14,"525",27.3,"133","0.354","0.637","0.47",20,21.8,19.1,"0.318","0.59","0.434",44
"Harris II, Michael",671739,"ATL","FF","4-Seam Fastball",1.9,10,"543",32.8,"133","0.372","0.711","0.479",25.3,18.8,17.5,"0.308","0.596","0.411",54.2
"Davis, J.D.",605204,"SF","FF","4-Seam Fastball",0.9,5,"559",37.6,"132","0.239","0.425","0.337",42.9,31.8,24.7,"0.257","0.545","0.391",61.1
"McCormick, Chas",676801,"HOU","FF","4-Seam Fastball",2.3,12,"536",33.8,"132","0.306","0.648","0.448",30,21.2,17.3,"0.269","0.621","0.43",43.2
"Murphy, Sean",669221,"ATH","SL","Slider",-0.4,-2,"514",21.7,"132","0.23","0.352","0.279",32.6,25.8,20,"0.247","0.388","0.299",34.8
"Springer, George",543807,"TOR","SI","Sinker",1.1,5,"451",20.7,"132","0.321","0.455","0.39",20.3,12.1,19.3,"0.278","0.407","0.354",40.2
"Castellanos, Nick",592206,"PHI","FF","4-Seam Fastball",0.4,2,"552",26.7,"132","0.272","0.465","0.361",25.7,28,20.2,"0.244","0.526","0.37",57.7
"Bregman, Alex",608324,"HOU","SI","Sinker",-0.7,-3,"424",16.8,"132","0.259","0.361","0.329",5.1,6.1,10.4,"0.292","0.44","0.373",32.7
"Cooper, Garrett",643265,"MIA","FF","4-Seam Fastball",1.4,8,"577",31,"132","0.333","0.486","0.405",20.2,24.2,17.6,"0.266","0.477","0.377",50.6
"Hosmer, Eric",543333,"BOS","FF","4-Seam Fastball",0,0,"543",33.6,"131","0.299","0.393","0.355",14.7,11.5,10.5,"0.262","0.383","0.325",45.1
"Machado, Manny",592518,"SD","SI","Sinker",1.9,9,"495",20.9,"131","0.362","0.534","0.432",11.9,9.9,12.7,"0.311","0.5","0.386",52.9
"Joe, Connor",656582,"COL","FF","4-Seam Fastball",0.2,1,"591",31.1,"131","0.267","0.366","0.376",13.6,12.2,9.8,"0.306","0.427","0.406",37.6
"Vázquez, Christian",543877,"HOU","FF","4-Seam Fastball",0.5,3,"538",33,"131","0.308","0.47","0.376",18.5,20.6,16.8,"0.263","0.459","0.348",57.1
"Thomas, Lane",657041,"WSH","SI","Sinker",-0.7,-4,"509",23.1,"131","0.289","0.355","0.333",8.3,8.4,10.8,"0.262","0.337","0.29",33
"Story, Trevor",596115,"BOS","FF","4-Seam Fastball",-0.6,-4,"610",38.7,"130","0.214","0.33","0.301",31.4,36.9,23.8,"0.208","0.396","0.313",49.2
"Yelich, Christian",592885,"MIL","SI","Sinker",0.3,1,"448",16.3,"130","0.291","0.373","0.365",16.6,20,23.6,"0.234","0.328","0.312",44.7
"Farmer, Kyle",571657,"CIN","SL","Slider",-1.1,-5,"411",19.3,"130","0.215","0.306","0.252",24.1,20,16.8,"0.252","0.377","0.288",36.7
"Stassi, Max",545358,"LAA","FF","4-Seam Fastball",-1.1,-5,"467",32.5,"130","0.177","0.327","0.277",30.2,33.1,30.3,"0.176","0.391","0.299",44.3
"Rodríguez, Julio",677594,"SEA","SL","Slider",1.1,5,"428",20.5,"130","0.268","0.52","0.343",34.2,22.3,22.1,"0.262","0.543","0.348",42.9
"Chapman, Matt",656305,"TOR","SI","Sinker",0.2,1,"493",18.7,"130","0.286","0.42","0.364",16,12.3,14.4,"0.286","0.45","0.37",46.4
"Hoerner, Nico",663538,"CHC","FF","4-Seam Fastball",-1.2,-5,"457",25.2,"129","0.27","0.369","0.299",8.3,12.4,12.4,"0.262","0.426","0.311",43
"McNeil, Jeff",643446,"NYM","SI","Sinker",1.5,6,"402",19.5,"129","0.359","0.521","0.405",7,3.9,6.6,"0.303","0.435","0.35",36.3
"Ruf, Darin",573131,"NYM","FF","4-Seam Fastball",-0.2,-1,"558",34.4,"129","0.225","0.36","0.323",25.4,23.3,18.6,"0.233","0.396","0.324",41.5
"Hayes, Ke'Bryan",663647,"PIT","SI","Sinker",-1.2,-5,"401",18,"128","0.261","0.322","0.309",12,14.1,21.2,"0.267","0.378","0.325",49.5
"Bell, Josh",605137,"SD","CH","Changeup",1.3,6,"492",19.6,"128","0.267","0.457","0.35",33,21.1,20.6,"0.226","0.381","0.298",25.6
"Happ, Ian",664023,"CHC","CH","Changeup",1.1,5,"444",17.4,"128","0.282","0.41","0.327",29.5,20.3,20.5,"0.221","0.326","0.272",20.7
"Ramírez, José",608070,"CLE","CH","Changeup",1.1,5,"488",17.8,"128","0.267","0.483","0.331",20.1,10.9,9.7,"0.283","0.455","0.339",43.5
"Toro, Abraham",647351,"SEA","FF","4-Seam Fastball",-0.4,-2,"503",37.5,"128","0.193","0.368","0.295",17.8,17.2,17.7,"0.203","0.381","0.297",32.6
"Castro, Willi",650489,"DET","FF","4-Seam Fastball",-0.5,-3,"552",38.3,"128","0.261","0.339","0.304",27.5,19.5,13.5,"0.246","0.336","0.295",28.6
"Adames, Willy",642715,"MIL","SI","Sinker",0.5,2,"473",19.2,"127","0.304","0.452","0.376",17.4,15.7,17.7,"0.304","0.505","0.379",43.2
"Ramírez, Harold",623912,"TB","FF","4-Seam Fastball",0.4,2,"473",30,"127","0.325","0.43","0.356",18.1,16.5,12.1,"0.307","0.466","0.361",47.4
"Machado, Manny",592518,"SD","SL","Slider",4,17,"427",18,"127","0.3","0.625","0.426",33.8,28.3,25.9,"0.227","0.432","0.303",44
"Urshela, Gio",570482,"MIN","SL","Slider",-0.7,-3,"465",23.1,"127","0.22","0.339","0.275",25.9,18.9,16.9,"0.235","0.375","0.286",31.6
"Báez, Javier",595879,"DET","FF","4-Seam Fastball",1,6,"568",27.2,"126","0.31","0.543","0.391",30.1,25.4,21.3,"0.24","0.531","0.348",58.8
"Sánchez, Gary",596142,"MIN","SL","Slider",-2.2,-11,"506",26.9,"126","0.148","0.243","0.198",43.5,38.9,29.3,"0.16","0.257","0.217",46.4
"Mateo, Jorge",622761,"BAL","SL","Slider",-0.6,-2,"429",21.6,"126","0.225","0.408","0.282",37.6,27.8,24.1,"0.22","0.379","0.271",26.4
"Judge, Aaron",592450,"NYY","SL","Slider",1.8,10,"560",19.3,"126","0.235","0.559","0.402",40,30.2,20.4,"0.23","0.601","0.408",56.9
"Swanson, Dansby",621020,"ATL","SL","Slider",-0.2,-1,"571",20.8,"126","0.216","0.319","0.276",39.4,34.9,21.3,"0.201","0.325","0.264",34.7
"Stanton, Giancarlo",519317,"NYY","FF","4-Seam Fastball",1.1,7,"639",34.7,"126","0.21","0.524","0.364",37.6,38.1,25.9,"0.189","0.426","0.333",56.9
"Goldschmidt, Paul",502671,"STL","SI","Sinker",1,5,"466",17.3,"125","0.336","0.561","0.418",20.5,13.6,16.2,"0.302","0.551","0.414",47.8
"Kelly, Carson",608348,"AZ","FF","4-Seam Fastball",-1.5,-7,"445",31.3,"125","0.196","0.357","0.272",13,16.8,18.3,"0.228","0.414","0.314",41.9
"Ruiz, Keibert",660688,"WSH","FF","4-Seam Fastball",-0.1,0,"458",29.8,"125","0.283","0.416","0.34",10.5,8,8.4,"0.312","0.482","0.375",35
"Suzuki, Seiya",673548,"CHC","FF","4-Seam Fastball",0.7,4,"576",31,"125","0.306","0.509","0.398",17,20.8,14.5,"0.269","0.508","0.375",54.2
"Guillorme, Luis",641645,"NYM","FF","4-Seam Fastball",-0.3,-2,"506",36.9,"125","0.274","0.368","0.351",14.9,16.8,14.7,"0.249","0.368","0.33",28.2
"Bogaerts, Xander",593428,"BOS","SL","Slider",0.7,3,"456",18.2,"124","0.289","0.474","0.351",34.7,18.5,16.3,"0.234","0.375","0.296",32.6
"Estrada, Thairo",642731,"SF","SI","Sinker",-0.9,-4,"424",21.8,"124","0.241","0.33","0.301",11.5,8.1,13,"0.233","0.329","0.281",26.9
"Suárez, Eugenio",553993,"SEA","SI","Sinker",2,10,"491",18.8,"124","0.294","0.539","0.421",23.2,18.5,20.9,"0.265","0.524","0.395",37.5
"Arozarena, Randy",668227,"TB","SL","Slider",0.2,1,"540",21.4,"124","0.248","0.393","0.314",36,27.4,21.1,"0.215","0.338","0.264",38.6
"Abreu, José",547989,"CWS","SI","Sinker",0.5,2,"475",17.4,"124","0.333","0.412","0.39",10.3,7.3,11.1,"0.319","0.441","0.36",55.2
"Pujols, Albert",405395,"STL","FF","4-Seam Fastball",3.9,16,"408",29.5,"124","0.37","0.722","0.477",14.3,11.3,12.2,"0.309","0.621","0.421",51
"Voit, Luke",572228,"WSH","SL","Slider",0.6,3,"435",19.4,"124","0.224","0.439","0.31",41.5,26.6,24.3,"0.204","0.453","0.315",38
"Grandal, Yasmani",518735,"CWS","FF","4-Seam Fastball",-1.7,-10,"579",36.8,"124","0.192","0.222","0.282",16.8,12.9,10.6,"0.253","0.426","0.369",47.6
"Taylor, Tyrone",621438,"MIL","FF","4-Seam Fastball",-1.1,-5,"430",28.3,"124","0.164","0.355","0.271",21.6,30.6,26.2,"0.185","0.379","0.29",34.7
"Hoskins, Rhys",656555,"PHI","SI","Sinker",1.2,6,"523",18.1,"122","0.321","0.578","0.416",15.4,11.5,13,"0.305","0.598","0.416",45.3
"Ohtani, Shohei",660271,"LAA","CH","Changeup",-0.4,-2,"462",18.1,"122","0.193","0.33","0.276",30.6,23,22.2,"0.242","0.423","0.329",35.8
"Isbel, Kyle",664728,"KC","FF","4-Seam Fastball",-3.2,-14,"426",39.7,"122","0.17","0.268","0.22",18.1,28.7,31,"0.206","0.325","0.256",39.2
"Celestino, Gilberto",665482,"MIN","FF","4-Seam Fastball",-1.2,-6,"504",36.4,"122","0.229","0.286","0.296",21.1,23.8,20.3,"0.246","0.332","0.311",45.5
"Stallings, Jacob",607732,"MIA","FF","4-Seam Fastball",-0.9,-4,"468",31.8,"122","0.223","0.33","0.305",18.8,20.5,20.7,"0.227","0.362","0.319",38
"Senzel, Nick",669222,"CIN","FF","4-Seam Fastball",0.7,3,"428",29.3,"121","0.255","0.382","0.342",19.3,18.2,18.8,"0.258","0.431","0.358",42.5
"Kim, Ha-Seong",673490,"SD","SI","Sinker",0,0,"425",18,"121","0.278","0.352","0.325",12,14,20,"0.289","0.381","0.335",33
"Barnhart, Tucker",571466,"DET","FF","4-Seam Fastball",-0.3,-1,"430",36.6,"121","0.255","0.321","0.323",14.5,16.5,17.7,"0.239","0.336","0.301",34.5
"Grichuk, Randal",545341,"COL","SI","Sinker",-0.5,-2,"401",20.3,"121","0.3","0.345","0.349",15.3,15.7,22.9,"0.243","0.291","0.278",50.5
"Riley, Austin",663586,"ATL","SI","Sinker",-1,-5,"475",18,"121","0.24","0.394","0.332",15.1,14,18.3,"0.274","0.478","0.376",48.3
"Nootbaar, Lars",663457,"STL","FF","4-Seam Fastball",0.3,1,"465",33.5,"121","0.25","0.417","0.348",11.5,19.8,17.9,"0.29","0.55","0.416",57.9
"Lindor, Francisco",596019,"NYM","SI","Sinker",0.2,1,"430",15.2,"121","0.253","0.414","0.373",12.4,10.7,15.1,"0.287","0.498","0.403",47.1
"Kiner-Falefa, Isiah",643396,"NYY","SI","Sinker",-2.2,-8,"375",19.3,"120","0.226","0.245","0.278",5.4,8.3,13.9,"0.262","0.306","0.296",25.5
"Hoskins, Rhys",656555,"PHI","SL","Slider",1,6,"565",19.5,"120","0.184","0.417","0.331",37.3,33.3,20.9,"0.197","0.46","0.331",48.4
"Peña, Jeremy",665161,"HOU","SL","Slider",1.1,4,"407",20.3,"120","0.27","0.477","0.347",36.4,29.2,24.6,"0.243","0.458","0.314",39.2
"Vaughn, Andrew",683734,"CWS","SL","Slider",0,0,"431",20.7,"119","0.223","0.366","0.287",30.3,25.2,22.9,"0.188","0.303","0.232",35.7
"Alonso, Pete",624413,"NYM","SL","Slider",1.5,6,"421",16.8,"119","0.202","0.486","0.322",35.3,27.7,22.3,"0.226","0.499","0.34",44.2
"France, Ty",664034,"SEA","SL","Slider",0.3,1,"406",18.4,"119","0.257","0.41","0.318",25,18.5,16.1,"0.246","0.403","0.315",31.4
"Straw, Myles",664702,"CLE","SI","Sinker",-1.4,-5,"353",15,"118","0.231","0.288","0.284",4.5,5.9,10.4,"0.257","0.361","0.312",30.3
"LeMahieu, DJ",518934,"NYY","SI","Sinker",-0.4,-2,"459",21.3,"118","0.223","0.252","0.296",7.9,5.9,7.2,"0.263","0.312","0.31",36.5
"Díaz, Yandy",650490,"TB","SI","Sinker",1.7,7,"412",19.1,"118","0.365","0.458","0.421",6.1,10.2,18.8,"0.253","0.313","0.329",41.2
"Freeman, Freddie",518692,"LAD","SI","Sinker",0.8,4,"469",17,"118","0.321","0.538","0.428",20.3,18.6,20,"0.302","0.591","0.409",48.8
"Smith, Will",669257,"LAD","SL","Slider",-1.6,-8,"502",21.2,"118","0.144","0.243","0.205",26.5,21.2,15.6,"0.181","0.343","0.251",34.9
"Suwinski, Jack",669261,"PIT","FF","4-Seam Fastball",-0.2,-1,"526",33.5,"118","0.208","0.406","0.32",26.4,32.2,21,"0.193","0.397","0.308",48.4
"Correa, Carlos",621043,"MIN","SL","Slider",-0.1,0,"500",20.7,"118","0.202","0.346","0.283",32.6,31.4,19.4,"0.218","0.433","0.322",38.2
"Rodgers, Brendan",663898,"COL","SI","Sinker",-1.7,-7,"404",19.1,"117","0.202","0.317","0.286",11.8,8.5,11.4,"0.267","0.398","0.334",45.7
"Adames, Willy",642715,"MIL","SL","Slider",1.2,6,"463",18.8,"117","0.206","0.523","0.331",40.3,36.8,27,"0.215","0.498","0.324",42.4
"Cron, C.J.",543068,"COL","SI","Sinker",0.2,1,"465",18.6,"117","0.32","0.42","0.378",13.9,16.2,18.3,"0.282","0.406","0.356",49.4
"Goldschmidt, Paul",502671,"STL","SL","Slider",1.7,10,"576",21.3,"117","0.293","0.515","0.414",41.6,31.6,18.8,"0.188","0.342","0.299",40.3
"Bradley Jr., Jackie",598265,"TOR","FF","4-Seam Fastball",1.4,7,"486",35,"117","0.327","0.551","0.402",24.6,17.1,16.4,"0.274","0.47","0.35",48.3
"Morel, Christopher",666624,"CHC","FF","4-Seam Fastball",1.1,5,"470",28.8,"116","0.245","0.571","0.395",48.7,45.7,31.4,"0.222","0.555","0.384",57.8
"Realmuto, J.T.",592663,"PHI","SL","Slider",0.5,2,"442",20.2,"116","0.238","0.448","0.329",30.8,28.4,21.2,"0.227","0.417","0.314",47.2
"Cron, C.J.",543068,"COL","SL","Slider",-1.6,-7,"448",17.9,"116","0.176","0.287","0.234",33.9,31.9,21.8,"0.182","0.291","0.232",29.2
"Biggio, Cavan",624415,"TOR","FF","4-Seam Fastball",-0.7,-3,"451",35.2,"116","0.214","0.378","0.326",17.6,20.7,17,"0.215","0.399","0.326",34.7
"Witt Jr., Bobby",677951,"KC","SL","Slider",1,4,"423",18.1,"116","0.294","0.431","0.338",26.3,14.7,12.7,"0.271","0.393","0.306",31.2
"Laureano, Ramón",657656,"ATH","FF","4-Seam Fastball",2,8,"420",27.7,"116","0.314","0.59","0.413",20.4,21.6,18.9,"0.27","0.571","0.387",50
"Pham, Tommy",502054,"BOS","SL","Slider",-0.9,-4,"460",18.4,"116","0.193","0.339","0.255",41.3,34.5,26.3,"0.186","0.326","0.247",46.4
"Haase, Eric",606992,"DET","FF","4-Seam Fastball",-1.1,-5,"488",35.5,"116","0.196","0.383","0.283",30.3,33.6,23.5,"0.187","0.358","0.265",42
"India, Jonathan",663697,"CIN","FF","4-Seam Fastball",1.3,6,"488",28.3,"116","0.32","0.505","0.394",23.6,24.1,19.6,"0.255","0.454","0.346",32
"Gurriel, Yuli",493329,"HOU","SL","Slider",1.3,5,"376",17.8,"116","0.268","0.446","0.334",21,15.5,14.3,"0.248","0.336","0.274",35.8
"Martinez, J.D.",502110,"BOS","SL","Slider",-1.1,-5,"458",19.2,"116","0.198","0.311","0.26",40.1,31,21.8,"0.193","0.367","0.273",28.8
"Suárez, Eugenio",553993,"SEA","SL","Slider",1,5,"505",19.3,"116","0.229","0.495","0.328",41.7,36.2,22.5,"0.206","0.491","0.32",38.5
"Marte, Starling",516782,"NYM","SI","Sinker",-0.1,-1,"430",22.4,"115","0.28","0.421","0.354",14.9,14.8,20.5,"0.276","0.397","0.322",28.9
"Bohm, Alec",664761,"PHI","SL","Slider",0.3,1,"420",18.3,"115","0.274","0.368","0.303",29.3,22.6,17,"0.301","0.476","0.351",43.4
"Buxton, Byron",621439,"MIN","FF","4-Seam Fastball",2.1,10,"482",31.5,"115","0.255","0.676","0.434",29.2,27,23.7,"0.268","0.697","0.433",60.6
"Wisdom, Patrick",621550,"CHC","SL","Slider",-1.1,-5,"509",23.1,"115","0.181","0.333","0.253",42,35.7,21.6,"0.165","0.314","0.251",38.5
"d'Arnaud, Travis",518595,"ATL","FF","4-Seam Fastball",0.5,3,"499",30.6,"115","0.25","0.481","0.346",24.7,27,18.2,"0.193","0.393","0.291",53.4
"Schoop, Jonathan",570731,"DET","SL","Slider",0.4,2,"408",22.8,"114","0.2","0.391","0.285",36.5,23.7,20.9,"0.245","0.398","0.291",37.3
"Aguilar, Jesús",542583,"BAL","SI","Sinker",0.8,3,"422",20.3,"114","0.317","0.485","0.379",14.1,12.3,16.9,"0.296","0.472","0.372",41.4
"Flores, Wilmer",527038,"SF","SI","Sinker",0.9,4,"407",16.8,"114","0.333","0.505","0.381",7.8,5.3,6.7,"0.292","0.463","0.363",42.3
"Sánchez, Jesús",660821,"MIA","FF","4-Seam Fastball",-0.7,-3,"470",33.8,"114","0.178","0.317","0.266",25.7,31.6,22.9,"0.189","0.335","0.278",43.1
"Adell, Jo",666176,"LAA","FF","4-Seam Fastball",-1.5,-7,"447",38,"114","0.181","0.286","0.242",38.4,43.9,29.2,"0.159","0.255","0.221",48.2
"Pasquantino, Vinnie",686469,"KC","FF","4-Seam Fastball",1.9,7,"372",35.8,"114","0.286","0.484","0.415",8.5,12.3,13.7,"0.263","0.537","0.404",45.6
"Hedges, Austin",595978,"CLE","FF","4-Seam Fastball",-1.6,-7,"452",35.5,"113","0.125","0.229","0.227",29.9,26.5,22.9,"0.159","0.263","0.245",27.5
"Smith, Josh",669701,"TEX","FF","4-Seam Fastball",-0.8,-4,"456",43.5,"113","0.231","0.264","0.307",15,9.7,9.3,"0.24","0.35","0.34",27.2
"García, Leury",544725,"CWS","FF","4-Seam Fastball",-2,-9,"428",37.2,"113","0.208","0.321","0.249",19.8,13.3,12.2,"0.248","0.416","0.3",41.5
"Semien, Marcus",543760,"TEX","SI","Sinker",0.1,0,"361",13,"113","0.267","0.476","0.345",9.3,9.7,14.7,"0.292","0.474","0.348",38.9
"Gorman, Nolan",669357,"STL","FF","4-Seam Fastball",-0.8,-4,"491",37.3,"113","0.155","0.34","0.276",36.5,34.5,21.8,"0.187","0.458","0.33",50
"Senzel, Nick",669222,"CIN","SI","Sinker",-0.9,-3,"349",23.9,"113","0.224","0.235","0.305",11.2,10.6,15.4,"0.259","0.367","0.324",36.8
"Judge, Aaron",592450,"NYY","SI","Sinker",3.4,16,"469",16.2,"113","0.37","0.81","0.525",14.9,12.4,14.3,"0.402","0.914","0.569",64
"Anderson, Brian",605119,"MIA","FF","4-Seam Fastball",0.8,4,"474",30.7,"112","0.278","0.478","0.39",23.6,17.9,13.2,"0.278","0.545","0.412",54.9
"Renfroe, Hunter",592669,"MIL","SL","Slider",0.3,1,"424",20.9,"112","0.214","0.456","0.308",39,32.1,25,"0.214","0.43","0.299",38.2
"Hernández, Teoscar",606192,"TOR","SL","Slider",-0.7,-3,"450",21.6,"112","0.21","0.314","0.279",42.9,44.6,33.3,"0.184","0.318","0.245",45.5
"Ozuna, Marcell",542303,"ATL","SL","Slider",1.1,5,"446",22,"112","0.269","0.51","0.347",41.6,30.4,20.1,"0.26","0.506","0.343",38.9
"Martinez, J.D.",502110,"BOS","SI","Sinker",2.2,8,"379",15.9,"112","0.38","0.63","0.461",16.4,8,10,"0.371","0.664","0.469",47.3
"Robles, Victor",645302,"WSH","FF","4-Seam Fastball",-1.9,-7,"385",27.2,"112","0.229","0.295","0.251",24.6,23.2,23.4,"0.214","0.299","0.244",24.7
"Farmer, Kyle",571657,"CIN","SI","Sinker",-1.5,-7,"459",21.6,"112","0.231","0.375","0.293",10.5,7.1,9.4,"0.257","0.395","0.307",32
"Kim, Ha-Seong",673490,"SD","SL","Slider",0.1,0,"474",20.1,"111","0.248","0.347","0.31",27.2,19.8,13.6,"0.232","0.34","0.285",25.9
"Seager, Corey",608369,"TEX","SL","Slider",-0.7,-3,"393",17.3,"111","0.204","0.35","0.27",38.3,21.6,21.6,"0.22","0.437","0.308",34.2
"Kirk, Alejandro",672386,"TOR","SI","Sinker",0.9,4,"382",17.4,"111","0.347","0.426","0.391",7.5,3.6,5.5,"0.292","0.443","0.345",39.8
"Caratini, Victor",605170,"MIL","FF","4-Seam Fastball",-1.1,-5,"435",34.9,"111","0.184","0.316","0.264",12.9,18.9,17.8,"0.225","0.328","0.294",39.7
"Santander, Anthony",623993,"BAL","CH","Changeup",1.4,6,"454",17.4,"111","0.252","0.495","0.345",19,10.8,8.8,"0.291","0.547","0.375",42.4
"Soto, Juan",665742,"SD","CH","Changeup",0.5,2,"444",16.1,"110","0.189","0.284","0.289",27.7,16.4,13.1,"0.226","0.396","0.326",35.1
"Siri, Jose",642350,"TB","FF","4-Seam Fastball",-1.4,-6,"414",32.7,"110","0.194","0.286","0.261",31.7,38.2,28.6,"0.19","0.328","0.274",32.1
"Reyes, Franmil",614177,"CHC","SL","Slider",-0.9,-4,"443",23.9,"110","0.183","0.317","0.256",48.5,41.8,28.6,"0.167","0.308","0.229",39.7
"Hernández, César",514917,"WSH","CH","Changeup",-1.5,-6,"390",16.5,"110","0.154","0.202","0.197",29.3,21.8,16.6,"0.207","0.265","0.229",21
"Betts, Mookie",605141,"LAD","SL","Slider",1.2,5,"398",16.4,"110","0.282","0.544","0.37",27.7,24.5,22.5,"0.259","0.483","0.339",40.8
"Margot, Manuel",622534,"TB","FF","4-Seam Fastball",-0.5,-2,"494",35.4,"109","0.299","0.392","0.346",22.9,16.5,12.9,"0.283","0.39","0.336",40.5
"Hoerner, Nico",663538,"CHC","SI","Sinker",0.1,0,"327",18,"109","0.327","0.398","0.363",3.3,6.4,11.5,"0.333","0.413","0.359",34.1
"Hoerner, Nico",663538,"CHC","SL","Slider",3.6,13,"365",20.1,"109","0.352","0.571","0.427",25.1,12.8,12.6,"0.324","0.444","0.347",36.7
"De La Cruz, Bryan",650559,"MIA","FF","4-Seam Fastball",-0.2,-1,"361",26,"109","0.25","0.458","0.335",28.8,27.5,25.4,"0.298","0.617","0.411",60.3
"Arozarena, Randy",668227,"TB","SI","Sinker",-0.5,-2,"432",17.1,"109","0.271","0.417","0.356",15.5,11.9,17.6,"0.272","0.373","0.331",43.4
"McGuire, Reese",624512,"BOS","FF","4-Seam Fastball",0.6,2,"393",40.6,"109","0.301","0.452","0.363",14.9,17.4,17.8,"0.261","0.405","0.324",28.7
"Votto, Joey",458015,"CIN","FF","4-Seam Fastball",0.1,0,"480",32.3,"109","0.205","0.477","0.363",22.9,22.9,17.6,"0.26","0.591","0.423",58.7
"O'Neill, Tyler",641933,"STL","FF","4-Seam Fastball",0,0,"496",31.1,"108","0.237","0.398","0.324",23.3,24.1,17,"0.262","0.512","0.382",52.9
"Ortega, Rafael",542364,"CHC","FF","4-Seam Fastball",-0.6,-3,"471",31.2,"108","0.221","0.326","0.307",20.6,25.9,18.1,"0.195","0.327","0.308",40.3
"Olson, Matt",621566,"ATL","SL","Slider",-0.1,0,"480",16.6,"108","0.181","0.372","0.286",31.7,27.8,16.5,"0.219","0.403","0.319",43.1
"González, Luis",670768,"SF","FF","4-Seam Fastball",-1.6,-8,"492",33.4,"108","0.217","0.272","0.267",22.6,22.2,16.2,"0.203","0.311","0.274",36.6
"Berti, Jon",542932,"MIA","FF","4-Seam Fastball",0.7,4,"506",32.2,"108","0.256","0.415","0.403",24.9,18.5,14.6,"0.25","0.467","0.4",53.2
"Taveras, Leody",665750,"TEX","FF","4-Seam Fastball",-0.3,-2,"434",34.1,"108","0.316","0.389","0.335",22.1,14.8,13.8,"0.284","0.396","0.331",51.2
"Franco, Wander",677551,"TB","FF","4-Seam Fastball",2.2,10,"441",36.3,"108","0.337","0.547","0.411",8.3,6.5,6.7,"0.371","0.586","0.442",41.6
"Bregman, Alex",608324,"HOU","SL","Slider",2.8,12,"425",16.9,"107","0.3","0.589","0.407",21,15.9,13.7,"0.24","0.401","0.339",35.5
"Pollock, AJ",572041,"CWS","SL","Slider",-1.6,-6,"375",20.4,"107","0.184","0.272","0.218",32.3,23.4,21.4,"0.199","0.278","0.227",29.1
"Dozier, Hunter",641531,"KC","SL","Slider",-0.8,-4,"431",22.2,"107","0.173","0.296","0.261",40.6,27.1,18.7,"0.239","0.405","0.305",37.1
"Iglesias, Jose",578428,"COL","SL","Slider",1.8,5,"278",16,"107","0.317","0.394","0.328",14.2,11.2,11.2,"0.278","0.33","0.273",25.8
"Joe, Connor",656582,"COL","SI","Sinker",-0.7,-2,"350",18.4,"107","0.271","0.344","0.342",7.6,12.1,16.7,"0.26","0.366","0.317",34.9
"Trevino, Jose",624431,"NYY","FF","4-Seam Fastball",-0.5,-2,"389",30.9,"107","0.263","0.434","0.34",13.9,11.2,13.8,"0.266","0.416","0.323",44.8
"Devers, Rafael",646240,"BOS","CH","Changeup",3,10,"341",15.3,"107","0.337","0.541","0.409",19.2,5.6,6,"0.298","0.53","0.387",53.8
"Gurriel, Yuli",493329,"HOU","SI","Sinker",-1.4,-5,"351",16.6,"106","0.265","0.347","0.311",6.4,5.7,10.7,"0.26","0.33","0.285",44.1
"Altuve, Jose",514888,"HOU","SL","Slider",0.5,2,"452",19.6,"106","0.275","0.374","0.338",21.4,17.9,11.2,"0.216","0.316","0.296",23.3
"Ward, Taylor",621493,"LAA","SL","Slider",1.3,5,"406",17.7,"106","0.271","0.5","0.358",36.1,31.1,27.5,"0.242","0.475","0.341",41.5
"France, Ty",664034,"SEA","SI","Sinker",-0.9,-3,"390",17.6,"106","0.278","0.371","0.346",10.4,5.7,10.3,"0.287","0.393","0.329",40.7
"Hernández, Teoscar",606192,"TOR","SI","Sinker",-0.7,-3,"377",18.1,"106","0.296","0.449","0.35",23.6,13.2,17.9,"0.304","0.495","0.369",54.8
"Brown, Seth",664913,"ATH","CH","Changeup",-0.3,-1,"396",18,"106","0.21","0.34","0.262",36.9,27.4,27.1,"0.217","0.356","0.272",32.4
"Rojas, Miguel",500743,"MIA","SI","Sinker",-0.9,-3,"354",19.5,"106","0.258","0.361","0.316",4,7.5,11.4,"0.31","0.402","0.339",31.1
"Hiura, Keston",669374,"MIL","FF","4-Seam Fastball",2.5,11,"457",39.9,"106","0.22","0.538","0.39",46.4,43.4,25.4,"0.2","0.506","0.352",51.1
"Belt, Brandon",474832,"SF","FF","4-Seam Fastball",-0.2,-1,"458",38.4,"106","0.215","0.452","0.331",33.3,32.1,26.2,"0.19","0.445","0.32",42.4
"Chavis, Michael",656308,"PIT","SL","Slider",-1.6,-5,"329",21.6,"106","0.196","0.343","0.234",31.5,25.5,25.2,"0.176","0.301","0.216",36.4
"Estrada, Thairo",642731,"SF","SL","Slider",-0.1,0,"339",17.4,"105","0.222","0.384","0.294",32.3,27.6,23.4,"0.254","0.388","0.297",36.6
"Harper, Bryce",547180,"PHI","FF","4-Seam Fastball",2.2,11,"520",32.6,"105","0.33","0.615","0.449",24,20,12.1,"0.3","0.58","0.417",55.7
"Acuña Jr., Ronald",660670,"ATL","SL","Slider",2.5,9,"361",16.7,"105","0.316","0.474","0.378",36,33.3,27.3,"0.246","0.434","0.331",48.3
"India, Jonathan",663697,"CIN","SI","Sinker",0.2,1,"392",22.7,"105","0.278","0.356","0.362",11.8,11.4,14.6,"0.307","0.399","0.366",34.6
"Daza, Yonathan",602074,"COL","FF","4-Seam Fastball",1.2,5,"444",28.9,"105","0.379","0.505","0.424",16.5,19,14.8,"0.308","0.438","0.359",32
"Grichuk, Randal",545341,"COL","SL","Slider",0,0,"388",19.6,"105","0.22","0.44","0.305",40.7,34.3,26.9,"0.21","0.382","0.279",32.8
"Wendle, Joey",621563,"MIA","FF","4-Seam Fastball",-0.2,-1,"411",32.1,"105","0.303","0.404","0.331",10.7,10.5,10.8,"0.278","0.361","0.302",36.4
"Hays, Austin",669720,"BAL","SI","Sinker",-0.5,-2,"384",18.7,"105","0.253","0.352","0.325",19.7,14.3,19.2,"0.229","0.289","0.29",42.3
"Bellinger, Cody",641355,"LAD","SI","Sinker",1.9,7,"373",16.2,"105","0.359","0.63","0.457",12.6,13.3,17.7,"0.331","0.589","0.427",44.4
"Chavis, Michael",656308,"PIT","FF","4-Seam Fastball",-1.6,-8,"482",31.6,"105","0.163","0.25","0.229",32.8,39,25.2,"0.2","0.315","0.276",51.9
"Andrus, Elvis",462101,"CWS","SL","Slider",-0.6,-3,"453",20.1,"104","0.235","0.378","0.288",33.2,20.2,14,"0.255","0.335","0.283",28.6
"Franco, Maikel",596748,"WSH","FF","4-Seam Fastball",-0.7,-2,"338",23.8,"104","0.306","0.429","0.328",16.7,10.6,11.2,"0.278","0.443","0.32",38.2
"Rosario, Amed",642708,"CLE","SI","Sinker",-1.9,-7,"387",16.2,"104","0.242","0.323","0.277",11.2,9.6,14.9,"0.277","0.379","0.306",40.4
"Smith, Will",669257,"LAD","SI","Sinker",2.7,10,"392",16.5,"104","0.364","0.591","0.464",12.2,14.4,18.5,"0.334","0.619","0.443",54.1
"Hays, Austin",669720,"BAL","SL","Slider",1.3,5,"382",18.6,"104","0.265","0.459","0.357",34.1,19.2,20.6,"0.216","0.37","0.277",30.8
"Dickerson, Corey",572816,"STL","FF","4-Seam Fastball",-0.7,-3,"452",41.7,"104","0.281","0.417","0.319",19.4,12.5,11.2,"0.288","0.406","0.325",41.7
"Murphy, Sean",669221,"ATH","SI","Sinker",1.3,5,"393",16.6,"104","0.279","0.488","0.4",12.8,9.6,13.2,"0.259","0.474","0.377",40.8
"Anderson, Tim",641313,"CWS","FF","4-Seam Fastball",-0.5,-2,"376",32.9,"104","0.266","0.404","0.329",21.9,15.4,18,"0.276","0.465","0.353",44.9
"Longoria, Evan",446334,"SF","FF","4-Seam Fastball",1.2,5,"391",32.9,"104","0.237","0.548","0.366",24,27.9,22.7,"0.202","0.503","0.338",50
"Torres, Gleyber",650402,"NYY","SL","Slider",0.4,2,"446",20,"104","0.274","0.453","0.331",35.9,23.1,18.2,"0.277","0.475","0.347",45.2
"Cordero, Franchy",614173,"BOS","FF","4-Seam Fastball",-0.1,0,"401",36.8,"104","0.22","0.363","0.307",31.8,28.8,26.5,"0.217","0.402","0.312",45.2
"Chapman, Matt",656305,"TOR","SL","Slider",0.4,1,"416",15.8,"104","0.202","0.415","0.317",36.3,32.7,24.6,"0.226","0.434","0.326",51.7
"Bethancourt, Christian",542194,"TB","FF","4-Seam Fastball",0.1,0,"372",33.6,"103","0.25","0.438","0.325",30.4,21.4,20.8,"0.263","0.528","0.356",52
"Andrus, Elvis",462101,"CWS","SI","Sinker",0.1,0,"387",17.2,"103","0.289","0.4","0.362",14.2,10.7,14.5,"0.271","0.378","0.335",38
"Schwarber, Kyle",656941,"PHI","SI","Sinker",1.2,5,"430",14.9,"103","0.291","0.535","0.417",18.2,16.5,17,"0.313","0.599","0.439",50.7
"Slater, Austin",596103,"SF","FF","4-Seam Fastball",0.8,3,"458",34.5,"103","0.278","0.418","0.38",31.1,24.3,19.1,"0.278","0.466","0.396",42.9
"Narváez, Omar",553882,"MIL","FF","4-Seam Fastball",-1.4,-6,"416",35.2,"103","0.232","0.284","0.266",25.9,27.2,21.2,"0.199","0.267","0.241",22.4
"Arenado, Nolan",571448,"STL","SI","Sinker",1.4,6,"441",18.9,"103","0.36","0.573","0.439",11.2,5.8,6.9,"0.342","0.57","0.425",47.6
"Moustakas, Mike",519058,"CIN","FF","4-Seam Fastball",-0.9,-4,"408",35.5,"102","0.2","0.356","0.284",27.2,26.5,21.1,"0.172","0.301","0.256",28.1
"Friedl, TJ",670770,"CIN","FF","4-Seam Fastball",-0.7,-2,"363",36.5,"102","0.235","0.376","0.307",10.3,6.9,6.6,"0.223","0.34","0.298",26.8
"Rivas III, Alfonso",663845,"CHC","FF","4-Seam Fastball",-1,-5,"445",36.8,"102","0.233","0.244","0.292",23.1,27.5,18.7,"0.233","0.325","0.308",39
"García, Adolis",666969,"TEX","SI","Sinker",1.6,6,"378",14.9,"102","0.38","0.565","0.448",14,5.9,10.3,"0.315","0.524","0.392",47.1
"Hernandez, Yadiel",628450,"WSH","FF","4-Seam Fastball",1,4,"437",33.5,"102","0.322","0.444","0.396",31.9,22.5,17.6,"0.259","0.46","0.355",52.9
"Phillips, Brett",621433,"BAL","FF","4-Seam Fastball",-2.6,-11,"447",45.5,"102","0.102","0.205","0.186",38.1,38.2,27.7,"0.144","0.232","0.221",26.4
"Reynolds, Bryan",668804,"PIT","CH","Changeup",0,0,"413",17.9,"102","0.207","0.326","0.275",37.2,26.5,24.1,"0.226","0.35","0.291",27.7
"Gonzalez, Oscar",660757,"CLE","SL","Slider",0.6,2,"300",21.3,"102","0.26","0.458","0.336",30.3,23.5,23.8,"0.254","0.411","0.302",37.8
"Cruz, Nelson",443558,"WSH","SI","Sinker",1,3,"325",16.3,"102","0.281","0.416","0.378",23.2,14.7,21.4,"0.247","0.42","0.338",51.4
"Rojas, Miguel",500743,"MIA","SL","Slider",0.3,1,"355",19.6,"101","0.242","0.358","0.303",32.6,19.8,16.1,"0.241","0.321","0.271",20
"Verdugo, Alex",657077,"BOS","SI","Sinker",0.8,3,"396",15.9,"101","0.33","0.44","0.39",9.3,8.9,9.5,"0.275","0.394","0.33",29.3
"Verdugo, Alex",657077,"BOS","CH","Changeup",-0.3,-1,"363",14.6,"101","0.242","0.347","0.267",21.2,17.8,19.6,"0.242","0.376","0.286",27.8
"Rosario, Eddie",592696,"ATL","FF","4-Seam Fastball",-1.2,-4,"360",35.7,"101","0.198","0.302","0.282",31.2,23.8,21.6,"0.186","0.342","0.282",42.2
"Freeman, Freddie",518692,"LAD","CH","Changeup",2.2,8,"355",12.9,"101","0.315","0.506","0.389",19.6,10.9,11.5,"0.309","0.561","0.406",41.8
"Urías, Ramón",602104,"BAL","SI","Sinker",-0.2,0,"303",18.4,"101","0.298","0.362","0.337",11,12.9,21.7,"0.283","0.388","0.317",45.1
"Varsho, Daulton",662139,"AZ","SI","Sinker",-1,-3,"313",13.5,"101","0.224","0.365","0.32",16,15.8,19,"0.23","0.46","0.351",44.3
"Segura, Jean",516416,"PHI","SI","Sinker",-0.8,-3,"340",24.2,"100","0.337","0.348","0.351",5.7,4,8.5,"0.265","0.32","0.293",34.1
"Brown, Seth",664913,"ATH","SL","Slider",-0.4,-1,"344",15.7,"100","0.13","0.304","0.225",43.1,45,33.3,"0.185","0.365","0.266",35.4
"Varsho, Daulton",662139,"AZ","SL","Slider",-0.9,-3,"370",15.9,"100","0.196","0.337","0.264",29.1,28,22,"0.18","0.312","0.245",23.1
"Tellez, Rowdy",642133,"MIL","CH","Changeup",-0.5,-2,"346",14.5,"100","0.181","0.34","0.265",23.9,19,23.5,"0.239","0.386","0.287",29.9
"Altuve, Jose",514888,"HOU","SI","Sinker",2.5,8,"336",14.6,"100","0.341","0.659","0.469",11.6,10,13.3,"0.327","0.6","0.432",30.8
"Contreras, William",661388,"ATL","FF","4-Seam Fastball",2.5,11,"419",27.1,"100","0.31","0.655","0.454",33.3,26,21,"0.287","0.641","0.438",67.8
"Cooper, Garrett",643265,"MIA","SI","Sinker",-0.6,-2,"394",21.2,"100","0.198","0.36","0.311",18.5,22,25,"0.229","0.429","0.339",43.8
"Díaz, Yandy",650490,"TB","SL","Slider",1.5,5,"337",15.6,"100","0.244","0.378","0.329",16.8,9,7.8,"0.289","0.44","0.353",42
"Miller, Brad",543543,"TEX","FF","4-Seam Fastball",-1,-4,"366",40,"99","0.222","0.333","0.294",34.8,22.2,22.4,"0.219","0.374","0.293",50
"Mancini, Trey",641820,"HOU","SL","Slider",0.9,4,"442",18.7,"99","0.261","0.467","0.33",41.1,33.3,23.2,"0.174","0.318","0.244",33.3
"Cronenworth, Jake",630105,"SD","SI","Sinker",1.4,6,"394",14.8,"99","0.304","0.519","0.423",7.1,11.1,14.5,"0.282","0.45","0.385",43.5
"Seager, Corey",608369,"TEX","CH","Changeup",-0.9,-3,"353",15.6,"99","0.223","0.298","0.247",27.6,15.2,15.5,"0.262","0.42","0.307",33.8
"Merrifield, Whit",593160,"TOR","SI","Sinker",-2.2,-7,"342",17,"99","0.188","0.271","0.263",8.5,7.1,10.3,"0.241","0.376","0.327",30.4
"Ohtani, Shohei",660271,"LAA","SL","Slider",-0.6,-2,"367",14.4,"98","0.187","0.396","0.269",38.5,38.8,33,"0.171","0.415","0.272",42.6
"Contreras, Willson",575929,"CHC","SI","Sinker",2.5,8,"316",17.5,"98","0.266","0.532","0.412",15.4,7.1,11.1,"0.319","0.587","0.445",50.7
"Flores, Wilmer",527038,"SF","SL","Slider",-0.2,-1,"449",18.5,"98","0.167","0.286","0.258",28.1,30.6,17.3,"0.165","0.259","0.25",23.6
"Reyes, Franmil",614177,"CHC","SI","Sinker",-0.2,-1,"330",17.8,"98","0.297","0.396","0.34",22.5,16.3,24.2,"0.252","0.44","0.324",45.3
"Nola, Austin",543592,"SD","SI","Sinker",-1.3,-4,"335",22,"98","0.315","0.371","0.329",6.7,8.2,10.4,"0.308","0.441","0.353",39.8
"McCutchen, Andrew",457705,"MIL","SL","Slider",-0.6,-3,"443",18.7,"98","0.167","0.278","0.232",34.7,30.6,22.1,"0.211","0.337","0.275",29.5
"Yelich, Christian",592885,"MIL","SL","Slider",0,0,"403",14.7,"98","0.239","0.364","0.323",30.4,27.6,18.5,"0.232","0.361","0.3",49.2
"Hayes, Ke'Bryan",663647,"PIT","SL","Slider",-0.2,-1,"439",19.7,"98","0.241","0.356","0.301",33.3,29.6,17.8,"0.221","0.336","0.286",42.4
"Hernández, César",514917,"WSH","SI","Sinker",-0.3,-1,"329",13.9,"98","0.307","0.386","0.344",9.2,11.2,19.3,"0.299","0.401","0.346",41.6
"Thomas, Alek",677950,"AZ","FF","4-Seam Fastball",-1.6,-7,"451",30.4,"98","0.174","0.291","0.261",31,24.5,21.4,"0.234","0.375","0.308",44.4
"Rengifo, Luis",650859,"LAA","CH","Changeup",-2.2,-7,"315",17.3,"98","0.216","0.32","0.237",28.7,12.2,12.8,"0.251","0.383","0.278",27.1
"Morel, Christopher",666624,"CHC","SL","Slider",0.9,3,"349",21.4,"98","0.228","0.413","0.316",37.3,28.6,25,"0.214","0.398","0.286",35.9
"Drury, Brandon",592273,"SD","SL","Slider",0.7,3,"450",20.1,"97","0.211","0.456","0.321",34.1,30.9,20.5,"0.205","0.388","0.284",46.7
"Mullins, Cedric",656775,"BAL","CH","Changeup",0.5,2,"298",12.1,"97","0.266","0.426","0.304",20.1,16.5,17,"0.262","0.397","0.296",38
"Suzuki, Seiya",673548,"CHC","SI","Sinker",1,4,"359",19.3,"97","0.326","0.517","0.41",12.2,19.6,25.3,"0.304","0.561","0.401",49.3
"Nimmo, Brandon",607043,"NYM","SL","Slider",1.4,5,"345",12.4,"97","0.273","0.409","0.338",31.9,23.7,16,"0.243","0.35","0.291",31.8
"Turner, Justin",457759,"LAD","SI","Sinker",0.1,0,"382",17.8,"97","0.271","0.447","0.358",13.7,8.2,11.1,"0.262","0.486","0.36",44.9
"Schwarber, Kyle",656941,"PHI","SL","Slider",0.7,3,"441",15.3,"97","0.185","0.457","0.337",42,41.2,26,"0.197","0.532","0.367",58.5
"Moore, Dylan",664238,"SEA","FF","4-Seam Fastball",0.8,3,"408",36,"97","0.243","0.446","0.381",24,25.8,17.9,"0.207","0.44","0.371",42
"Mullins, Cedric",656775,"BAL","SI","Sinker",1.7,6,"347",14.1,"97","0.329","0.471","0.399",13.7,7.2,9.7,"0.282","0.458","0.354",43.8
"Miranda, Jose",669304,"MIN","SL","Slider",-0.4,-2,"428",23.6,"97","0.236","0.393","0.307",32,19.6,13.6,"0.236","0.389","0.296",39.4
"García, Avisaíl",541645,"MIA","SL","Slider",-2.4,-6,"271",19.8,"96","0.22","0.231","0.22",44,32.3,30.1,"0.181","0.255","0.212",36.1
"Reyes, Victor",622682,"DET","FF","4-Seam Fastball",-0.6,-3,"491",38.3,"96","0.261","0.364","0.293",29.3,27.1,17.9,"0.272","0.402","0.314",39.1
"Machín, Vimael",605353,"ATH","FF","4-Seam Fastball",0.7,3,"398",39.7,"96","0.325","0.403","0.39",10.1,9.4,8.3,"0.312","0.47","0.403",47.1
"Rivera, Emmanuel",656896,"AZ","FF","4-Seam Fastball",2.5,10,"378",28.5,"96","0.321","0.655","0.446",20.4,17.7,17.3,"0.261","0.541","0.383",37.3
"Smith, Pavin",656976,"AZ","FF","4-Seam Fastball",-0.1,0,"327",29.5,"96","0.238","0.429","0.356",11.5,16.7,17.4,"0.248","0.474","0.354",37.7
"Merrifield, Whit",593160,"TOR","SL","Slider",-0.3,-1,"396",19.6,"96","0.272","0.348","0.29",33.7,22.9,17.7,"0.242","0.326","0.266",22.9
"Springer, George",543807,"TOR","SL","Slider",0,0,"390",17.9,"95","0.227","0.432","0.328",37.9,26.3,19.8,"0.234","0.383","0.297",41.3
"Profar, Jurickson",595777,"SD","SI","Sinker",-1.3,-5,"374",13.4,"95","0.262","0.333","0.309",11.6,9.5,12,"0.248","0.328","0.303",37.3
"Peterson, Jace",607054,"MIL","FF","4-Seam Fastball",0.1,0,"434",30.6,"95","0.256","0.378","0.329",16.9,18.9,12,"0.262","0.459","0.358",41.5
"Newman, Kevin",621028,"PIT","FF","4-Seam Fastball",-0.3,-1,"323",29.9,"95","0.302","0.407","0.343",10.5,12.6,15.4,"0.305","0.406","0.343",41.3
"Judge, Aaron",592450,"NYY","CH","Changeup",1.8,7,"387",13.3,"95","0.208","0.416","0.338",38,36.8,24.5,"0.195","0.415","0.333",39.5
"Robert Jr., Luis",673357,"CWS","FF","4-Seam Fastball",0.7,2,"379",28.1,"95","0.326","0.461","0.357",22.2,21.1,17.1,"0.303","0.562","0.381",52.9
"Espinal, Santiago",669289,"TOR","SL","Slider",-0.6,-2,"361",18.9,"95","0.205","0.295","0.262",24.1,21.1,17.7,"0.223","0.275","0.253",26.5
"Wisdom, Patrick",621550,"CHC","SI","Sinker",0.7,2,"307",13.9,"95","0.264","0.529","0.378",16.7,20,23.8,"0.241","0.482","0.339",45.6
"Guerrero Jr., Vladimir",665489,"TOR","CH","Changeup",-0.5,-1,"314",12.1,"95","0.239","0.307","0.283",32.8,23.2,20.2,"0.235","0.346","0.285",48.5
"Bell, Josh",605137,"SD","SI","Sinker",0.7,2,"359",14.3,"95","0.311","0.486","0.417",11.9,10.5,15.2,"0.285","0.453","0.391",48.5
"McCarthy, Jake",664983,"AZ","FF","4-Seam Fastball",0.9,3,"341",27,"94","0.284","0.506","0.382",16.6,11.7,11.5,"0.278","0.426","0.351",36.6
"Stanton, Giancarlo",519317,"NYY","SL","Slider",-0.2,-1,"326",17.7,"94","0.186","0.43","0.306",42.2,35.1,25.8,"0.256","0.536","0.373",61.1
"Arroyo, Christian",624414,"BOS","FF","4-Seam Fastball",-0.9,-3,"324",31.1,"94","0.256","0.4","0.305",16.7,17,16.8,"0.275","0.438","0.317",44
"Berti, Jon",542932,"MIA","SI","Sinker",-1.8,-7,"381",24.3,"94","0.2","0.247","0.254",18.3,19.1,20,"0.206","0.279","0.259",23.9
"Naquin, Tyler",571980,"NYM","FF","4-Seam Fastball",-0.8,-4,"495",39.3,"94","0.207","0.402","0.293",36.5,31.9,19.7,"0.227","0.494","0.333",40.4
"Rodgers, Brendan",663898,"COL","SL","Slider",0.3,1,"354",16.8,"94","0.259","0.412","0.322",34.4,28.7,22.1,"0.208","0.344","0.28",36.7
"Profar, Jurickson",595777,"SD","CH","Changeup",1.1,5,"405",14.5,"94","0.291","0.465","0.358",18.2,8.5,6.8,"0.255","0.367","0.301",33.8
"Muncy, Max",571970,"LAD","SI","Sinker",-1,-4,"380",15.6,"93","0.205","0.397","0.328",14.5,14,14.8,"0.24","0.529","0.38",43.9
"Pinder, Chad",640461,"ATH","FF","4-Seam Fastball",-0.4,-2,"453",31.5,"93","0.267","0.488","0.334",34.3,33.3,23.1,"0.225","0.423","0.288",50
"d'Arnaud, Travis",518595,"ATL","SL","Slider",-2.2,-8,"354",21.7,"93","0.159","0.25","0.206",33.3,25.8,18.9,"0.188","0.284","0.229",31.3
"Ramírez, José",608070,"CLE","SL","Slider",0.3,1,"378",13.8,"93","0.256","0.512","0.33",20.4,18.3,13.8,"0.253","0.467","0.339",39.4
"Alvarez, Yordan",670541,"HOU","SI","Sinker",0.6,2,"332",15.1,"93","0.244","0.378","0.328",9,14,18.3,"0.281","0.516","0.382",62.3
"Segura, Jean",516416,"PHI","FF","4-Seam Fastball",0.3,1,"385",27.4,"93","0.28","0.5","0.385",21.2,21.5,17.5,"0.248","0.462","0.349",46.8
"Luplow, Jordan",656669,"AZ","FF","4-Seam Fastball",1.5,5,"359",35.7,"93","0.195","0.494","0.348",28.9,31.2,22.7,"0.21","0.471","0.35",38.8
"Thomas, Lane",657041,"WSH","SL","Slider",2.9,10,"363",16.5,"93","0.226","0.488","0.355",29.6,35.5,22.9,"0.212","0.467","0.333",38.5
"Rutschman, Adley",668939,"BAL","CH","Changeup",-0.9,-3,"374",18.6,"93","0.138","0.212","0.239",22.2,15.1,13.6,"0.17","0.214","0.239",19.4
"Mullins, Cedric",656775,"BAL","SL","Slider",-0.6,-2,"274",11.1,"92","0.2","0.365","0.267",25.6,21.7,17.7,"0.2","0.305","0.246",28.8
"Polanco, Jorge",593871,"MIN","CH","Changeup",1.1,4,"370",19.5,"92","0.274","0.345","0.319",24.8,17.4,14.4,"0.278","0.406","0.33",22.1
"Castillo, Diego",660636,"PIT","FF","4-Seam Fastball",-1,-3,"320",27.9,"92","0.176","0.365","0.277",14.7,18.5,15.3,"0.223","0.427","0.313",45.7
"Duffy, Matt",622110,"LAA","FF","4-Seam Fastball",-2.1,-7,"340",36.4,"92","0.217","0.301","0.272",11.6,14.1,14.9,"0.252","0.444","0.336",35.7
"Cruz, Nelson",443558,"WSH","SL","Slider",-0.4,-2,"396",19.9,"92","0.2","0.3","0.273",47.9,38,25.9,"0.199","0.303","0.276",40.4
"Turner, Justin",457759,"LAD","SL","Slider",-0.3,-1,"344",16.1,"92","0.259","0.306","0.276",25.4,22.8,18.1,"0.248","0.344","0.291",35.4
"Donaldson, Josh",518626,"NYY","SL","Slider",-0.6,-3,"433",19.9,"92","0.167","0.31","0.264",39.4,31.5,20.7,"0.195","0.373","0.28",47.3
"Mountcastle, Ryan",663624,"BAL","SI","Sinker",-0.4,-1,"327",14,"92","0.294","0.424","0.341",18.3,13,19,"0.336","0.567","0.41",52.1
"Espinal, Santiago",669289,"TOR","SI","Sinker",-1.9,-6,"331",17.3,"92","0.264","0.322","0.278",8.3,7.6,10.9,"0.243","0.31","0.26",42
"Franco, Maikel",596748,"WSH","SL","Slider",-1.3,-4,"340",24,"92","0.213","0.303","0.242",38.4,27.2,23.4,"0.233","0.327","0.25",33.8
"Iglesias, Jose",578428,"COL","SI","Sinker",-1.5,-5,"352",20.3,"91","0.232","0.341","0.298",8.5,7.7,9.9,"0.227","0.276","0.266",33.8
"Lowe, Nathaniel",663993,"TEX","SL","Slider",0.9,3,"356",14.1,"91","0.295","0.523","0.36",27.2,20.9,15.1,"0.249","0.493","0.326",42
"Blackmon, Charlie",453568,"COL","SI","Sinker",1.7,5,"301",14.5,"91","0.342","0.494","0.421",10.9,9.9,18,"0.329","0.462","0.379",26.4
"Gonzalez, Oscar",660757,"CLE","FF","4-Seam Fastball",-0.1,0,"453",32.2,"91","0.279","0.465","0.348",27.3,29.7,16.5,"0.26","0.45","0.324",57.6
"Aguilar, Jesús",542583,"BAL","SL","Slider",-0.1,0,"402",19.4,"91","0.226","0.369","0.274",36.8,26.4,16.1,"0.245","0.426","0.311",30.6
"Díaz, Aledmys",649557,"HOU","FF","4-Seam Fastball",1.4,4,"316",26.9,"91","0.301","0.506","0.377",15.7,12.1,15.5,"0.283","0.502","0.367",43.1
"Allen, Nick",669397,"ATH","FF","4-Seam Fastball",-1.1,-4,"364",31.5,"91","0.259","0.37","0.316",12.8,9.9,10.5,"0.269","0.372","0.321",28.8
"Crawford, J.P.",641487,"SEA","SI","Sinker",-0.8,-3,"322",13,"91","0.266","0.304","0.313",7.6,9.9,13.4,"0.277","0.36","0.323",38.9
"Walls, Taylor",670764,"TB","CH","Changeup",-1.5,-5,"316",16.7,"91","0.172","0.264","0.213",28.2,16.5,16.9,"0.196","0.279","0.221",13.7
"Castro, Rodolfo",666801,"PIT","FF","4-Seam Fastball",0.4,1,"297",28.4,"91","0.262","0.452","0.336",23,19.8,20.9,"0.246","0.46","0.33",34.8
"Robles, Victor",645302,"WSH","SI","Sinker",-1,-3,"266",18.8,"91","0.257","0.324","0.33",17.2,13.2,20.7,"0.26","0.34","0.324",26.9
"Baddoo, Akil",668731,"DET","FF","4-Seam Fastball",-0.8,-3,"356",38.9,"91","0.25","0.362","0.312",24.2,29.7,24.5,"0.209","0.333","0.29",35.8
"Melendez, MJ",669004,"KC","CH","Changeup",-0.9,-3,"336",15.3,"90","0.175","0.287","0.234",27.7,21.1,19.2,"0.224","0.37","0.304",37.1
"Voit, Luke",572228,"WSH","SI","Sinker",-1.3,-5,"380",16.9,"90","0.213","0.293","0.301",31.4,27.8,29.4,"0.241","0.386","0.341",40
"Kwan, Steven",680757,"CLE","SI","Sinker",0.4,1,"340",12.9,"90","0.301","0.386","0.366",6.7,8.9,9.2,"0.285","0.344","0.31",24
"Robert Jr., Luis",673357,"CWS","SL","Slider",1,3,"295",21.9,"90","0.267","0.419","0.343",26.8,18.9,18.7,"0.285","0.484","0.346",44.9
"Rizzo, Anthony",519203,"NYY","CH","Changeup",0.9,3,"330",15.6,"90","0.229","0.422","0.301",19.9,14.4,13.1,"0.265","0.443","0.325",38
"Robles, Victor",645302,"WSH","SL","Slider",-2.7,-9,"331",23.4,"90","0.141","0.153","0.155",36.5,37.8,27.6,"0.148","0.179","0.157",16.4
"Cabrera, Miguel",408234,"DET","SL","Slider",-0.2,-1,"293",17.8,"90","0.212","0.318","0.265",28.9,24.4,21,"0.222","0.368","0.277",38.1
"Kemp, Tony",643393,"ATH","SI","Sinker",-0.5,-1,"306",14.9,"90","0.256","0.397","0.321",8.5,13.3,18.2,"0.227","0.324","0.287",17.4
"Vierling, Matt",663837,"PHI","FF","4-Seam Fastball",0.1,1,"451",32.1,"90","0.299","0.442","0.367",18.5,23.3,14.4,"0.288","0.48","0.375",56.1
"Knizner, Andrew",668800,"STL","FF","4-Seam Fastball",-0.2,-1,"380",34.5,"90","0.216","0.338","0.321",25.3,25.6,18.5,"0.212","0.35","0.322",41.2
"Giménez, Andrés",665926,"CLE","SL","Slider",1,3,"298",14.6,"89","0.333","0.487","0.375",35.6,21.3,18.6,"0.28","0.43","0.343",39.7
"Marte, Ketel",606466,"AZ","CH","Changeup",1.7,6,"361",16.7,"89","0.3","0.487","0.365",20.5,13.5,11.3,"0.299","0.447","0.357",46.4
"Escobar, Eduardo",500871,"NYM","CH","Changeup",1.2,3,"282",13.5,"89","0.271","0.471","0.333",19.2,11.2,13.5,"0.281","0.463","0.336",32
"Vaughn, Andrew",683734,"CWS","SI","Sinker",0.2,1,"324",15.5,"89","0.329","0.388","0.344",13.2,7.9,12.5,"0.305","0.439","0.339",52.6
"Bichette, Bo",666182,"TOR","CH","Changeup",2.7,7,"250",9.9,"89","0.28","0.598","0.414",23.4,16.9,16.1,"0.284","0.584","0.393",37.3
"Yastrzemski, Mike",573262,"SF","SL","Slider",0,0,"341",14.5,"89","0.181","0.349","0.248",27.5,34.8,25.2,"0.192","0.371","0.261",47.2
"Bleday, JJ",668709,"MIA","FF","4-Seam Fastball",-1,-4,"379",36.8,"89","0.184","0.342","0.276",22.3,23.6,19.1,"0.181","0.35","0.279",40.4
"Soto, Juan",665742,"SD","SL","Slider",-1.1,-4,"408",14.8,"89","0.13","0.169","0.217",32.6,27,18.2,"0.222","0.37","0.314",41.5
"Mitchell, Cal",668751,"PIT","FF","4-Seam Fastball",-0.8,-3,"308",36.2,"89","0.247","0.338","0.32",13.9,15.7,19.7,"0.246","0.379","0.322",48.4
"Molina, Yadier",425877,"STL","FF","4-Seam Fastball",-1.6,-5,"319",32.4,"89","0.224","0.376","0.276",20.1,13.5,12.9,"0.246","0.411","0.299",31.5
"Muncy, Max",571970,"LAD","SL","Slider",1.1,4,"395",16.2,"89","0.219","0.493","0.361",34.7,32.6,22.3,"0.184","0.458","0.343",53.3
"Rojas, Josh",668942,"AZ","SI","Sinker",2.5,8,"310",15.2,"89","0.411","0.575","0.466",16.4,9,15.7,"0.31","0.48","0.39",44.9
"Arraez, Luis",650333,"MIN","SI","Sinker",0.5,2,"347",14.4,"89","0.321","0.444","0.366",5.4,6.7,8.3,"0.315","0.445","0.361",38.7
"Wong, Kolten",543939,"MIL","SI","Sinker",-0.3,-1,"307",15,"89","0.3","0.425","0.356",8.9,5.6,7,"0.294","0.448","0.351",46.1
"Urías, Luis",649966,"MIL","SI","Sinker",0.8,3,"361",18.3,"89","0.313","0.388","0.41",15.2,9,11,"0.295","0.41","0.404",27.1
"Profar, Jurickson",595777,"SD","SL","Slider",-0.7,-3,"369",13.2,"89","0.179","0.282","0.248",29.1,29.2,18.7,"0.226","0.314","0.284",27.8
"Crawford, J.P.",641487,"SEA","SL","Slider",0.8,2,"317",12.8,"88","0.24","0.36","0.33",20,17,13.8,"0.25","0.36","0.323",32.8
"Correa, Carlos",621043,"MIN","SI","Sinker",-0.4,-2,"385",15.9,"88","0.297","0.378","0.353",11.3,11.4,14.1,"0.298","0.479","0.384",40
"Bart, Joey",663698,"SF","FF","4-Seam Fastball",0.6,2,"346",29.8,"88","0.253","0.4","0.353",37.8,35.2,32,"0.225","0.414","0.336",50
"Miller, Owen",680911,"CLE","SL","Slider",0.1,0,"377",20.5,"88","0.237","0.4","0.303",24,19.3,12.3,"0.245","0.385","0.311",34.4
"McMahon, Ryan",641857,"COL","SL","Slider",-1.3,-4,"268",10.5,"88","0.188","0.287","0.249",35.3,30.7,27,"0.222","0.354","0.288",32.1
"Verdugo, Alex",657077,"BOS","SL","Slider",-0.9,-3,"309",12.4,"88","0.202","0.298","0.243",21.9,15.9,12.7,"0.257","0.382","0.279",29.2
"Gregorius, Didi",544369,"PHI","FF","4-Seam Fastball",-0.3,-1,"298",36,"88","0.267","0.373","0.324",19.2,14.8,14.9,"0.276","0.391","0.336",21.9
"Urías, Luis",649966,"MIL","SL","Slider",-0.9,-4,"415",21,"88","0.167","0.269","0.248",18.8,19.3,14.7,"0.202","0.311","0.273",30.2
"LeMahieu, DJ",518934,"NYY","SL","Slider",0,0,"293",13.6,"88","0.253","0.337","0.295",21.2,17,14.9,"0.258","0.403","0.303",34.8
"Cronenworth, Jake",630105,"SD","SL","Slider",1,3,"311",11.7,"87","0.221","0.455","0.316",32,32.2,23.7,"0.18","0.382","0.281",39.2
"Acuña Jr., Ronald",660670,"ATL","SI","Sinker",0.6,2,"376",17.4,"87","0.296","0.408","0.39",15.9,17.2,19.2,"0.305","0.424","0.388",46.4
"Berti, Jon",542932,"MIA","SL","Slider",-1.9,-5,"267",17,"87","0.226","0.25","0.229",25,26.4,23.2,"0.249","0.352","0.276",36.1
"Santana, Carlos",467793,"SEA","CH","Changeup",0,0,"371",18,"87","0.225","0.425","0.309",26.5,19.5,17.9,"0.263","0.473","0.343",49.2
"Urshela, Gio",570482,"MIN","SI","Sinker",2.1,6,"273",13.5,"87","0.351","0.558","0.42",9.3,13.8,20.3,"0.285","0.443","0.342",40.3
"Yastrzemski, Mike",573262,"SF","SI","Sinker",-1.6,-5,"322",13.7,"87","0.227","0.387","0.314",15.4,20.7,23.7,"0.229","0.426","0.329",41.4
"Perez, Salvador",521692,"KC","SL","Slider",0.6,2,"354",20.8,"87","0.259","0.459","0.327",40.5,29.9,26.3,"0.213","0.416","0.267",46.7
"Nido, Tomás",621512,"NYM","FF","4-Seam Fastball",-0.2,-1,"285",26.7,"87","0.221","0.338","0.284",30.3,21.8,23.8,"0.252","0.422","0.326",36.7
"Duvall, Adam",594807,"ATL","FF","4-Seam Fastball",0.3,1,"331",27.1,"87","0.215","0.418","0.306",24.3,35.6,27.2,"0.218","0.499","0.337",64.6
"Mejía, Francisco",642336,"TB","FF","4-Seam Fastball",-0.6,-2,"341",31.2,"87","0.222","0.407","0.296",26.9,25.3,19.3,"0.216","0.346","0.271",28.8
"Olson, Matt",621566,"ATL","SI","Sinker",-0.4,-1,"374",12.9,"87","0.253","0.367","0.322",23.9,17.2,19.2,"0.253","0.416","0.325",56.3
"Kirk, Alejandro",672386,"TOR","SL","Slider",0.7,3,"391",17.8,"87","0.282","0.474","0.355",22.8,16.1,11.3,"0.276","0.465","0.355",41.5
"Castellanos, Nick",592206,"PHI","SI","Sinker",-0.4,-1,"296",14.3,"87","0.309","0.395","0.35",17.2,13.8,26.1,"0.31","0.468","0.36",44.9
"Lindor, Francisco",596019,"NYM","SL","Slider",-0.5,-2,"360",12.7,"87","0.221","0.338","0.306",37.8,27.6,19.7,"0.23","0.377","0.303",33.3
"Grisham, Trent",663757,"SD","SI","Sinker",-0.6,-2,"375",16.9,"87","0.239","0.38","0.337",15.3,17.2,17.4,"0.265","0.482","0.378",32.2
"Daza, Yonathan",602074,"COL","SI","Sinker",1.1,3,"276",18,"86","0.296","0.394","0.394",12.3,5.8,8.6,"0.326","0.398","0.38",37.3
"Straw, Myles",664702,"CLE","SL","Slider",-2.3,-9,"415",17.6,"86","0.122","0.146","0.156",20.3,20.9,11.9,"0.182","0.228","0.203",20.3
"Haniger, Mitch",571745,"SEA","FF","4-Seam Fastball",3.8,12,"323",32.4,"86","0.309","0.679","0.44",24.5,22.1,19,"0.264","0.669","0.406",46.8
"Donaldson, Josh",518626,"NYY","SI","Sinker",-0.6,-2,"314",14.4,"86","0.273","0.442","0.35",27,19.8,24.3,"0.265","0.469","0.355",49.2
"Trout, Mike",545361,"LAA","SI","Sinker",2.8,9,"310",14.7,"86","0.325","0.575","0.447",17.7,17.4,25,"0.321","0.575","0.405",47.7
"Lindor, Francisco",596019,"NYM","CH","Changeup",2.5,8,"338",11.9,"86","0.316","0.481","0.394",19.6,9.3,8.3,"0.304","0.467","0.363",39.4
"Harrison, Josh",543281,"CWS","SL","Slider",0.4,1,"275",18,"86","0.259","0.444","0.311",25.3,19.8,24.3,"0.204","0.299","0.233",24.2
"McNeil, Jeff",643446,"NYM","SL","Slider",1.4,4,"280",13.6,"86","0.316","0.395","0.359",24,17.4,18.5,"0.251","0.359","0.309",27.4
"Brantley, Michael",488726,"HOU","FF","4-Seam Fastball",-0.2,-1,"384",38.2,"86","0.293","0.4","0.353",12.3,10.5,11,"0.294","0.464","0.373",40.9
"Neuse, Sheldon",641914,"ATH","FF","4-Seam Fastball",0,0,"382",32.9,"86","0.232","0.319","0.345",23.3,27.9,19,"0.203","0.312","0.316",53.3
"Edman, Tommy",669242,"STL","CH","Changeup",-0.3,-1,"364",15.6,"86","0.244","0.293","0.269",24.6,11.6,9.9,"0.284","0.433","0.336",34.7
"Taylor, Tyrone",621438,"MIL","SI","Sinker",0.8,2,"287",18.9,"86","0.3","0.575","0.384",10.3,7,11.8,"0.309","0.545","0.382",40
"Ozuna, Marcell",542303,"ATL","SI","Sinker",-1.6,-5,"335",16.6,"86","0.208","0.377","0.287",11,16.3,22.2,"0.265","0.541","0.371",42.2
"Gurriel Jr., Lourdes",666971,"TOR","SI","Sinker",0.3,1,"290",15.7,"86","0.346","0.444","0.369",11.6,5.8,9.1,"0.322","0.467","0.365",53.2
"Torres, Gleyber",650402,"NYY","SI","Sinker",0.3,1,"277",12.4,"85","0.316","0.544","0.401",17,11.8,15.9,"0.296","0.601","0.401",47.8
"Arraez, Luis",650333,"MIN","CH","Changeup",0.3,1,"304",12.6,"85","0.253","0.392","0.304",6.7,3.5,3.7,"0.282","0.415","0.325",26
"Myers, Wil",571976,"SD","FF","4-Seam Fastball",3.5,12,"349",30.1,"85","0.4","0.707","0.496",22.5,17.6,14.4,"0.308","0.601","0.414",44.3
"O'Neill, Tyler",641933,"STL","SL","Slider",0.7,3,"357",22.4,"85","0.203","0.419","0.337",41,32.9,23.7,"0.216","0.43","0.336",37
"Díaz, Elias",553869,"COL","FF","4-Seam Fastball",0.8,4,"429",29.7,"85","0.288","0.534","0.398",18.3,18.8,12.5,"0.27","0.481","0.372",50.9
"Heim, Jonah",641680,"TEX","CH","Changeup",2.3,6,"274",15.6,"85","0.256","0.474","0.344",22.4,14.1,12,"0.251","0.345","0.286",40.3
"Escobar, Eduardo",500871,"NYM","SI","Sinker",1.2,4,"315",15.1,"85","0.319","0.556","0.409",26,18.8,19.8,"0.294","0.586","0.403",52.5
"Lux, Gavin",666158,"LAD","SI","Sinker",0.7,3,"337",18.3,"85","0.329","0.494","0.39",14.8,16.5,20,"0.28","0.43","0.334",41.5
"Jiménez, Eloy",650391,"CWS","FF","4-Seam Fastball",0,0,"337",28.6,"85","0.276","0.5","0.369",24.1,27.1,28,"0.285","0.661","0.428",66
"Alcántara, Sergio",642727,"AZ","FF","4-Seam Fastball",-1.2,-4,"333",35.4,"85","0.181","0.319","0.263",19,22.4,17,"0.187","0.281","0.252",37.9
"Abrams, CJ",682928,"WSH","FF","4-Seam Fastball",0,0,"333",33,"85","0.321","0.449","0.363",17.4,14.1,14.1,"0.269","0.382","0.3",30.4
"Cronenworth, Jake",630105,"SD","CH","Changeup",1.5,4,"281",10.5,"85","0.256","0.449","0.344",27.3,25.9,21.8,"0.196","0.323","0.261",26.8
"Renfroe, Hunter",592669,"MIL","SI","Sinker",2.1,7,"339",16.7,"85","0.372","0.654","0.461",15.3,17.6,27.3,"0.314","0.591","0.419",50
"Cruz, Oneil",665833,"PIT","FF","4-Seam Fastball",1.5,5,"352",24.1,"85","0.303","0.566","0.403",11.1,21.2,18.4,"0.265","0.549","0.383",53.4
"Mateo, Jorge",622761,"BAL","SI","Sinker",-0.7,-2,"318",16,"85","0.234","0.364","0.296",18.8,18.8,25.4,"0.271","0.409","0.32",46
"Story, Trevor",596115,"BOS","SL","Slider",-0.2,-1,"306",19.4,"85","0.225","0.388","0.289",33.7,25.9,20,"0.218","0.374","0.273",28.3
"Santander, Anthony",623993,"BAL","SI","Sinker",0.4,1,"308",11.8,"85","0.266","0.506","0.363",15.6,16.5,15.1,"0.285","0.546","0.377",53.8
"Hampson, Garrett",641658,"COL","FF","4-Seam Fastball",-2,-6,"303",34.2,"85","0.2","0.267","0.257",24,29.4,28.1,"0.199","0.313","0.27",35.3
"Rivera, Emmanuel",656896,"AZ","SL","Slider",-1,-3,"291",22,"84","0.171","0.303","0.26",38.6,31,28.9,"0.214","0.388","0.298",38
"Fraley, Jake",641584,"CIN","FF","4-Seam Fastball",3,10,"337",34.6,"84","0.338","0.618","0.462",13.8,9.5,8.2,"0.301","0.483","0.407",30
"Schwindel, Frank",643524,"CHC","FF","4-Seam Fastball",1,3,"321",28.2,"84","0.274","0.521","0.38",24.1,21.4,15.9,"0.218","0.432","0.32",41.1
"Jeffers, Ryan",680777,"MIN","FF","4-Seam Fastball",-0.5,-2,"323",34.1,"84","0.233","0.384","0.328",17.2,25,21.2,"0.203","0.509","0.345",54.7
"Contreras, Willson",575929,"CHC","SL","Slider",0.9,3,"306",17,"84","0.25","0.487","0.352",35.6,27.4,21.3,"0.23","0.403","0.311",45.3
"Witt Jr., Bobby",677951,"KC","SI","Sinker",-0.2,0,"294",12.6,"84","0.269","0.513","0.367",19.1,9.5,13.3,"0.28","0.517","0.366",51.4
"García Jr., Luis",671277,"WSH","CH","Changeup",-1.7,-5,"288",21.8,"84","0.256","0.305","0.261",30.4,19,19.3,"0.216","0.278","0.22",20.9
"Seager, Corey",608369,"TEX","SI","Sinker",-2.3,-6,"262",11.6,"84","0.192","0.295","0.25",17.7,10.7,16.7,"0.24","0.351","0.282",41.4
"Cooper, Garrett",643265,"MIA","SL","Slider",0.1,0,"326",17.5,"84","0.247","0.338","0.286",39.2,36.9,27,"0.255","0.366","0.291",29.2
"Tellez, Rowdy",642133,"MIL","SL","Slider",1.6,6,"364",15.2,"84","0.203","0.514","0.359",40.1,29.8,19.7,"0.214","0.464","0.335",42.9
"Pollock, AJ",572041,"CWS","SI","Sinker",-0.7,-2,"291",15.8,"84","0.291","0.38","0.321",16,8.3,13,"0.302","0.429","0.333",47.9
"De La Cruz, Bryan",650559,"MIA","SI","Sinker",-0.5,-2,"301",21.7,"84","0.289","0.447","0.337",19.4,11.9,16.4,"0.322","0.515","0.383",48.5
"Ramírez, Harold",623912,"TB","SL","Slider",-1.4,-4,"287",18.2,"84","0.232","0.305","0.259",34.2,19,19,"0.263","0.37","0.279",40.3
"Kiner-Falefa, Isiah",643396,"NYY","SL","Slider",0.1,0,"329",17,"84","0.265","0.337","0.293",19.2,20.2,16,"0.25","0.336","0.257",31.3
"Olson, Matt",621566,"ATL","CH","Changeup",1.7,5,"315",10.9,"84","0.225","0.6","0.356",26.7,17.9,13.3,"0.265","0.56","0.364",52.3
"Gurriel Jr., Lourdes",666971,"TOR","SL","Slider",1.2,4,"349",18.8,"84","0.308","0.436","0.349",26.7,23.8,15.9,"0.255","0.34","0.29",34.5
"Haase, Eric",606992,"DET","SL","Slider",0.2,1,"313",22.7,"84","0.259","0.395","0.308",38.5,25,20.8,"0.241","0.347","0.269",38.3
"Higashioka, Kyle",543309,"NYY","FF","4-Seam Fastball",-1.4,-4,"264",29.1,"83","0.23","0.419","0.309",24.6,19.3,25.8,"0.243","0.495","0.341",53.3
"Rodríguez, Julio",677594,"SEA","SI","Sinker",2.5,8,"301",14.5,"83","0.324","0.456","0.453",19.9,21.7,23.1,"0.255","0.382","0.354",64
"Kiermaier, Kevin",595281,"TB","FF","4-Seam Fastball",0.2,1,"315",37.9,"83","0.26","0.466","0.366",26.7,26.5,25,"0.271","0.453","0.358",49
"Daza, Yonathan",602074,"COL","SL","Slider",-0.8,-2,"309",20.1,"83","0.241","0.266","0.253",24.6,15.7,12,"0.217","0.28","0.225",14.7
"Lowe, Nathaniel",663993,"TEX","SI","Sinker",0.1,0,"320",12.7,"83","0.237","0.408","0.333",18.5,14.5,17.9,"0.265","0.385","0.317",42.2
"Hedges, Austin",595978,"CLE","SL","Slider",-1.6,-5,"308",24.2,"83","0.208","0.325","0.238",32.1,24.1,21.1,"0.168","0.227","0.188",14.8
"Ramírez, José",608070,"CLE","SI","Sinker",1,3,"288",10.5,"83","0.269","0.538","0.355",10.1,7.2,10.3,"0.251","0.448","0.305",39.2
"Happ, Ian",664023,"CHC","CU","Curveball",0.4,1,"319",12.5,"83","0.211","0.368","0.284",31.8,19.3,16.8,"0.211","0.385","0.291",35
"Varsho, Daulton",662139,"AZ","CH","Changeup",0.9,3,"286",12.3,"82","0.247","0.429","0.319",30.6,24.4,22.7,"0.224","0.396","0.284",31
"Freeman, Freddie",518692,"LAD","SL","Slider",0.7,3,"398",14.4,"82","0.279","0.382","0.359",31,22,14.6,"0.278","0.465","0.387",56.9
"Schwarber, Kyle",656941,"PHI","CH","Changeup",1.4,5,"347",12.1,"82","0.184","0.553","0.324",40.8,39,28.3,"0.21","0.537","0.339",45.7
"Lowe, Brandon",664040,"TB","FF","4-Seam Fastball",0.5,1,"305",30.4,"82","0.232","0.493","0.366",21.1,12.2,13.7,"0.256","0.588","0.408",40.7
"Frazier, Adam",624428,"SEA","SL","Slider",-0.5,-2,"290",13.2,"82","0.241","0.304","0.25",19.9,11,8.1,"0.243","0.298","0.248",12.7
"Happ, Ian",664023,"CHC","SL","Slider",-0.6,-2,"266",10.4,"82","0.225","0.35","0.28",32.5,32.9,23.9,"0.202","0.319","0.236",49.1
"McMahon, Ryan",641857,"COL","SI","Sinker",1.1,4,"346",13.5,"82","0.373","0.493","0.401",17.3,22,19.1,"0.282","0.452","0.348",54.4
"Tucker, Kyle",663656,"HOU","SL","Slider",2.2,7,"326",14.4,"82","0.267","0.613","0.395",31.8,26.8,18.5,"0.239","0.513","0.349",35.8
"Torkelson, Spencer",679529,"DET","SL","Slider",-0.6,-2,"340",21.1,"82","0.208","0.299","0.24",37.9,36.6,25.6,"0.191","0.326","0.248",39.6
"Alvarez, Yordan",670541,"HOU","SL","Slider",3.8,11,"299",13.6,"81","0.329","0.671","0.44",32.5,28.4,23,"0.275","0.685","0.424",55.1
"García Jr., Luis",671277,"WSH","FF","4-Seam Fastball",3.1,10,"327",24.7,"81","0.39","0.766","0.488",17.1,24.7,19.6,"0.282","0.601","0.385",50
"Ward, Taylor",621493,"LAA","SI","Sinker",0.5,2,"356",15.5,"81","0.319","0.435","0.417",10,11.1,13.4,"0.316","0.491","0.4",48.3
"Joe, Connor",656582,"COL","SL","Slider",0.1,0,"308",16.2,"81","0.189","0.324","0.26",39.1,35.8,24.6,"0.169","0.277","0.236",35.6
"Kwan, Steven",680757,"CLE","SL","Slider",1.6,5,"323",12.2,"81","0.3","0.443","0.364",17.1,14.8,9.7,"0.241","0.337","0.303",18.6
"Contreras, William",661388,"ATL","SL","Slider",-1.1,-4,"324",21,"81","0.205","0.295","0.238",44.8,42,28.1,"0.169","0.292","0.216",34.1
"Rodgers, Brendan",663898,"COL","CH","Changeup",0.6,2,"255",12.1,"81","0.269","0.41","0.319",29.8,24.7,27.8,"0.245","0.346","0.271",37.9
"Mancini, Trey",641820,"HOU","SI","Sinker",-0.1,0,"363",15.3,"81","0.243","0.314","0.32",23.8,19.8,18.4,"0.264","0.441","0.351",41.8
"Pinder, Chad",640461,"ATH","SL","Slider",-2.5,-7,"282",19.6,"81","0.169","0.234","0.214",45.8,40.7,34.4,"0.169","0.297","0.224",43.2
"Stassi, Max",545358,"LAA","SI","Sinker",-1,-3,"249",17.3,"80","0.208","0.292","0.291",16.7,21.3,47.2,"0.218","0.321","0.274",33.9
"Suzuki, Seiya",673548,"CHC","SL","Slider",0.2,1,"339",18.3,"80","0.164","0.288","0.282",34.1,31.3,21.7,"0.191","0.296","0.254",27.1
"Harper, Bryce",547180,"PHI","CH","Changeup",0.9,2,"262",16.4,"80","0.25","0.471","0.329",31.5,16.3,16.3,"0.285","0.572","0.39",44.1
"Contreras, William",661388,"ATL","SI","Sinker",3.7,10,"284",18.4,"80","0.348","0.621","0.454",17.5,15,21.8,"0.282","0.531","0.398",49.1
"Reynolds, Matt",608703,"CIN","FF","4-Seam Fastball",0.1,0,"329",30.9,"80","0.219","0.344","0.334",20.8,22.5,17.6,"0.237","0.393","0.355",47.8
"Marsh, Brandon",669016,"PHI","SL","Slider",-1.9,-5,"285",15.8,"80","0.173","0.253","0.202",37.2,46.3,30.6,"0.149","0.237","0.192",27.5
"Bader, Harrison",664056,"NYY","SL","Slider",-1.3,-4,"292",24.6,"80","0.211","0.289","0.253",25.7,20,16.8,"0.2","0.277","0.233",15
"Díaz, Elias",553869,"COL","SI","Sinker",-1.2,-3,"260",18,"80","0.257","0.378","0.332",10.2,12.5,20.8,"0.244","0.344","0.285",38.5
"Arcia, Orlando",606115,"ATL","FF","4-Seam Fastball",1.4,4,"312",33.9,"80","0.318","0.591","0.449",27.6,20,18.4,"0.302","0.632","0.448",56.9
"DeJong, Paul",657557,"STL","FF","4-Seam Fastball",-0.5,-1,"308",31.5,"80","0.156","0.375","0.308",40.1,36.3,27.4,"0.158","0.368","0.308",38.9
"Albies, Ozzie",645277,"ATL","FF","4-Seam Fastball",2.2,7,"331",32.2,"80","0.306","0.625","0.444",21.1,18.8,13.3,"0.292","0.613","0.413",47.4
"Peralta, David",444482,"TB","CH","Changeup",-1.2,-3,"278",15.2,"79","0.221","0.299","0.232",35.6,20.3,21.3,"0.236","0.334","0.242",31.7
"Peña, Jeremy",665161,"HOU","SI","Sinker",-0.5,-2,"299",14.9,"79","0.253","0.347","0.322",14.6,15.2,25,"0.284","0.383","0.311",36.5
"Dubón, Mauricio",643289,"HOU","FF","4-Seam Fastball",-0.1,0,"290",31.1,"79","0.279","0.485","0.354",12.2,8.9,7.5,"0.256","0.402","0.309",34.8
"García, Avisaíl",541645,"MIA","SI","Sinker",0.4,1,"267",19.5,"79","0.278","0.431","0.366",26.5,15.2,21.4,"0.292","0.509","0.369",44.3
"Vogelbach, Daniel",596129,"NYM","SI","Sinker",3.8,12,"321",15.3,"79","0.344","0.607","0.478",10,13.9,15.9,"0.327","0.691","0.492",52
"Dozier, Hunter",641531,"KC","SI","Sinker",-1,-3,"264",13.6,"79","0.23","0.324","0.277",16.7,15.2,24,"0.26","0.4","0.312",40.3
"Laureano, Ramón",657656,"ATH","SL","Slider",-0.8,-3,"341",22.5,"79","0.155","0.254","0.251",40.4,29.1,22.5,"0.197","0.336","0.275",35.4
"Plawecki, Kevin",608700,"TEX","FF","4-Seam Fastball",-2.3,-6,"267",38.3,"79","0.229","0.257","0.262",15.2,15.2,19.4,"0.225","0.32","0.284",37.3
"Frazier, Adam",624428,"SEA","SI","Sinker",-1.1,-3,"265",12.1,"78","0.229","0.329","0.294",2.7,10.3,13.8,"0.291","0.396","0.333",30.2
"Chirinos, Robinson",455139,"BAL","FF","4-Seam Fastball",-1,-3,"328",38.5,"78","0.2","0.357","0.296",33.3,32.1,27.2,"0.174","0.325","0.261",37.8
"Schwarber, Kyle",656941,"PHI","CU","Curveball",-0.3,-1,"336",11.7,"78","0.209","0.358","0.299",25.6,29.5,20,"0.197","0.357","0.303",36.4
"Duran, Jarren",680776,"BOS","FF","4-Seam Fastball",-0.7,-3,"347",39.4,"78","0.236","0.431","0.314",24.6,28.2,20.6,"0.223","0.447","0.315",46
"Vierling, Matt",663837,"PHI","SI","Sinker",-1.2,-4,"311",22.2,"78","0.265","0.294","0.303",8.5,14.1,16.2,"0.281","0.337","0.316",51.7
"Díaz, Elias",553869,"COL","SL","Slider",-0.1,0,"304",21,"78","0.208","0.347","0.315",34.8,29.5,20.4,"0.199","0.328","0.258",32
"Turner, Trea",607208,"LAD","CH","Changeup",2.4,6,"263",9.7,"78","0.31","0.479","0.372",34,16.7,14,"0.29","0.493","0.375",49.2
"Margot, Manuel",622534,"TB","SL","Slider",-1.5,-4,"282",20.2,"78","0.176","0.243","0.232",31.8,25.6,19.6,"0.199","0.275","0.231",29.6
"Altuve, Jose",514888,"HOU","CH","Changeup",2.8,8,"274",11.9,"78","0.29","0.522","0.397",22.1,21.8,16.8,"0.267","0.473","0.359",32.7
"Chisholm Jr., Jazz",665862,"MIA","FF","4-Seam Fastball",1.4,4,"286",30.1,"78","0.227","0.636","0.406",24.8,20.5,19.3,"0.254","0.587","0.405",48
"Marte, Starling",516782,"NYM","SL","Slider",-0.6,-2,"286",14.9,"77","0.243","0.338","0.281",34.8,19.5,15.3,"0.263","0.386","0.297",33.9
"Vogt, Stephen",519390,"ATH","FF","4-Seam Fastball",0.2,0,"285",39.9,"77","0.224","0.478","0.34",20.1,24.7,24.1,"0.206","0.401","0.295",36
"Davis, J.D.",605204,"SF","SI","Sinker",0.2,0,"274",18.4,"77","0.266","0.375","0.362",24.2,22.1,23,"0.283","0.523","0.402",55.3
"Yastrzemski, Mike",573262,"SF","CH","Changeup",1.5,4,"257",10.9,"77","0.229","0.4","0.318",29.7,23.4,22.5,"0.237","0.389","0.307",42.3
"Mullins, Cedric",656775,"BAL","CU","Curveball",1.9,5,"251",10.2,"77","0.268","0.493","0.38",24.2,27.3,24.4,"0.224","0.388","0.295",46
"Kelly, Carson",608348,"AZ","SI","Sinker",-0.8,-3,"335",23.5,"77","0.284","0.328","0.334",8.7,15.6,17.9,"0.257","0.355","0.316",42.9
"Hicks, Aaron",543305,"NYY","CH","Changeup",-0.2,-1,"383",19,"77","0.173","0.307","0.231",35.2,27.3,18.1,"0.189","0.307","0.225",24.1
"Riley, Austin",663586,"ATL","CH","Changeup",2.5,7,"261",9.9,"76","0.29","0.594","0.395",34.9,28.9,26.5,"0.282","0.552","0.385",53.2
"Tucker, Kyle",663656,"HOU","CH","Changeup",-0.4,-1,"327",14.5,"76","0.191","0.309","0.256",19.9,14.5,10.9,"0.283","0.44","0.35",41.4
"Santander, Anthony",623993,"BAL","CU","Curveball",-0.6,-2,"285",10.9,"76","0.229","0.3","0.271",17.9,11.8,10,"0.235","0.34","0.276",32.3
"Franco, Maikel",596748,"WSH","SI","Sinker",-2,-5,"256",18.1,"76","0.219","0.329","0.277",11.3,9.2,17.1,"0.258","0.363","0.287",34.8
"Taylor, Michael A.",572191,"KC","SL","Slider",0.1,0,"298",17.4,"76","0.268","0.423","0.316",45.7,25,19.8,"0.238","0.392","0.299",26.9
"Ruiz, Keibert",660688,"WSH","CH","Changeup",0.8,2,"268",17.4,"76","0.278","0.389","0.311",12.1,7.9,9.5,"0.305","0.431","0.338",22.7
"Seager, Corey",608369,"TEX","CU","Curveball",0.7,2,"273",12,"76","0.221","0.382","0.294",31.1,18.4,15.6,"0.255","0.399","0.333",56.4
"La Stella, Tommy",600303,"SF","FF","4-Seam Fastball",0.5,1,"290",36.5,"76","0.324","0.441","0.363",13.4,11.8,13.4,"0.282","0.446","0.345",33.3
"Franco, Wander",677551,"TB","CH","Changeup",-1.9,-5,"251",20.6,"76","0.23","0.297","0.243",18.5,3.9,5.6,"0.242","0.325","0.26",21.1
"Segura, Jean",516416,"PHI","SL","Slider",-0.1,0,"279",19.8,"76","0.236","0.375","0.298",27.8,19.7,17.6,"0.213","0.314","0.252",31.6
"Yepez, Juan",660766,"STL","FF","4-Seam Fastball",-0.7,-2,"284",27.4,"76","0.25","0.368","0.316",23.5,25,18.8,"0.198","0.338","0.271",36
"Marte, Ketel",606466,"AZ","SL","Slider",-1.7,-6,"337",15.6,"76","0.183","0.268","0.228",28.9,22.4,16.7,"0.241","0.359","0.288",35.2
"Kepler, Max",596146,"MIN","SL","Slider",-2.2,-6,"272",16.4,"76","0.134","0.209","0.204",28.6,22.4,19.8,"0.22","0.394","0.305",35.3
"Schoop, Jonathan",570731,"DET","SI","Sinker",-1.2,-3,"268",15,"76","0.268","0.352","0.299",14.1,7.9,14.6,"0.288","0.396","0.324",38.5
"Stallings, Jacob",607732,"MIA","SI","Sinker",-1.3,-4,"292",19.8,"75","0.269","0.358","0.314",13.8,13.3,18.9,"0.254","0.363","0.308",41.4
"McMahon, Ryan",641857,"COL","CH","Changeup",0.5,2,"318",12.4,"75","0.215","0.354","0.319",32.6,20,15.5,"0.259","0.446","0.349",43.1
"Devers, Rafael",646240,"BOS","SI","Sinker",1,3,"267",12,"75","0.324","0.507","0.368",21.7,17.3,19.7,"0.293","0.471","0.348",46.6
"VanMeter, Josh",642165,"PIT","FF","4-Seam Fastball",-1.5,-4,"286",35.6,"75","0.224","0.328","0.279",9.5,13.3,11,"0.248","0.374","0.309",37.9
"Lindor, Francisco",596019,"NYM","CU","Curveball",1,4,"379",13.4,"75","0.3","0.414","0.349",31.4,29.3,20.4,"0.261","0.372","0.304",27.1
"Muncy, Max",571970,"LAD","CH","Changeup",2.3,7,"296",12.2,"75","0.263","0.456","0.401",29.4,20,15.8,"0.266","0.43","0.394",40.5
"Winker, Jesse",608385,"SEA","SL","Slider",2.1,6,"281",12.6,"75","0.306","0.5","0.398",19,21.3,16.3,"0.279","0.435","0.367",38.3
"Marte, Ketel",606466,"AZ","SI","Sinker",3.7,9,"246",11.4,"75","0.359","0.625","0.442",6.6,12,20,"0.323","0.565","0.416",54.4
"Engel, Adam",641553,"CWS","FF","4-Seam Fastball",-1,-3,"302",30.4,"75","0.236","0.375","0.291",30.9,33.3,28.1,"0.201","0.285","0.229",36.2
"Aquino, Aristides",606157,"CIN","FF","4-Seam Fastball",-1.6,-4,"267",24.7,"75","0.181","0.347","0.242",40.3,52,38.2,"0.134","0.264","0.19",33.3
"Gomes, Yan",543228,"CHC","FF","4-Seam Fastball",0.7,2,"316",31.4,"75","0.286","0.5","0.361",16.2,13.3,12.5,"0.29","0.498","0.356",41
"Carlson, Dylan",666185,"STL","SL","Slider",-0.2,-1,"260",13.2,"75","0.194","0.323","0.3",28.6,21.3,17.6,"0.188","0.305","0.285",20.8
"Edman, Tommy",669242,"STL","SL","Slider",0.7,2,"258",11.1,"75","0.25","0.444","0.311",35,33.3,25.5,"0.191","0.303","0.232",29.8
"Pache, Cristian",665506,"ATH","FF","4-Seam Fastball",-3.6,-9,"249",27.1,"75","0.162","0.25","0.213",22.6,22.7,24.3,"0.276","0.398","0.319",50.9
"Urías, Ramón",602104,"BAL","SL","Slider",0.8,2,"269",16.4,"75","0.271","0.486","0.337",31.9,22.7,19.3,"0.223","0.412","0.287",38.2
"Stanton, Giancarlo",519317,"NYY","SI","Sinker",-1.9,-6,"311",16.9,"75","0.152","0.197","0.233",16.2,17.3,28.9,"0.239","0.333","0.303",40.7
"Soler, Jorge",624585,"MIA","FF","4-Seam Fastball",2.4,7,"288",22.6,"75","0.269","0.597","0.409",26.9,21.3,18.8,"0.241","0.592","0.385",49
"d'Arnaud, Travis",518595,"ATL","SI","Sinker",2.4,7,"302",18.5,"75","0.333","0.636","0.445",18.7,13.3,14.5,"0.361","0.677","0.472",50
"Báez, Javier",595879,"DET","SI","Sinker",-2.6,-7,"249",11.9,"74","0.206","0.294","0.268",17.6,12.2,29,"0.197","0.275","0.246",25.4
"Vázquez, Christian",543877,"HOU","SI","Sinker",-1.7,-5,"274",16.8,"74","0.229","0.386","0.29",9.5,12.2,12.7,"0.27","0.42","0.319",41
"Soler, Jorge",624585,"MIA","SL","Slider",-1,-3,"330",25.9,"74","0.161","0.242","0.272",43.8,36.5,23.5,"0.153","0.244","0.257",37.1
"India, Jonathan",663697,"CIN","SL","Slider",-0.1,0,"285",16.5,"74","0.214","0.443","0.31",33.1,31.1,23.7,"0.183","0.286","0.229",21.3
"Wade Jr., LaMonte",664774,"SF","FF","4-Seam Fastball",-1.1,-3,"304",30.6,"74","0.169","0.323","0.268",19.3,23,18.1,"0.172","0.374","0.287",35.4
"Sheets, Gavin",657757,"CWS","CH","Changeup",-0.7,-2,"283",16.7,"74","0.254","0.352","0.263",27.5,20.3,14.3,"0.24","0.35","0.267",24.1
"Raleigh, Cal",663728,"SEA","CH","Changeup",3.1,9,"298",18.1,"74","0.239","0.493","0.36",42.5,27,20.4,"0.208","0.374","0.267",33.3
"Hummel, Cooper",669450,"AZ","FF","4-Seam Fastball",-0.1,0,"270",33,"74","0.242","0.435","0.354",15.3,21.6,22.2,"0.291","0.533","0.408",52.2
"Senzel, Nick",669222,"CIN","SL","Slider",-1.5,-4,"253",17.3,"74","0.235","0.324","0.275",33.6,24.3,19.8,"0.23","0.311","0.267",29.4
"Solano, Donovan",456781,"CIN","FF","4-Seam Fastball",1.3,4,"346",29.5,"74","0.25","0.453","0.365",17.9,23,14.9,"0.235","0.443","0.342",38.3
"Taylor, Chris",621035,"LAD","SL","Slider",0.6,2,"333",16.8,"74","0.254","0.413","0.319",48.1,37.8,25.5,"0.21","0.407","0.306",47.4
"Massey, Michael",686681,"KC","FF","4-Seam Fastball",0.1,0,"278",38.7,"74","0.343","0.418","0.377",20.9,13.5,12.5,"0.337","0.6","0.425",41.4
"Semien, Marcus",543760,"TEX","CH","Changeup",-0.2,-1,"266",9.6,"74","0.203","0.319","0.268",21.2,20.3,13.6,"0.164","0.261","0.218",29.6
"Reynolds, Bryan",668804,"PIT","SI","Sinker",0.4,1,"287",12.5,"74","0.324","0.456","0.405",17.4,10.8,15.7,"0.316","0.501","0.38",65
"Carlson, Dylan",666185,"STL","CH","Changeup",-1.8,-5,"280",14.3,"74","0.211","0.239","0.22",33.8,20.3,21.4,"0.22","0.275","0.237",14.3
"Tucker, Kyle",663656,"HOU","SI","Sinker",1,3,"276",12.2,"74","0.299","0.537","0.4",15,6.8,7.9,"0.304","0.574","0.403",48.4
"Tellez, Rowdy",642133,"MIL","SI","Sinker",-0.2,-1,"362",15.1,"74","0.277","0.415","0.347",7.9,9.5,9.3,"0.291","0.456","0.367",58.6
"Maile, Luke",571912,"CLE","FF","4-Seam Fastball",1.2,3,"273",33.3,"73","0.274","0.435","0.377",22.8,23.3,19.8,"0.252","0.398","0.342",26.7
"Crawford, Brandon",543063,"SF","SL","Slider",0.5,1,"259",15.1,"73","0.197","0.361","0.304",41.9,32.9,29.3,"0.178","0.308","0.289",35.1
"Santana, Carlos",467793,"SEA","SI","Sinker",-0.8,-2,"270",13.1,"73","0.226","0.339","0.315",14.3,16.4,21.4,"0.277","0.49","0.377",43.1
"Nimmo, Brandon",607043,"NYM","CH","Changeup",3.3,9,"273",9.8,"73","0.242","0.545","0.374",25.2,17.8,15.5,"0.259","0.49","0.349",38.2
"Canha, Mark",592192,"NYM","SL","Slider",1.6,6,"366",16.5,"73","0.311","0.443","0.401",29.2,19.2,10.4,"0.243","0.397","0.345",36.2
"Ruf, Darin",573131,"NYM","SI","Sinker",1.3,4,"296",18.3,"73","0.305","0.441","0.408",17.7,17.8,21,"0.273","0.414","0.376",51.1
"Perdomo, Geraldo",672695,"AZ","CH","Changeup",0.4,1,"262",12.7,"73","0.227","0.348","0.286",18.3,12.3,10,"0.243","0.328","0.285",31
"Alfaro, Jorge",595751,"SD","FF","4-Seam Fastball",-0.2,-1,"315",31.3,"73","0.25","0.375","0.323",43.4,49.3,31,"0.204","0.326","0.286",46.4
"Gamel, Ben",592325,"PIT","SI","Sinker",0.1,0,"249",14.5,"73","0.276","0.414","0.392",14.8,9.6,13,"0.316","0.54","0.435",47.1
"Garver, Mitch",641598,"TEX","FF","4-Seam Fastball",0.4,1,"301",32,"73","0.193","0.491","0.364",27.5,26,21.6,"0.224","0.49","0.381",56.4
"Tellez, Rowdy",642133,"MIL","CU","Curveball",0.8,2,"270",11.3,"73","0.221","0.471","0.318",29.2,26,20.4,"0.214","0.405","0.293",49
"Castro, Harold",605612,"DET","CH","Changeup",-1.7,-4,"253",15.3,"73","0.222","0.25","0.229",16.3,13.7,13.7,"0.232","0.301","0.238",21
"Alvarez, Yordan",670541,"HOU","CH","Changeup",7,19,"276",12.6,"73","0.353","0.897","0.537",29.3,19.2,20,"0.358","0.847","0.516",50
"Mancini, Trey",641820,"HOU","CH","Changeup",-2.1,-6,"268",11.3,"73","0.162","0.25","0.204",35.7,26,17.1,"0.21","0.335","0.257",28
"Jiménez, Eloy",650391,"CWS","SL","Slider",2.6,6,"248",21.1,"73","0.297","0.609","0.401",36.4,23.3,21.5,"0.233","0.513","0.351",53.1
"Bell, Josh",605137,"SD","SL","Slider",0.4,1,"295",11.8,"72","0.246","0.41","0.315",25.2,25,18,"0.198","0.384","0.294",45.7
"Lowe, Josh",666139,"TB","FF","4-Seam Fastball",-2,-7,"342",40.2,"72","0.147","0.324","0.217",39.2,45.8,25.4,"0.193","0.397","0.267",55.6
"Laureano, Ramón",657656,"ATH","SI","Sinker",0.1,0,"262",17.3,"72","0.277","0.462","0.366",21.8,16.7,23.1,"0.26","0.485","0.354",34
"Taylor, Michael A.",572191,"KC","SI","Sinker",1.2,3,"254",14.8,"72","0.367","0.367","0.4",16.8,20.8,23.4,"0.215","0.252","0.283",30.4
"Thompson, Trayce",572204,"LAD","FF","4-Seam Fastball",-1.4,-4,"322",28.3,"72","0.169","0.354","0.256",39.3,50,31.3,"0.195","0.402","0.285",56.7
"Freeman, Freddie",518692,"LAD","CU","Curveball",1,3,"256",9.3,"72","0.25","0.441","0.286",19.8,23.6,20.5,"0.234","0.455","0.309",35.8
"Springer, George",543807,"TOR","CH","Changeup",-1.5,-4,"253",11.6,"72","0.231","0.262","0.256",31.8,23.6,20.2,"0.231","0.292","0.266",38.8
"Kwan, Steven",680757,"CLE","CH","Changeup",1.2,3,"278",10.5,"72","0.304","0.377","0.311",8.4,4.2,3.7,"0.294","0.341","0.296",16.4
"Sánchez, Gary",596142,"MIN","SI","Sinker",0.7,2,"289",15.4,"72","0.274","0.452","0.378",10.7,11.1,14,"0.257","0.503","0.374",42.6
"Báez, Javier",595879,"DET","CH","Changeup",0.1,0,"244",11.7,"72","0.242","0.303","0.307",31.5,16.7,16.7,"0.253","0.403","0.318",38.9
"Edman, Tommy",669242,"STL","SI","Sinker",1.2,3,"250",10.7,"72","0.344","0.578","0.418",8.1,8.3,13.3,"0.321","0.572","0.414",57.6
"Chavis, Michael",656308,"PIT","SI","Sinker",0.4,1,"271",17.8,"71","0.328","0.478","0.368",17.9,11.3,14.8,"0.311","0.431","0.344",39
"Crawford, Brandon",543063,"SF","SI","Sinker",-0.9,-2,"264",15.3,"71","0.262","0.311","0.324",25,14.1,26.3,"0.22","0.319","0.301",38.5
"Vázquez, Christian",543877,"HOU","SL","Slider",-0.7,-2,"310",19,"71","0.206","0.279","0.213",19.5,14.1,10.2,"0.216","0.299","0.234",28.3
"Rizzo, Anthony",519203,"NYY","SL","Slider",2,5,"258",12.2,"71","0.215","0.477","0.337",26.2,22.5,20.5,"0.259","0.588","0.384",38.8
"Hosmer, Eric",543333,"BOS","SI","Sinker",-3.1,-8,"274",16.9,"71","0.143","0.175","0.215",9.9,16.9,21.1,"0.19","0.212","0.243",23.1
"Vargas, Ildemaro",545121,"WSH","FF","4-Seam Fastball",0.2,1,"273",34.4,"71","0.294","0.471","0.344",9.8,8.5,9.1,"0.251","0.341","0.274",21
"Olson, Matt",621566,"ATL","CU","Curveball",0.1,0,"292",10.1,"71","0.246","0.431","0.323",30.3,32.4,22.8,"0.247","0.497","0.346",42.9
"Solano, Donovan",456781,"CIN","SI","Sinker",-2.1,-5,"243",20.7,"71","0.266","0.281","0.28",7.5,5.6,8.3,"0.279","0.36","0.309",47.5
"Wade, Tyler",642180,"LAA","FF","4-Seam Fastball",-1.3,-4,"263",41.9,"71","0.262","0.344","0.324",18.4,18.3,19.7,"0.217","0.297","0.275",17.6
"Bader, Harrison",664056,"NYY","FF","4-Seam Fastball",0.3,1,"327",27.5,"70","0.311","0.525","0.391",15.4,20,14.6,"0.269","0.438","0.344",35.4
"Fletcher, David",664058,"LAA","FF","4-Seam Fastball",-2.7,-7,"260",35.6,"70","0.136","0.227","0.2",3.6,1.4,2.2,"0.24","0.313","0.266",7.7
"Grossman, Robbie",543257,"ATL","SI","Sinker",0.4,1,"248",12.8,"70","0.3","0.533","0.394",13.8,21.4,22.7,"0.246","0.455","0.346",41.3
"Chang, Yu",644374,"BOS","FF","4-Seam Fastball",0.7,2,"243",31.9,"70","0.313","0.453","0.354",22.7,25.7,22.5,"0.262","0.471","0.335",38.3
"Blackmon, Charlie",453568,"COL","SL","Slider",1.8,4,"248",11.9,"70","0.348","0.536","0.397",30.9,24.3,21.5,"0.235","0.387","0.273",30.8
"Cabrera, Miguel",408234,"DET","SI","Sinker",1,2,"254",15.5,"70","0.355","0.403","0.381",14.9,10,15.6,"0.318","0.41","0.351",41.1
"Stott, Bryson",681082,"PHI","SI","Sinker",0.2,1,"314",16.7,"70","0.279","0.41","0.336",9.2,8.6,9.1,"0.304","0.439","0.37",45.5
"Herrera, Odúbel",546318,"PHI","FF","4-Seam Fastball",-1.1,-3,"247",33.5,"70","0.231","0.338","0.296",17.3,20,18.2,"0.221","0.362","0.282",35.3
"Happ, Ian",664023,"CHC","SI","Sinker",0.2,1,"296",11.6,"70","0.323","0.462","0.381",19.7,18.6,23.2,"0.285","0.429","0.326",47.2
"Madrigal, Nick",663611,"CHC","FF","4-Seam Fastball",-1,-3,"322",37.8,"70","0.258","0.306","0.314",10.4,17.1,12.4,"0.278","0.348","0.323",38
"Naylor, Josh",647304,"CLE","SL","Slider",2.4,7,"291",16.5,"70","0.286","0.556","0.402",32.1,28.6,19.6,"0.251","0.454","0.339",46.5
"Odor, Rougned",596059,"BAL","CH","Changeup",-2.3,-6,"245",13.9,"70","0.136","0.212","0.21",32.6,25.7,29.5,"0.2","0.295","0.237",24.5
"Polanco, Jorge",593871,"MIN","SL","Slider",-1.9,-5,"281",14.8,"70","0.121","0.172","0.216",32.5,32.9,25,"0.19","0.345","0.301",38.9
"Arraez, Luis",650333,"MIN","SL","Slider",1.3,4,"296",12.3,"70","0.338","0.441","0.351",11.7,11.4,8,"0.26","0.414","0.3",31.7
"Turner, Trea",607208,"LAD","CU","Curveball",1.6,5,"304",11.2,"70","0.324","0.456","0.362",31.8,20,12.4,"0.282","0.398","0.307",27.8
"Miller, Owen",680911,"CLE","SI","Sinker",-1.2,-3,"278",15.1,"70","0.258","0.323","0.313",12.4,14.3,17.5,"0.248","0.31","0.288",20.8
"Duvall, Adam",594807,"ATL","SL","Slider",-1.5,-4,"262",21.5,"70","0.179","0.373","0.251",42.5,41.4,31.5,"0.163","0.329","0.229",31.6
"Paredes, Isaac",670623,"TB","SL","Slider",0,0,"316",19.5,"69","0.121","0.31","0.268",25.2,17.4,12.6,"0.153","0.31","0.276",31.9
"Pache, Cristian",665506,"ATH","SL","Slider",-1.8,-4,"253",27.6,"69","0.159","0.238","0.21",44.4,39.1,29.3,"0.171","0.227","0.214",43.2
"Moncada, Yoán",660162,"CWS","CH","Changeup",0.5,1,"262",15.2,"69","0.246","0.431","0.325",30.5,15.9,13.3,"0.255","0.451","0.326",35.2
"Trout, Mike",545361,"LAA","SL","Slider",1.9,6,"318",15.1,"69","0.281","0.703","0.428",35.8,29,18.2,"0.239","0.584","0.37",40.9
"Taylor, Chris",621035,"LAD","SI","Sinker",0.3,1,"303",15.3,"69","0.349","0.508","0.413",27.6,18.8,19.4,"0.256","0.418","0.324",40
"Olson, Matt",621566,"ATL","FC","Cutter",0.7,2,"256",8.9,"69","0.206","0.444","0.322",25.8,17.4,17.6,"0.219","0.461","0.324",47.1
"Anderson, Brian",605119,"MIA","SL","Slider",1,3,"263",17.1,"69","0.227","0.409","0.312",38.2,34.8,23.5,"0.194","0.413","0.286",35.7
"Gonzalez, Marwin",503556,"NYY","FF","4-Seam Fastball",-0.6,-2,"263",32,"69","0.241","0.379","0.32",14.1,14.5,12.3,"0.255","0.357","0.322",36
"Grisham, Trent",663757,"SD","CH","Changeup",-0.7,-2,"270",12.2,"69","0.177","0.323","0.268",27.5,24.6,21.8,"0.191","0.302","0.256",37
"Villar, Jonathan",542340,"LAA","FF","4-Seam Fastball",-2.7,-9,"321",36.6,"69","0.145","0.145","0.203",39.3,42,33,"0.183","0.209","0.211",37.1
"Pederson, Joc",592626,"SF","SL","Slider",1,3,"264",15.7,"69","0.25","0.453","0.317",42.6,42,28.4,"0.206","0.416","0.287",27.8
"Benintendi, Andrew",643217,"NYY","SI","Sinker",1.1,3,"245",12.7,"69","0.377","0.443","0.404",20,13,15.3,"0.296","0.422","0.344",47.2
"Gallo, Joey",608336,"LAD","CH","Changeup",0.2,0,"270",15.7,"68","0.175","0.397","0.285",41.4,30.9,22.1,"0.219","0.437","0.309",40.5
"Lindor, Francisco",596019,"NYM","FC","Cutter",-0.4,-1,"274",9.7,"68","0.262","0.338","0.295",26.1,23.5,22.5,"0.232","0.336","0.265",34.7
"Haggerty, Sam",664059,"SEA","FF","4-Seam Fastball",-0.4,-1,"250",34,"68","0.211","0.386","0.315",22,30.9,27.3,"0.178","0.316","0.28",18.9
"Rendon, Anthony",543685,"LAA","FF","4-Seam Fastball",-0.1,0,"265",34.9,"68","0.204","0.37","0.327",19,17.6,15,"0.234","0.459","0.383",51.2
"Yastrzemski, Mike",573262,"SF","CU","Curveball",0,0,"274",11.7,"68","0.2","0.317","0.257",21.7,32.4,21,"0.234","0.369","0.297",52.5
"Trevino, Jose",624431,"NYY","SL","Slider",1.1,3,"264",21,"68","0.284","0.463","0.335",33.1,25,21,"0.216","0.359","0.254",28
"Giménez, Andrés",665926,"CLE","CU","Curveball",0.4,1,"243",11.9,"68","0.295","0.377","0.339",25.4,19.1,20.3,"0.218","0.261","0.251",28.6
"Perdomo, Geraldo",672695,"AZ","SI","Sinker",-1.6,-5,"281",13.6,"68","0.222","0.222","0.306",12.6,8.8,10.9,"0.259","0.348","0.352",30.6
"Reynolds, Bryan",668804,"PIT","CU","Curveball",2.3,7,"307",13.3,"68","0.29","0.548","0.388",35.1,22.1,16.7,"0.245","0.398","0.304",33.3
"Ohtani, Shohei",660271,"LAA","SI","Sinker",1.4,4,"251",9.9,"68","0.291","0.6","0.436",19.1,13.2,14.8,"0.301","0.661","0.462",45.7
"Reynolds, Bryan",668804,"PIT","FC","Cutter",-0.7,-2,"261",11.3,"67","0.2","0.3","0.28",26.1,26.9,23.1,"0.211","0.286","0.266",26.2
"Yelich, Christian",592885,"MIL","CU","Curveball",-1.4,-4,"313",11.4,"67","0.145","0.258","0.211",37.8,34.3,23,"0.231","0.387","0.297",51.3
"Buxton, Byron",621439,"MIN","SL","Slider",1.5,4,"278",18.2,"67","0.273","0.606","0.382",43.5,40.3,30.3,"0.243","0.488","0.326",41
"Guillorme, Luis",641645,"NYM","SI","Sinker",-1.3,-3,"262",19.1,"67","0.295","0.328","0.315",9.9,9,10.7,"0.248","0.32","0.288",29.1
"McCormick, Chas",676801,"HOU","SL","Slider",-2.5,-7,"294",18.6,"67","0.131","0.197","0.192",46.7,38.8,33.8,"0.129","0.197","0.19",22.9
"Rojas, Josh",668942,"AZ","SL","Slider",-0.6,-2,"321",15.8,"67","0.288","0.356","0.296",23.6,23.9,16.5,"0.23","0.307","0.259",23.4
"Lux, Gavin",666158,"LAD","SL","Slider",-0.4,-1,"287",15.6,"67","0.27","0.381","0.296",33.3,29.9,22,"0.191","0.345","0.247",27.3
"Choi, Ji Man",596847,"TB","CH","Changeup",1.3,4,"296",16.1,"66","0.281","0.456","0.368",27.1,16.7,13.4,"0.304","0.532","0.414",40.4
"Reynolds, Matt",608703,"CIN","SI","Sinker",-1,-3,"246",23.1,"66","0.3","0.35","0.325",10.3,12.1,17.4,"0.253","0.335","0.296",51.9
"Bellinger, Cody",641355,"LAD","SL","Slider",-0.6,-2,"323",14,"66","0.2","0.333","0.274",40.7,47,25.8,"0.145","0.289","0.221",46.7
"Santander, Anthony",623993,"BAL","SL","Slider",1.8,5,"260",9.9,"66","0.274","0.548","0.368",33.3,36.4,25.8,"0.272","0.552","0.37",47.4
"Nola, Austin",543592,"SD","SL","Slider",1.6,4,"267",17.5,"66","0.263","0.404","0.336",27.6,22.7,16.5,"0.23","0.319","0.288",29.5
"Taylor, Tyrone",621438,"MIL","SL","Slider",0.2,1,"318",20.9,"66","0.238","0.476","0.32",41.4,33.3,21.8,"0.207","0.4","0.278",26.8
"Wong, Kolten",543939,"MIL","SL","Slider",-0.3,-1,"277",13.5,"66","0.155","0.362","0.263",31.5,31.8,21,"0.168","0.327","0.243",27.5
"Suwinski, Jack",669261,"PIT","SL","Slider",-0.8,-2,"251",16,"66","0.21","0.387","0.294",42.2,37.9,28.1,"0.182","0.309","0.241",37.8
"Calhoun, Kole",594777,"TEX","SL","Slider",-2.3,-6,"253",14.9,"66","0.129","0.258","0.206",48.4,48.5,31.4,"0.161","0.341","0.252",60
"Bogaerts, Xander",593428,"BOS","CH","Changeup",0.6,1,"243",9.7,"66","0.279","0.361","0.325",34.1,25.8,18.5,"0.212","0.261","0.245",31.8
"Benintendi, Andrew",643217,"NYY","SL","Slider",1.1,3,"244",12.7,"66","0.262","0.443","0.334",25.8,19.7,17.3,"0.242","0.449","0.321",28.6
"Celestino, Gilberto",665482,"MIN","SL","Slider",1.2,3,"250",18.1,"65","0.22","0.305","0.308",36.7,30.8,25,"0.19","0.269","0.237",25
"Pratto, Nick",668472,"KC","FF","4-Seam Fastball",-0.7,-2,"316",40.2,"65","0.161","0.357","0.272",26.1,36.9,24.2,"0.127","0.277","0.244",36.4
"Hosmer, Eric",543333,"BOS","SL","Slider",1.8,5,"261",16.1,"65","0.316","0.404","0.391",24.4,15.4,10,"0.294","0.437","0.363",48.9
"Cruz, Oneil",665833,"PIT","SL","Slider",-1.8,-5,"262",18,"65","0.177","0.258","0.212",58.4,58.5,40.4,"0.147","0.22","0.184",33.3
"Muncy, Max",571970,"LAD","CU","Curveball",-0.9,-3,"342",14,"65","0.121","0.138","0.181",48,50.8,30.6,"0.109","0.192","0.183",30.8
"De La Cruz, Bryan",650559,"MIA","SL","Slider",-0.9,-3,"274",19.8,"65","0.21","0.29","0.239",42.7,40,26.3,"0.24","0.384","0.289",30.6
"García, Avisaíl",541645,"MIA","FF","4-Seam Fastball",0.2,1,"324",23.7,"65","0.266","0.469","0.319",33.5,29.2,18.6,"0.264","0.477","0.322",60
"Zavala, Seby",664874,"CWS","FF","4-Seam Fastball",-0.7,-2,"310",35.4,"65","0.224","0.286","0.33",42.8,33.8,22.2,"0.165","0.32","0.316",50
"Azocar, José",640492,"SD","FF","4-Seam Fastball",-1.9,-5,"278",36.2,"65","0.204","0.278","0.286",21.2,18.5,18.2,"0.222","0.357","0.33",34.9
"Pujols, Albert",405395,"STL","SL","Slider",2.8,8,"298",21.5,"65","0.237","0.644","0.407",29.1,13.8,8.8,"0.227","0.552","0.359",46
"Jansen, Danny",643376,"TOR","FF","4-Seam Fastball",2.3,6,"269",28,"64","0.288","0.654","0.454",30.2,20.3,16.5,"0.275","0.691","0.459",70
"Dalbec, Bobby",666915,"BOS","SL","Slider",-0.2,-1,"292",19.8,"64","0.2","0.467","0.281",41.7,35.9,25,"0.174","0.336","0.227",33.3
"Higgins, P.J.",664731,"CHC","FF","4-Seam Fastball",-0.8,-2,"294",32.7,"64","0.192","0.442","0.334",30.8,35.9,26.4,"0.165","0.308","0.281",35.5
"Crawford, J.P.",641487,"SEA","CH","Changeup",-0.1,0,"292",11.8,"64","0.207","0.276","0.256",18.4,12.5,11.1,"0.257","0.338","0.301",32
"Hilliard, Sam",656541,"COL","FF","4-Seam Fastball",-0.3,-1,"302",34.7,"64","0.264","0.453","0.363",31,25,17.8,"0.262","0.508","0.39",52.6
"Profar, Jurickson",595777,"SD","CU","Curveball",1.6,5,"290",10.4,"63","0.211","0.421","0.349",26,14.3,8.7,"0.244","0.397","0.314",31.3
"Donovan, Brendan",680977,"STL","SI","Sinker",0.6,2,"273",13.9,"63","0.327","0.509","0.402",7.7,15.9,20,"0.257","0.376","0.327",53.3
"Escobar, Eduardo",500871,"NYM","SL","Slider",-0.7,-2,"247",11.8,"63","0.255","0.491","0.34",37.3,28.6,23.7,"0.22","0.444","0.321",35
"Bride, Jonah",681146,"ATH","FF","4-Seam Fastball",-2.5,-6,"248",31.1,"63","0.193","0.228","0.249",7.8,12.7,12.1,"0.226","0.341","0.288",34.7
"Brosseau, Mike",670712,"MIL","FF","4-Seam Fastball",-0.2,-1,"286",41.7,"63","0.241","0.397","0.321",30.8,28.6,18.9,"0.236","0.439","0.318",52.5
"Pederson, Joc",592626,"SF","CH","Changeup",-0.5,-1,"261",15.5,"63","0.237","0.39","0.301",31.1,23.8,22.1,"0.283","0.564","0.38",43.2
"Yelich, Christian",592885,"MIL","CH","Changeup",1,3,"255",9.3,"63","0.228","0.474","0.361",34.2,28.6,22.2,"0.232","0.458","0.332",43.6
"Lowrie, Jed",476704,"ATH","FF","4-Seam Fastball",-0.6,-2,"298",41,"62","0.192","0.346","0.305",20.9,17.7,16.7,"0.182","0.326","0.294",36.6
"Schwarber, Kyle",656941,"PHI","FC","Cutter",0.4,1,"265",9.2,"62","0.222","0.407","0.344",27.8,21,16.9,"0.25","0.581","0.414",65.9
"Ruf, Darin",573131,"NYM","SL","Slider",-1.3,-3,"259",16,"62","0.113","0.208","0.218",35.3,33.9,23.3,"0.173","0.31","0.277",31.3
"Rengifo, Luis",650859,"LAA","CU","Curveball",1.2,3,"284",15.6,"62","0.31","0.517","0.377",26.6,22.6,17.7,"0.238","0.38","0.295",31.8
"Carpenter, Matt",572761,"NYY","FF","4-Seam Fastball",3,9,"289",40.1,"62","0.3","0.86","0.527",20.2,19.4,12.2,"0.251","0.713","0.458",55.3
"Voit, Luke",572228,"WSH","CH","Changeup",-1.6,-4,"268",11.9,"62","0.161","0.232","0.222",42.1,35.5,24.7,"0.162","0.325","0.252",41.2
"Rivera, Emmanuel",656896,"AZ","SI","Sinker",-0.8,-2,"245",18.5,"61","0.218","0.4","0.305",16.2,8.2,11.4,"0.241","0.409","0.32",40
"Stassi, Max",545358,"LAA","SL","Slider",-1.6,-5,"307",21.4,"61","0.127","0.255","0.206",44.4,37.7,23.7,"0.093","0.186","0.166",18.2
"Grisham, Trent",663757,"SD","SL","Slider",-2.2,-6,"261",11.8,"61","0.096","0.096","0.192",42.9,42.6,25,"0.121","0.207","0.224",15.4
"Nevin, Tyler",663527,"BAL","FF","4-Seam Fastball",-2.3,-6,"266",33.5,"61","0.164","0.236","0.229",25,24.6,17.9,"0.191","0.317","0.254",46.3
"Odor, Rougned",596059,"BAL","SL","Slider",-2.6,-6,"245",13.9,"61","0.123","0.246","0.191",44.2,37.7,28.7,"0.129","0.256","0.199",26.5
"Maldonado, Martín",455117,"HOU","SL","Slider",-3.4,-9,"273",18.2,"61","0.068","0.102","0.093",45.3,44.3,22.9,"0.128","0.199","0.158",33.3
"Bellinger, Cody",641355,"LAD","CH","Changeup",-1.9,-5,"265",11.5,"61","0.138","0.224","0.196",33.1,31.1,22.4,"0.157","0.248","0.199",28.2
"Engel, Adam",641553,"CWS","SL","Slider",-1.9,-5,"256",25.8,"61","0.186","0.271","0.229",41.7,29.5,19.4,"0.246","0.325","0.263",31.7
"Anderson, Brian",605119,"MIA","SI","Sinker",-1.7,-4,"262",17,"61","0.161","0.232","0.248",18.7,23,23.3,"0.231","0.297","0.27",40.5
"Clement, Ernie",676391,"ATH","FF","4-Seam Fastball",-3,-8,"252",40.1,"60","0.12","0.14","0.204",16.4,15,16.7,"0.212","0.352","0.312",38.1
"Abreu, José",547989,"CWS","CU","Curveball",1.5,4,"247",9.1,"60","0.283","0.472","0.37",35.4,30,20,"0.226","0.423","0.312",55.6
"Adames, Willy",642715,"MIL","CH","Changeup",-1,-3,"260",10.5,"60","0.237","0.373","0.269",37.9,41.7,26.3,"0.162","0.263","0.191",26.5
"Hernández, Enrique",571771,"BOS","SL","Slider",-1.2,-3,"285",19.1,"60","0.186","0.305","0.218",40.5,30,24.7,"0.231","0.333","0.251",29.3
"Meneses, Joey",608841,"WSH","FF","4-Seam Fastball",2.7,7,"266",28.4,"60","0.407","0.741","0.498",19,16.7,11.1,"0.274","0.566","0.381",48.9
"McKinstry, Zach",656716,"CHC","FF","4-Seam Fastball",-1,-3,"312",39.4,"59","0.22","0.3","0.298",17.8,28.8,17.2,"0.212","0.298","0.293",33.3
"Ramírez, José",608070,"CLE","CU","Curveball",2.1,6,"278",10.1,"59","0.396","0.566","0.445",11.3,8.5,7.2,"0.276","0.338","0.312",22.9
"Díaz, Aledmys",649557,"HOU","SL","Slider",-1.3,-3,"247",21.1,"59","0.154","0.212","0.226",35.2,22,17.6,"0.231","0.29","0.276",27.5
"Barnes, Austin",605131,"LAD","FF","4-Seam Fastball",0.3,1,"283",33.3,"59","0.259","0.463","0.341",14.9,22,14.3,"0.226","0.401","0.303",43.9
"Peña, Jeremy",665161,"HOU","CH","Changeup",-2.6,-6,"249",12.4,"59","0.179","0.232","0.197",41,25.4,16.7,"0.178","0.237","0.188",16.3
"Crawford, Brandon",543063,"SF","CH","Changeup",-1.9,-5,"244",14.2,"59","0.125","0.232","0.195",38,20.3,17.4,"0.203","0.321","0.248",20.5
"Grossman, Robbie",543257,"ATL","CH","Changeup",0.9,2,"268",13.8,"58","0.294","0.333","0.329",32.5,25.9,16.1,"0.205","0.296","0.275",22.2
"Nimmo, Brandon",607043,"NYM","CU","Curveball",2.8,7,"243",8.7,"58","0.315","0.426","0.365",29.5,24.1,14.1,"0.296","0.446","0.346",55
"Bregman, Alex",608324,"HOU","CH","Changeup",0.8,2,"253",10,"58","0.163","0.286","0.285",18,10.3,7.1,"0.247","0.43","0.353",37.2
"Gamel, Ben",592325,"PIT","SL","Slider",-1.6,-4,"247",14.4,"58","0.182","0.255","0.216",39.1,43.1,27.8,"0.145","0.208","0.18",26.7
"Lowe, Nathaniel",663993,"TEX","CU","Curveball",-0.2,-1,"252",10,"58","0.204","0.407","0.288",30.2,34.5,25.6,"0.256","0.536","0.358",50
"Kelly, Carson",608348,"AZ","SL","Slider",-1.6,-4,"253",17.8,"58","0.13","0.222","0.188",33.9,29.3,19.3,"0.183","0.276","0.232",21.6
"Cabrera, Oswaldo",665828,"NYY","FF","4-Seam Fastball",0,0,"278",38.8,"56","0.255","0.426","0.354",23.6,25,16.3,"0.231","0.387","0.316",40
"Harris II, Michael",671739,"ATL","SI","Sinker",1.1,3,"253",15.3,"56","0.283","0.547","0.413",16.2,10.7,13.3,"0.285","0.536","0.362",31.3
"Tsutsugo, Yoshi",660294,"PIT","FF","4-Seam Fastball",-0.1,0,"287",33.3,"55","0.205","0.308","0.348",16.3,20,11.8,"0.216","0.426","0.383",41.4
"Voit, Luke",572228,"WSH","CU","Curveball",-1,-3,"246",10.9,"55","0.196","0.275","0.241",45.3,43.6,26.1,"0.197","0.356","0.269",44.4
"Hicks, Aaron",543305,"NYY","CU","Curveball",-0.8,-2,"255",12.7,"55","0.143","0.204","0.227",42.2,50.9,32.2,"0.112","0.172","0.186",14.3
"Aguilar, Jesús",542583,"BAL","CU","Curveball",-0.6,-1,"245",11.8,"54","0.1","0.26","0.189",43.7,37,24.7,"0.129","0.249","0.198",20
"González, Luis",670768,"SF","SI","Sinker",1,3,"254",17.3,"54","0.327","0.592","0.421",16.4,11.1,10.7,"0.264","0.413","0.324",40.9
"Myers, Wil",571976,"SD","SL","Slider",-0.9,-2,"267",23,"54","0.204","0.327","0.245",44.3,42.6,28,"0.196","0.381","0.276",60.7
"Mancini, Trey",641820,"HOU","CU","Curveball",0,0,"244",10.3,"54","0.255","0.392","0.302",20.4,16.7,11.5,"0.283","0.479","0.345",35.7
"Brown, Seth",664913,"ATH","CU","Curveball",0.4,1,"296",13.5,"54","0.224","0.49","0.335",25.4,18.5,13.5,"0.281","0.585","0.396",43.6
"Donovan, Brendan",680977,"STL","SL","Slider",1.3,3,"248",12.6,"53","0.293","0.366","0.369",26.7,17,10,"0.295","0.375","0.372",30.3
"Delay, Jason",641511,"PIT","FF","4-Seam Fastball",-2.3,-6,"243",37.2,"53","0.196","0.235","0.217",31.3,35.8,26.4,"0.163","0.197","0.168",33.3
"Freeman, Freddie",518692,"LAD","FC","Cutter",3.5,9,"268",9.7,"53","0.553","0.766","0.588",19,11.3,10.2,"0.389","0.666","0.477",53.7
"Vogelbach, Daniel",596129,"NYM","SL","Slider",-1.5,-4,"288",13.7,"53","0.109","0.13","0.184",37.1,41.5,21.4,"0.099","0.174","0.193",20.8
"Santana, Carlos",467793,"SEA","SL","Slider",-0.6,-2,"247",12,"52","0.125","0.2","0.268",33,30.8,18.6,"0.2","0.267","0.318",37.5
"Swanson, Dansby",621020,"ATL","CH","Changeup",-0.7,-2,"248",9,"51","0.229","0.313","0.264",45.5,35.3,21.7,"0.222","0.333","0.265",40
"Mazara, Nomar",608577,"SD","FF","4-Seam Fastball",-2.1,-5,"256",35.9,"51","0.229","0.25","0.242",28.7,25.5,19.7,"0.2","0.256","0.228",14.3
"Peterson, Jace",607054,"MIL","SI","Sinker",-0.6,-1,"256",18,"51","0.216","0.324","0.347",12.5,9.8,8.9,"0.261","0.334","0.362",35.3
"Castillo, Diego",660636,"PIT","SL","Slider",-0.8,-2,"246",21.4,"50","0.146","0.271","0.23",37.9,44,27.8,"0.151","0.286","0.22",34.6
"Cronenworth, Jake",630105,"SD","CU","Curveball",-1,-2,"245",9.2,"50","0.171","0.195","0.231",38.2,32,18.8,"0.227","0.309","0.304",29.6
"Varsho, Daulton",662139,"AZ","CU","Curveball",-0.1,0,"294",12.7,"50","0.178","0.333","0.251",27,32,16,"0.186","0.34","0.273",36.7
"Hoskins, Rhys",656555,"PHI","CU","Curveball",-0.5,-1,"254",8.8,"50","0.136","0.273","0.235",34.6,40,23.8,"0.201","0.348","0.29",33.3
"Melendez, MJ",669004,"KC","CU","Curveball",-0.2,0,"267",12.2,"50","0.159","0.295","0.257",32.1,38,22.4,"0.119","0.211","0.194",19.2
"Camargo, Johan",622666,"PHI","FF","4-Seam Fastball",-0.8,-2,"265",36.9,"48","0.186","0.349","0.295",21.1,22.9,14.9,"0.18","0.336","0.268",34.4
"Serven, Brian",661531,"COL","FF","4-Seam Fastball",-3.1,-8,"268",33.7,"47","0.093","0.186","0.152",32.6,36.2,19.5,"0.152","0.286","0.224",25.9
"Vogelbach, Daniel",596129,"NYM","CU","Curveball",0.4,1,"269",12.8,"46","0.195","0.341","0.28",29.3,30.4,15.9,"0.222","0.337","0.291",25.9
"McMahon, Ryan",641857,"COL","CU","Curveball",0.4,1,"255",10,"45","0.179","0.436","0.314",44.2,37.8,19.1,"0.192","0.385","0.304",45.5
"Winker, Jesse",608385,"SEA","CU","Curveball",-1.1,-3,"244",10.9,"45","0.146","0.146","0.182",17.3,24.4,14.9,"0.158","0.182","0.199",10
"Goldschmidt, Paul",502671,"STL","CU","Curveball",2.2,6,"255",9.4,"45","0.375","0.525","0.475",21,17.8,11.4,"0.281","0.461","0.361",43.8
"Wong, Kolten",543939,"MIL","CU","Curveball",-0.3,-1,"299",14.6,"45","0.122","0.268","0.227",24.4,37.8,20.2,"0.168","0.268","0.248",37.5
"Soto, Juan",665742,"SD","CU","Curveball",1.6,4,"280",10.1,"43","0.182","0.364","0.34",12.7,9.3,5.9,"0.274","0.451","0.402",48.3
"Rutschman, Adley",668939,"BAL","CU","Curveball",-1.3,-3,"250",12.4,"41","0.135","0.216","0.204",19.5,26.8,15.1,"0.195","0.271","0.25",23.1