"last_name, first_name","player_id","team_name_alt","pitch_type","pitch_name","run_value_per_100","run_value","pitches","pitch_usage","pa","ba","slg","woba","whiff_percent","k_percent","put_away","est_ba","est_slg","est_woba","hard_hit_percent"
"Crawford, J.P.",641487,"SEA","FF","4-Seam Fastball",-0.4,-5,"1193",42.8,"289","0.293","0.394","0.34",10.4,12.5,10.4,"0.283","0.375","0.327",33.5
"Grossman, Robbie",543257,"DET","FF","4-Seam Fastball",1.2,14,"1131",40.1,"274","0.273","0.481","0.399",16.2,18.6,16,"0.26","0.475","0.388",41.4
"Merrifield, Whit",593160,"KC","FF","4-Seam Fastball",-0.6,-6,"937",35.9,"272","0.292","0.432","0.339",13.3,14,16.2,"0.259","0.43","0.321",38.8
"Semien, Marcus",543760,"TOR","FF","4-Seam Fastball",1.7,16,"967",33.1,"265","0.294","0.655","0.433",17.3,15.5,14.7,"0.273","0.565","0.389",50
"Devers, Rafael",646240,"BOS","FF","4-Seam Fastball",0.7,9,"1179",47.1,"263","0.268","0.54","0.383",35.7,31.9,23.6,"0.264","0.583","0.389",57.2
"Lowe, Nathaniel",663993,"TEX","FF","4-Seam Fastball",0.5,7,"1205",44.8,"260","0.295","0.4","0.391",26.5,27.3,18.8,"0.243","0.383","0.349",47.9
"Freeman, Freddie",518692,"ATL","FF","4-Seam Fastball",1.9,18,"954",35.5,"258","0.332","0.586","0.442",14.7,9.7,9.2,"0.34","0.707","0.472",48.2
"Carlson, Dylan",666185,"STL","FF","4-Seam Fastball",-0.2,-2,"879",34.7,"251","0.256","0.457","0.35",25.9,26.3,24.5,"0.239","0.43","0.326",33.5
"Cronenworth, Jake",630105,"SD","FF","4-Seam Fastball",0.7,7,"981",40.3,"247","0.311","0.476","0.394",8.5,9.7,8.9,"0.292","0.447","0.368",35.8
"Olson, Matt",621566,"ATH","FF","4-Seam Fastball",1.3,15,"1083",39,"243","0.282","0.593","0.412",20.9,13.2,10.3,"0.272","0.582","0.4",56.7
"Lopez, Nicky",670032,"KC","FF","4-Seam Fastball",0,0,"860",40.5,"241","0.327","0.432","0.385",10.1,10.4,11.2,"0.261","0.356","0.33",31.3
"Santana, Carlos",467793,"KC","FF","4-Seam Fastball",0.6,6,"953",35.2,"240","0.257","0.416","0.36",18.5,11.7,9.9,"0.255","0.475","0.364",44.3
"Albies, Ozzie",645277,"ATL","FF","4-Seam Fastball",2.1,20,"955",36.6,"237","0.264","0.615","0.395",26.9,19.8,15.6,"0.236","0.524","0.353",43
"Hernández, Enrique",571771,"BOS","FF","4-Seam Fastball",0.5,4,"855",37.7,"235","0.258","0.459","0.365",15.4,14,14.8,"0.252","0.516","0.381",52.7
"Edman, Tommy",669242,"STL","FF","4-Seam Fastball",-1.1,-12,"1042",39.9,"235","0.244","0.33","0.293",13.6,14.9,13,"0.257","0.369","0.311",33.7
"Candelario, Jeimer",600869,"DET","FF","4-Seam Fastball",1.1,10,"926",36.4,"234","0.284","0.438","0.384",16.1,15.4,12.3,"0.327","0.561","0.433",40.5
"Kiner-Falefa, Isiah",643396,"TEX","FF","4-Seam Fastball",-0.1,-1,"870",36.3,"230","0.324","0.423","0.359",9.7,11.7,13.1,"0.293","0.403","0.327",32.4
"Straw, Myles",664702,"CLE","FF","4-Seam Fastball",0.4,4,"998",37.6,"230","0.284","0.405","0.375",13.5,16.5,13.1,"0.281","0.397","0.359",31.8
"Goldschmidt, Paul",502671,"STL","FF","4-Seam Fastball",2.3,20,"857",31.2,"229","0.302","0.588","0.428",19.5,15.3,14,"0.306","0.683","0.443",54.2
"Chapman, Matt",656305,"ATH","FF","4-Seam Fastball",0.4,5,"1083",40.5,"228","0.21","0.484","0.352",36.5,37.7,23.4,"0.188","0.469","0.34",55.8
"Frazier, Adam",624428,"SD","FF","4-Seam Fastball",0.5,5,"863",36.7,"228","0.315","0.452","0.386",10.5,9.6,9.5,"0.296","0.427","0.365",26.9
"Haniger, Mitch",571745,"SEA","FF","4-Seam Fastball",0.8,7,"874",31.5,"226","0.265","0.51","0.367",22,19.5,16.3,"0.279","0.581","0.388",51.8
"Canha, Mark",592192,"ATH","FF","4-Seam Fastball",1,10,"999",37.8,"226","0.249","0.486","0.396",20.4,21.2,16.7,"0.234","0.464","0.375",48.1
"Mullins, Cedric",656775,"BAL","FF","4-Seam Fastball",0.5,5,"1005",38.8,"225","0.262","0.545","0.403",19.8,17.8,17.8,"0.265","0.52","0.384",44.4
"Hernández, César",514917,"CWS","FF","4-Seam Fastball",-0.4,-4,"955",39.1,"223","0.219","0.406","0.341",16.1,19.3,16.3,"0.251","0.426","0.341",37.1
"Correa, Carlos",621043,"HOU","FF","4-Seam Fastball",-0.1,-1,"880",33.7,"221","0.243","0.438","0.358",17.6,23.5,19.3,"0.264","0.483","0.372",49.6
"Turner, Justin",457759,"LAD","FF","4-Seam Fastball",0.5,4,"901",36.6,"220","0.267","0.481","0.373",19,19.1,15.3,"0.259","0.541","0.388",53.4
"Schoop, Jonathan",570731,"DET","FF","4-Seam Fastball",0.6,6,"952",36.8,"218","0.343","0.483","0.384",19.3,19.3,16.6,"0.244","0.385","0.299",40.7
"Soto, Juan",665742,"WSH","FF","4-Seam Fastball",3.8,34,"905",34.8,"218","0.395","0.722","0.534",18.2,13.8,12,"0.328","0.655","0.491",64.2
"Meadows, Austin",640457,"TB","FF","4-Seam Fastball",-0.4,-3,"887",37.5,"217","0.218","0.425","0.317",20.4,21.2,16.8,"0.232","0.457","0.334",40.3
"India, Jonathan",663697,"CIN","FF","4-Seam Fastball",3.1,25,"831",31.4,"215","0.329","0.629","0.479",16.9,15.3,13.3,"0.284","0.597","0.442",50.7
"Perez, Salvador",521692,"KC","FF","4-Seam Fastball",0.4,3,"737",30.8,"215","0.252","0.597","0.37",30.3,27,23.8,"0.238","0.597","0.361",65.3
"Moncada, Yoán",660162,"CWS","FF","4-Seam Fastball",-0.4,-4,"1052",40.8,"214","0.243","0.314","0.338",18.4,21,15,"0.256","0.382","0.36",32
"Seager, Kyle",572122,"SEA","FF","4-Seam Fastball",1.3,10,"746",29.2,"214","0.284","0.612","0.412",17,11.7,12.3,"0.271","0.636","0.416",48.4
"Swanson, Dansby",621020,"ATL","FF","4-Seam Fastball",0.5,4,"770",29.9,"213","0.247","0.511","0.368",28,25.4,23,"0.23","0.498","0.346",52.6
"Polanco, Jorge",593871,"MIN","FF","4-Seam Fastball",0.9,7,"784",31.5,"212","0.273","0.608","0.403",13.2,14.6,14.4,"0.275","0.595","0.39",44.5
"Escobar, Eduardo",500871,"MIL","FF","4-Seam Fastball",1.4,13,"919",38.2,"212","0.271","0.59","0.407",26.6,19.8,16.3,"0.252","0.578","0.385",45.9
"Guerrero Jr., Vladimir",665489,"TOR","FF","4-Seam Fastball",4.4,35,"803",32,"212","0.383","0.803","0.522",15.4,9.9,11.4,"0.369","0.827","0.524",63.8
"Bryant, Kris",592178,"SF","FF","4-Seam Fastball",1.9,14,"718",32.2,"211","0.303","0.596","0.419",13.9,14.2,15.5,"0.308","0.609","0.417",45.3
"Rojas, Josh",668942,"AZ","FF","4-Seam Fastball",0.4,4,"855",36.9,"211","0.283","0.503","0.392",20,22.7,18.8,"0.244","0.445","0.357",37.5
"Rizzo, Anthony",519203,"NYY","FF","4-Seam Fastball",1.1,9,"855",38.3,"210","0.266","0.537","0.39",16.5,15.2,14.2,"0.272","0.546","0.392",48.3
"France, Ty",664034,"SEA","FF","4-Seam Fastball",1,9,"861",36,"210","0.32","0.486","0.418",16.1,15.2,13.7,"0.299","0.524","0.406",44.4
"García, Adolis",666969,"TEX","FF","4-Seam Fastball",0,0,"912",36.4,"210","0.223","0.446","0.316",36.2,36.7,25.8,"0.209","0.453","0.308",54.7
"Gurriel, Yuli",493329,"HOU","FF","4-Seam Fastball",-1.1,-8,"713",31.1,"209","0.263","0.387","0.324",13.2,13.9,16.6,"0.236","0.36","0.308",40.5
"Abreu, José",547989,"CWS","FF","4-Seam Fastball",1.6,14,"905",35,"208","0.291","0.56","0.404",27.3,24.5,19.1,"0.289","0.584","0.412",62.5
"Ramírez, José",608070,"CLE","FF","4-Seam Fastball",1.7,15,"868",32.5,"208","0.283","0.656","0.433",8.7,11.1,8.7,"0.292","0.64","0.429",47.8
"Soler, Jorge",624585,"ATL","FF","4-Seam Fastball",1.2,8,"708",29.3,"205","0.238","0.506","0.379",16.9,16.6,15.4,"0.254","0.586","0.403",47.5
"Taylor, Chris",621035,"LAD","FF","4-Seam Fastball",1.2,10,"830",34.8,"204","0.26","0.468","0.377",25,30.9,23,"0.239","0.479","0.362",47.3
"Martinez, J.D.",502110,"BOS","FF","4-Seam Fastball",0.6,5,"853",35.4,"204","0.261","0.461","0.36",25.7,26,20.2,"0.272","0.563","0.386",62.8
"Bell, Josh",605137,"WSH","FF","4-Seam Fastball",0.8,6,"732",33.5,"204","0.3","0.506","0.404",19.5,17.6,18.3,"0.286","0.491","0.374",60.4
"Walsh, Jared",665120,"LAA","FF","4-Seam Fastball",0.5,4,"822",36.5,"204","0.286","0.481","0.361",27.4,32.8,27.9,"0.224","0.404","0.303",45.4
"Grisham, Trent",663757,"SD","FF","4-Seam Fastball",-0.4,-3,"933",43,"204","0.21","0.392","0.317",21.8,25,19.9,"0.219","0.404","0.32",40.5
"Gallo, Joey",608336,"NYY","FF","4-Seam Fastball",1.2,11,"977",37.7,"203","0.228","0.595","0.416",37.2,35,26,"0.214","0.581","0.406",60.2
"Blackmon, Charlie",453568,"COL","FF","4-Seam Fastball",0.6,5,"806",37.6,"202","0.317","0.467","0.379",16.4,14.9,14.9,"0.286","0.488","0.366",41.7
"Verdugo, Alex",657077,"BOS","FF","4-Seam Fastball",1,9,"903",38.5,"202","0.351","0.506","0.414",13.8,13.9,13.7,"0.29","0.459","0.365",46.6
"LeMahieu, DJ",518934,"NYY","FF","4-Seam Fastball",0,0,"998",37.9,"202","0.287","0.392","0.352",14.1,19.8,16.6,"0.289","0.428","0.368",55.2
"Altuve, Jose",514888,"HOU","FF","4-Seam Fastball",1.9,15,"757",30.4,"201","0.335","0.641","0.45",10,8,8.4,"0.284","0.524","0.392",45.5
"Arenado, Nolan",571448,"STL","FF","4-Seam Fastball",0.1,1,"790",32.3,"201","0.223","0.457","0.306",14.2,13.9,13.1,"0.227","0.444","0.308",40
"Betts, Mookie",605141,"LAD","FF","4-Seam Fastball",0.6,4,"787",35.3,"200","0.245","0.503","0.38",12.2,14,13.3,"0.27","0.518","0.397",47.8
"Taylor, Michael A.",572191,"KC","FF","4-Seam Fastball",-1.7,-14,"812",38.4,"199","0.205","0.341","0.275",28.7,30.2,22.3,"0.218","0.41","0.302",51.7
"Urías, Luis",649966,"MIL","FF","4-Seam Fastball",-0.4,-3,"798",35,"199","0.222","0.383","0.336",19.9,19.6,16.2,"0.233","0.462","0.362",50
"Bogaerts, Xander",593428,"BOS","FF","4-Seam Fastball",0.9,7,"827",33,"199","0.272","0.515","0.396",14.2,18.6,15.2,"0.262","0.508","0.378",50.4
"McCutchen, Andrew",457705,"PHI","FF","4-Seam Fastball",0.9,7,"745",32.3,"198","0.239","0.521","0.382",20.2,20.2,19,"0.268","0.568","0.41",54
"Benintendi, Andrew",643217,"KC","FF","4-Seam Fastball",0.3,3,"773",37.8,"198","0.259","0.46","0.351",18.2,13.1,12,"0.266","0.55","0.372",48.4
"Smith, Pavin",656976,"AZ","FF","4-Seam Fastball",-0.5,-4,"757",36.5,"197","0.25","0.428","0.329",8.5,11.7,12.8,"0.285","0.51","0.367",49
"Tucker, Kyle",663656,"HOU","FF","4-Seam Fastball",1.4,10,"711",32.6,"196","0.315","0.612","0.416",16.5,16.3,15.5,"0.309","0.644","0.421",58.1
"Adames, Willy",642715,"MIL","FF","4-Seam Fastball",2.2,16,"733",33,"195","0.329","0.618","0.448",25.5,24.1,20.3,"0.27","0.533","0.377",57.1
"Gurriel Jr., Lourdes",666971,"TOR","FF","4-Seam Fastball",-1.5,-11,"739",35.7,"194","0.222","0.364","0.285",16.8,17.5,15.2,"0.282","0.532","0.367",52.1
"Turner, Trea",607208,"LAD","FF","4-Seam Fastball",1.9,16,"818",32.9,"193","0.365","0.665","0.46",16.5,19.2,16.1,"0.301","0.575","0.409",57.4
"Story, Trevor",596115,"COL","FF","4-Seam Fastball",0,0,"880",36.6,"193","0.226","0.417","0.328",26.8,32.1,20.7,"0.239","0.448","0.339",49.5
"Machado, Manny",592518,"SD","FF","4-Seam Fastball",0.8,6,"740",33.1,"192","0.285","0.509","0.385",16.6,13.5,14.6,"0.298","0.587","0.411",60.8
"Pham, Tommy",502054,"SD","FF","4-Seam Fastball",0.3,2,"761",32.1,"192","0.286","0.472","0.382",17.9,18.8,17.6,"0.315","0.61","0.434",62.2
"Bichette, Bo",666182,"TOR","FF","4-Seam Fastball",-0.2,-1,"928",35.6,"191","0.287","0.415","0.351",21.9,24.6,17.3,"0.286","0.451","0.353",60
"Fletcher, David",664058,"LAA","FF","4-Seam Fastball",-2.4,-19,"796",35.9,"190","0.24","0.314","0.278",5.1,8.4,11.3,"0.307","0.374","0.324",17.3
"Happ, Ian",664023,"CHC","FF","4-Seam Fastball",1.5,14,"920",40.9,"190","0.259","0.525","0.386",28.4,29.5,20.8,"0.22","0.425","0.345",50
"Villar, Jonathan",542340,"NYM","FF","4-Seam Fastball",0.6,5,"743",37.8,"190","0.268","0.463","0.37",29.5,26.3,20.4,"0.229","0.418","0.333",39.5
"Riley, Austin",663586,"ATL","FF","4-Seam Fastball",1.6,13,"822",31.7,"189","0.314","0.572","0.423",26,25.4,18.3,"0.268","0.537","0.389",54.9
"Newman, Kevin",621028,"PIT","FF","4-Seam Fastball",-3.3,-20,"608",31.6,"188","0.169","0.256","0.227",4.8,5.9,8,"0.254","0.36","0.298",25.8
"Crawford, Brandon",543063,"SF","FF","4-Seam Fastball",1.5,11,"705",33,"188","0.319","0.632","0.434",25.1,16.5,14.8,"0.281","0.672","0.428",49.6
"Kemp, Tony",643393,"ATH","FF","4-Seam Fastball",0.6,4,"677",44.8,"188","0.299","0.487","0.388",10.2,6.4,8.6,"0.258","0.392","0.339",29.1
"Tapia, Raimel",606132,"COL","FF","4-Seam Fastball",-0.2,-2,"871",44.1,"187","0.264","0.344","0.341",11.3,10.2,8,"0.245","0.293","0.294",33.8
"Harper, Bryce",547180,"PHI","FF","4-Seam Fastball",2.8,24,"868",36.2,"186","0.347","0.673","0.482",27.9,22.6,17.6,"0.31","0.668","0.465",57
"Peralta, David",444482,"AZ","FF","4-Seam Fastball",-0.1,0,"741",35.9,"186","0.296","0.432","0.357",17.4,18.8,17,"0.27","0.376","0.318",49.3
"Suárez, Eugenio",553993,"CIN","FF","4-Seam Fastball",1.2,10,"794",33.2,"186","0.248","0.594","0.386",25.4,25.8,19.2,"0.252","0.607","0.387",46.2
"Rojas, Miguel",500743,"MIA","FF","4-Seam Fastball",-0.2,-1,"684",34.2,"186","0.28","0.429","0.349",9.1,11.3,12.4,"0.269","0.413","0.329",35.8
"Votto, Joey",458015,"CIN","FF","4-Seam Fastball",2.8,21,"749",33.6,"185","0.285","0.667","0.473",27.1,21.6,17.9,"0.279","0.68","0.463",61.5
"Reynolds, Bryan",668804,"PIT","FF","4-Seam Fastball",1.9,14,"754",30.2,"185","0.331","0.626","0.454",15,15.1,13.1,"0.305","0.675","0.443",48.9
"Yastrzemski, Mike",573262,"SF","FF","4-Seam Fastball",1.2,9,"734",34.9,"185","0.258","0.62","0.405",25.3,27,20.8,"0.229","0.529","0.36",50.4
"Wong, Kolten",543939,"MIL","FF","4-Seam Fastball",0.4,3,"724",39.9,"185","0.298","0.491","0.387",13,12.4,13.7,"0.261","0.437","0.344",39.3
"Hampson, Garrett",641658,"COL","FF","4-Seam Fastball",-0.5,-4,"730",38.3,"185","0.216","0.365","0.289",17.7,21.6,19.1,"0.248","0.431","0.323",36.2
"Cron, C.J.",543068,"COL","FF","4-Seam Fastball",1.8,14,"790",36.1,"184","0.308","0.622","0.454",24.1,22.3,19.2,"0.274","0.551","0.413",54.3
"Renfroe, Hunter",592669,"BOS","FF","4-Seam Fastball",1.3,10,"762",34.8,"183","0.315","0.593","0.409",18.6,21.9,18.5,"0.275","0.647","0.419",55.2
"Lowe, Brandon",664040,"TB","FF","4-Seam Fastball",1.7,13,"733",31.3,"183","0.247","0.649","0.417",30.8,29,27.6,"0.278","0.741","0.459",62.7
"Gardner, Brett",458731,"NYY","FF","4-Seam Fastball",0.5,4,"896",43.2,"183","0.272","0.483","0.385",15.8,19.1,14.4,"0.238","0.385","0.336",42.7
"McMahon, Ryan",641857,"COL","FF","4-Seam Fastball",0.2,2,"914",38.3,"183","0.268","0.431","0.359",25.9,24,15.6,"0.228","0.39","0.33",52.7
"Lowrie, Jed",476704,"ATH","FF","4-Seam Fastball",-0.2,-2,"801",39.4,"180","0.252","0.424","0.352",22.1,19.4,17.2,"0.253","0.466","0.361",43.2
"Cabrera, Miguel",408234,"DET","FF","4-Seam Fastball",0.3,2,"755",37.1,"180","0.258","0.453","0.34",22.9,25,20.3,"0.237","0.494","0.347",53.8
"Mountcastle, Ryan",663624,"BAL","FF","4-Seam Fastball",1.3,9,"735",32,"180","0.255","0.592","0.386",26.9,24.4,18.2,"0.262","0.552","0.378",47.9
"Ohtani, Shohei",660271,"LAA","FF","4-Seam Fastball",1.3,11,"811",31.4,"180","0.257","0.546","0.406",34.1,35.6,28.8,"0.25","0.566","0.399",61.8
"Alvarez, Yordan",670541,"HOU","FF","4-Seam Fastball",0.8,6,"811",33.8,"179","0.288","0.538","0.387",17.9,22.3,20,"0.278","0.59","0.405",57.6
"Harrison, Josh",543281,"ATH","FF","4-Seam Fastball",0.3,2,"672",35.8,"178","0.279","0.461","0.368",17.6,14,15.7,"0.271","0.492","0.372",40.3
"Rosario, Amed",642708,"CLE","FF","4-Seam Fastball",0.6,4,"694",32.2,"178","0.325","0.481","0.389",18.6,14,15.4,"0.286","0.429","0.346",51.9
"Yelich, Christian",592885,"MIL","FF","4-Seam Fastball",-0.2,-2,"749",37.2,"178","0.272","0.417","0.364",18.6,21.3,17,"0.249","0.398","0.34",44.7
"Aguilar, Jesús",542583,"MIA","FF","4-Seam Fastball",0.7,5,"658",31.8,"177","0.273","0.522","0.357",13.1,13.6,14.7,"0.268","0.516","0.354",42.1
"García, Leury",544725,"CWS","FF","4-Seam Fastball",0.6,4,"606",36.2,"177","0.289","0.437","0.384",17.4,15.8,18.1,"0.248","0.377","0.339",35.8
"Duvall, Adam",594807,"ATL","FF","4-Seam Fastball",-0.2,-1,"696",32.3,"176","0.208","0.526","0.349",25.2,27.8,22.8,"0.223","0.603","0.381",47.2
"Hernández, Teoscar",606192,"TOR","FF","4-Seam Fastball",1,7,"760",33.2,"176","0.304","0.615","0.421",25.9,23.3,18.6,"0.288","0.644","0.414",54.2
"Marte, Starling",516782,"ATH","FF","4-Seam Fastball",1.6,11,"656",33.3,"176","0.299","0.49","0.402",20.9,18.2,15.9,"0.289","0.525","0.402",38.5
"Arraez, Luis",650333,"MIN","FF","4-Seam Fastball",0.2,1,"769",38.9,"174","0.333","0.415","0.37",8.8,7.5,6.1,"0.31","0.422","0.364",29.7
"Judge, Aaron",592450,"NYY","FF","4-Seam Fastball",2.8,21,"733",27.8,"174","0.313","0.694","0.469",21.1,20.7,18,"0.347","0.773","0.503",71.2
"Muncy, Max",571970,"LAD","FF","4-Seam Fastball",1.8,14,"787",32.3,"173","0.307","0.679","0.469",14.3,20.8,19.1,"0.279","0.695","0.459",56.7
"Cruz, Nelson",443558,"TB","FF","4-Seam Fastball",1.8,13,"714",32.5,"173","0.292","0.63","0.422",28.5,22,18.6,"0.266","0.618","0.403",62.4
"Lindor, Francisco",596019,"NYM","FF","4-Seam Fastball",0.6,4,"708",33.8,"172","0.255","0.503","0.374",17.9,12.8,10.5,"0.276","0.544","0.395",50
"Realmuto, J.T.",592663,"PHI","FF","4-Seam Fastball",0.9,6,"669",31.9,"171","0.257","0.534","0.382",28.6,31.6,23.7,"0.261","0.524","0.38",62.1
"Anderson, Tim",641313,"CWS","FF","4-Seam Fastball",0.5,3,"682",34.2,"171","0.291","0.481","0.37",27.6,27.5,20.3,"0.274","0.487","0.349",50.9
"Mancini, Trey",641820,"BAL","FF","4-Seam Fastball",1.2,9,"761",30.8,"170","0.277","0.52","0.386",27.1,20,16.3,"0.308","0.62","0.427",61.7
"Narváez, Omar",553882,"MIL","FF","4-Seam Fastball",1.6,10,"624",38.4,"170","0.322","0.541","0.411",22.4,18.8,17.8,"0.244","0.417","0.336",28.7
"Baddoo, Akil",668731,"DET","FF","4-Seam Fastball",0.6,4,"751",39.9,"169","0.281","0.542","0.372",28.2,27.2,21.9,"0.248","0.561","0.367",49.5
"Hosmer, Eric",543333,"SD","FF","4-Seam Fastball",0.6,4,"743",33.8,"169","0.315","0.466","0.399",17.9,15.4,12,"0.286","0.453","0.368",52.9
"Schwarber, Kyle",656941,"BOS","FF","4-Seam Fastball",1.1,8,"676",34,"169","0.262","0.584","0.402",23.3,26,22.7,"0.262","0.618","0.404",59
"Pederson, Joc",592626,"ATL","FF","4-Seam Fastball",0.6,4,"664",34.6,"168","0.26","0.486","0.375",22.6,21.4,17.3,"0.267","0.555","0.39",64.9
"Alonso, Pete",624413,"NYM","FF","4-Seam Fastball",1.1,9,"756",32.9,"168","0.28","0.531","0.396",24,23.2,18.9,"0.285","0.612","0.422",58.7
"Contreras, Willson",575929,"CHC","FF","4-Seam Fastball",1.3,9,"671",34.1,"167","0.243","0.543","0.38",30.9,32.3,24.5,"0.241","0.538","0.386",54.5
"Brantley, Michael",488726,"HOU","FF","4-Seam Fastball",1.2,9,"703",37.6,"167","0.333","0.54","0.418",8.6,9.6,10,"0.329","0.573","0.415",43.3
"Winker, Jesse",608385,"CIN","FF","4-Seam Fastball",1.6,11,"665",35.1,"166","0.312","0.493","0.416",22.4,21.7,20.3,"0.268","0.484","0.382",52.9
"Naquin, Tyler",571980,"CIN","FF","4-Seam Fastball",0.5,4,"815",45.4,"166","0.273","0.493","0.369",26.5,27.1,16.2,"0.242","0.421","0.317",45.8
"Ahmed, Nick",605113,"AZ","FF","4-Seam Fastball",-0.7,-4,"580",32.6,"166","0.248","0.386","0.32",17.5,18.7,19.6,"0.211","0.32","0.283",29.3
"Hays, Austin",669720,"BAL","FF","4-Seam Fastball",1.1,7,"581",29.7,"165","0.291","0.574","0.393",14.2,13.9,14.7,"0.288","0.594","0.4",52.8
"Chisholm Jr., Jazz",665862,"MIA","FF","4-Seam Fastball",0.2,2,"649",31.8,"165","0.306","0.493","0.375",21.6,22.4,20.1,"0.265","0.478","0.356",55.5
"García, Avisaíl",541645,"MIL","FF","4-Seam Fastball",1.7,9,"555",31.6,"165","0.292","0.576","0.4",37,27.9,28.2,"0.281","0.575","0.4",48
"Vázquez, Christian",543877,"BOS","FF","4-Seam Fastball",0,0,"737",37.9,"164","0.294","0.434","0.36",13.8,15.2,11.8,"0.232","0.385","0.31",39.2
"Grichuk, Randal",545341,"TOR","FF","4-Seam Fastball",0.5,3,"634",31.7,"164","0.295","0.486","0.378",17.1,17.7,15.6,"0.276","0.521","0.373",51.7
"Torres, Gleyber",650402,"NYY","FF","4-Seam Fastball",-1.5,-10,"672",32.3,"163","0.196","0.322","0.282",23.6,21.5,17.9,"0.23","0.46","0.337",56
"Sanó, Miguel",593934,"MIN","FF","4-Seam Fastball",3.1,20,"665",30.3,"163","0.275","0.717","0.46",27.8,27,20.8,"0.26","0.669","0.431",71.6
"Díaz, Yandy",650490,"TB","FF","4-Seam Fastball",0,0,"739",36.4,"162","0.235","0.379","0.34",22.3,21.6,20.1,"0.253","0.475","0.375",50
"Andrus, Elvis",462101,"ATH","FF","4-Seam Fastball",-0.9,-6,"656",32,"162","0.268","0.362","0.322",12.9,11.7,10.6,"0.315","0.5","0.376",47.7
"O'Neill, Tyler",641933,"STL","FF","4-Seam Fastball",1.3,8,"618",29.9,"161","0.284","0.574","0.403",31.4,34.2,27.8,"0.263","0.623","0.409",64
"Bradley Jr., Jackie",598265,"MIL","FF","4-Seam Fastball",-2.1,-13,"601",35.7,"161","0.189","0.294","0.266",27.7,24.2,23.8,"0.213","0.333","0.283",41.9
"Stanton, Giancarlo",519317,"NYY","FF","4-Seam Fastball",1.2,10,"825",34.3,"159","0.301","0.556","0.421",28.2,23.9,16.6,"0.278","0.546","0.399",62.9
"Farmer, Kyle",571657,"CIN","FF","4-Seam Fastball",-1.2,-8,"623",31.9,"159","0.257","0.371","0.313",14.5,13.2,12,"0.235","0.354","0.292",34.1
"Fletcher, David",664058,"LAA","SI","Sinker",-0.4,-2,"500",22.6,"158","0.31","0.338","0.342",5.6,7,12.9,"0.285","0.331","0.315",18.9
"Tatis Jr., Fernando",665487,"SD","FF","4-Seam Fastball",3.5,21,"592",27.7,"157","0.331","0.75","0.49",27.8,26.8,26.3,"0.283","0.737","0.46",53.7
"McNeil, Jeff",643446,"NYM","FF","4-Seam Fastball",-0.4,-2,"541",35.7,"157","0.255","0.355","0.313",13,10.2,9.9,"0.272","0.416","0.335",32.5
"Dozier, Hunter",641531,"KC","FF","4-Seam Fastball",0.2,1,"588",28.3,"157","0.246","0.507","0.359",18.4,26.1,22.3,"0.247","0.511","0.365",58.3
"Belt, Brandon",474832,"SF","FF","4-Seam Fastball",0.5,3,"685",43.4,"157","0.244","0.481","0.371",31.8,30.6,22.2,"0.173","0.374","0.307",38.6
"Sánchez, Gary",596142,"NYY","FF","4-Seam Fastball",0.3,2,"679",36.8,"156","0.187","0.455","0.327",29.2,28.8,21.7,"0.207","0.485","0.345",47.2
"Conforto, Michael",624424,"NYM","FF","4-Seam Fastball",0.6,4,"657",33.1,"156","0.271","0.45","0.372",18.7,17.3,13.2,"0.291","0.546","0.409",48.5
"LeMahieu, DJ",518934,"NYY","SL","Slider",0.5,2,"462",17.5,"156","0.284","0.399","0.325",19,14.7,14.9,"0.272","0.444","0.327",38.4
"Castellanos, Nick",592206,"CIN","FF","4-Seam Fastball",3.1,19,"614",28.7,"156","0.352","0.775","0.487",17.7,19.9,18.1,"0.324","0.702","0.447",55.4
"Santander, Anthony",623993,"BAL","FF","4-Seam Fastball",0.6,4,"649",35.8,"156","0.281","0.534","0.354",26.9,28.8,20.5,"0.27","0.508","0.344",51.9
"Donaldson, Josh",518626,"MIN","FF","4-Seam Fastball",0.4,3,"660",31.1,"155","0.259","0.548","0.383",31,29.7,27.4,"0.251","0.618","0.399",65.6
"Iglesias, Jose",578428,"BOS","FF","4-Seam Fastball",-0.5,-3,"608",32.7,"154","0.255","0.411","0.321",11.5,11.7,10.1,"0.276","0.418","0.328",30.6
"Castro, Willi",650489,"DET","FF","4-Seam Fastball",-1.8,-13,"705",43.2,"154","0.207","0.279","0.254",29,26,18.9,"0.235","0.333","0.277",29.1
"Segura, Jean",516416,"PHI","FF","4-Seam Fastball",0.3,2,"727",33.3,"154","0.269","0.478","0.364",16.2,13,9.7,"0.252","0.435","0.337",33.6
"Bellinger, Cody",641355,"LAD","FF","4-Seam Fastball",-1.1,-7,"620",43.4,"153","0.174","0.37","0.269",29.6,29.4,23.4,"0.189","0.343","0.274",41.5
"Solak, Nick",669256,"TEX","FF","4-Seam Fastball",0.7,4,"668",32.5,"153","0.256","0.488","0.391",24,16.3,13.4,"0.267","0.477","0.374",43.8
"Posey, Buster",457763,"SF","FF","4-Seam Fastball",1.9,10,"549",31.2,"151","0.357","0.556","0.444",14.1,11.9,13.6,"0.327","0.586","0.438",50
"Gamel, Ben",592325,"PIT","FF","4-Seam Fastball",1.2,7,"579",36.2,"151","0.262","0.434","0.382",11.7,14.6,12.6,"0.253","0.459","0.377",35.6
"Herrera, Odúbel",546318,"PHI","FF","4-Seam Fastball",1.2,9,"746",38.5,"151","0.353","0.568","0.422",15.8,13.9,9.2,"0.279","0.462","0.346",42.4
"Wendle, Joey",621563,"TB","FF","4-Seam Fastball",0.1,1,"610",32.9,"150","0.279","0.411","0.361",17.5,20,18.2,"0.26","0.338","0.32",38
"Vaughn, Andrew",683734,"CWS","FF","4-Seam Fastball",0.5,3,"609",34.1,"150","0.276","0.496","0.38",21.8,22.7,20.7,"0.272","0.603","0.42",70.2
"Arozarena, Randy",668227,"TB","FF","4-Seam Fastball",1.2,8,"648",26.2,"150","0.282","0.573","0.418",29.6,31.3,24.7,"0.214","0.47","0.365",56.4
"Kiermaier, Kevin",595281,"TB","FF","4-Seam Fastball",-0.5,-3,"580",38.8,"149","0.281","0.391","0.356",23.1,22.8,19.9,"0.264","0.416","0.345",49.5
"Profar, Jurickson",595777,"SD","FF","4-Seam Fastball",0.2,1,"613",35.4,"149","0.25","0.379","0.342",15.1,17.4,13.5,"0.236","0.345","0.32",28
"Hoskins, Rhys",656555,"PHI","FF","4-Seam Fastball",1.4,8,"603",32,"149","0.254","0.58","0.385",18.7,18.1,15.2,"0.257","0.665","0.403",54.1
"Barnhart, Tucker",571466,"CIN","FF","4-Seam Fastball",-1.1,-5,"505",33.1,"147","0.219","0.352","0.302",21.5,21.1,21.5,"0.181","0.309","0.265",36.4
"Smith, Dominic",642086,"NYM","FF","4-Seam Fastball",-0.8,-5,"605",32.7,"147","0.267","0.4","0.307",19.5,19.7,16.2,"0.279","0.477","0.353",48.6
"Margot, Manuel",622534,"TB","FF","4-Seam Fastball",0,0,"638",37.4,"147","0.281","0.364","0.359",22.6,16.3,14.7,"0.261","0.377","0.343",39
"Walker, Christian",572233,"AZ","FF","4-Seam Fastball",-1.1,-8,"694",39.1,"146","0.181","0.315","0.281",32,30.8,19.3,"0.188","0.353","0.29",45.1
"Rosario, Amed",642708,"CLE","SL","Slider",-1.3,-6,"471",21.9,"146","0.201","0.317","0.239",32.7,30.8,27.1,"0.225","0.297","0.244",35.4
"Gregorius, Didi",544369,"PHI","FF","4-Seam Fastball",-2.1,-13,"626",39.6,"145","0.208","0.3","0.252",20.2,14.5,10.9,"0.239","0.323","0.281",25.7
"Bohm, Alec",664761,"PHI","FF","4-Seam Fastball",-1.8,-11,"615",36.8,"145","0.174","0.25","0.233",27,33.1,22.2,"0.229","0.393","0.293",51.2
"Bregman, Alex",608324,"HOU","FF","4-Seam Fastball",-0.3,-2,"530",33.3,"145","0.246","0.356","0.334",8.9,12.4,12.2,"0.269","0.505","0.385",45.6
"Kepler, Max",596146,"MIN","FF","4-Seam Fastball",0.9,5,"608",32.4,"145","0.25","0.558","0.394",22.6,23.4,20.1,"0.286","0.627","0.433",63.2
"Goldschmidt, Paul",502671,"STL","SI","Sinker",2.3,12,"528",19.2,"145","0.359","0.611","0.447",15.4,15.2,14.9,"0.315","0.592","0.415",52.3
"Báez, Javier",595879,"NYM","SL","Slider",1,5,"468",22.7,"145","0.266","0.504","0.355",45.2,37.2,34.2,"0.217","0.418","0.283",39.5
"Newman, Kevin",621028,"PIT","SI","Sinker",-2,-8,"416",21.6,"144","0.279","0.375","0.301",3.5,0.7,1.6,"0.26","0.345","0.279",33.8
"Dalbec, Bobby",666915,"BOS","FF","4-Seam Fastball",-0.2,-1,"686",37.4,"144","0.225","0.457","0.329",39.8,37.5,25.6,"0.226","0.571","0.368",60
"Marte, Ketel",606466,"AZ","FF","4-Seam Fastball",2.3,11,"484",34.3,"143","0.366","0.611","0.441",12.3,11.9,14.9,"0.337","0.581","0.417",57.9
"Turner, Trea",607208,"LAD","SL","Slider",0.6,3,"525",21.1,"143","0.282","0.397","0.324",30.2,16.1,13,"0.28","0.404","0.327",33.9
"Alonso, Pete",624413,"NYM","SI","Sinker",2.1,10,"481",20.9,"143","0.32","0.557","0.434",14.8,10.5,18.1,"0.318","0.568","0.419",45.9
"Myers, Wil",571976,"SD","FF","4-Seam Fastball",1.6,9,"572",28.5,"143","0.311","0.597","0.436",24.8,25.2,18.4,"0.277","0.586","0.419",49.4
"Smith, Will",669257,"LAD","FF","4-Seam Fastball",1.8,12,"660",31.7,"142","0.31","0.647","0.452",17.8,18.3,13.5,"0.266","0.549","0.402",59.8
"Stephenson, Tyler",663886,"CIN","FF","4-Seam Fastball",0.7,4,"516",32.7,"142","0.298","0.492","0.4",13.5,18.3,18.1,"0.255","0.433","0.335",54
"Riley, Austin",663586,"ATL","SL","Slider",1.4,7,"532",20.5,"142","0.285","0.5","0.369",38.2,30.3,23.6,"0.262","0.532","0.36",46.6
"Gurriel, Yuli",493329,"HOU","SI","Sinker",1.7,8,"479",20.9,"142","0.411","0.524","0.428",5.1,6.3,10.8,"0.314","0.396","0.348",53.8
"Molina, Yadier",425877,"STL","FF","4-Seam Fastball",0.3,2,"540",32.4,"142","0.303","0.447","0.358",26.2,21.1,19.7,"0.267","0.451","0.334",36.3
"Bichette, Bo",666182,"TOR","SL","Slider",1.4,6,"459",17.6,"141","0.296","0.504","0.354",27.1,22,17.8,"0.277","0.468","0.328",36.2
"Polanco, Gregory",570256,"PIT","FF","4-Seam Fastball",-1.7,-10,"587",37.8,"140","0.163","0.301","0.245",29.3,30,22.8,"0.217","0.441","0.319",58.3
"Swanson, Dansby",621020,"ATL","SL","Slider",-0.6,-3,"553",21.5,"140","0.21","0.387","0.291",43.9,30,24.1,"0.217","0.362","0.287",27.1
"Edman, Tommy",669242,"STL","CH","Changeup",0,0,"430",16.5,"140","0.23","0.348","0.292",17.6,8.6,10.5,"0.241","0.366","0.281",31.5
"McCann, James",543510,"NYM","FF","4-Seam Fastball",-0.2,-1,"591",36.4,"139","0.258","0.4","0.331",25,30.9,24.4,"0.254","0.426","0.344",59.5
"Grandal, Yasmani",518735,"CWS","FF","4-Seam Fastball",1.2,8,"619",37.1,"139","0.247","0.505","0.417",23.8,20.9,17.2,"0.255","0.483","0.427",62
"Maldonado, Martín",455117,"HOU","FF","4-Seam Fastball",-0.7,-4,"619",34.6,"139","0.212","0.372","0.328",23.8,24.5,19.3,"0.212","0.448","0.35",47.5
"Severino, Pedro",600474,"BAL","FF","4-Seam Fastball",-1,-5,"532",31.4,"137","0.231","0.355","0.315",20,27,21,"0.237","0.431","0.325",54.7
"Murphy, Sean",669221,"ATH","FF","4-Seam Fastball",1.2,7,"535",31.6,"137","0.257","0.566","0.408",18.1,24.1,20.2,"0.239","0.532","0.391",45.7
"Báez, Javier",595879,"NYM","FF","4-Seam Fastball",-0.1,-1,"638",30.9,"137","0.218","0.444","0.32",41.2,41.6,28.4,"0.207","0.42","0.307",57.4
"Soler, Jorge",624585,"ATL","SL","Slider",0.4,3,"590",24.5,"137","0.205","0.368","0.313",44.3,30.7,22.7,"0.236","0.451","0.344",48.1
"Altuve, Jose",514888,"HOU","SL","Slider",1.6,8,"477",19.2,"137","0.302","0.484","0.368",23.7,18.2,15.7,"0.259","0.424","0.319",29.4
"Albies, Ozzie",645277,"ATL","CH","Changeup",-0.1,0,"378",14.5,"136","0.271","0.466","0.326",16.7,8.8,10.9,"0.295","0.478","0.334",31.1
"Heyward, Jason",518792,"CHC","FF","4-Seam Fastball",-0.8,-4,"515",39.2,"136","0.226","0.371","0.312",14.2,13.2,15.3,"0.265","0.385","0.318",43.4
"Schoop, Jonathan",570731,"DET","SL","Slider",0.6,3,"490",18.9,"136","0.25","0.461","0.319",30.4,16.2,13,"0.284","0.503","0.352",40.2
"Pollock, AJ",572041,"LAD","FF","4-Seam Fastball",3.8,16,"431",29.4,"136","0.336","0.664","0.458",13.8,11,11.5,"0.32","0.666","0.451",59
"Cabrera, Asdrúbal",452678,"CIN","FF","4-Seam Fastball",-0.1,-1,"508",37.2,"135","0.225","0.396","0.333",22.2,20,18.6,"0.199","0.332","0.302",33.3
"Zunino, Mike",572287,"TB","FF","4-Seam Fastball",1,5,"566",37.7,"135","0.192","0.567","0.366",39,40.7,30.9,"0.18","0.526","0.334",52.3
"Odor, Rougned",596059,"NYY","FF","4-Seam Fastball",-0.6,-3,"505",38.1,"135","0.209","0.409","0.326",22.9,19.3,20.3,"0.217","0.432","0.337",43.8
"Gomes, Yan",543228,"ATH","FF","4-Seam Fastball",-0.1,0,"472",35,"135","0.236","0.512","0.33",14.9,16.3,17.5,"0.294","0.603","0.392",40.6
"Zimmer, Bradley",605548,"CLE","FF","4-Seam Fastball",0.3,2,"509",37,"135","0.298","0.386","0.368",28.7,24.4,23.7,"0.261","0.425","0.353",43.4
"Arenado, Nolan",571448,"STL","SL","Slider",0.2,1,"507",20.8,"135","0.248","0.43","0.338",30.7,18.5,17.7,"0.227","0.347","0.294",27.1
"India, Jonathan",663697,"CIN","SI","Sinker",0.2,1,"489",18.5,"135","0.263","0.368","0.371",13.3,13.3,18.4,"0.249","0.392","0.339",35.1
"Pham, Tommy",502054,"SD","SI","Sinker",0.2,1,"535",22.5,"134","0.281","0.395","0.356",12.3,14.9,14.6,"0.239","0.358","0.32",40
"Lux, Gavin",666158,"LAD","FF","4-Seam Fastball",-0.3,-2,"505",35,"134","0.259","0.42","0.359",16,17.2,18.4,"0.267","0.408","0.353",43.3
"Flores, Wilmer",527038,"SF","FF","4-Seam Fastball",1.6,9,"558",32.3,"134","0.292","0.549","0.413",10.5,11.2,9.5,"0.215","0.429","0.326",43
"Guerrero Jr., Vladimir",665489,"TOR","SL","Slider",2.2,10,"450",17.9,"134","0.254","0.508","0.371",34.8,18.7,17.6,"0.281","0.521","0.38",51.1
"Urshela, Gio",570482,"NYY","FF","4-Seam Fastball",0.3,2,"558",32.9,"133","0.294","0.532","0.369",26.1,29.3,22.3,"0.25","0.503","0.335",47.1
"Altuve, Jose",514888,"HOU","SI","Sinker",-0.4,-2,"447",18,"133","0.259","0.405","0.34",8.9,11.3,14.6,"0.275","0.428","0.353",32.4
"Reyes, Franmil",614177,"CLE","FF","4-Seam Fastball",1.7,11,"631",31.8,"133","0.288","0.686","0.445",30.8,29.3,21.5,"0.288","0.679","0.435",57
"Toro, Abraham",647351,"SEA","FF","4-Seam Fastball",-0.4,-2,"593",39.5,"133","0.215","0.308","0.317",13.6,13.5,10.7,"0.237","0.396","0.35",34.4
"Rosario, Eddie",592696,"ATL","FF","4-Seam Fastball",0.4,2,"517",34.3,"133","0.256","0.47","0.337",20.5,11.3,10.9,"0.257","0.503","0.355",46.7
"Galvis, Freddy",520471,"PHI","FF","4-Seam Fastball",-0.5,-3,"533",34.5,"133","0.224","0.431","0.323",17.3,19.5,16.9,"0.191","0.354","0.285",28.3
"Laureano, Ramón",657656,"ATH","FF","4-Seam Fastball",0.7,4,"538",35.8,"133","0.307","0.5","0.396",19.9,23.3,18.2,"0.271","0.519","0.385",43.4
"Ramírez, Harold",623912,"CLE","FF","4-Seam Fastball",0.5,2,"446",33.4,"133","0.325","0.5","0.376",18,13.5,13.8,"0.291","0.502","0.347",50
"Merrifield, Whit",593160,"KC","SI","Sinker",1.2,5,"386",14.8,"133","0.35","0.442","0.378",8.2,6,11.3,"0.321","0.434","0.364",23.7
"Judge, Aaron",592450,"NYY","SL","Slider",1.1,6,"601",22.8,"132","0.277","0.464","0.373",39.3,30.3,21.4,"0.282","0.517","0.384",46.7
"Abreu, José",547989,"CWS","SL","Slider",0.8,4,"510",19.7,"131","0.224","0.483","0.332",31.3,19.8,14.8,"0.242","0.476","0.342",48.9
"Arenado, Nolan",571448,"STL","SI","Sinker",-1.2,-6,"490",20.1,"131","0.218","0.411","0.286",8.2,7.6,10.2,"0.246","0.384","0.28",38.5
"Nimmo, Brandon",607043,"NYM","FF","4-Seam Fastball",0.3,2,"615",39.7,"130","0.298","0.423","0.39",20.9,22.3,17.5,"0.252","0.368","0.353",42.7
"Correa, Carlos",621043,"HOU","SL","Slider",1,5,"491",18.8,"130","0.265","0.462","0.357",27,17.7,15.9,"0.271","0.46","0.346",32.6
"Brown, Seth",664913,"ATH","FF","4-Seam Fastball",1.2,5,"388",31.9,"130","0.256","0.562","0.368",24.9,27.7,31.6,"0.259","0.592","0.374",54.7
"Martinez, J.D.",502110,"BOS","SL","Slider",1.5,7,"488",20.2,"130","0.305","0.593","0.402",36.1,25.4,17,"0.264","0.522","0.359",45.3
"Machado, Manny",592518,"SD","SI","Sinker",-1.5,-6,"431",19.3,"130","0.28","0.381","0.315",11.4,9.2,14.8,"0.334","0.506","0.386",64.8
"Bauers, Jake",641343,"SEA","FF","4-Seam Fastball",-1.3,-6,"492",40.3,"130","0.211","0.298","0.29",24.6,23.1,20.8,"0.203","0.374","0.3",42.9
"Goldschmidt, Paul",502671,"STL","SL","Slider",0.4,3,"595",21.6,"129","0.241","0.388","0.326",41.7,33.3,23.6,"0.227","0.454","0.34",47.3
"Castro, Harold",605612,"DET","FF","4-Seam Fastball",-1.1,-5,"465",39.6,"129","0.288","0.373","0.316",23.2,18.6,18.8,"0.314","0.453","0.34",45.5
"Stanton, Giancarlo",519317,"NYY","SL","Slider",0.7,4,"523",21.8,"129","0.252","0.487","0.342",46.2,37.2,27.1,"0.22","0.458","0.317",59.2
"Dozier, Hunter",641531,"KC","SL","Slider",-0.4,-2,"509",24.5,"129","0.212","0.424","0.3",48.2,35.7,31.1,"0.204","0.371","0.278",28.4
"Franco, Maikel",596748,"BAL","FF","4-Seam Fastball",-2.1,-8,"367",25,"128","0.246","0.377","0.272",10.8,7.8,10,"0.262","0.402","0.296",37.4
"Heim, Jonah",641680,"TEX","FF","4-Seam Fastball",-1.5,-8,"499",43.8,"128","0.19","0.371","0.279",18.1,21.1,18.8,"0.216","0.372","0.29",37.8
"Wade Jr., LaMonte",664774,"SF","FF","4-Seam Fastball",1.1,6,"526",33.6,"128","0.25","0.545","0.372",18.9,19.5,15.6,"0.276","0.585","0.398",53.4
"García, Avisaíl",541645,"MIL","SL","Slider",-0.7,-3,"426",24.3,"127","0.214","0.368","0.293",38.4,27.6,28.5,"0.226","0.416","0.302",47
"Biggio, Cavan",624415,"TOR","FF","4-Seam Fastball",-1.6,-8,"467",41.5,"127","0.189","0.321","0.275",14.9,19.7,21.9,"0.207","0.396","0.308",31.8
"Straw, Myles",664702,"CLE","SI","Sinker",-0.4,-2,"524",19.8,"127","0.289","0.395","0.359",6.5,11,11.8,"0.268","0.333","0.307",33.7
"Perez, Salvador",521692,"KC","SL","Slider",1.2,6,"529",22.1,"127","0.308","0.508","0.378",43.1,30.7,22.8,"0.274","0.536","0.361",47.6
"Gosselin, Phil",594838,"LAA","FF","4-Seam Fastball",-0.7,-3,"478",33.3,"127","0.237","0.398","0.302",14.2,18.9,17.1,"0.25","0.433","0.318",41.5
"Stallings, Jacob",607732,"PIT","FF","4-Seam Fastball",-0.3,-2,"557",32.8,"127","0.26","0.375","0.366",16.7,13.4,11.6,"0.244","0.413","0.355",41.4
"LeMahieu, DJ",518934,"NYY","SI","Sinker",-0.6,-3,"524",19.9,"127","0.229","0.276","0.313",12,9.4,10.1,"0.257","0.313","0.328",44.1
"Simmons, Andrelton",592743,"MIN","FF","4-Seam Fastball",-1.3,-6,"489",29.7,"126","0.252","0.336","0.313",12.5,12.7,14.4,"0.238","0.312","0.299",21.3
"Miller, Brad",543543,"PHI","FF","4-Seam Fastball",-0.1,-1,"554",36.3,"126","0.214","0.369","0.338",33.1,36.5,26.6,"0.214","0.364","0.328",63.2
"Escobar, Alcides",444876,"WSH","FF","4-Seam Fastball",0.5,2,"488",35.3,"126","0.297","0.514","0.385",14,15.9,13.2,"0.284","0.44","0.355",26.1
"Upton, Justin",457708,"LAA","FF","4-Seam Fastball",-1.5,-7,"502",33.2,"124","0.142","0.302","0.256",28,29,23.8,"0.182","0.407","0.305",41.7
"Wisdom, Patrick",621550,"CHC","FF","4-Seam Fastball",1.6,10,"591",36.2,"124","0.211","0.532","0.354",40.9,49.2,26.5,"0.179","0.472","0.32",64.6
"Myers, Wil",571976,"SD","SL","Slider",-0.7,-4,"493",24.5,"124","0.195","0.336","0.271",43.5,36.3,26.9,"0.149","0.238","0.205",34.3
"Abreu, José",547989,"CWS","SI","Sinker",-1.5,-7,"458",17.7,"124","0.239","0.284","0.297",18.1,15.3,21.1,"0.216","0.309","0.285",42.2
"Cruz, Nelson",443558,"TB","SL","Slider",-0.8,-4,"472",21.5,"124","0.209","0.417","0.303",42.7,29,24.2,"0.242","0.516","0.346",51.9
"Robles, Victor",645302,"WSH","FF","4-Seam Fastball",-1,-4,"450",32.1,"123","0.221","0.337","0.302",24,20.3,17.7,"0.223","0.359","0.31",33.3
"Moore, Dylan",664238,"SEA","FF","4-Seam Fastball",-1.7,-10,"574",35.7,"123","0.171","0.295","0.272",28.1,32.5,21.5,"0.159","0.267","0.258",33.8
"Merrifield, Whit",593160,"KC","SL","Slider",-1.1,-6,"548",21,"123","0.186","0.319","0.226",31.2,23.6,16.7,"0.186","0.287","0.222",24.7
"Kiner-Falefa, Isiah",643396,"TEX","SL","Slider",-0.9,-4,"424",17.7,"123","0.222","0.248","0.262",19.9,13,12.3,"0.232","0.272","0.248",23.8
"Ruf, Darin",573131,"SF","FF","4-Seam Fastball",0.6,3,"548",39.8,"123","0.243","0.447","0.373",20.5,26.8,19.8,"0.246","0.474","0.366",54.3
"VanMeter, Josh",642165,"AZ","FF","4-Seam Fastball",0.2,1,"465",35.1,"123","0.248","0.438","0.351",20.2,20.3,20.5,"0.195","0.361","0.302",41.3
"Bader, Harrison",664056,"STL","FF","4-Seam Fastball",-1.6,-8,"517",32.6,"122","0.209","0.373","0.293",21.5,22.1,18.1,"0.197","0.376","0.281",33.3
"Story, Trevor",596115,"COL","SL","Slider",-0.9,-4,"449",18.7,"122","0.193","0.358","0.279",35.5,26.2,20.4,"0.19","0.387","0.286",31.6
"Cronenworth, Jake",630105,"SD","SI","Sinker",-0.5,-2,"415",17.1,"122","0.245","0.368","0.328",6.5,6.6,8.2,"0.31","0.467","0.376",40
"France, Ty",664034,"SEA","SI","Sinker",-0.8,-3,"407",17,"122","0.262","0.311","0.345",14.2,12.3,19.7,"0.215","0.301","0.298",34.1
"Ramírez, José",608070,"CLE","CH","Changeup",1.8,11,"582",21.8,"122","0.279","0.505","0.385",20.8,10.7,8.2,"0.277","0.463","0.348",35.4
"Donaldson, Josh",518626,"MIN","SL","Slider",1,5,"458",21.6,"121","0.22","0.42","0.348",30.3,18.2,14.1,"0.255","0.513","0.381",45
"Semien, Marcus",543760,"TOR","SI","Sinker",2,8,"411",14.1,"121","0.352","0.593","0.44",13.1,8.3,12.8,"0.323","0.55","0.407",38.8
"Bote, David",623520,"CHC","FF","4-Seam Fastball",-0.6,-3,"436",35.4,"121","0.202","0.364","0.328",19,17.4,16.2,"0.262","0.536","0.399",57
"Haase, Eric",606992,"DET","FF","4-Seam Fastball",0.9,5,"525",33.9,"121","0.274","0.519","0.382",33.7,30.6,22.3,"0.243","0.482","0.347",60
"Torrens, Luis",620443,"SEA","FF","4-Seam Fastball",1.3,7,"505",32.5,"121","0.303","0.642","0.424",21.4,19.8,16.9,"0.282","0.624","0.414",54.7
"Dickerson, Corey",572816,"TOR","FF","4-Seam Fastball",-0.9,-6,"686",46.3,"121","0.185","0.343","0.275",27.2,26.4,14.4,"0.184","0.343","0.275",38.2
"Smith, Will",669257,"LAD","SL","Slider",0,0,"466",22.4,"121","0.192","0.354","0.301",28.9,22.3,18.9,"0.224","0.405","0.343",39.5
"Acuña Jr., Ronald",660670,"ATL","FF","4-Seam Fastball",1.7,9,"538",37.1,"121","0.269","0.663","0.416",28.3,27.3,21,"0.303","0.74","0.456",62.2
"Springer, George",543807,"TOR","FF","4-Seam Fastball",3.3,15,"451",34,"121","0.299","0.753","0.481",20.9,14,13.9,"0.317","0.82","0.514",53.1
"Bichette, Bo",666182,"TOR","SI","Sinker",1.4,6,"433",16.6,"121","0.354","0.584","0.422",15.1,11.6,14,"0.307","0.528","0.379",56.6
"Hernández, César",514917,"CWS","CH","Changeup",-0.7,-3,"416",17,"120","0.227","0.395","0.271",28.4,17.5,17.5,"0.257","0.389","0.282",24.5
"DeJong, Paul",657557,"STL","FF","4-Seam Fastball",0,0,"533",33.8,"120","0.231","0.471","0.343",30.5,30,22.4,"0.204","0.446","0.327",46.4
"Stewart, DJ",621466,"BAL","FF","4-Seam Fastball",0.3,2,"564",42.5,"120","0.206","0.381","0.336",33.8,31.7,21.6,"0.193","0.39","0.332",39
"Rodgers, Brendan",663898,"COL","FF","4-Seam Fastball",1.8,8,"459",30.3,"120","0.383","0.645","0.466",20.4,16.7,15.5,"0.263","0.497","0.357",48.9
"Grichuk, Randal",545341,"TOR","SL","Slider",-2.6,-10,"388",19.4,"120","0.124","0.248","0.192",33.8,26.7,25.2,"0.163","0.286","0.219",34.1
"Riley, Austin",663586,"ATL","SI","Sinker",-0.3,-2,"485",18.7,"119","0.288","0.441","0.353",16,15.1,18.4,"0.321","0.479","0.364",39.4
"Phillips, Brett",621433,"TB","FF","4-Seam Fastball",-0.8,-4,"502",40.7,"119","0.17","0.35","0.299",36.7,38.7,32.4,"0.169","0.38","0.299",58.2
"Castellanos, Nick",592206,"CIN","SL","Slider",0,0,"437",20.4,"119","0.217","0.453","0.323",45.4,26.9,22.9,"0.253","0.503","0.35",41.6
"Turner, Justin",457759,"LAD","SL","Slider",1.3,7,"506",20.5,"118","0.259","0.435","0.361",21.7,16.1,12.8,"0.243","0.413","0.314",28.1
"Murphy, Tom",608596,"SEA","FF","4-Seam Fastball",0,0,"479",36.2,"118","0.212","0.495","0.355",29.1,28,22.8,"0.19","0.443","0.333",48.5
"Bryant, Kris",592178,"SF","SL","Slider",1.9,8,"437",19.6,"118","0.286","0.505","0.393",37,30.5,27.1,"0.259","0.421","0.332",35.7
"Ortega, Rafael",542364,"CHC","FF","4-Seam Fastball",2.4,12,"491",36.7,"118","0.379","0.592","0.461",16.1,13.6,10.6,"0.3","0.501","0.385",40.2
"Duffy, Matt",622110,"CHC","FF","4-Seam Fastball",-0.3,-2,"491",38.7,"118","0.311","0.408","0.364",10.3,14.4,12.1,"0.317","0.473","0.385",41.9
"Santana, Carlos",467793,"KC","CH","Changeup",-0.5,-2,"490",18.1,"118","0.192","0.279","0.286",23.9,11,11.1,"0.228","0.356","0.304",34.1
"Mountcastle, Ryan",663624,"BAL","SL","Slider",-0.3,-2,"462",20.1,"118","0.248","0.389","0.3",39.8,29.7,22.9,"0.208","0.377","0.266",33.3
"Segura, Jean",516416,"PHI","SI","Sinker",-0.3,-1,"423",19.4,"118","0.295","0.39","0.367",10.5,7.6,9.8,"0.287","0.387","0.338",40.2
"Urías, Luis",649966,"MIL","SI","Sinker",0.8,4,"442",19.4,"118","0.286","0.495","0.381",15.7,14.4,17.7,"0.283","0.462","0.361",42
"Guerrero Jr., Vladimir",665489,"TOR","SI","Sinker",1.6,7,"411",16.4,"118","0.367","0.5","0.452",17.3,11.9,16.7,"0.31","0.488","0.403",59.5
"Hedges, Austin",595978,"CLE","FF","4-Seam Fastball",-1.4,-7,"491",41.4,"117","0.192","0.354","0.26",24.7,22.2,18.6,"0.183","0.285","0.245",29.6
"Hernández, Teoscar",606192,"TOR","SL","Slider",2,9,"475",20.7,"117","0.288","0.541","0.385",44.6,33.3,22.3,"0.26","0.521","0.348",50
"Semien, Marcus",543760,"TOR","SL","Slider",0.6,4,"605",20.7,"117","0.194","0.466","0.324",34.5,34.2,21.3,"0.151","0.312","0.256",28.6
"Taylor, Chris",621035,"LAD","SL","Slider",0.3,1,"522",21.9,"117","0.225","0.5","0.355",43.2,29.9,21.5,"0.189","0.403","0.299",30.9
"McKinney, Billy",641856,"LAD","FF","4-Seam Fastball",1.4,7,"488",38.1,"116","0.269","0.581","0.411",13.4,16.4,12.8,"0.247","0.462","0.373",36.8
"Sanó, Miguel",593934,"MIN","SL","Slider",-2.4,-12,"485",22.1,"116","0.12","0.259","0.196",53.3,50.9,35.1,"0.125","0.29","0.211",42.9
"Suárez, Eugenio",553993,"CIN","SI","Sinker",-2.9,-12,"427",17.9,"116","0.121","0.222","0.228",13,12.1,18.7,"0.235","0.383","0.326",32.6
"Haniger, Mitch",571745,"SEA","SL","Slider",-0.3,-2,"520",18.7,"116","0.192","0.346","0.287",43.2,35.3,22.7,"0.213","0.375","0.291",42.2
"Choi, Ji Man",596847,"TB","FF","4-Seam Fastball",0.8,4,"504",39.4,"116","0.258","0.433","0.369",28.9,24.1,19.2,"0.261","0.434","0.361",46.4
"Hernández, César",514917,"CWS","SI","Sinker",-2.2,-9,"399",16.4,"116","0.172","0.263","0.256",11.7,19.8,23.5,"0.216","0.386","0.321",44.2
"Correa, Carlos",621043,"HOU","SI","Sinker",1.2,5,"461",17.7,"115","0.323","0.455","0.392",11.1,8.7,10.3,"0.314","0.472","0.378",41.8
"Anderson, Tim",641313,"CWS","SL","Slider",-1.3,-6,"450",22.5,"115","0.23","0.372","0.282",30.8,25.2,18,"0.232","0.421","0.282",34.5
"Verdugo, Alex",657077,"BOS","CH","Changeup",-0.5,-2,"379",16.2,"115","0.211","0.358","0.268",17.3,11.3,12.7,"0.299","0.466","0.344",38.1
"Castro, Starlin",516770,"WSH","FF","4-Seam Fastball",-0.5,-2,"457",35.4,"115","0.293","0.414","0.339",21.2,16.5,16.5,"0.258","0.472","0.356",48.2
"Caratini, Victor",605170,"SD","FF","4-Seam Fastball",-2.4,-10,"419",31.9,"115","0.17","0.245","0.244",13.6,20.9,21.2,"0.19","0.294","0.245",45.1
"Polanco, Jorge",593871,"MIN","SI","Sinker",1.3,5,"382",15.3,"115","0.314","0.533","0.409",12.2,10.4,14.6,"0.301","0.507","0.369",40.4
"García, Adolis",666969,"TEX","SL","Slider",1,4,"416",16.6,"114","0.255","0.566","0.383",36.6,29.8,24.3,"0.225","0.487","0.326",42.5
"Haniger, Mitch",571745,"SEA","SI","Sinker",1,4,"436",15.7,"114","0.303","0.535","0.412",12.9,9.6,10.5,"0.29","0.516","0.39",50.6
"Kelenic, Jarred",672284,"SEA","FF","4-Seam Fastball",-0.2,-1,"450",30.5,"114","0.24","0.458","0.359",14.9,17.5,15.2,"0.268","0.482","0.378",38.2
"O'Neill, Tyler",641933,"STL","SL","Slider",1.9,9,"464",22.4,"114","0.229","0.581","0.38",47.1,36.8,28.8,"0.225","0.535","0.339",40.6
"Mancini, Trey",641820,"BAL","SL","Slider",-0.2,-1,"477",19.3,"114","0.227","0.391","0.279",41.2,32.5,24.2,"0.228","0.372","0.272",37
"Candelario, Jeimer",600869,"DET","CH","Changeup",0.8,3,"387",15.2,"113","0.3","0.464","0.346",21.9,11.5,12,"0.322","0.546","0.377",44.3
"Torreyes, Ronald",591720,"PHI","FF","4-Seam Fastball",-2.2,-8,"371",31.7,"113","0.192","0.356","0.26",11.8,13.3,17.2,"0.226","0.315","0.255",14
"Taylor, Michael A.",572191,"KC","SL","Slider",-0.2,-1,"439",20.8,"113","0.261","0.378","0.295",38.3,24.8,16.6,"0.288","0.432","0.311",38.1
"Longoria, Evan",446334,"SF","FF","4-Seam Fastball",1.5,7,"425",36.8,"113","0.289","0.567","0.418",21.4,23,19.3,"0.262","0.57","0.393",61.1
"Fletcher, David",664058,"LAA","SL","Slider",0.4,1,"345",15.6,"113","0.3","0.373","0.3",12.6,9.7,9.2,"0.244","0.289","0.241",11
"Renfroe, Hunter",592669,"BOS","SL","Slider",2.9,11,"382",17.4,"113","0.245","0.585","0.371",36,31,24.1,"0.236","0.509","0.332",37.5
"Seager, Kyle",572122,"SEA","SL","Slider",-1.7,-7,"429",16.8,"113","0.157","0.284","0.239",44.6,34.5,30.7,"0.168","0.334","0.254",25
"Kelly, Carson",608348,"AZ","FF","4-Seam Fastball",-0.1,-1,"535",36.3,"113","0.266","0.447","0.365",20.4,22.1,17.7,"0.265","0.489","0.376",32.9
"O'Neill, Tyler",641933,"STL","SI","Sinker",2.2,8,"371",17.9,"112","0.347","0.535","0.429",21.3,19.6,22.9,"0.327","0.54","0.401",55
"Tatis Jr., Fernando",665487,"SD","SI","Sinker",1,4,"454",21.2,"112","0.309","0.5","0.413",21.3,14.3,14.5,"0.296","0.514","0.396",57
"Judge, Aaron",592450,"NYY","SI","Sinker",1.3,6,"428",16.3,"112","0.375","0.573","0.438",16.1,12.5,16.3,"0.364","0.663","0.472",64.3
"McCutchen, Andrew",457705,"PHI","SL","Slider",-0.8,-4,"524",22.7,"112","0.156","0.281","0.255",34.7,30.4,19.8,"0.178","0.25","0.252",15.6
"Machado, Manny",592518,"SD","SL","Slider",1.9,8,"429",19.2,"112","0.301","0.612","0.39",35.4,20.5,21.1,"0.247","0.522","0.341",39.8
"Moran, Colin",592567,"PIT","FF","4-Seam Fastball",-0.8,-4,"489",35.3,"111","0.29","0.42","0.341",27.9,36,27.6,"0.25","0.389","0.309",47.5
"Díaz, Elias",553869,"COL","FF","4-Seam Fastball",0.6,2,"427",32.7,"111","0.245","0.49","0.35",16.3,16.2,14.1,"0.258","0.492","0.348",44
"Swanson, Dansby",621020,"ATL","SI","Sinker",0.5,2,"424",16.4,"111","0.27","0.46","0.354",22,18.9,21.4,"0.283","0.532","0.374",51.9
"Arozarena, Randy",668227,"TB","SL","Slider",-0.9,-4,"510",20.6,"111","0.206","0.304","0.263",40.3,35.1,23.5,"0.165","0.245","0.215",32.8
"Kim, Ha-Seong",673490,"SD","FF","4-Seam Fastball",-2,-9,"448",37.9,"111","0.156","0.302","0.253",21.7,22.5,17.5,"0.174","0.293","0.259",34.2
"Lowe, Nathaniel",663993,"TEX","SI","Sinker",-1.4,-6,"429",15.9,"111","0.219","0.292","0.304",18.6,15.3,16.7,"0.205","0.277","0.28",43
"Bell, Josh",605137,"WSH","CH","Changeup",0,0,"406",18.6,"111","0.216","0.333","0.282",25.9,16.2,16.5,"0.202","0.329","0.267",31
"Realmuto, J.T.",592663,"PHI","SL","Slider",-1.1,-5,"464",22.1,"111","0.2","0.305","0.252",29.4,29.7,22.1,"0.179","0.315","0.238",27.8
"Mullins, Cedric",656775,"BAL","SI","Sinker",1.2,5,"414",16,"110","0.317","0.465","0.382",9.6,12.7,17.5,"0.273","0.42","0.328",34.1
"Straw, Myles",664702,"CLE","SL","Slider",0,0,"466",17.6,"110","0.275","0.294","0.296",21.3,32.7,20.2,"0.21","0.242","0.231",13.4
"Slater, Austin",596103,"SF","FF","4-Seam Fastball",1,4,"446",37.5,"110","0.253","0.516","0.382",26.3,25.5,20.9,"0.259","0.51","0.376",47.8
"Taylor, Chris",621035,"LAD","SI","Sinker",1.6,7,"411",17.2,"109","0.319","0.532","0.424",19,17.4,18.6,"0.3","0.529","0.399",38.2
"Cabrera, Miguel",408234,"DET","SL","Slider",-1.4,-6,"423",20.8,"109","0.2","0.32","0.25",38.8,32.1,21.3,"0.186","0.367","0.273",44.8
"Lowe, Brandon",664040,"TB","SL","Slider",-0.8,-3,"396",16.9,"109","0.155","0.299","0.248",40.2,33.9,27.4,"0.167","0.308","0.256",31.7
"Suárez, Eugenio",553993,"CIN","SL","Slider",-0.9,-4,"432",18.1,"108","0.158","0.379","0.267",49.7,45.4,28.5,"0.166","0.375","0.275",35.4
"Duvall, Adam",594807,"ATL","SI","Sinker",-0.6,-2,"412",19.1,"108","0.275","0.422","0.356",16,15.7,25.4,"0.269","0.456","0.333",36.5
"Pillar, Kevin",607680,"NYM","FF","4-Seam Fastball",0.6,3,"414",31.3,"108","0.255","0.539","0.361",17.6,22.2,18.3,"0.214","0.448","0.3",34.6
"Farmer, Kyle",571657,"CIN","SL","Slider",0.9,3,"379",19.4,"108","0.23","0.39","0.301",31.5,22.2,18.5,"0.24","0.42","0.298",28.2
"Mancini, Trey",641820,"BAL","SI","Sinker",-0.9,-3,"377",15.3,"108","0.289","0.392","0.338",13.5,14.8,20.8,"0.271","0.408","0.337",37
"France, Ty",664034,"SEA","SL","Slider",-0.2,-1,"398",16.6,"108","0.265","0.402","0.291",28.6,24.1,20.3,"0.261","0.362","0.288",38
"Reynolds, Bryan",668804,"PIT","CH","Changeup",-0.1,-1,"431",17.3,"108","0.27","0.37","0.32",32.5,16.7,16.8,"0.28","0.433","0.338",34.9
"Hayes, Ke'Bryan",663647,"PIT","FF","4-Seam Fastball",0,0,"468",30.5,"108","0.286","0.396","0.354",18.9,24.1,17.8,"0.229","0.35","0.314",56.1
"Albies, Ozzie",645277,"ATL","SL","Slider",0.6,2,"392",15,"108","0.253","0.414","0.329",34.7,35.2,26,"0.222","0.351","0.275",40.3
"Lagares, Juan",501571,"LAA","FF","4-Seam Fastball",-1,-4,"440",35.6,"108","0.264","0.415","0.307",17.9,24.1,19.1,"0.26","0.444","0.306",55
"Díaz, Yandy",650490,"TB","SI","Sinker",1.8,7,"399",19.7,"108","0.349","0.43","0.426",7.3,4.6,7.4,"0.271","0.388","0.371",43.9
"Stassi, Max",545358,"LAA","FF","4-Seam Fastball",0.2,1,"426",33.6,"107","0.264","0.44","0.36",29.2,29,22.6,"0.241","0.45","0.351",48.3
"Escobar, Eduardo",500871,"MIL","CH","Changeup",1.5,5,"322",13.4,"107","0.305","0.438","0.355",14.8,8.4,10.7,"0.278","0.38","0.295",18.8
"Betts, Mookie",605141,"LAD","SI","Sinker",2.4,9,"371",16.6,"107","0.304","0.565","0.436",5.3,9.3,11.5,"0.289","0.507","0.387",46.4
"Bryant, Kris",592178,"SF","SI","Sinker",0.9,3,"344",15.4,"107","0.304","0.467","0.4",18.3,15,22.9,"0.273","0.427","0.358",43.4
"Alonso, Pete",624413,"NYM","SL","Slider",1.5,5,"352",15.3,"107","0.228","0.614","0.37",35.3,33.6,32.1,"0.241","0.623","0.364",46.3
"Realmuto, J.T.",592663,"PHI","SI","Sinker",0.3,1,"356",17,"107","0.293","0.446","0.374",20.6,15,22.2,"0.282","0.414","0.355",45.5
"Iglesias, Jose",578428,"BOS","SL","Slider",0.4,1,"358",19.3,"107","0.314","0.486","0.355",26.2,18.7,17.1,"0.266","0.375","0.286",27.1
"Berti, Jon",542932,"MIA","FF","4-Seam Fastball",-0.2,-1,"450",39.5,"106","0.217","0.313","0.333",13.4,18.9,14.5,"0.25","0.359","0.351",42.2
"Canha, Mark",592192,"ATH","SL","Slider",-0.7,-3,"459",17.4,"106","0.172","0.237","0.269",26.8,20.8,14.2,"0.175","0.253","0.245",25
"Tellez, Rowdy",642133,"MIL","FF","4-Seam Fastball",0.1,1,"472",37.3,"106","0.273","0.444","0.345",20.3,21.7,17.4,"0.294","0.572","0.386",71.1
"Adames, Willy",642715,"MIL","SI","Sinker",0.8,3,"379",17.1,"106","0.297","0.473","0.417",22.3,15.1,19.5,"0.295","0.53","0.399",40
"Vaughn, Andrew",683734,"CWS","SL","Slider",-1.6,-6,"395",22.1,"106","0.156","0.24","0.224",36.6,31.1,27,"0.194","0.318","0.267",41.5
"Tatis Jr., Fernando",665487,"SD","SL","Slider",0.5,2,"412",19.2,"106","0.198","0.485","0.311",44.4,41.5,32.1,"0.218","0.532","0.33",49.1
"Franco, Wander",677551,"TB","FF","4-Seam Fastball",0,0,"398",36.1,"106","0.271","0.427","0.33",16.3,16,15.7,"0.255","0.41","0.321",38.8
"Duggar, Steven",621453,"SF","FF","4-Seam Fastball",1.5,6,"387",32.3,"106","0.367","0.592","0.433",15.7,18.9,18,"0.312","0.522","0.381",43.6
"Heredia, Guillermo",628338,"ATL","FF","4-Seam Fastball",0.3,1,"444",33,"105","0.265","0.422","0.388",16.9,20,16.2,"0.263","0.454","0.388",38.7
"Thomas, Lane",657041,"WSH","FF","4-Seam Fastball",-0.4,-2,"452",40.5,"105","0.18","0.427","0.328",18.5,26.7,19.6,"0.208","0.441","0.337",52.5
"Alcántara, Sergio",642727,"CHC","FF","4-Seam Fastball",-1,-4,"412",38.5,"105","0.247","0.36","0.328",29.3,30.5,22.7,"0.221","0.323","0.3",35.6
"Chapman, Matt",656305,"ATH","SI","Sinker",-1.4,-6,"411",15.4,"105","0.195","0.241","0.279",19.9,18.1,17,"0.23","0.304","0.312",39.7
"Crawford, J.P.",641487,"SEA","SI","Sinker",-0.7,-3,"413",14.8,"105","0.261","0.359","0.326",11.7,13.3,14.4,"0.238","0.295","0.292",28.2
"Segura, Jean",516416,"PHI","SL","Slider",0.9,3,"364",16.7,"105","0.296","0.398","0.34",22.9,15.2,12.2,"0.245","0.357","0.291",32.5
"Calhoun, Willie",641432,"TEX","FF","4-Seam Fastball",0.5,1,"320",31.3,"105","0.305","0.537","0.391",15.6,10.5,16.4,"0.302","0.486","0.371",48.8
"Panik, Joe",605412,"MIA","FF","4-Seam Fastball",-1.5,-6,"387",38.2,"104","0.242","0.337","0.299",9,10.6,10.4,"0.249","0.35","0.295",28.6
"Duvall, Adam",594807,"ATL","SL","Slider",-0.1,0,"418",19.4,"104","0.21","0.46","0.296",41.1,44.2,30.1,"0.199","0.437","0.283",38.9
"Varsho, Daulton",662139,"AZ","FF","4-Seam Fastball",-1.1,-5,"460",37.7,"104","0.22","0.341","0.294",24,25,20.8,"0.243","0.453","0.34",45.5
"Schoop, Jonathan",570731,"DET","SI","Sinker",-0.8,-3,"381",14.7,"104","0.234","0.383","0.31",11,6.7,9.9,"0.268","0.392","0.324",36
"Urías, Luis",649966,"MIL","SL","Slider",0.7,3,"436",19.1,"104","0.242","0.462","0.363",27.7,19.2,14.5,"0.232","0.41","0.332",38
"Turner, Trea",607208,"LAD","SI","Sinker",2.6,10,"378",15.2,"104","0.34","0.628","0.451",10.6,9.6,10.4,"0.338","0.599","0.43",53.6
"Edman, Tommy",669242,"STL","SI","Sinker",-0.6,-2,"390",14.9,"104","0.271","0.458","0.353",9,8.7,10.3,"0.326","0.574","0.408",50.6
"Castellanos, Nick",592206,"CIN","SI","Sinker",2.4,8,"331",15.4,"104","0.396","0.563","0.432",9.6,8.7,13.2,"0.328","0.527","0.387",55.7
"Goodrum, Niko",592348,"DET","FF","4-Seam Fastball",2,10,"487",36.3,"104","0.303","0.629","0.436",30.8,27.9,19.9,"0.275","0.62","0.419",51.7
"Arozarena, Randy",668227,"TB","SI","Sinker",2.3,8,"360",14.5,"104","0.371","0.562","0.454",19.1,13.5,16.7,"0.3","0.5","0.393",44
"Bogaerts, Xander",593428,"BOS","SL","Slider",1.4,6,"439",17.5,"104","0.275","0.473","0.368",28.7,16.3,10.9,"0.249","0.384","0.324",32
"Cron, C.J.",543068,"COL","SL","Slider",1.1,4,"392",17.9,"103","0.242","0.526","0.35",34,27.2,22,"0.209","0.397","0.29",31.3
"Freeman, Freddie",518692,"ATL","CH","Changeup",2.2,9,"395",14.7,"103","0.327","0.52","0.389",25.5,16.5,15,"0.326","0.573","0.397",49.4
"Reyes, Franmil",614177,"CLE","SL","Slider",2.2,9,"437",22,"103","0.26","0.635","0.394",38.1,38.8,25,"0.226","0.566","0.353",50
"La Stella, Tommy",600303,"SF","FF","4-Seam Fastball",-0.1,-1,"433",41.9,"103","0.27","0.483","0.373",11.6,9.7,8.6,"0.292","0.596","0.408",46.3
"Seager, Corey",608369,"LAD","FF","4-Seam Fastball",3.1,12,"401",28.7,"103","0.349","0.663","0.476",24.6,17.5,14.6,"0.29","0.644","0.441",61.2
"Turner, Justin",457759,"LAD","SI","Sinker",1.4,6,"412",16.7,"103","0.326","0.547","0.433",13,9.7,11.8,"0.329","0.532","0.419",40.3
"Rojas, Miguel",500743,"MIA","SI","Sinker",0.3,1,"371",18.5,"103","0.297","0.429","0.359",9.3,8.7,12.3,"0.236","0.335","0.298",39.8
"Canha, Mark",592192,"ATH","SI","Sinker",2,7,"362",13.7,"103","0.293","0.488","0.425",10.5,10.7,13.6,"0.283","0.462","0.398",40.8
"Harrison, Josh",543281,"ATH","SI","Sinker",-0.8,-3,"308",16.4,"103","0.323","0.333","0.322",11.9,4.9,11.6,"0.308","0.414","0.34",33
"Kiner-Falefa, Isiah",643396,"TEX","SI","Sinker",-0.6,-2,"396",16.5,"103","0.277","0.351","0.328",11.7,14.6,20.8,"0.251","0.317","0.296",35.4
"Díaz, Isan",656371,"MIA","FF","4-Seam Fastball",-1.3,-5,"358",33.5,"103","0.217","0.349","0.323",20,17.5,20.2,"0.221","0.367","0.332",41.2
"Polanco, Jorge",593871,"MIN","CH","Changeup",-0.3,-1,"469",18.8,"102","0.219","0.323","0.263",24.8,21.6,16.1,"0.207","0.309","0.246",17.3
"McCutchen, Andrew",457705,"PHI","SI","Sinker",1.3,5,"356",15.4,"102","0.31","0.609","0.44",16.4,15.7,23.5,"0.273","0.48","0.377",37.5
"Daza, Yonathan",602074,"COL","FF","4-Seam Fastball",1.3,5,"392",32.2,"102","0.379","0.529","0.439",11,10.8,10.5,"0.29","0.422","0.363",38.5
"Hilliard, Sam",656541,"COL","FF","4-Seam Fastball",1.3,5,"385",38.7,"102","0.263","0.526","0.375",42.4,39.2,30.8,"0.23","0.498","0.332",50.9
"Rendon, Anthony",543685,"LAA","FF","4-Seam Fastball",0.1,0,"362",38.2,"102","0.273","0.398","0.364",12.4,10.8,10.2,"0.265","0.436","0.353",50.6
"Pujols, Albert",405395,"LAD","FF","4-Seam Fastball",-0.6,-2,"344",30.6,"102","0.265","0.49","0.329",13.3,14.7,17.6,"0.265","0.537","0.343",41.7
"Grossman, Robbie",543257,"DET","CH","Changeup",0.2,1,"401",14.2,"102","0.269","0.398","0.341",23.8,17.6,16.7,"0.232","0.373","0.286",20.8
"Myers, Wil",571976,"SD","SI","Sinker",-0.2,-1,"340",16.9,"102","0.311","0.4","0.369",19.8,19.6,21.7,"0.251","0.347","0.308",38
"Muncy, Max",571970,"LAD","SL","Slider",-0.3,-1,"420",17.3,"102","0.178","0.433","0.307",23.4,17.6,15,"0.25","0.574","0.379",34.2
"Torres, Gleyber",650402,"NYY","SL","Slider",0,0,"402",19.3,"102","0.281","0.354","0.297",30.6,21.6,15.9,"0.265","0.38","0.296",14.7
"Reynolds, Bryan",668804,"PIT","SL","Slider",3,12,"392",15.7,"101","0.31","0.619","0.439",34.2,30.7,19.7,"0.262","0.456","0.364",40.7
"Ahmed, Nick",605113,"AZ","SI","Sinker",-2.5,-9,"351",19.8,"101","0.189","0.274","0.256",17.2,13.9,20,"0.205","0.279","0.243",29.6
"Newman, Kevin",621028,"PIT","SL","Slider",-2.4,-10,"422",21.9,"101","0.146","0.177","0.172",31.7,19.8,15.3,"0.187","0.23","0.207",19.5
"Harrison, Josh",543281,"ATH","SL","Slider",2.6,9,"358",19.1,"101","0.371","0.506","0.412",28.4,16.8,15.3,"0.32","0.451","0.37",26
"Jeffers, Ryan",680777,"MIN","FF","4-Seam Fastball",0.1,0,"425",35.5,"101","0.236","0.472","0.346",37.4,44.6,31.9,"0.207","0.471","0.331",63.6
"Andrus, Elvis",462101,"ATH","SL","Slider",-0.1,0,"360",17.5,"101","0.25","0.348","0.294",29,16.8,14,"0.292","0.391","0.318",28.6
"Frazier, Adam",624428,"SD","SI","Sinker",-0.1,0,"376",16,"101","0.326","0.438","0.377",7.4,7.9,11.6,"0.291","0.355","0.328",31.7
"Harper, Bryce",547180,"PHI","CH","Changeup",5,17,"334",13.9,"101","0.341","0.61","0.47",30.8,13.9,16.3,"0.285","0.55","0.41",36.2
"Peterson, Jace",607054,"MIL","FF","4-Seam Fastball",0.8,4,"449",34.7,"100","0.274","0.384","0.391",20.7,18,13.7,"0.208","0.367","0.368",39.3
"Gurriel, Yuli",493329,"HOU","SL","Slider",1.6,7,"430",18.8,"100","0.337","0.506","0.387",18,10,8.1,"0.273","0.378","0.318",28
"Pham, Tommy",502054,"SD","SL","Slider",-0.5,-2,"472",19.9,"100","0.143","0.25","0.272",37.3,33,19.8,"0.181","0.306","0.28",38.5
"Blackmon, Charlie",453568,"COL","CH","Changeup",-0.4,-1,"302",14.1,"100","0.244","0.356","0.304",22.6,10,13,"0.331","0.492","0.39",38.8
"Cabrera, Miguel",408234,"DET","SI","Sinker",-1.8,-6,"322",15.8,"100","0.264","0.297","0.295",11.1,9,13,"0.222","0.309","0.274",46.3
"Fraley, Jake",641584,"SEA","FF","4-Seam Fastball",0,0,"440",38,"100","0.219","0.342","0.364",27.7,24,17.4,"0.251","0.397","0.395",33.3
"Betts, Mookie",605141,"LAD","SL","Slider",0.9,4,"431",19.3,"100","0.239","0.352","0.335",25.4,23,18.1,"0.206","0.315","0.28",40
"Muncy, Max",571970,"LAD","CH","Changeup",1.7,6,"348",14.3,"100","0.266","0.489","0.361",34.4,23,24.7,"0.289","0.558","0.379",43.7
"Urshela, Gio",570482,"NYY","SL","Slider",-1.3,-5,"372",21.9,"100","0.189","0.305","0.246",30.2,33,26.2,"0.202","0.304","0.243",37.1
"Sánchez, Jesús",660821,"MIA","FF","4-Seam Fastball",2.3,8,"357",36.1,"99","0.3","0.633","0.42",19,23.2,21.5,"0.314","0.698","0.446",52.2
"Vogelbach, Daniel",596129,"MIL","FF","4-Seam Fastball",1,4,"422",35.9,"99","0.235","0.457","0.382",10.7,18.2,15.4,"0.237","0.431","0.366",44.4
"Freeman, Freddie",518692,"ATL","SI","Sinker",0,0,"377",14,"99","0.247","0.388","0.333",19.8,18.2,17,"0.292","0.46","0.377",44.8
"Gallo, Joey",608336,"NYY","CH","Changeup",-0.2,-1,"352",13.6,"99","0.143","0.321","0.27",44.4,36.4,35.3,"0.148","0.283","0.263",35.4
"Simmons, Andrelton",592743,"MIN","SL","Slider",-1.5,-5,"358",21.8,"99","0.198","0.25","0.221",28.3,21.2,19.6,"0.186","0.227","0.198",24
"Urías, Ramón",602104,"BAL","FF","4-Seam Fastball",-0.3,-1,"460",36.7,"98","0.22","0.341","0.32",23.9,27.6,19.6,"0.222","0.381","0.331",47.3
"Ohtani, Shohei",660271,"LAA","CH","Changeup",1.7,7,"421",16.3,"98","0.233","0.533","0.35",37,29.6,25.7,"0.232","0.566","0.361",44.3
"Moncada, Yoán",660162,"CWS","CH","Changeup",-0.4,-2,"371",14.4,"98","0.231","0.341","0.272",37,30.6,26.8,"0.234","0.348","0.277",38.7
"Collins, Zack",641470,"CWS","FF","4-Seam Fastball",-0.7,-2,"375",39.9,"98","0.2","0.362","0.319",25.1,27.6,23.5,"0.195","0.416","0.333",44.4
"Gonzalez, Marwin",503556,"HOU","FF","4-Seam Fastball",-0.9,-4,"379",31.5,"98","0.23","0.391","0.31",14.3,18.4,15.7,"0.264","0.508","0.363",44.3
"Soler, Jorge",624585,"ATL","SI","Sinker",0.3,1,"383",15.9,"98","0.265","0.434","0.37",13.6,13.3,22,"0.306","0.543","0.412",50
"Holt, Brock",571788,"TEX","FF","4-Seam Fastball",-1.1,-4,"417",40.7,"98","0.256","0.349","0.323",19.8,20.4,19.2,"0.26","0.358","0.326",30.3
"Pollock, AJ",572041,"LAD","SL","Slider",1.4,4,"315",21.5,"98","0.272","0.543","0.371",32,23.5,23.7,"0.276","0.543","0.36",40
"Soto, Juan",665742,"WSH","SL","Slider",1.8,7,"393",15.1,"97","0.263","0.45","0.383",27.6,20.6,19.6,"0.283","0.515","0.403",48.3
"Gallo, Joey",608336,"NYY","SL","Slider",0,0,"384",14.8,"97","0.205","0.41","0.345",43.5,40.2,32,"0.178","0.392","0.329",41
"Mountcastle, Ryan",663624,"BAL","SI","Sinker",0,0,"354",15.4,"97","0.273","0.443","0.345",21,17.5,18.5,"0.258","0.495","0.355",51.4
"Anderson, Tim",641313,"CWS","SI","Sinker",1.5,5,"319",16,"97","0.413","0.543","0.428",21.6,9.3,13.4,"0.289","0.399","0.322",42.2
"Maldonado, Martín",455117,"HOU","SL","Slider",-1.6,-6,"384",21.5,"97","0.111","0.211","0.187",39.6,41.2,27.4,"0.13","0.21","0.186",18
"Eaton, Adam",594809,"LAA","FF","4-Seam Fastball",-0.6,-3,"459",39.7,"97","0.208","0.312","0.314",19.7,19.6,15.1,"0.236","0.363","0.342",33.3
"Cain, Lorenzo",456715,"MIL","FF","4-Seam Fastball",2.3,8,"366",32.3,"97","0.368","0.586","0.468",14.1,8.2,8.2,"0.329","0.497","0.393",43
"Reynolds, Bryan",668804,"PIT","SI","Sinker",2.4,8,"340",13.6,"96","0.376","0.671","0.483",14,13.5,15.9,"0.34","0.619","0.44",52.8
"Votto, Joey",458015,"CIN","SI","Sinker",3.5,12,"330",14.8,"96","0.365","0.741","0.484",15,11.5,12.4,"0.357","0.759","0.484",58.7
"Soto, Juan",665742,"WSH","SI","Sinker",2.9,10,"364",14,"96","0.338","0.623","0.486",13,12.5,13,"0.325","0.602","0.454",63.6
"Espinal, Santiago",669289,"TOR","FF","4-Seam Fastball",0.5,1,"302",33.1,"96","0.341","0.435","0.378",11.5,12.5,16.4,"0.276","0.357","0.318",29.7
"Crawford, J.P.",641487,"SEA","SL","Slider",0,0,"326",11.7,"96","0.25","0.375","0.298",22.5,20.8,15.7,"0.227","0.309","0.27",23.2
"Bogaerts, Xander",593428,"BOS","SI","Sinker",2.9,11,"376",15,"96","0.442","0.733","0.544",8.7,6.3,9.5,"0.381","0.656","0.462",53.1
"Hernández, Teoscar",606192,"TOR","SI","Sinker",-0.5,-2,"333",14.5,"96","0.279","0.36","0.346",22.4,15.6,25.9,"0.291","0.439","0.354",49.3
"Cruz, Nelson",443558,"TB","SI","Sinker",1.5,5,"315",14.3,"96","0.329","0.482","0.384",14.2,10.4,16.4,"0.301","0.512","0.391",64.5
"McMahon, Ryan",641857,"COL","CH","Changeup",1.6,5,"324",13.6,"95","0.267","0.444","0.329",28.1,16.8,14.3,"0.263","0.477","0.334",33.8
"Mullins, Cedric",656775,"BAL","CH","Changeup",3,8,"280",10.8,"95","0.295","0.568","0.381",20.4,16.8,16.8,"0.272","0.394","0.312",41.1
"Nuñez, Dom",624513,"COL","FF","4-Seam Fastball",2.5,9,"344",30.5,"95","0.291","0.709","0.454",24.7,27.4,22.6,"0.196","0.469","0.344",44.4
"Fuentes, Joshua",658069,"COL","FF","4-Seam Fastball",-1.8,-8,"429",42.1,"95","0.213","0.27","0.252",31.9,32.6,24,"0.156","0.224","0.199",31
"O'Hearn, Ryan",656811,"KC","FF","4-Seam Fastball",-1.1,-4,"368",37.6,"95","0.264","0.391","0.321",22.9,21.1,20.4,"0.273","0.473","0.345",57.4
"Peters, DJ",656847,"TEX","FF","4-Seam Fastball",-2.5,-10,"413",45.8,"95","0.189","0.289","0.218",36.4,36.8,24.1,"0.19","0.311","0.247",37.5
"McCormick, Chas",676801,"HOU","FF","4-Seam Fastball",-0.5,-2,"464",36.2,"95","0.207","0.39","0.326",36.2,31.6,24.2,"0.193","0.44","0.317",52.8
"Donaldson, Josh",518626,"MIN","SI","Sinker",2.5,9,"348",16.4,"95","0.368","0.632","0.476",20.3,11.6,14.9,"0.348","0.676","0.477",61.2
"Molina, Yadier",425877,"STL","SI","Sinker",-2.4,-7,"289",17.3,"95","0.227","0.307","0.279",10.2,6.3,12.8,"0.275","0.403","0.316",34.9
"Torres, Gleyber",650402,"NYY","SI","Sinker",1.4,5,"323",15.5,"95","0.329","0.494","0.413",18.8,14.7,19.2,"0.321","0.52","0.408",43.3
"Hosmer, Eric",543333,"SD","SL","Slider",-1.1,-4,"390",17.7,"95","0.198","0.326","0.277",25.9,22.1,15.8,"0.218","0.368","0.291",33.3
"Molina, Yadier",425877,"STL","SL","Slider",-1.1,-4,"346",20.7,"94","0.236","0.348","0.282",30,22.3,17.8,"0.235","0.37","0.279",26.1
"Solak, Nick",669256,"TEX","SL","Slider",-0.7,-3,"348",16.9,"94","0.225","0.371","0.278",35.6,28.7,26.5,"0.188","0.318","0.244",29
"Judge, Aaron",592450,"NYY","CH","Changeup",-0.1,0,"343",13,"94","0.163","0.349","0.256",47.6,37.2,31.5,"0.194","0.376","0.281",43.1
"Marte, Starling",516782,"ATH","SL","Slider",0.7,2,"317",16.1,"94","0.306","0.541","0.386",33.3,25.5,23.1,"0.267","0.48","0.349",43.5
"Haniger, Mitch",571745,"SEA","CH","Changeup",-0.1,0,"358",12.9,"94","0.193","0.313","0.266",37.2,27.7,18.8,"0.208","0.309","0.276",24.1
"Stephenson, Tyler",663886,"CIN","SI","Sinker",0.7,2,"340",21.6,"94","0.3","0.463","0.378",9.9,12.8,16.9,"0.287","0.448","0.36",40
"Soto, Juan",665742,"WSH","CH","Changeup",0.4,2,"397",15.3,"94","0.247","0.286","0.324",24.8,18.1,16.7,"0.234","0.345","0.333",35
"Haase, Eric",606992,"DET","SL","Slider",-1.5,-5,"360",23.3,"93","0.178","0.344","0.255",43.1,38.7,27.9,"0.163","0.326","0.222",38.9
"Lopez, Nicky",670032,"KC","SI","Sinker",-0.1,0,"326",15.3,"93","0.337","0.398","0.361",8.9,4.3,5.3,"0.25","0.304","0.296",21.3
"Tucker, Kyle",663656,"HOU","SI","Sinker",0,0,"333",15.3,"93","0.302","0.477","0.363",15.9,12.9,15.8,"0.312","0.564","0.394",47.3
"India, Jonathan",663697,"CIN","SL","Slider",0.4,2,"502",19,"93","0.256","0.415","0.331",37.1,35.5,20.6,"0.234","0.324","0.284",21.6
"Adames, Willy",642715,"MIL","SL","Slider",-0.7,-3,"440",19.8,"93","0.179","0.357","0.263",40.5,34.4,22.4,"0.134","0.264","0.211",30.2
"Stallings, Jacob",607732,"PIT","SI","Sinker",-1.2,-4,"322",19,"93","0.28","0.378","0.338",12.1,14,19.7,"0.255","0.327","0.304",48.6
"Seager, Kyle",572122,"SEA","SI","Sinker",-1,-3,"315",12.3,"93","0.235","0.4","0.308",11.5,12.9,22.2,"0.301","0.591","0.404",54.8
"Naylor, Josh",647304,"CLE","FF","4-Seam Fastball",0.9,3,"277",31.7,"93","0.337","0.518","0.413",14.7,14,18.8,"0.305","0.516","0.385",45.7
"Shaw, Travis",543768,"BOS","FF","4-Seam Fastball",-0.9,-4,"423",40.4,"93","0.152","0.316","0.267",23.8,29,22.5,"0.178","0.373","0.296",41.5
"Lindor, Francisco",596019,"NYM","CH","Changeup",-0.3,-1,"316",15.1,"93","0.226","0.417","0.303",18.5,11.8,12.2,"0.222","0.409","0.292",39
"Contreras, Willson",575929,"CHC","SI","Sinker",1.5,5,"338",17.2,"93","0.29","0.391","0.425",13.5,8.6,11.6,"0.29","0.456","0.419",50.8
"Martinez, J.D.",502110,"BOS","SI","Sinker",0.2,1,"319",13.2,"93","0.298","0.452","0.38",15.3,8.6,10.7,"0.369","0.612","0.446",50
"Rojas, Miguel",500743,"MIA","SL","Slider",-1.4,-5,"372",18.6,"93","0.198","0.279","0.244",34.5,18.3,13.8,"0.201","0.276","0.246",21.7
"Alvarez, Yordan",670541,"HOU","SI","Sinker",0.4,1,"340",14.2,"92","0.269","0.474","0.375",14.5,17.4,19.3,"0.301","0.6","0.427",54.8
"Ohtani, Shohei",660271,"LAA","SL","Slider",3.5,12,"357",13.8,"92","0.272","0.728","0.445",44.3,33.7,27.2,"0.268","0.689","0.431",56
"Ramírez, José",608070,"CLE","SL","Slider",0.9,3,"353",13.2,"92","0.237","0.475","0.354",25,30.4,17.7,"0.199","0.332","0.289",39.6
"Alberto, Hanser",593643,"KC","FF","4-Seam Fastball",0,0,"267",32,"92","0.315","0.483","0.357",11.1,2.2,2.8,"0.297","0.452","0.327",28.1
"Aguilar, Jesús",542583,"MIA","SL","Slider",2.3,9,"385",18.6,"92","0.325","0.571","0.426",33.8,20.7,15.1,"0.256","0.441","0.354",33.9
"Tsutsugo, Yoshi",660294,"PIT","FF","4-Seam Fastball",-0.3,-1,"412",38.4,"92","0.221","0.377","0.32",29.8,31.5,24,"0.185","0.327","0.291",40.8
"Dickerson, Alex",543105,"SF","FF","4-Seam Fastball",1,5,"458",37.3,"92","0.278","0.481","0.377",31.1,30.4,19.7,"0.281","0.514","0.388",41.2
"Chapman, Matt",656305,"ATH","SL","Slider",-0.9,-4,"404",15.1,"92","0.195","0.366","0.301",39.2,33.7,24,"0.2","0.419","0.308",29.4
"Farmer, Kyle",571657,"CIN","SI","Sinker",1.2,4,"346",17.7,"92","0.333","0.531","0.41",7.9,5.4,7.8,"0.298","0.422","0.356",31.6
"Meadows, Austin",640457,"TB","SI","Sinker",2.7,9,"329",13.9,"92","0.329","0.671","0.447",9,8.7,12.5,"0.268","0.525","0.368",44
"Solano, Donovan",456781,"SF","FF","4-Seam Fastball",-0.4,-2,"428",32.5,"92","0.243","0.378","0.325",18.4,19.6,14.3,"0.267","0.508","0.378",48.3
"Kepler, Max",596146,"MIN","SI","Sinker",-0.3,-1,"294",15.7,"92","0.192","0.423","0.336",17.3,16.3,24.2,"0.256","0.487","0.378",51.6
"Ramírez, José",608070,"CLE","SI","Sinker",-0.2,-1,"334",12.5,"91","0.238","0.429","0.325",5.9,5.5,7.9,"0.347","0.539","0.405",49.4
"Hays, Austin",669720,"BAL","SI","Sinker",-0.9,-3,"304",15.5,"91","0.286","0.44","0.339",15.8,11,17.2,"0.256","0.437","0.324",37.3
"Frazier, Adam",624428,"SD","SL","Slider",-1.2,-4,"347",14.8,"91","0.244","0.314","0.262",19.3,22,16.8,"0.238","0.3","0.255",23.9
"Smith, Pavin",656976,"AZ","SL","Slider",-0.2,-1,"347",16.7,"91","0.175","0.3","0.273",32.1,37.4,27,"0.178","0.298","0.27",40.4
"Wisdom, Patrick",621550,"CHC","SL","Slider",-0.5,-2,"392",24,"91","0.2","0.388","0.31",48.7,46.2,27.1,"0.148","0.294","0.256",36.8
"Bohm, Alec",664761,"PHI","SI","Sinker",-1.6,-5,"315",18.8,"91","0.247","0.346","0.307",20.1,19.8,27.3,"0.273","0.388","0.332",54
"Harper, Bryce",547180,"PHI","SL","Slider",2.5,10,"401",16.7,"91","0.286","0.584","0.417",37.6,29.7,20.6,"0.263","0.626","0.42",40
"Hayes, Ke'Bryan",663647,"PIT","SI","Sinker",-1.2,-4,"304",19.8,"91","0.287","0.356","0.325",8.8,15.4,20.9,"0.272","0.367","0.299",58.9
"Lowe, Brandon",664040,"TB","CH","Changeup",1.9,6,"340",14.5,"91","0.253","0.506","0.353",40.8,28.6,27.4,"0.232","0.393","0.305",22.4
"Díaz, Yandy",650490,"TB","SL","Slider",-0.3,-1,"315",15.5,"91","0.235","0.329","0.275",28.9,24.2,22,"0.233","0.337","0.287",37.5
"Andrus, Elvis",462101,"ATH","SI","Sinker",-1.5,-5,"349",17,"91","0.237","0.313","0.311",11.9,13.2,15.4,"0.23","0.28","0.278",33.3
"Rizzo, Anthony",519203,"NYY","SL","Slider",-0.1,0,"319",14.3,"91","0.195","0.312","0.293",27.3,20.9,18.6,"0.208","0.35","0.301",33.9
"Hays, Austin",669720,"BAL","SL","Slider",-0.4,-2,"368",18.8,"90","0.225","0.416","0.286",38.7,34.4,30.1,"0.201","0.356","0.242",29.3
"Rojas, Josh",668942,"AZ","SL","Slider",-0.2,-1,"347",15,"90","0.212","0.341","0.285",30.6,33.3,21.7,"0.175","0.263","0.216",20
"Mullins, Cedric",656775,"BAL","SL","Slider",3.2,11,"329",12.7,"90","0.313","0.563","0.418",24,15.6,12.7,"0.265","0.435","0.343",34.8
"Marsh, Brandon",669016,"LAA","FF","4-Seam Fastball",-0.4,-1,"394",36.7,"90","0.247","0.351","0.319",24.7,31.1,20.1,"0.26","0.434","0.349",62
"Walker, Christian",572233,"AZ","SL","Slider",-1.7,-6,"342",19.3,"90","0.174","0.291","0.221",35.7,31.1,27.7,"0.221","0.358","0.268",36.2
"McMahon, Ryan",641857,"COL","SL","Slider",0.1,0,"341",14.3,"90","0.25","0.476","0.335",36.3,31.1,24.1,"0.243","0.467","0.325",33.3
"Hampson, Garrett",641658,"COL","SL","Slider",-0.7,-2,"309",16.2,"90","0.238","0.345","0.292",34,30,25,"0.198","0.284","0.242",28.1
"Gurriel Jr., Lourdes",666971,"TOR","SL","Slider",2.5,9,"361",17.4,"90","0.329","0.585","0.412",32.4,17.8,13.7,"0.278","0.462","0.349",44.1
"Contreras, Willson",575929,"CHC","SL","Slider",0.7,3,"425",21.6,"90","0.217","0.434","0.312",45.6,38.9,25,"0.216","0.472","0.308",52
"Smith, Dominic",642086,"NYM","SL","Slider",-1.5,-4,"299",16.2,"90","0.163","0.313","0.256",36.7,24.4,22.4,"0.22","0.373","0.302",36.2
"Taylor, Tyrone",621438,"MIL","FF","4-Seam Fastball",2.1,7,"345",32.9,"90","0.284","0.595","0.438",17.2,18.9,17.3,"0.294","0.586","0.429",42.1
"Difo, Wilmer",594694,"PIT","FF","4-Seam Fastball",1.1,4,"333",36.1,"90","0.347","0.453","0.41",25.1,18.9,15.3,"0.26","0.333","0.326",27.1
"Wendle, Joey",621563,"TB","SL","Slider",-2,-6,"282",15.2,"90","0.179","0.333","0.251",30.1,28.9,25.5,"0.187","0.325","0.249",32.2
"Lowe, Brandon",664040,"TB","SI","Sinker",0.9,3,"300",12.8,"90","0.304","0.519","0.406",17.5,15.6,20.6,"0.265","0.416","0.342",36.4
"Mayfield, Jack",608686,"LAA","FF","4-Seam Fastball",-1,-4,"391",35.2,"90","0.198","0.358","0.276",23.5,25.6,19.7,"0.201","0.38","0.28",35
"Crawford, Brandon",543063,"SF","CH","Changeup",-0.3,-1,"376",17.6,"89","0.21","0.272","0.288",34.4,9,8.4,"0.223","0.306","0.273",29.7
"Perez, Salvador",521692,"KC","SI","Sinker",2,6,"310",13,"89","0.346","0.605","0.434",15.6,12.4,18.3,"0.343","0.642","0.434",53.5
"Iglesias, Jose",578428,"BOS","SI","Sinker",-1.8,-6,"319",17.2,"89","0.263","0.3","0.302",11.3,9,15.4,"0.287","0.339","0.32",30.6
"Díaz, Aledmys",649557,"HOU","FF","4-Seam Fastball",-1.3,-5,"362",31.8,"89","0.241","0.373","0.294",17.4,15.7,15.9,"0.272","0.44","0.33",42
"Ahmed, Nick",605113,"AZ","SL","Slider",-0.5,-2,"345",19.4,"89","0.235","0.365","0.303",38.5,28.1,21.9,"0.217","0.33","0.251",27.9
"McGuire, Reese",624512,"TOR","FF","4-Seam Fastball",-1.4,-4,"308",38.6,"89","0.275","0.35","0.31",20.7,22.5,25.6,"0.239","0.326","0.286",41
"Carpenter, Matt",572761,"STL","FF","4-Seam Fastball",-0.7,-3,"395",35.2,"89","0.173","0.32","0.296",26.6,27,19.5,"0.22","0.507","0.363",47.1
"Hernández, Enrique",571771,"BOS","SL","Slider",0.3,1,"384",17,"89","0.202","0.393","0.286",36.4,30.3,22,"0.221","0.398","0.286",35.1
"Robert Jr., Luis",673357,"CWS","SL","Slider",-0.8,-2,"243",25.4,"89","0.25","0.357","0.282",40.7,28.1,27.8,"0.258","0.427","0.316",39.3
"Carlson, Dylan",666185,"STL","SI","Sinker",2.5,8,"335",13.2,"88","0.39","0.623","0.456",19.5,20.5,20.5,"0.297","0.547","0.397",45
"Goodwin, Brian",571718,"CWS","FF","4-Seam Fastball",0.2,1,"447",37.9,"88","0.219","0.411","0.34",23.8,19.3,13.2,"0.267","0.475","0.38",37.5
"Casali, Curt",592200,"SF","FF","4-Seam Fastball",-1.6,-5,"287",31.7,"88","0.19","0.392","0.291",24,28.4,27.2,"0.211","0.376","0.294",35.2
"Dozier, Hunter",641531,"KC","SI","Sinker",-1.6,-5,"291",14,"88","0.247","0.358","0.306",18,12.5,17.5,"0.272","0.417","0.326",57.1
"Santana, Carlos",467793,"KC","SI","Sinker",-1.5,-5,"318",11.8,"88","0.218","0.385","0.299",13.5,12.5,15.9,"0.263","0.473","0.354",52.9
"Báez, Javier",595879,"NYM","SI","Sinker",0.9,3,"325",15.7,"88","0.293","0.427","0.38",26.8,19.3,30.9,"0.26","0.435","0.359",43.1
"Rodgers, Brendan",663898,"COL","SL","Slider",0.8,2,"284",18.8,"88","0.289","0.494","0.347",35,22.7,21.5,"0.231","0.358","0.276",34.4
"Tapia, Raimel",606132,"COL","SL","Slider",-1.7,-4,"259",13.1,"88","0.224","0.294","0.235",27.2,21.6,18.4,"0.189","0.236","0.211",24.2
"Freeman, Freddie",518692,"ATL","SL","Slider",2.8,11,"383",14.2,"88","0.325","0.55","0.414",31.3,25,18.2,"0.29","0.538","0.379",53.4
"Hernández, Enrique",571771,"BOS","SI","Sinker",1.4,5,"325",14.3,"88","0.338","0.581","0.443",13.5,9.1,13.8,"0.296","0.478","0.386",46.3
"Vázquez, Christian",543877,"BOS","SL","Slider",-2.5,-8,"334",17.2,"88","0.174","0.209","0.188",31,28.4,21.9,"0.196","0.222","0.184",11.1
"Adrianza, Ehire",501303,"ATL","FF","4-Seam Fastball",-0.8,-3,"343",41.1,"88","0.24","0.347","0.334",17,20.5,18.4,"0.274","0.411","0.353",38.6
"Hernandez, Yadiel",628450,"WSH","FF","4-Seam Fastball",0.5,2,"420",36.4,"88","0.256","0.462","0.37",31.7,19.3,14,"0.224","0.436","0.326",44.3
"Arraez, Luis",650333,"MIN","SI","Sinker",-0.8,-3,"368",18.6,"87","0.26","0.342","0.356",10.5,8,7.5,"0.268","0.412","0.35",31.3
"Brantley, Michael",488726,"HOU","SI","Sinker",2.6,7,"282",15.1,"87","0.421","0.592","0.472",7.1,8,12.1,"0.327","0.491","0.396",50.7
"Marte, Starling",516782,"ATH","SI","Sinker",1.1,4,"323",16.4,"87","0.369","0.44","0.41",10.9,10.3,14.5,"0.3","0.373","0.313",44
"Stallings, Jacob",607732,"PIT","SL","Slider",0.8,3,"355",20.9,"87","0.205","0.397","0.313",37.7,28.7,20.2,"0.232","0.43","0.316",33.3
"Hosmer, Eric",543333,"SD","SI","Sinker",-1.2,-4,"314",14.3,"87","0.276","0.329","0.317",14.6,10.3,14.1,"0.288","0.437","0.356",48.5
"Ibáñez, Andy",628451,"TEX","FF","4-Seam Fastball",-0.5,-2,"338",36.4,"87","0.256","0.476","0.33",10.4,8,9,"0.253","0.473","0.33",41.6
"Arozarena, Randy",668227,"TB","CH","Changeup",-0.3,-1,"331",13.4,"87","0.247","0.37","0.298",35.4,34.5,27.3,"0.225","0.303","0.262",50
"Aguilar, Jesús",542583,"MIA","SI","Sinker",-0.6,-2,"375",18.2,"87","0.284","0.392","0.339",14.8,10.3,12.2,"0.256","0.415","0.336",47.8
"McCann, James",543510,"NYM","SI","Sinker",-1.5,-5,"324",20,"87","0.232","0.28","0.294",12.1,17.2,22.1,"0.203","0.249","0.23",28.4
"García, Avisaíl",541645,"MIL","SI","Sinker",0.6,2,"294",16.7,"86","0.312","0.506","0.401",21.6,10.5,15,"0.32","0.532","0.397",44.9
"Polanco, Jorge",593871,"MIN","SL","Slider",1.6,5,"333",13.4,"86","0.263","0.5","0.359",34.4,30.2,21.8,"0.247","0.53","0.366",39.2
"Solak, Nick",669256,"TEX","SI","Sinker",0.2,1,"330",16.1,"86","0.289","0.382","0.362",16.8,19.8,23,"0.246","0.331","0.3",26.7
"Devers, Rafael",646240,"BOS","SI","Sinker",1.2,4,"314",12.5,"86","0.299","0.468","0.383",15.7,16.3,17.9,"0.272","0.422","0.341",47.6
"Rizzo, Anthony",519203,"NYY","SI","Sinker",0.7,2,"324",14.5,"86","0.306","0.431","0.392",15.5,4.7,6.5,"0.281","0.43","0.371",42.6
"Grisham, Trent",663757,"SD","SI","Sinker",-0.1,0,"327",15.1,"86","0.269","0.343","0.355",13.4,16.3,15.9,"0.277","0.353","0.369",37
"Margot, Manuel",622534,"TB","SI","Sinker",-2,-6,"313",18.4,"86","0.192","0.333","0.27",13.5,10.5,15.8,"0.292","0.42","0.337",50
"García Jr., Luis",671277,"WSH","FF","4-Seam Fastball",2.2,6,"260",30.7,"86","0.358","0.605","0.428",10.2,9.3,13.8,"0.302","0.54","0.378",35.6
"Schwindel, Frank",643524,"CHC","FF","4-Seam Fastball",3.2,9,"277",30.2,"86","0.354","0.759","0.501",16.3,12.8,15.3,"0.269","0.576","0.381",36.8
"Peralta, David",444482,"AZ","CH","Changeup",0.1,0,"288",14,"86","0.247","0.37","0.312",27.7,14,14.3,"0.184","0.242","0.221",33.3
"Smith, Pavin",656976,"AZ","SI","Sinker",-0.4,-1,"294",14.2,"86","0.338","0.442","0.379",9.4,15.1,22,"0.244","0.378","0.314",45.3
"Reyes, Franmil",614177,"CLE","SI","Sinker",-1,-3,"333",16.8,"85","0.26","0.364","0.314",14.9,16.5,19.7,"0.231","0.388","0.314",43.8
"Escobar, Eduardo",500871,"MIL","SL","Slider",-2.4,-8,"318",13.2,"85","0.154","0.282","0.227",32.8,31.8,22.9,"0.192","0.362","0.273",41.2
"Seager, Kyle",572122,"SEA","CH","Changeup",0,0,"369",14.4,"85","0.165","0.329","0.262",40.9,31.8,26.2,"0.183","0.367","0.273",26.9
"Bichette, Bo",666182,"TOR","CH","Changeup",2.8,8,"266",10.2,"85","0.313","0.53","0.369",20.8,15.3,14.6,"0.296","0.543","0.364",37.1
"Suzuki, Kurt",435559,"LAA","FF","4-Seam Fastball",2.2,7,"306",33.6,"85","0.306","0.542","0.412",13.6,5.9,5.5,"0.233","0.42","0.329",30.4
"Walsh, Jared",665120,"LAA","SL","Slider",2.8,9,"318",14.1,"85","0.26","0.61","0.414",23.8,27.1,18.9,"0.265","0.506","0.362",50
"Olson, Matt",621566,"ATH","CU","Curveball",2,7,"379",13.7,"85","0.243","0.457","0.359",27.3,20,14.4,"0.242","0.421","0.355",50
"Gutiérrez, Kelvin",642721,"BAL","FF","4-Seam Fastball",-1.1,-4,"360",31,"85","0.291","0.418","0.335",22.2,21.2,18.2,"0.267","0.406","0.319",67.2
"Guerrero Jr., Vladimir",665489,"TOR","CH","Changeup",0.3,1,"352",14,"84","0.2","0.453","0.318",45.5,25,20.8,"0.238","0.472","0.345",42.6
"Mancini, Trey",641820,"BAL","CH","Changeup",0.4,1,"289",11.7,"84","0.263","0.395","0.339",33.8,21.4,19.8,"0.251","0.375","0.311",32.8
"Sosa, Edmundo",624641,"STL","FF","4-Seam Fastball",1.6,6,"367",30.8,"84","0.282","0.437","0.396",26.7,21.4,15.3,"0.282","0.413","0.363",32.1
"Bogaerts, Xander",593428,"BOS","CH","Changeup",2.1,6,"297",11.9,"84","0.306","0.417","0.364",33.1,23.8,15.9,"0.245","0.341","0.32",32.7
"Villar, Jonathan",542340,"NYM","CH","Changeup",0.6,2,"306",15.6,"84","0.259","0.432","0.336",29.9,20.2,21.5,"0.239","0.37","0.281",31.3
"Stanton, Giancarlo",519317,"NYY","SI","Sinker",2.3,8,"370",15.4,"84","0.368","0.706","0.504",18,11.9,15.2,"0.349","0.699","0.487",50.8
"Seager, Corey",608369,"LAD","SL","Slider",2.4,7,"280",20.1,"84","0.284","0.581","0.395",36.4,19,21.9,"0.285","0.645","0.424",55.9
"Chisholm Jr., Jazz",665862,"MIA","SI","Sinker",-0.3,-1,"312",15.3,"84","0.243","0.459","0.367",20.9,20.2,23.9,"0.267","0.47","0.362",33.3
"León, Sandy",506702,"MIA","FF","4-Seam Fastball",-3.4,-12,"346",37.6,"84","0.128","0.154","0.176",21.2,29.8,24.3,"0.173","0.241","0.215",26.4
"Short, Zack",670097,"DET","FF","4-Seam Fastball",-2.2,-7,"320",40,"84","0.101","0.246","0.218",29.3,34.5,25.7,"0.149","0.327","0.274",44.2
"Tucker, Kyle",663656,"HOU","SL","Slider",-0.5,-2,"315",14.4,"84","0.187","0.453","0.314",29.1,21.4,18.2,"0.229","0.515","0.345",44.8
"Frazier, Clint",640449,"NYY","FF","4-Seam Fastball",0.8,3,"318",33.5,"84","0.222","0.444","0.34",20,21.4,19.8,"0.251","0.525","0.38",51.9
"Bradley, Bobby",656252,"CLE","FF","4-Seam Fastball",1.4,5,"342",31.4,"84","0.247","0.603","0.389",29.9,29.8,26.6,"0.302","0.755","0.462",51
"Story, Trevor",596115,"COL","SI","Sinker",3,10,"336",14,"83","0.378","0.716","0.51",10.6,4.8,7.5,"0.297","0.545","0.395",50
"Blackmon, Charlie",453568,"COL","SI","Sinker",0.1,0,"310",14.5,"83","0.294","0.382","0.361",15.3,14.5,18.2,"0.294","0.391","0.367",42.1
"Escobar, Eduardo",500871,"MIL","SI","Sinker",0.3,1,"337",14,"83","0.253","0.493","0.374",17.8,19.3,16.2,"0.248","0.478","0.343",40.7
"Hampson, Garrett",641658,"COL","SI","Sinker",-0.8,-3,"320",16.8,"83","0.247","0.37","0.32",14.7,12,18.9,"0.309","0.468","0.37",32.3
"Ramírez, Harold",623912,"CLE","SL","Slider",0.3,1,"300",22.5,"83","0.228","0.354","0.292",32.5,24.1,18.3,"0.229","0.371","0.285",57.6
"Hernández, Yonny",660634,"TEX","FF","4-Seam Fastball",-1,-3,"312",45.8,"83","0.229","0.243","0.285",12.3,13.3,12.1,"0.282","0.338","0.327",19.7
"Renfroe, Hunter",592669,"BOS","SI","Sinker",0,0,"299",13.6,"83","0.303","0.421","0.356",16.4,12,18.5,"0.273","0.382","0.314",47.1
"Sánchez, Gary",596142,"NYY","SL","Slider",0.4,1,"355",19.2,"83","0.181","0.403","0.304",39.3,30.1,21,"0.223","0.421","0.329",36.2
"Trevino, Jose",624431,"TEX","FF","4-Seam Fastball",0.4,1,"328",31.1,"83","0.338","0.532","0.408",14.3,13.3,17.7,"0.288","0.49","0.357",47
"García, Adolis",666969,"TEX","SI","Sinker",0.3,1,"355",14.2,"83","0.303","0.513","0.381",23.4,26.5,26.8,"0.224","0.401","0.307",47.3
"Olson, Matt",621566,"ATH","SI","Sinker",0,0,"310",11.2,"83","0.286","0.514","0.37",17.4,15.7,15.3,"0.21","0.4","0.345",45
"Alvarez, Yordan",670541,"HOU","SL","Slider",2.9,10,"331",13.8,"83","0.276","0.592","0.392",24.5,24.1,18,"0.243","0.565","0.367",48.2
"Bader, Harrison",664056,"STL","SI","Sinker",2.4,7,"297",18.7,"83","0.395","0.658","0.481",10,7.2,9.5,"0.324","0.5","0.385",38.6
"Villar, Jonathan",542340,"NYM","SI","Sinker",-2,-6,"287",14.6,"83","0.243","0.27","0.269",24.3,27.7,29.5,"0.228","0.315","0.277",41.5
"Flores, Wilmer",527038,"SF","SL","Slider",-0.9,-3,"336",19.5,"82","0.181","0.264","0.266",29.8,22,14,"0.232","0.355","0.306",29.6
"Riley, Austin",663586,"ATL","CH","Changeup",3.7,9,"250",9.6,"82","0.333","0.603","0.424",33.6,28,25.8,"0.26","0.507","0.341",40
"Gurriel Jr., Lourdes",666971,"TOR","SI","Sinker",2.4,7,"307",14.8,"82","0.355","0.618","0.444",12.2,8.5,10.1,"0.307","0.521","0.387",44.3
"Perez, Salvador",521692,"KC","CH","Changeup",0.5,1,"279",11.7,"82","0.25","0.434","0.333",39.1,24.4,21.1,"0.251","0.436","0.322",53.6
"Kepler, Max",596146,"MIN","CH","Changeup",-0.9,-3,"269",14.3,"82","0.195","0.338","0.249",18.2,7.3,9.1,"0.252","0.407","0.293",26
"Alvarez, Yordan",670541,"HOU","CH","Changeup",-0.7,-2,"320",13.4,"82","0.197","0.434","0.296",26,24.4,20.4,"0.238","0.493","0.335",46.4
"McCann, James",543510,"NYM","SL","Slider",-1.9,-6,"296",18.2,"82","0.197","0.289","0.261",35.9,28,23.7,"0.18","0.293","0.24",28.3
"Gallo, Joey",608336,"NYY","SI","Sinker",1.9,6,"327",12.6,"82","0.234","0.594","0.421",30.5,25.6,29.6,"0.252","0.648","0.445",41.9
"Maldonado, Martín",455117,"HOU","SI","Sinker",-3,-10,"350",19.6,"82","0.113","0.155","0.205",23.4,24.4,23.3,"0.174","0.275","0.26",35.3
"García, Adolis",666969,"TEX","CH","Changeup",-1.1,-4,"318",12.7,"82","0.215","0.329","0.273",35.2,26.8,22.9,"0.221","0.35","0.263",26.3
"Walsh, Jared",665120,"LAA","SI","Sinker",1.2,4,"306",13.6,"81","0.3","0.414","0.386",15.3,16,17.1,"0.27","0.397","0.349",40.4
"Culberson, Charlie",518586,"TEX","FF","4-Seam Fastball",-1.2,-3,"283",28.4,"81","0.24","0.4","0.304",17.7,23.5,26.8,"0.246","0.348","0.288",35.7
"Chang, Yu",644374,"CLE","FF","4-Seam Fastball",0,0,"319",33.1,"81","0.253","0.493","0.345",20.3,16,14.3,"0.274","0.471","0.336",31.7
"Larnach, Trevor",663616,"MIN","FF","4-Seam Fastball",2.1,7,"340",28.1,"81","0.366","0.676","0.465",21.1,19.8,16.3,"0.311","0.692","0.445",48.2
"Alonso, Pete",624413,"NYM","CH","Changeup",-0.3,-1,"257",11.2,"81","0.2","0.343","0.317",22.5,13.6,15.3,"0.218","0.393","0.32",44.1
"Kieboom, Carter",666198,"WSH","FF","4-Seam Fastball",-1.1,-3,"280",31.7,"81","0.188","0.391","0.302",19.9,23.5,27.5,"0.275","0.48","0.369",41.2
"Robert Jr., Luis",673357,"CWS","FF","4-Seam Fastball",0.8,3,"307",32.1,"81","0.329","0.526","0.399",24,21,21.3,"0.332","0.648","0.43",61
"Gomes, Yan",543228,"ATH","SI","Sinker",-2.3,-6,"243",18,"81","0.24","0.32","0.29",12,13.6,22.9,"0.279","0.394","0.321",40.6
"Winker, Jesse",608385,"CIN","SI","Sinker",3.6,11,"299",15.8,"81","0.343","0.746","0.509",11.7,6.2,6.7,"0.333","0.641","0.461",46.8
"Ohtani, Shohei",660271,"LAA","CU","Curveball",1.1,4,"318",12.3,"81","0.236","0.458","0.337",34.3,33.3,27.8,"0.236","0.519","0.357",57.8
"Hernández, César",514917,"CWS","SL","Slider",2,6,"288",11.8,"80","0.31","0.465","0.388",28.7,23.8,16.1,"0.26","0.414","0.335",34.6
"Yastrzemski, Mike",573262,"SF","SL","Slider",-2.3,-8,"330",15.7,"80","0.099","0.211","0.196",35.2,35,26.2,"0.153","0.248","0.231",27.9
"Gordon, Nick",624503,"MIN","FF","4-Seam Fastball",-1.9,-6,"296",37.9,"80","0.186","0.271","0.252",25.3,23.8,24.4,"0.281","0.485","0.362",50
"Moncada, Yoán",660162,"CWS","SI","Sinker",0.6,2,"351",13.6,"80","0.31","0.549","0.403",20.1,17.5,15.9,"0.293","0.527","0.389",50.9
"Zimmerman, Ryan",475582,"WSH","FF","4-Seam Fastball",1,3,"334",29.9,"80","0.232","0.565","0.392",29.8,31.3,24.5,"0.228","0.534","0.368",50
"Candelario, Jeimer",600869,"DET","SL","Slider",0.4,1,"330",13,"80","0.171","0.368","0.267",35,36.3,21.6,"0.182","0.337","0.264",27.7
"Heredia, Guillermo",628338,"ATL","SL","Slider",-2.7,-8,"308",22.9,"80","0.135","0.23","0.199",43.3,31.3,22.3,"0.179","0.27","0.225",22
"Simmons, Andrelton",592743,"MIN","SI","Sinker",-2.4,-7,"310",18.9,"80","0.224","0.224","0.277",6.8,3.8,4.8,"0.233","0.268","0.295",18.5
"Alvarez, Yordan",670541,"HOU","CU","Curveball",0.5,2,"299",12.5,"80","0.267","0.467","0.328",27.8,33.8,30,"0.264","0.512","0.347",61.2
"Blackmon, Charlie",453568,"COL","SL","Slider",1.6,5,"291",13.6,"80","0.257","0.457","0.367",23.2,22.5,18.8,"0.247","0.422","0.329",28.3
"Murphy, Sean",669221,"ATH","SL","Slider",-0.1,0,"331",19.5,"80","0.233","0.411","0.311",33.3,30,22.9,"0.247","0.483","0.342",51
"Cron, C.J.",543068,"COL","SI","Sinker",2,7,"318",14.5,"80","0.403","0.582","0.471",17.1,11.3,12.5,"0.349","0.511","0.425",43.1
"Crawford, Brandon",543063,"SF","SL","Slider",1.4,4,"298",14,"80","0.221","0.441","0.342",37.6,37.5,27.8,"0.169","0.339","0.287",50
"Devers, Rafael",646240,"BOS","SL","Slider",3.4,9,"270",10.8,"80","0.342","0.632","0.427",23.7,18.8,15.5,"0.342","0.654","0.435",50.8
"Cooper, Garrett",643265,"MIA","FF","4-Seam Fastball",0.9,3,"359",35.9,"80","0.354","0.492","0.431",25.6,31.3,25,"0.267","0.457","0.383",52.5
"Mercado, Óscar",640458,"CLE","FF","4-Seam Fastball",0.7,2,"288",31.9,"80","0.239","0.521","0.381",17.2,10,11.9,"0.226","0.446","0.329",28.6
"Olson, Matt",621566,"ATH","CH","Changeup",1,3,"286",10.3,"80","0.26","0.507","0.331",20.4,12.5,11.1,"0.296","0.572","0.389",42.4
"Moreland, Mitch",519048,"ATH","FF","4-Seam Fastball",-1.5,-5,"339",34.4,"80","0.225","0.38","0.302",18.1,16.3,17.6,"0.213","0.404","0.3",58.3
"Happ, Ian",664023,"CHC","CH","Changeup",0.5,1,"322",14.3,"79","0.243","0.378","0.302",37.2,19,17.6,"0.208","0.305","0.251",23.3
"Pederson, Joc",592626,"ATL","SL","Slider",-1.3,-4,"297",15.5,"79","0.189","0.324","0.252",37.6,43,33.3,"0.191","0.298","0.241",36.6
"Reyes, Victor",622682,"DET","FF","4-Seam Fastball",-0.8,-3,"372",42.8,"79","0.274","0.37","0.322",23.7,22.8,16.7,"0.242","0.345","0.276",22.8
"Grossman, Robbie",543257,"DET","SL","Slider",-1.1,-4,"323",11.5,"79","0.164","0.299","0.265",36.4,41.8,25.8,"0.145","0.28","0.252",40
"Schoop, Jonathan",570731,"DET","CH","Changeup",0,0,"256",9.9,"79","0.229","0.371","0.302",32.2,21.5,17.3,"0.253","0.41","0.33",40
"Dahl, David",621311,"TEX","FF","4-Seam Fastball",-2.6,-8,"295",36.2,"79","0.2","0.314","0.258",26.3,27.8,27.2,"0.224","0.436","0.313",52
"Cronenworth, Jake",630105,"SD","CH","Changeup",-0.1,0,"307",12.6,"79","0.211","0.394","0.306",19.1,10.1,9.1,"0.258","0.424","0.324",27.7
"DeJong, Paul",657557,"STL","SI","Sinker",1,3,"263",16.7,"79","0.31","0.549","0.399",17.7,21.5,27,"0.282","0.561","0.391",33.3
"Mejía, Francisco",642336,"TB","FF","4-Seam Fastball",0.2,1,"279",27.5,"79","0.239","0.479","0.349",20.8,13.9,12.1,"0.2","0.359","0.277",32.8
"Moncada, Yoán",660162,"CWS","SL","Slider",0.7,2,"276",10.7,"79","0.221","0.382","0.318",43.8,35.4,25,"0.19","0.377","0.302",37.5
"Brinson, Lewis",621446,"MIA","FF","4-Seam Fastball",1.6,4,"279",25.4,"79","0.274","0.562","0.389",32.3,27.8,24.7,"0.232","0.456","0.319",45.1
"Seager, Kyle",572122,"SEA","CU","Curveball",-1.4,-5,"363",14.2,"79","0.16","0.307","0.223",41.4,43,32.1,"0.139","0.265","0.197",31.7
"Rosario, Amed",642708,"CLE","SI","Sinker",-0.6,-2,"337",15.7,"79","0.319","0.375","0.353",13.3,8.9,11.7,"0.294","0.381","0.333",52.3
"Herrera, Odúbel",546318,"PHI","SL","Slider",-2.3,-7,"286",14.7,"79","0.182","0.286","0.216",30.7,27.8,22,"0.194","0.291","0.22",37.5
"Davis, J.D.",605204,"NYM","FF","4-Seam Fastball",0.7,2,"349",39.2,"79","0.3","0.443","0.347",40.9,35.4,23.9,"0.265","0.437","0.34",47.7
"Meadows, Austin",640457,"TB","SL","Slider",0.8,2,"311",13.2,"79","0.217","0.406","0.33",27.5,21.5,13.6,"0.257","0.418","0.341",36.5
"Lamb, Jake",571875,"TOR","FF","4-Seam Fastball",0.4,1,"306",44.8,"79","0.215","0.385","0.337",24.1,26.6,21.6,"0.219","0.472","0.352",51.1
"Semien, Marcus",543760,"TOR","CH","Changeup",0.3,1,"327",11.2,"79","0.263","0.421","0.324",25.8,25.3,18.7,"0.225","0.357","0.269",37.5
"Tauchman, Mike",643565,"SF","FF","4-Seam Fastball",-1.4,-6,"418",48,"79","0.123","0.215","0.243",35.4,34.2,22.7,"0.156","0.28","0.277",39.5
"Herrera, Odúbel",546318,"PHI","SI","Sinker",-2.4,-7,"284",14.6,"79","0.167","0.288","0.277",14.1,15.2,18.8,"0.223","0.376","0.316",54.4
"Posey, Buster",457763,"SF","SI","Sinker",1.8,5,"293",16.7,"78","0.342","0.616","0.438",14.7,14.1,15.7,"0.286","0.476","0.349",46.8
"Hoskins, Rhys",656555,"PHI","SL","Slider",-0.4,-1,"346",18.3,"78","0.176","0.368","0.27",45.5,42.3,29.2,"0.163","0.428","0.285",43.2
"Beaty, Matt",607461,"LAD","FF","4-Seam Fastball",0.3,1,"312",35.3,"78","0.271","0.4","0.333",15.1,20.5,16.8,"0.216","0.313","0.276",24.1
"Peralta, David",444482,"AZ","SL","Slider",0.2,1,"291",14.1,"78","0.179","0.313","0.298",28.3,20.5,15.1,"0.176","0.243","0.275",34.6
"Pollock, AJ",572041,"LAD","SI","Sinker",1.9,5,"249",17,"78","0.361","0.583","0.445",19.4,12.8,21.3,"0.312","0.467","0.364",50
"Frazier, Adam",624428,"SD","CH","Changeup",1.8,5,"258",11,"78","0.338","0.419","0.359",11.6,6.4,7.6,"0.277","0.362","0.296",21.4
"Anderson, Brian",605119,"MIA","FF","4-Seam Fastball",-0.4,-1,"313",30.4,"78","0.273","0.394","0.364",22.8,17.9,15.4,"0.245","0.417","0.346",46.2
"Garver, Mitch",641598,"MIN","FF","4-Seam Fastball",2.8,10,"343",33.2,"78","0.371","0.855","0.549",25.5,24.4,21.6,"0.34","0.882","0.543",58.1
"Sanó, Miguel",593934,"MIN","SI","Sinker",0.4,1,"314",14.3,"78","0.324","0.559","0.423",16.7,17.9,23.3,"0.266","0.465","0.363",53.7
"Peralta, David",444482,"AZ","SI","Sinker",-1.4,-4,"259",12.6,"78","0.275","0.348","0.318",6.5,9,17.1,"0.26","0.368","0.322",39.7
"Muncy, Max",571970,"LAD","SI","Sinker",3.2,10,"303",12.4,"78","0.288","0.695","0.485",13.4,14.1,17.5,"0.277","0.623","0.453",47.9
"Smith, Will",669257,"LAD","SI","Sinker",3.8,11,"290",13.9,"78","0.381","0.778","0.519",8.5,10.3,12.5,"0.332","0.718","0.482",46.4
"Meadows, Austin",640457,"TB","CH","Changeup",-0.3,-1,"308",13,"78","0.179","0.388","0.294",42.6,26.9,20,"0.189","0.341","0.295",23.4
"Hedges, Austin",595978,"CLE","SL","Slider",-1.6,-4,"271",22.9,"78","0.171","0.263","0.212",42.2,41,32,"0.168","0.235","0.189",27.3
"Vázquez, Christian",543877,"BOS","SI","Sinker",-1.1,-4,"321",16.5,"78","0.279","0.309","0.318",4.2,6.4,6.5,"0.258","0.315","0.308",34.9
"Zunino, Mike",572287,"TB","SL","Slider",2.6,7,"263",17.5,"77","0.197","0.549","0.36",47,40.3,32.6,"0.193","0.496","0.325",43.9
"White, Eli",642201,"TEX","FF","4-Seam Fastball",-1,-3,"318",35.7,"77","0.203","0.449","0.317",33.8,37.7,26.4,"0.173","0.381","0.28",37.5
"Walker, Christian",572233,"AZ","SI","Sinker",2.4,6,"249",14,"77","0.423","0.62","0.482",8.9,6.5,8.5,"0.371","0.549","0.418",45.5
"Upton, Justin",457708,"LAA","SI","Sinker",0.8,2,"283",18.7,"77","0.258","0.485","0.386",20,20.8,21.3,"0.302","0.557","0.413",46
"Verdugo, Alex",657077,"BOS","SL","Slider",-1,-3,"270",11.5,"77","0.254","0.282","0.274",23.1,18.2,14.4,"0.27","0.388","0.318",36.8
"Hoskins, Rhys",656555,"PHI","SI","Sinker",1.3,5,"358",19,"77","0.25","0.45","0.421",18.2,14.3,12.2,"0.275","0.5","0.409",34.7
"Torrens, Luis",620443,"SEA","SL","Slider",-0.6,-2,"289",18.6,"77","0.26","0.342","0.277",37,29.9,23.2,"0.238","0.354","0.275",41.2
"Yelich, Christian",592885,"MIL","SI","Sinker",-0.2,-1,"266",13.2,"77","0.279","0.377","0.371",10.9,20.8,22.2,"0.261","0.366","0.361",64.4
"Mountcastle, Ryan",663624,"BAL","CH","Changeup",-2.7,-7,"247",10.8,"77","0.171","0.257","0.226",40.8,32.5,29.1,"0.204","0.298","0.248",19.1
"Edman, Tommy",669242,"STL","SL","Slider",1.3,3,"270",10.3,"77","0.324","0.514","0.373",20.4,19.5,14.6,"0.288","0.424","0.322",27.1
"Benintendi, Andrew",643217,"KC","SI","Sinker",0.1,0,"303",14.8,"77","0.29","0.435","0.356",20.3,18.2,20.9,"0.258","0.431","0.339",44.6
"Happ, Ian",664023,"CHC","SL","Slider",-1,-3,"308",13.7,"77","0.125","0.25","0.243",42.8,44.2,28.1,"0.149","0.305","0.271",32.3
"Nola, Austin",543592,"SD","FF","4-Seam Fastball",-1.5,-4,"261",37.6,"77","0.224","0.269","0.271",12.8,10.4,11.3,"0.242","0.385","0.313",48.3
"Bader, Harrison",664056,"STL","SL","Slider",0.7,2,"324",20.4,"76","0.27","0.419","0.311",41.3,31.6,24.5,"0.192","0.349","0.237",19.6
"Rosario, Eddie",592696,"ATL","SL","Slider",1.6,4,"272",18,"76","0.306","0.486","0.371",20,18.4,14.7,"0.267","0.433","0.339",32.2
"Verdugo, Alex",657077,"BOS","SI","Sinker",-1.5,-5,"319",13.6,"76","0.268","0.352","0.299",14.4,19.7,19.7,"0.227","0.322","0.27",39.3
"Taylor, Michael A.",572191,"KC","SI","Sinker",0.2,1,"310",14.7,"76","0.288","0.379","0.357",18.6,15.8,20.7,"0.27","0.391","0.342",44.4
"McMahon, Ryan",641857,"COL","SI","Sinker",0.1,0,"271",11.3,"76","0.309","0.456","0.372",22.4,15.8,18.8,"0.271","0.464","0.346",57.9
"Vogt, Stephen",519390,"ATL","FF","4-Seam Fastball",-0.6,-2,"361",35.6,"76","0.197","0.328","0.313",28,22.4,14.8,"0.207","0.355","0.325",31.1
"Robles, Victor",645302,"WSH","SL","Slider",-1.6,-4,"285",20.3,"76","0.169","0.246","0.243",25.2,27.6,20.8,"0.166","0.217","0.232",15.2
"Conforto, Michael",624424,"NYM","SI","Sinker",-0.7,-2,"303",15.3,"76","0.219","0.297","0.328",20.8,15.8,14.8,"0.255","0.392","0.345",32.7
"Nimmo, Brandon",607043,"NYM","SI","Sinker",1.5,4,"288",18.6,"76","0.295","0.508","0.426",24.3,22.4,23.9,"0.281","0.43","0.38",46.7
"Madrigal, Nick",663611,"CWS","FF","4-Seam Fastball",1,3,"329",40.7,"76","0.375","0.547","0.449",3.3,3.9,3.8,"0.317","0.403","0.373",30.6
"Ohtani, Shohei",660271,"LAA","SI","Sinker",3.4,11,"325",12.6,"76","0.323","0.785","0.555",19.2,17.1,18.3,"0.342","0.808","0.513",51.9
"Voit, Luke",572228,"NYY","FF","4-Seam Fastball",1.5,4,"264",28,"76","0.266","0.547","0.398",31.9,25,21.6,"0.245","0.531","0.383",57.8
"Winker, Jesse",608385,"CIN","SL","Slider",-0.5,-2,"304",16,"76","0.182","0.409","0.307",26.2,21.1,15.7,"0.184","0.355","0.29",44
"Díaz, Elias",553869,"COL","SL","Slider",2.1,5,"253",19.4,"76","0.268","0.648","0.4",37,22.4,20,"0.261","0.5","0.344",42.6
"Cron, C.J.",543068,"COL","CH","Changeup",0.8,2,"261",11.9,"75","0.225","0.451","0.323",30.3,25.3,21.6,"0.23","0.509","0.333",32.7
"Wendle, Joey",621563,"TB","SI","Sinker",-0.1,0,"308",16.6,"75","0.282","0.394","0.355",15,14.7,18.3,"0.244","0.371","0.29",41.7
"Bote, David",623520,"CHC","SL","Slider",-2.4,-7,"306",24.9,"75","0.176","0.243","0.192",36,30.7,26.1,"0.167","0.284","0.204",23.1
"Martinez, J.D.",502110,"BOS","CH","Changeup",2.5,6,"258",10.7,"75","0.314","0.586","0.414",33.6,18.7,16.3,"0.3","0.543","0.381",30.4
"Franco, Maikel",596748,"BAL","SI","Sinker",-1.9,-5,"254",17.3,"75","0.206","0.324","0.295",13.6,10.7,15.7,"0.243","0.351","0.3",38.3
"Brinson, Lewis",621446,"MIA","SL","Slider",-1.8,-5,"283",25.8,"75","0.192","0.329","0.241",34.6,24,18.8,"0.21","0.336","0.241",28.6
"Bregman, Alex",608324,"HOU","SI","Sinker",0.6,2,"268",16.8,"75","0.338","0.515","0.407",7.8,6.7,9.8,"0.292","0.475","0.354",35.9
"Severino, Pedro",600474,"BAL","SI","Sinker",1.8,4,"243",14.4,"75","0.348","0.591","0.437",15,13.3,17.9,"0.327","0.516","0.403",50
"d'Arnaud, Travis",518595,"ATL","FF","4-Seam Fastball",-1,-3,"338",38.8,"75","0.194","0.403","0.298",20.3,24,19.1,"0.25","0.493","0.355",53.1
"Walls, Taylor",670764,"TB","FF","4-Seam Fastball",-1.4,-4,"301",40.4,"75","0.227","0.379","0.306",29.5,32,25.3,"0.174","0.295","0.253",37.2
"Baddoo, Akil",668731,"DET","CH","Changeup",-0.7,-2,"266",14.1,"75","0.232","0.362","0.281",30.9,20,19.7,"0.199","0.271","0.244",14.5
"Benintendi, Andrew",643217,"KC","SL","Slider",-2,-5,"275",13.5,"75","0.197","0.282","0.237",31.6,28,20.6,"0.166","0.279","0.215",33.3
"Lindor, Francisco",596019,"NYM","SL","Slider",-0.4,-1,"274",13.1,"74","0.186","0.414","0.287",34.1,36.5,27.6,"0.216","0.462","0.307",39.5
"Vaughn, Andrew",683734,"CWS","SI","Sinker",0.5,1,"259",14.5,"74","0.333","0.47","0.414",10.2,5.4,10.5,"0.311","0.507","0.386",46
"Harper, Bryce",547180,"PHI","CU","Curveball",-0.7,-2,"278",11.6,"74","0.174","0.362","0.259",44.9,36.5,26,"0.218","0.449","0.31",53.5
"Martin, Jason",641829,"TEX","FF","4-Seam Fastball",-0.9,-3,"291",47.9,"74","0.229","0.371","0.276",27.9,27,22,"0.248","0.418","0.301",35.3
"Gutiérrez, Kelvin",642721,"BAL","SL","Slider",-1.1,-3,"301",25.9,"74","0.203","0.261","0.261",43,32.4,25,"0.192","0.261","0.234",37.8
"Hayes, Ke'Bryan",663647,"PIT","SL","Slider",-0.5,-1,"296",19.3,"74","0.206","0.309","0.264",31.5,27,23.8,"0.23","0.331","0.27",34.7
"Buxton, Byron",621439,"MIN","FF","4-Seam Fastball",2.8,8,"284",30.7,"74","0.318","0.788","0.483",29.4,28.4,24.7,"0.285","0.734","0.45",71.1
"Akiyama, Shogo",673451,"CIN","FF","4-Seam Fastball",-1.6,-5,"303",40,"74","0.231","0.308","0.286",16.8,21.6,18.8,"0.278","0.412","0.339",42
"Kelly, Carson",608348,"AZ","SL","Slider",-0.2,-1,"287",19.5,"74","0.224","0.358","0.286",31.1,21.6,17.8,"0.239","0.368","0.302",34
"Joe, Connor",656582,"COL","FF","4-Seam Fastball",3,8,"279",34.1,"74","0.375","0.661","0.507",13.5,13.5,14.9,"0.339","0.653","0.484",48.9
"Swanson, Dansby",621020,"ATL","CH","Changeup",0.5,1,"261",10.1,"74","0.275","0.391","0.322",31.1,29.7,23.4,"0.264","0.379","0.314",32.7
"Sanó, Miguel",593934,"MIN","CH","Changeup",-1.7,-5,"300",13.7,"74","0.182","0.197","0.239",48.6,43.2,32.7,"0.162","0.215","0.222",38.2
"Santander, Anthony",623993,"BAL","CH","Changeup",-1.1,-3,"291",16.1,"74","0.206","0.294","0.268",26.8,14.9,11,"0.245","0.38","0.305",29.8
"Santander, Anthony",623993,"BAL","SI","Sinker",1.6,4,"243",13.4,"74","0.319","0.58","0.421",12.8,12.2,14.5,"0.327","0.55","0.397",58.3
"Rodgers, Brendan",663898,"COL","SI","Sinker",-2.4,-7,"286",18.9,"73","0.229","0.286","0.249",19.7,20.5,24.6,"0.238","0.32","0.264",36.4
"Sierra, Magneuris",642423,"MIA","FF","4-Seam Fastball",-2.3,-8,"339",39.5,"73","0.234","0.25","0.274",18.8,13.7,11.9,"0.286","0.343","0.324",25.5
"Olson, Matt",621566,"ATH","SL","Slider",1.2,4,"335",12.1,"73","0.203","0.441","0.342",32.6,35.6,21.5,"0.191","0.439","0.352",44.1
"DeJong, Paul",657557,"STL","SL","Slider",-3.1,-9,"292",18.5,"73","0.09","0.194","0.166",31,26,18.6,"0.152","0.292","0.231",35.4
"Piña, Manny",444489,"MIL","FF","4-Seam Fastball",0.1,0,"293",36.6,"73","0.169","0.458","0.333",18.8,15.1,14.7,"0.193","0.533","0.367",38.8
"Sosa, Edmundo",624641,"STL","SL","Slider",0,0,"280",23.5,"73","0.265","0.412","0.327",32,19.2,16.3,"0.253","0.437","0.316",32.7
"Crawford, J.P.",641487,"SEA","CH","Changeup",1.8,5,"266",9.5,"73","0.348","0.493","0.386",20,17.8,13.7,"0.285","0.41","0.312",35.1
"Carlson, Dylan",666185,"STL","CU","Curveball",0.3,1,"333",13.2,"73","0.217","0.362","0.273",26.1,21.9,15.8,"0.248","0.338","0.281",24.5
"Moncada, Yoán",660162,"CWS","CU","Curveball",2.7,7,"248",9.6,"73","0.343","0.567","0.408",35.3,26,21.1,"0.322","0.559","0.4",60.4
"Votto, Joey",458015,"CIN","CH","Changeup",-0.3,-1,"356",15.9,"73","0.18","0.279","0.261",33.8,21.9,15.2,"0.253","0.508","0.367",36.2
"Rojas, Josh",668942,"AZ","CH","Changeup",0.8,2,"294",12.7,"73","0.288","0.364","0.328",29.2,24.7,18.6,"0.212","0.265","0.247",22.4
"Mercedes, Yermín",606213,"CWS","FF","4-Seam Fastball",0.2,1,"372",33.9,"73","0.238","0.397","0.358",24.3,20.5,11.4,"0.193","0.371","0.292",22.4
"Carlson, Dylan",666185,"STL","CH","Changeup",0.7,3,"415",16.4,"73","0.29","0.419","0.357",35.4,19.2,12.6,"0.271","0.436","0.354",20.4
"McKenna, Ryan",663630,"BAL","FF","4-Seam Fastball",-1.2,-4,"346",41.4,"72","0.136","0.203","0.247",42,47.2,30.4,"0.14","0.248","0.259",36
"Conforto, Michael",624424,"NYM","CH","Changeup",0.7,2,"278",14,"72","0.226","0.419","0.333",32.8,19.4,14.6,"0.253","0.455","0.356",29.2
"India, Jonathan",663697,"CIN","CH","Changeup",-0.1,0,"278",10.5,"72","0.231","0.4","0.292",34.6,29.2,23.6,"0.224","0.39","0.291",30.4
"Muncy, Max",571970,"LAD","CU","Curveball",-1.3,-4,"338",13.9,"72","0.131","0.18","0.222",38.8,25,19.1,"0.214","0.362","0.317",32.6
"Castellanos, Nick",592206,"CIN","CH","Changeup",1.1,3,"305",14.2,"72","0.294","0.529","0.381",42.6,23.6,16.8,"0.271","0.5","0.346",37.3
"Santana, Carlos",467793,"KC","SL","Slider",-0.4,-1,"305",11.3,"72","0.226","0.323","0.306",33.3,30.6,18.2,"0.231","0.379","0.32",47.5
"Giménez, Andrés",665926,"CLE","FF","4-Seam Fastball",-1.6,-4,"283",34.6,"72","0.212","0.303","0.254",33.1,33.3,26.7,"0.204","0.31","0.262",40.5
"Kepler, Max",596146,"MIN","SL","Slider",0.3,1,"266",14.2,"72","0.246","0.443","0.354",27.7,18.1,13.8,"0.233","0.367","0.325",29.2
"Happ, Ian",664023,"CHC","SI","Sinker",0.5,1,"268",11.9,"72","0.238","0.397","0.332",23.5,23.6,29.8,"0.273","0.474","0.367",55.3
"McCormick, Chas",676801,"HOU","SL","Slider",-1.5,-4,"265",20.7,"72","0.172","0.328","0.249",38.1,41.7,29.7,"0.181","0.385","0.274",54.1
"Grossman, Robbie",543257,"DET","SI","Sinker",-1.4,-5,"329",11.7,"72","0.159","0.317","0.253",16,19.4,19.7,"0.233","0.401","0.315",24
"Moore, Dylan",664238,"SEA","SL","Slider",-2.2,-6,"280",17.4,"72","0.145","0.304","0.209",31,36.1,25.2,"0.151","0.266","0.202",27.9
"Cave, Jake",595909,"MIN","FF","4-Seam Fastball",-0.3,-1,"275",38.2,"72","0.242","0.394","0.322",26,37.5,30,"0.235","0.419","0.314",41
"Baddoo, Akil",668731,"DET","SI","Sinker",-0.7,-2,"258",13.7,"72","0.23","0.328","0.312",27.3,25,21.4,"0.207","0.383","0.32",34.9
"Lindor, Francisco",596019,"NYM","SI","Sinker",0.4,1,"307",14.7,"72","0.288","0.407","0.389",12.9,11.1,15.4,"0.306","0.485","0.405",50
"Smith, Pavin",656976,"AZ","CH","Changeup",2.7,7,"248",11.9,"71","0.328","0.522","0.396",25.5,14.1,16.1,"0.265","0.389","0.307",31.6
"Trammell, Taylor",666211,"SEA","FF","4-Seam Fastball",-1.3,-4,"278",37,"71","0.183","0.383","0.298",37.4,33.8,31.2,"0.147","0.286","0.251",36.8
"Hernández, Enrique",571771,"BOS","CH","Changeup",0,0,"264",11.7,"71","0.177","0.355","0.287",27.7,18.3,14.3,"0.248","0.44","0.34",32
"Yastrzemski, Mike",573262,"SF","SI","Sinker",0.1,0,"262",12.5,"71","0.29","0.5","0.408",15,11.3,14.5,"0.25","0.447","0.347",40.7
"Severino, Pedro",600474,"BAL","SL","Slider",-0.4,-1,"346",20.4,"71","0.209","0.313","0.246",43,36.6,21.5,"0.2","0.334","0.239",27.9
"Moustakas, Mike",519058,"CIN","FF","4-Seam Fastball",-1,-3,"266",33.6,"71","0.194","0.323","0.282",26.7,18.3,17.1,"0.193","0.382","0.3",32.7
"Mullins, Cedric",656775,"BAL","CU","Curveball",1.1,3,"285",11,"71","0.303","0.439","0.338",31.4,32.4,25.6,"0.273","0.369","0.308",40.9
"Acuña Jr., Ronald",660670,"ATL","SI","Sinker",2,6,"281",19.4,"71","0.316","0.526","0.427",11.1,15.5,16.7,"0.356","0.676","0.488",54.3
"Pérez, Michael",605421,"PIT","FF","4-Seam Fastball",-1.8,-6,"310",32.9,"71","0.169","0.385","0.27",20.3,25.4,18,"0.196","0.427","0.297",48.9
"Votto, Joey",458015,"CIN","SL","Slider",0.4,1,"331",14.8,"71","0.179","0.388","0.276",43.2,49.3,26.3,"0.165","0.344","0.24",43.8
"Rojas, Josh",668942,"AZ","SI","Sinker",0.1,0,"307",13.3,"71","0.333","0.46","0.398",21.6,18.3,22.8,"0.301","0.403","0.351",48
"Bradley Jr., Jackie",598265,"MIL","SL","Slider",-2.9,-7,"251",14.9,"71","0.121","0.212","0.171",46,43.7,36.9,"0.135","0.217","0.195",38.9
"Castellanos, Nick",592206,"CIN","CU","Curveball",1.8,5,"263",12.3,"71","0.242","0.545","0.358",42.2,25.4,21.2,"0.223","0.4","0.293",32.7
"Turner, Trea",607208,"LAD","CH","Changeup",1.4,4,"251",10.1,"71","0.38","0.479","0.377",27.1,15.5,12.6,"0.337","0.462","0.349",40
"Dalbec, Bobby",666915,"BOS","SL","Slider",0.3,1,"286",15.6,"70","0.185","0.492","0.309",47.8,50,36.8,"0.177","0.445","0.289",40
"Robles, Victor",645302,"WSH","SI","Sinker",0.1,0,"245",17.5,"70","0.339","0.468","0.386",13.8,11.4,15.7,"0.303","0.483","0.375",34.5
"Galvis, Freddy",520471,"PHI","CH","Changeup",1.6,4,"248",16.1,"70","0.294","0.426","0.339",19.2,8.6,8.5,"0.283","0.395","0.297",34.9
"Arenado, Nolan",571448,"STL","CU","Curveball",0,0,"268",11,"70","0.215","0.431","0.303",20.5,22.9,18.6,"0.21","0.363","0.276",32.7
"Albies, Ozzie",645277,"ATL","CU","Curveball",0.8,3,"309",11.8,"70","0.261","0.435","0.326",24.8,24.3,19.8,"0.251","0.401","0.301",32.7
"Chisholm Jr., Jazz",665862,"MIA","SL","Slider",0.5,1,"304",14.9,"70","0.222","0.46","0.335",39.9,35.7,24,"0.197","0.406","0.292",33.3
"Smith, Dominic",642086,"NYM","CH","Changeup",-0.8,-2,"248",13.4,"70","0.222","0.397","0.297",29.9,18.6,16.3,"0.237","0.412","0.311",27.5
"Grisham, Trent",663757,"SD","SL","Slider",2.2,6,"275",12.7,"70","0.302","0.603","0.413",27.7,25.7,17.3,"0.245","0.391","0.314",37.8
"Jankowski, Travis",608671,"PHI","FF","4-Seam Fastball",-0.1,0,"265",45.5,"70","0.276","0.379","0.364",10.5,12.9,11.3,"0.242","0.326","0.319",26
"Pederson, Joc",592626,"ATL","CH","Changeup",1.1,3,"272",14.2,"70","0.258","0.5","0.341",29.7,20,19.7,"0.25","0.445","0.318",36.5
"Crawford, Brandon",543063,"SF","SI","Sinker",3.5,10,"277",13,"70","0.383","0.667","0.484",21.4,10,11.3,"0.278","0.503","0.383",43.4
"Bell, Josh",605137,"WSH","SI","Sinker",-0.2,-1,"282",12.9,"70","0.22","0.458","0.371",19.7,18.6,23.6,"0.232","0.473","0.361",59.6
"Schwarber, Kyle",656941,"BOS","SI","Sinker",5.9,15,"258",13,"70","0.436","0.909","0.606",17,21.4,21.1,"0.356","0.745","0.513",62.5
"Yelich, Christian",592885,"MIL","CH","Changeup",2.5,6,"246",12.2,"70","0.279","0.59","0.419",29.9,20,17.1,"0.249","0.514","0.371",44.7
"Stassi, Max",545358,"LAA","SI","Sinker",-1.1,-3,"249",19.6,"69","0.262","0.361","0.321",24.6,21.7,25.4,"0.247","0.36","0.314",34.8
"Aquino, Aristides",606157,"CIN","FF","4-Seam Fastball",2.6,7,"274",32.6,"69","0.309","0.655","0.454",31.9,30.4,27.3,"0.246","0.553","0.4",45.7
"Gardner, Brett",458731,"NYY","SI","Sinker",1.8,6,"314",15.1,"69","0.373","0.51","0.474",9.4,14.5,12.8,"0.282","0.437","0.407",34.9
"Naquin, Tyler",571980,"CIN","SI","Sinker",1.4,3,"250",13.9,"69","0.305","0.475","0.394",13.8,17.4,16.9,"0.285","0.447","0.371",48.9
"Castro, Jason",488771,"HOU","FF","4-Seam Fastball",0.8,2,"298",38.7,"69","0.222","0.537","0.394",31.5,29,23,"0.262","0.653","0.443",57.1
"Margot, Manuel",622534,"TB","SL","Slider",0.1,0,"272",16,"69","0.221","0.368","0.258",27.9,15.9,12.5,"0.232","0.375","0.267",43.9
"Profar, Jurickson",595777,"SD","CH","Changeup",-3.1,-9,"285",16.4,"69","0.095","0.111","0.157",20.7,11.6,10,"0.224","0.291","0.269",30.9
"Altuve, Jose",514888,"HOU","CH","Changeup",0.9,3,"289",11.6,"69","0.277","0.508","0.363",18.6,17.4,14.3,"0.226","0.342","0.268",29.6
"Pinder, Chad",640461,"ATH","FF","4-Seam Fastball",-0.2,-1,"322",35.5,"69","0.25","0.417","0.338",27.1,30.4,21.2,"0.278","0.614","0.416",69.2
"Walsh, Jared",665120,"LAA","CU","Curveball",2.3,7,"291",12.9,"69","0.29","0.581","0.391",26.3,24.6,18.9,"0.276","0.528","0.376",41.3
"Grichuk, Randal",545341,"TOR","SI","Sinker",-1.4,-4,"264",13.2,"69","0.258","0.379","0.294",11.7,11.6,15.7,"0.259","0.385","0.298",41.4
"Barnes, Austin",605131,"LAD","FF","4-Seam Fastball",-0.9,-2,"292",32.8,"69","0.21","0.355","0.301",22.2,21.7,19.7,"0.205","0.311","0.272",36.2
"Kelly, Carson",608348,"AZ","SI","Sinker",2.5,7,"260",17.7,"69","0.283","0.453","0.431",5.9,5.8,6.6,"0.331","0.534","0.445",42.9
"Stevenson, Andrew",664057,"WSH","FF","4-Seam Fastball",-0.4,-1,"290",37.4,"69","0.333","0.517","0.401",18.1,15.9,17.7,"0.311","0.556","0.404",43.1
"Franco, Maikel",596748,"BAL","SL","Slider",-1.2,-4,"301",20.5,"69","0.156","0.297","0.241",35.5,23.2,17.4,"0.146","0.225","0.199",29.2
"Hays, Austin",669720,"BAL","CH","Changeup",2.8,7,"250",12.8,"68","0.266","0.516","0.378",27.7,13.2,9.7,"0.217","0.384","0.282",34.5
"Taveras, Leody",665750,"TEX","FF","4-Seam Fastball",-0.7,-2,"284",40.1,"68","0.234","0.438","0.308",24.7,30.9,26.9,"0.246","0.429","0.31",51.2
"Semien, Marcus",543760,"TOR","FC","Cutter",-0.1,0,"273",9.3,"68","0.215","0.492","0.315",18,23.5,19.3,"0.194","0.393","0.268",42
"Flores, Wilmer",527038,"SF","SI","Sinker",-0.2,-1,"249",14.4,"68","0.323","0.419","0.377",5.4,1.5,2,"0.31","0.423","0.351",31.1
"Walsh, Jared",665120,"LAA","CH","Changeup",3.6,9,"251",11.2,"68","0.343","0.672","0.445",23.5,8.8,9.7,"0.304","0.51","0.353",34.4
"Rizzo, Anthony",519203,"NYY","CH","Changeup",-0.7,-2,"291",13,"68","0.203","0.328","0.268",26.3,16.2,13.1,"0.242","0.337","0.279",28.3
"Lowe, Nathaniel",663993,"TEX","SL","Slider",0.3,1,"248",9.2,"68","0.238","0.444","0.319",26.1,39.7,29.7,"0.209","0.413","0.296",62.2
"Harper, Bryce",547180,"PHI","SI","Sinker",3.4,9,"275",11.5,"68","0.298","0.737","0.485",23.9,17.6,19.7,"0.358","0.774","0.509",62.2
"Cruz, Nelson",443558,"TB","CH","Changeup",-0.3,-1,"263",12,"68","0.25","0.391","0.304",36.4,27.9,19.4,"0.257","0.418","0.306",41.3
"Lowrie, Jed",476704,"ATH","SL","Slider",-0.6,-1,"246",12.1,"67","0.242","0.355","0.281",27.1,26.9,18.6,"0.215","0.445","0.312",57.8
"Miller, Owen",680911,"CLE","FF","4-Seam Fastball",-2,-6,"278",37.1,"67","0.231","0.323","0.271",24.8,31.3,27.6,"0.229","0.379","0.273",29.5
"Torrens, Luis",620443,"SEA","SI","Sinker",-1.2,-3,"274",17.6,"67","0.217","0.367","0.313",20,22.4,20,"0.219","0.369","0.293",32.6
"Edman, Tommy",669242,"STL","CU","Curveball",-0.4,-1,"292",11.2,"67","0.262","0.354","0.274",21.8,23.9,16.8,"0.264","0.343","0.27",32
"Alfaro, Jorge",595751,"MIA","FF","4-Seam Fastball",-1.6,-5,"320",29,"67","0.219","0.328","0.261",31.4,38.8,28.3,"0.243","0.425","0.304",47.4
"Sánchez, Gary",596142,"NYY","SI","Sinker",-1.2,-3,"269",14.6,"67","0.219","0.344","0.263",10.4,14.9,18.2,"0.234","0.385","0.285",33.3
"Lowrie, Jed",476704,"ATH","CH","Changeup",0.4,1,"260",12.8,"67","0.234","0.344","0.284",21.4,13.4,13,"0.249","0.491","0.329",34.5
"Benintendi, Andrew",643217,"KC","CH","Changeup",3.2,8,"265",13,"67","0.391","0.656","0.499",19.4,10.4,9,"0.31","0.544","0.378",42.1
"Turner, Trea",607208,"LAD","CU","Curveball",-0.1,0,"275",11.1,"66","0.262","0.431","0.302",38.6,27.3,18.9,"0.271","0.352","0.277",40.4
"Conforto, Michael",624424,"NYM","SL","Slider",1,3,"293",14.8,"66","0.293","0.466","0.371",26.2,25.8,17.9,"0.254","0.431","0.342",39
"Cronenworth, Jake",630105,"SD","SL","Slider",1.4,4,"277",11.4,"66","0.246","0.557","0.362",25.4,27.3,19.6,"0.24","0.494","0.338",48.8
"Lowe, Brandon",664040,"TB","CU","Curveball",3.5,10,"279",11.9,"66","0.361","0.557","0.419",35.3,25.8,19.1,"0.265","0.424","0.325",43.2
"Gosselin, Phil",594838,"LAA","SI","Sinker",-1.1,-3,"266",18.5,"66","0.293","0.328","0.341",14.3,15.2,17.5,"0.256","0.308","0.304",22.9
"Mendick, Danny",664901,"CWS","FF","4-Seam Fastball",-2.5,-7,"294",38.7,"66","0.13","0.148","0.232",24,21.2,15.9,"0.176","0.241","0.275",22.5
"Kemp, Tony",643393,"ATH","SI","Sinker",-0.8,-2,"243",16.1,"66","0.208","0.302","0.323",19.2,19.7,23.6,"0.199","0.263","0.294",19.5
"Kirk, Alejandro",672386,"TOR","FF","4-Seam Fastball",-1.1,-3,"271",36.2,"66","0.211","0.333","0.324",18,13.6,12.7,"0.225","0.465","0.344",43.8
"Sheets, Gavin",657757,"CWS","FF","4-Seam Fastball",-0.1,0,"261",32.3,"66","0.27","0.556","0.377",15.1,27.3,18.9,"0.226","0.433","0.298",55.6
"Posey, Buster",457763,"SF","SL","Slider",0.1,0,"305",17.4,"65","0.211","0.368","0.292",33.3,27.7,18.9,"0.213","0.375","0.295",22.5
"Wendle, Joey",621563,"TB","CU","Curveball",-1.1,-3,"246",13.3,"65","0.234","0.391","0.274",40.2,36.9,30,"0.169","0.259","0.192",27.5
"Albies, Ozzie",645277,"ATL","SI","Sinker",-0.4,-1,"273",10.5,"65","0.259","0.414","0.322",18.7,12.3,12.7,"0.251","0.478","0.346",45.1
"Carlson, Dylan",666185,"STL","SL","Slider",0.4,1,"300",11.9,"65","0.222","0.278","0.318",35.7,33.8,21,"0.171","0.207","0.247",21.2
"Schwarber, Kyle",656941,"BOS","CH","Changeup",0.8,2,"260",13.1,"65","0.233","0.45","0.337",30.4,23.1,20.5,"0.247","0.529","0.351",45.7
"Dyson, Jarrod",502481,"TOR","FF","4-Seam Fastball",-0.5,-1,"265",47.3,"65","0.259","0.389","0.353",20.2,16.9,16.9,"0.245","0.333","0.316",17.8
"Smith, Dominic",642086,"NYM","SI","Sinker",0.9,2,"250",13.5,"65","0.339","0.407","0.364",22,24.6,26.2,"0.275","0.445","0.344",46.5
"Galvis, Freddy",520471,"PHI","SI","Sinker",0,0,"258",16.7,"65","0.271","0.424","0.337",12.6,7.7,8.6,"0.307","0.474","0.369",50
"Yastrzemski, Mike",573262,"SF","CU","Curveball",0,0,"270",12.8,"65","0.211","0.368","0.273",20.7,24.6,19.3,"0.194","0.363","0.265",34.1
"Jansen, Danny",643376,"TOR","FF","4-Seam Fastball",1,3,"303",37.6,"64","0.268","0.679","0.439",22.8,23.4,18.8,"0.243","0.602","0.387",66.7
"Wade Jr., LaMonte",664774,"SF","CH","Changeup",0.5,1,"246",15.7,"64","0.293","0.534","0.374",23.8,21.9,19.7,"0.191","0.36","0.264",21.7
"Gamel, Ben",592325,"PIT","SL","Slider",-1.9,-5,"274",17.1,"64","0.13","0.185","0.194",41,40.6,25.7,"0.106","0.165","0.181",19.4
"Chisholm Jr., Jazz",665862,"MIA","CU","Curveball",-1.8,-6,"309",15.1,"64","0.127","0.159","0.148",36.8,39.1,24.5,"0.176","0.252","0.191",47.4
"Ward, Taylor",621493,"LAA","FF","4-Seam Fastball",0.4,1,"268",30.7,"64","0.185","0.444","0.319",13.7,20.3,17.3,"0.257","0.547","0.382",45.2
"Arozarena, Randy",668227,"TB","FC","Cutter",0.2,1,"257",10.4,"64","0.298","0.491","0.356",33.3,23.4,23.8,"0.231","0.368","0.29",36.4
"Torres, Gleyber",650402,"NYY","CH","Changeup",1,2,"243",11.7,"64","0.288","0.407","0.341",30.8,21.9,15.7,"0.271","0.418","0.32",34.8
"Adames, Willy",642715,"MIL","CH","Changeup",0.1,0,"258",11.6,"63","0.237","0.356","0.298",38.1,25.4,18.4,"0.248","0.416","0.308",37.2
"Springer, George",543807,"TOR","SL","Slider",0.7,2,"264",19.9,"63","0.279","0.508","0.345",35,33.3,25.9,"0.208","0.401","0.269",27.5
"Grandal, Yasmani",518735,"CWS","SI","Sinker",5.4,14,"255",15.3,"63","0.333","0.867","0.569",12.2,7.9,10,"0.368","0.916","0.566",69
"Calhoun, Kole",594777,"AZ","FF","4-Seam Fastball",-1.2,-3,"270",36.8,"63","0.214","0.304","0.278",21.1,14.3,12.3,"0.22","0.448","0.324",48.9
"Tucker, Kyle",663656,"HOU","CH","Changeup",2.4,7,"292",13.4,"63","0.351","0.667","0.448",22.1,12.7,9.5,"0.315","0.58","0.399",31.4
"Valaika, Pat",642162,"BAL","FF","4-Seam Fastball",-0.5,-2,"367",33.3,"63","0.255","0.309","0.306",28,36.5,18.5,"0.207","0.297","0.277",43.8
"Sogard, Eric",519299,"CHC","FF","4-Seam Fastball",-2.3,-7,"300",44.2,"63","0.207","0.276","0.239",3.4,9.5,7.5,"0.188","0.305","0.238",17
"Kirilloff, Alex",666135,"MIN","FF","4-Seam Fastball",1.4,3,"250",29.9,"62","0.291","0.636","0.425",27.7,21,19.7,"0.29","0.677","0.422",58.1
"Freeman, Freddie",518692,"ATL","FC","Cutter",-1,-3,"283",10.5,"62","0.2","0.236","0.269",26.4,19.4,17.6,"0.249","0.384","0.319",25.6
"Upton, Justin",457708,"LAA","SL","Slider",0.3,1,"270",17.9,"62","0.276","0.466","0.341",43.9,35.5,24.2,"0.218","0.38","0.282",38.9
"Correa, Carlos",621043,"HOU","CH","Changeup",4.3,11,"258",9.9,"62","0.327","0.673","0.452",23.4,16.1,12.5,"0.287","0.487","0.373",42.2
"Jeffers, Ryan",680777,"MIN","SL","Slider",-2,-5,"262",21.9,"62","0.123","0.175","0.205",42.4,35.5,23.7,"0.185","0.355","0.267",31.4
"Lowe, Nathaniel",663993,"TEX","CH","Changeup",3.6,9,"244",9.1,"62","0.305","0.695","0.419",16.8,11.3,11.7,"0.285","0.599","0.378",39.6
"Reynolds, Bryan",668804,"PIT","CU","Curveball",-1,-3,"279",11.2,"61","0.145","0.2","0.211",30,27.9,19.8,"0.196","0.287","0.246",25.6
"Gurriel, Yuli",493329,"HOU","CH","Changeup",2.7,7,"248",10.8,"61","0.385","0.577","0.434",12.8,4.9,4.1,"0.296","0.423","0.354",39.2
"Mazara, Nomar",608577,"DET","FF","4-Seam Fastball",-0.4,-1,"280",36.2,"61","0.241","0.397","0.309",17.7,19.7,14,"0.211","0.332","0.254",21.7
"Santana, Danny",542454,"BOS","FF","4-Seam Fastball",-1.6,-4,"267",51.7,"61","0.167","0.296","0.27",34.8,21.3,16.7,"0.183","0.381","0.293",29.3
"Schwarber, Kyle",656941,"BOS","SL","Slider",-0.3,-1,"295",14.9,"61","0.146","0.208","0.274",37.6,31.1,20,"0.178","0.299","0.314",43.3
"Frazier, Adam",624428,"SD","CU","Curveball",0.2,1,"245",10.4,"61","0.288","0.373","0.302",12.5,11.5,10.3,"0.317","0.404","0.322",18.9
"Bohm, Alec",664761,"PHI","SL","Slider",0.9,3,"325",19.4,"61","0.352","0.407","0.388",34.5,29.5,18.9,"0.231","0.323","0.292",45.9
"Castro, Starlin",516770,"WSH","SL","Slider",-1.2,-3,"255",19.7,"61","0.237","0.271","0.244",31.9,23,16.1,"0.275","0.397","0.305",34.8
"Yelich, Christian",592885,"MIL","SL","Slider",0.5,1,"306",15.2,"61","0.224","0.245","0.294",36.8,31.1,16.5,"0.191","0.306","0.304",58.1
"Evans, Phillip",595943,"PIT","FF","4-Seam Fastball",-0.5,-1,"291",31.4,"61","0.191","0.298","0.323",21.6,29.5,21.4,"0.238","0.403","0.371",55.2
"Wade, Tyler",642180,"NYY","FF","4-Seam Fastball",0.2,1,"273",43.3,"61","0.308","0.365","0.357",23,23,18.2,"0.231","0.308","0.308",18.4
"Goldschmidt, Paul",502671,"STL","CU","Curveball",1.4,4,"303",11,"60","0.291","0.4","0.328",15.6,11.7,8.6,"0.298","0.565","0.381",44.9
"Stassi, Max",545358,"LAA","SL","Slider",0.5,1,"253",20,"60","0.196","0.375","0.292",45.8,51.7,43.1,"0.171","0.328","0.245",32
"Suárez, Eugenio",553993,"CIN","CH","Changeup",1.1,3,"264",11,"60","0.204","0.408","0.354",28.7,30,18.2,"0.156","0.339","0.296",35.5
"Lux, Gavin",666158,"LAD","SL","Slider",-0.7,-2,"250",17.3,"60","0.17","0.321","0.28",38.7,33.3,23.3,"0.188","0.293","0.264",39.4
"Bradley Jr., Jackie",598265,"MIL","CU","Curveball",-1.5,-4,"257",15.3,"60","0.132","0.208","0.21",40.9,41.7,29.8,"0.164","0.218","0.228",31
"De La Cruz, Bryan",650559,"MIA","FF","4-Seam Fastball",2.3,6,"262",30.1,"59","0.385","0.577","0.449",15.9,23.7,18.4,"0.287","0.443","0.358",44.7
"Park, Hoy",660829,"PIT","FF","4-Seam Fastball",-0.7,-2,"276",42.4,"59","0.22","0.42","0.324",18.9,22,16.3,"0.211","0.382","0.308",23.7
"Urshela, Gio",570482,"NYY","SI","Sinker",-0.8,-2,"259",15.3,"59","0.296","0.352","0.352",18,13.6,13.3,"0.286","0.376","0.325",41.3
"Lopez, Nicky",670032,"KC","SL","Slider",0.1,0,"268",12.6,"59","0.273","0.364","0.296",22.8,13.6,9.8,"0.217","0.267","0.233",16
"Semien, Marcus",543760,"TOR","CU","Curveball",0.6,1,"245",8.4,"59","0.212","0.385","0.293",25.5,22,14.3,"0.219","0.431","0.314",32.5
"Rojas, Jose",670351,"LAA","FF","4-Seam Fastball",-1.4,-4,"292",39.9,"58","0.204","0.444","0.299",22.4,25.9,18.1,"0.204","0.466","0.307",48.7
"Mateo, Jorge",622761,"BAL","FF","4-Seam Fastball",-0.8,-2,"254",30.9,"58","0.264","0.415","0.327",24.4,25.9,19,"0.26","0.458","0.338",36.8
"Canha, Mark",592192,"ATH","CU","Curveball",-0.1,0,"282",10.7,"58","0.157","0.157","0.243",23.3,27.6,16.2,"0.196","0.244","0.242",11.1
"Grossman, Robbie",543257,"DET","CU","Curveball",2.2,6,"279",9.9,"58","0.25","0.442","0.353",29.6,31,23.7,"0.231","0.344","0.295",23.5
"Luplow, Jordan",656669,"TB","FF","4-Seam Fastball",0.2,1,"297",34.2,"58","0.204","0.551","0.371",32.6,36.2,21.4,"0.17","0.406","0.311",35.7
"Villar, Jonathan",542340,"NYM","SL","Slider",2.1,6,"263",13.4,"58","0.25","0.577","0.397",31.4,25.9,15,"0.232","0.424","0.323",27
"McKinstry, Zach",656716,"LAD","FF","4-Seam Fastball",0.1,0,"258",36.4,"57","0.224","0.49","0.339",19.8,21.1,15.4,"0.264","0.533","0.36",55
"Candelario, Jeimer",600869,"DET","SI","Sinker",1.3,3,"263",10.3,"57","0.38","0.64","0.468",14.6,15.8,13.8,"0.289","0.541","0.395",58.5
"Guillorme, Luis",641645,"NYM","FF","4-Seam Fastball",-0.9,-2,"258",39,"57","0.267","0.333","0.366",17.9,19.3,14.1,"0.221","0.301","0.32",28.6
"Trout, Mike",545361,"LAA","FF","4-Seam Fastball",4.8,13,"271",44.4,"57","0.419","0.744","0.546",21.7,22.8,16.7,"0.319","0.7","0.492",50
"Arroyo, Christian",624414,"BOS","FF","4-Seam Fastball",-0.8,-2,"255",36.6,"56","0.235","0.412","0.329",31.4,35.7,26.7,"0.185","0.354","0.268",35.5
"India, Jonathan",663697,"CIN","CU","Curveball",0.1,0,"283",10.7,"56","0.22","0.28","0.271",28.6,28.6,18.4,"0.239","0.328","0.294",38.2
"Lindor, Francisco",596019,"NYM","CU","Curveball",-0.6,-2,"279",13.3,"56","0.167","0.313","0.266",42.4,33.9,26.8,"0.199","0.364","0.292",43.3
"Crawford, J.P.",641487,"SEA","CU","Curveball",-0.4,-1,"282",10.1,"55","0.231","0.308","0.26",23.4,25.5,15.7,"0.234","0.327","0.268",28.9
"Brosseau, Mike",670712,"TB","FF","4-Seam Fastball",-1.7,-4,"244",33.3,"55","0.18","0.3","0.267",31,38.2,26.9,"0.19","0.303","0.255",37.9
"Hiura, Keston",669374,"MIL","FF","4-Seam Fastball",-1.8,-5,"286",35.9,"55","0.085","0.234","0.214",51.8,49.1,28.4,"0.153","0.383","0.291",50
"Rengifo, Luis",650859,"LAA","FF","4-Seam Fastball",-0.2,0,"251",33.9,"55","0.2","0.44","0.317",24.2,14.5,11.8,"0.231","0.463","0.323",32.6
"Meadows, Austin",640457,"TB","CU","Curveball",-0.3,-1,"253",10.7,"55","0.196","0.314","0.257",30.3,30.9,21.5,"0.223","0.343","0.276",42.9
"Bell, Josh",605137,"WSH","SL","Slider",3.5,9,"266",12.2,"55","0.289","0.644","0.462",38,23.6,12.9,"0.276","0.582","0.42",62.5
"Escobar, Alcides",444876,"WSH","SL","Slider",-1.1,-3,"267",19.3,"54","0.196","0.255","0.237",35.2,24.1,17.1,"0.213","0.262","0.216",10
"Almonte, Abraham",501659,"ATL","FF","4-Seam Fastball",1.2,3,"272",35.6,"53","0.302","0.535","0.42",18.5,15.1,9.1,"0.259","0.45","0.373",48.6
"Candelario, Jeimer",600869,"DET","CU","Curveball",0.2,0,"298",11.7,"53","0.24","0.32","0.287",42.7,43.4,28,"0.15","0.181","0.176",14.8
"Smith, Will",669257,"LAD","CU","Curveball",-0.3,-1,"264",12.7,"53","0.213","0.277","0.256",22.9,20.8,10.7,"0.204","0.284","0.266",18.9
"Bregman, Alex",608324,"HOU","SL","Slider",0,0,"261",16.4,"53","0.208","0.375","0.308",16.1,11.3,7.9,"0.202","0.273","0.254",21.4
"Soler, Jorge",624585,"ATL","CH","Changeup",0.7,2,"246",10.2,"53","0.208","0.5","0.349",39,34,24,"0.232","0.517","0.346",56.7
"Santana, Carlos",467793,"KC","CU","Curveball",-0.9,-2,"280",10.3,"52","0.111","0.267","0.203",27.5,23.1,13,"0.187","0.408","0.286",37.1
"Laureano, Ramón",657656,"ATH","SL","Slider",-0.5,-1,"262",17.5,"52","0.184","0.327","0.262",44,38.5,22.5,"0.176","0.324","0.24",31
"Barnhart, Tucker",571466,"CIN","CU","Curveball",0.3,1,"244",16,"52","0.271","0.313","0.292",28.7,36.5,28.8,"0.195","0.24","0.228",13.8
"Swanson, Dansby",621020,"ATL","CU","Curveball",1.3,4,"265",10.3,"52","0.275","0.49","0.35",29.5,23.1,14.1,"0.268","0.525","0.342",35.9
"Gallo, Joey",608336,"NYY","CU","Curveball",0.2,1,"246",9.5,"52","0.184","0.388","0.28",33.7,34.6,24,"0.233","0.509","0.348",45.2
"Bryant, Kris",592178,"SF","CH","Changeup",-0.1,0,"291",13,"51","0.095","0.214","0.247",47.2,37.3,19.8,"0.134","0.297","0.271",30.4
"Conforto, Michael",624424,"NYM","CU","Curveball",-2.5,-6,"248",12.5,"50","0.067","0.067","0.124",31.4,40,23,"0.114","0.186","0.185",32
"Tom, Ka'ai",664789,"PIT","FF","4-Seam Fastball",-0.5,-1,"245",44.7,"50","0.171","0.341","0.303",31.3,24,15.8,"0.224","0.393","0.341",34.5
"Stephenson, Tyler",663886,"CIN","SL","Slider",0.2,0,"273",17.3,"48","0.238","0.357","0.313",32.1,22.9,14.5,"0.204","0.33","0.287",25.8
"Suárez, Eugenio",553993,"CIN","CU","Curveball",0.6,2,"262",11,"48","0.261","0.457","0.322",35.7,41.7,22,"0.198","0.43","0.28",50
"Escobar, Eduardo",500871,"MIL","CU","Curveball",0.4,1,"250",10.4,"47","0.227","0.5","0.314",29.3,42.6,20,"0.175","0.335","0.23",28