"last_name, first_name","player_id","team_name_alt","pitch_type","pitch_name","run_value_per_100","run_value","pitches","pitch_usage","pa","ba","slg","woba","whiff_percent","k_percent","put_away","est_ba","est_slg","est_woba","hard_hit_percent"
"Bregman, Alex",608324,"HOU","FF","4-Seam Fastball",0.7,6,"914",32.8,"282","0.278","0.444","0.374",9.8,8.9,10.7,"0.281","0.484","0.385",40.8
"Kwan, Steven",680757,"CLE","FF","4-Seam Fastball",-0.1,-1,"1199",42.2,"270","0.296","0.383","0.361",7.2,8.5,7.9,"0.293","0.373","0.345",16.7
"Crawford, J.P.",641487,"SEA","FF","4-Seam Fastball",1.5,16,"1019",38.8,"265","0.313","0.517","0.434",13.9,14.7,14.5,"0.3","0.467","0.401",40.2
"Lowe, Nathaniel",663993,"TEX","FF","4-Seam Fastball",0.6,8,"1233",40.5,"261","0.295","0.47","0.391",21.4,27.2,19.3,"0.267","0.406","0.357",50.7
"Semien, Marcus",543760,"TEX","FF","4-Seam Fastball",-0.4,-3,"889",31.8,"261","0.232","0.438","0.348",10.1,9.2,11.4,"0.263","0.496","0.369",43.6
"Nimmo, Brandon",607043,"NYM","FF","4-Seam Fastball",0.2,2,"1146",40.3,"239","0.27","0.47","0.379",19.2,23,16.4,"0.257","0.468","0.368",53.4
"Devers, Rafael",646240,"BOS","FF","4-Seam Fastball",1,10,"1034",40.1,"236","0.263","0.507","0.379",31.8,26.7,17.4,"0.243","0.539","0.374",65
"Schwarber, Kyle",656941,"PHI","FF","4-Seam Fastball",0.5,5,"972",31.7,"235","0.23","0.541","0.38",25.4,26.8,24,"0.227","0.541","0.378",53
"Arraez, Luis",650333,"MIA","FF","4-Seam Fastball",0.4,4,"819",37.9,"231","0.346","0.472","0.38",6.7,4.8,6.1,"0.325","0.463","0.363",26
"McNeil, Jeff",643446,"NYM","FF","4-Seam Fastball",-0.8,-7,"822",37.5,"230","0.25","0.373","0.324",6.5,7,9,"0.225","0.334","0.289",29.6
"Happ, Ian",664023,"CHC","FF","4-Seam Fastball",-0.2,-3,"1088",38,"226","0.191","0.348","0.334",22.4,21.7,14.4,"0.205","0.369","0.339",40.8
"Goldschmidt, Paul",502671,"STL","FF","4-Seam Fastball",0.4,4,"923",32.4,"225","0.241","0.445","0.353",25.3,24.4,18.2,"0.266","0.527","0.388",56.9
"Suárez, Eugenio",553993,"SEA","FF","4-Seam Fastball",0.1,1,"945",32.6,"225","0.241","0.461","0.358",32,28.9,21.4,"0.248","0.586","0.397",53.5
"Olson, Matt",621566,"ATL","FF","4-Seam Fastball",2.2,24,"1120",36.2,"224","0.324","0.659","0.468",27.5,19.6,13.1,"0.298","0.607","0.434",69.5
"Marte, Ketel",606466,"AZ","FF","4-Seam Fastball",0.9,8,"805",32.4,"223","0.293","0.425","0.376",12.1,12.6,12.9,"0.283","0.428","0.372",40.8
"García, Adolis",666969,"TEX","FF","4-Seam Fastball",0.3,2,"932",36.4,"223","0.204","0.515","0.337",33.9,36.8,26.9,"0.209","0.501","0.336",50.8
"Torkelson, Spencer",679529,"DET","FF","4-Seam Fastball",0.7,6,"863",30.9,"222","0.266","0.527","0.388",20.7,21.6,20,"0.27","0.589","0.406",59.4
"Freeman, Freddie",518692,"LAD","FF","4-Seam Fastball",2.4,21,"846",30.8,"222","0.353","0.638","0.436",16.6,14,14.1,"0.335","0.643","0.423",46.6
"Santander, Anthony",623993,"BAL","FF","4-Seam Fastball",1,10,"1008",36.5,"220","0.263","0.556","0.378",26.2,30.9,20.2,"0.211","0.455","0.319",50.8
"Lindor, Francisco",596019,"NYM","FF","4-Seam Fastball",1.2,11,"928",33.9,"218","0.262","0.519","0.376",20.1,14.7,12.4,"0.244","0.476","0.358",45.2
"McKinstry, Zach",656716,"DET","FF","4-Seam Fastball",-1.2,-11,"872",41.6,"218","0.245","0.346","0.314",14.5,13.8,12.6,"0.275","0.441","0.355",37.5
"Abrams, CJ",682928,"WSH","FF","4-Seam Fastball",-1.8,-13,"740",33.5,"217","0.218","0.33","0.283",16.3,14.7,16.2,"0.244","0.419","0.316",37.1
"Tucker, Kyle",663656,"HOU","FF","4-Seam Fastball",2.4,20,"845",32.9,"216","0.339","0.585","0.441",15.1,13.4,13.6,"0.323","0.647","0.45",56.8
"Rutschman, Adley",668939,"BAL","FF","4-Seam Fastball",1.6,16,"1020",35.1,"216","0.328","0.578","0.436",12.5,10.6,8.2,"0.303","0.562","0.416",49.7
"Varsho, Daulton",662139,"TOR","FF","4-Seam Fastball",-0.6,-5,"811",35.1,"215","0.233","0.451","0.336",23.1,22.8,19.6,"0.214","0.406","0.306",42.1
"Riley, Austin",663586,"ATL","FF","4-Seam Fastball",0.1,1,"914",32,"213","0.247","0.474","0.35",29.6,30,20.7,"0.222","0.492","0.333",56.6
"Albies, Ozzie",645277,"ATL","FF","4-Seam Fastball",1.5,13,"859",33.5,"213","0.301","0.602","0.416",19.1,15.5,13.9,"0.278","0.561","0.392",50.3
"Noda, Ryan",676116,"ATH","FF","4-Seam Fastball",1,9,"869",41.6,"212","0.273","0.424","0.383",34.2,35.4,28.7,"0.221","0.417","0.353",49.5
"Turner, Justin",457759,"BOS","FF","4-Seam Fastball",-0.6,-6,"982",36.8,"212","0.234","0.38","0.322",15.8,18.9,12.2,"0.245","0.477","0.352",46.2
"Giménez, Andrés",665926,"CLE","FF","4-Seam Fastball",-0.1,-1,"829",35.3,"210","0.266","0.457","0.354",26.6,19,15.4,"0.225","0.389","0.309",35.6
"Ramírez, José",608070,"CLE","FF","4-Seam Fastball",0.4,4,"878",33.7,"210","0.275","0.495","0.373",10.8,9,8.2,"0.304","0.546","0.403",43.9
"Witt Jr., Bobby",677951,"KC","FF","4-Seam Fastball",0.4,4,"909",33.7,"210","0.271","0.521","0.367",22.8,24.8,18.5,"0.273","0.543","0.377",55.1
"Heim, Jonah",641680,"TEX","FF","4-Seam Fastball",0.4,4,"874",43.8,"209","0.251","0.46","0.344",24.4,23.4,17.9,"0.231","0.446","0.326",40.3
"Friedl, TJ",670770,"CIN","FF","4-Seam Fastball",1.7,14,"802",36.6,"209","0.333","0.589","0.427",8.6,9.6,9.3,"0.274","0.388","0.332",28.5
"Stott, Bryson",681082,"PHI","FF","4-Seam Fastball",-0.4,-4,"1104",41.4,"208","0.284","0.426","0.349",14.5,16.8,9.9,"0.263","0.425","0.334",41.4
"Bogaerts, Xander",593428,"SD","FF","4-Seam Fastball",-0.6,-5,"758",28.7,"208","0.259","0.384","0.327",13.4,12.5,12,"0.251","0.436","0.332",41
"Bellinger, Cody",641355,"CHC","FF","4-Seam Fastball",0.9,6,"759",35.2,"207","0.294","0.5","0.384",21.4,19.8,17.6,"0.241","0.422","0.325",34
"Benintendi, Andrew",643217,"CWS","FF","4-Seam Fastball",-0.7,-6,"859",36.5,"207","0.255","0.342","0.32",19.2,13.5,13.6,"0.288","0.449","0.357",35.3
"Soto, Juan",665742,"SD","FF","4-Seam Fastball",2,16,"830",28.7,"206","0.275","0.617","0.426",18.7,18.9,17.3,"0.282","0.647","0.438",63.4
"Reynolds, Bryan",668804,"PIT","FF","4-Seam Fastball",0,0,"791",31.4,"206","0.258","0.455","0.363",19,16,14.2,"0.281","0.511","0.381",53.4
"Straw, Myles",664702,"CLE","FF","4-Seam Fastball",-1.6,-13,"838",42.1,"205","0.237","0.282","0.287",14.9,21,17.6,"0.234","0.302","0.286",31.2
"Betts, Mookie",605141,"LAD","FF","4-Seam Fastball",2.1,18,"857",31.6,"205","0.304","0.643","0.444",10.6,11.2,10.4,"0.295","0.656","0.444",54.4
"Bell, Josh",605137,"MIA","FF","4-Seam Fastball",1.4,10,"768",31.6,"204","0.316","0.542","0.414",20.9,19.1,19.4,"0.303","0.567","0.409",51.1
"McMahon, Ryan",641857,"COL","FF","4-Seam Fastball",0.6,7,"1161",42.3,"204","0.246","0.455","0.374",30.4,32.8,17.9,"0.243","0.48","0.376",51
"Melendez, MJ",669004,"KC","FF","4-Seam Fastball",-0.2,-2,"909",37.3,"204","0.246","0.425","0.355",37.8,29.4,22.5,"0.23","0.477","0.362",59.1
"Santana, Carlos",467793,"MIL","FF","4-Seam Fastball",1,7,"765",31.1,"203","0.304","0.533","0.399",19.8,15.3,14.3,"0.274","0.47","0.351",39
"France, Ty",664034,"SEA","FF","4-Seam Fastball",-0.1,-1,"795",32.8,"201","0.212","0.352","0.325",18.9,18.9,14.5,"0.236","0.416","0.352",43.3
"Hoerner, Nico",663538,"CHC","FF","4-Seam Fastball",1.2,8,"670",26.4,"201","0.307","0.47","0.404",6.9,8.5,8.9,"0.281","0.409","0.364",40.7
"Acuña Jr., Ronald",660670,"ATL","FF","4-Seam Fastball",1.8,15,"843",30.3,"201","0.292","0.595","0.429",17.8,12.4,10.8,"0.318","0.628","0.444",58.2
"Taveras, Leody",665750,"TEX","FF","4-Seam Fastball",0.3,3,"765",36.3,"200","0.289","0.5","0.359",18.7,19.5,16.2,"0.283","0.486","0.363",58.2
"Yoshida, Masataka",807799,"BOS","FF","4-Seam Fastball",1.5,11,"713",32.5,"200","0.37","0.558","0.445",9.7,9.5,11.9,"0.319","0.497","0.383",47.5
"Verdugo, Alex",657077,"BOS","FF","4-Seam Fastball",-0.4,-3,"863",36.5,"198","0.285","0.506","0.382",9,11.6,12.8,"0.3","0.517","0.387",47.4
"Yelich, Christian",592885,"MIL","FF","4-Seam Fastball",1.4,12,"812",31.7,"197","0.331","0.589","0.448",20.4,18.8,16.9,"0.323","0.567","0.434",53.5
"Raleigh, Cal",663728,"SEA","FF","4-Seam Fastball",0.1,1,"856",36.6,"197","0.214","0.434","0.333",24.9,29.9,23,"0.214","0.459","0.332",47.4
"Chapman, Matt",656305,"TOR","FF","4-Seam Fastball",0.3,2,"873",35.6,"197","0.227","0.453","0.332",35,29.4,19.5,"0.208","0.515","0.347",60.9
"Perdomo, Geraldo",672695,"AZ","FF","4-Seam Fastball",-0.4,-3,"783",37.9,"196","0.248","0.389","0.337",10.2,11.2,10.3,"0.191","0.283","0.282",22.2
"Thomas, Lane",657041,"WSH","FF","4-Seam Fastball",1,8,"791",30.1,"195","0.318","0.607","0.419",17.9,19.5,17.7,"0.308","0.604","0.409",46.4
"Turner, Trea",607208,"PHI","FF","4-Seam Fastball",-0.4,-3,"763",28.5,"194","0.244","0.506","0.347",21.6,19.6,16.8,"0.259","0.575","0.372",52.8
"Acuña Jr., Ronald",660670,"ATL","SI","Sinker",2.2,13,"607",21.8,"193","0.361","0.538","0.43",9.3,9.3,13.5,"0.363","0.661","0.466",56.3
"Springer, George",543807,"TOR","FF","4-Seam Fastball",0,0,"682",27,"192","0.265","0.476","0.373",18.2,17.7,17.2,"0.268","0.503","0.375",47.4
"Henderson, Gunnar",683002,"BAL","FF","4-Seam Fastball",0,0,"786",32.7,"192","0.248","0.461","0.36",27.2,26.6,21.9,"0.278","0.517","0.386",62.3
"Kim, Ha-Seong",673490,"SD","FF","4-Seam Fastball",0.6,5,"960",35.2,"191","0.252","0.484","0.388",21.5,23,14,"0.231","0.405","0.346",38.1
"Wade Jr., LaMonte",664774,"SF","FF","4-Seam Fastball",1,8,"802",38.2,"190","0.299","0.526","0.422",17.5,15.8,13.6,"0.265","0.517","0.39",43.3
"Alonso, Pete",624413,"NYM","FF","4-Seam Fastball",1.3,10,"763",29.7,"189","0.231","0.596","0.392",20.5,20.6,17.5,"0.26","0.644","0.423",45.8
"Bohm, Alec",664761,"PHI","FF","4-Seam Fastball",0.1,1,"724",32.1,"189","0.251","0.45","0.333",17.6,20.6,17.3,"0.251","0.437","0.326",51.1
"Meneses, Joey",608841,"WSH","FF","4-Seam Fastball",-1.2,-8,"691",27.2,"189","0.25","0.406","0.301",22.3,23.3,20.8,"0.267","0.421","0.314",59.6
"Carroll, Corbin",682998,"AZ","FF","4-Seam Fastball",1.5,12,"797",32.8,"188","0.311","0.583","0.436",20.5,20.2,19.2,"0.292","0.549","0.416",40.2
"De La Cruz, Bryan",650559,"MIA","FF","4-Seam Fastball",-0.2,-1,"686",27.8,"188","0.256","0.452","0.334",28.6,29.8,25,"0.246","0.464","0.337",51.3
"Paredes, Isaac",670623,"TB","FF","4-Seam Fastball",1.2,8,"686",29,"187","0.273","0.547","0.399",9.9,13.9,12.2,"0.247","0.398","0.334",34.8
"Torres, Gleyber",650402,"NYY","FF","4-Seam Fastball",1.5,11,"711",26.9,"186","0.274","0.555","0.383",22.3,16.7,12.6,"0.294","0.608","0.411",58.5
"Rodríguez, Julio",677594,"SEA","FF","4-Seam Fastball",1.4,10,"734",29.2,"186","0.305","0.557","0.402",20.8,24.7,22.2,"0.266","0.5","0.354",61
"Ruiz, Keibert",660688,"WSH","FF","4-Seam Fastball",1.6,8,"516",27.3,"186","0.315","0.565","0.41",7,7,12,"0.281","0.525","0.374",37.4
"Casas, Triston",671213,"BOS","FF","4-Seam Fastball",1,6,"649",31.5,"184","0.266","0.532","0.388",22.4,21.2,21.2,"0.282","0.614","0.428",50.4
"Merrifield, Whit",593160,"TOR","FF","4-Seam Fastball",-0.3,-2,"649",29.5,"184","0.274","0.421","0.332",13.2,11.4,11.5,"0.249","0.395","0.314",30.1
"Davis, J.D.",605204,"SF","FF","4-Seam Fastball",-0.1,-1,"752",35.9,"184","0.261","0.422","0.333",34,32.1,23.9,"0.25","0.448","0.344",53.3
"Steer, Spencer",668715,"CIN","SI","Sinker",-1.1,-7,"674",25.1,"184","0.255","0.342","0.318",14,10.9,13.9,"0.259","0.395","0.33",37.8
"Candelario, Jeimer",600869,"CHC","FF","4-Seam Fastball",1.7,12,"727",31.2,"181","0.301","0.575","0.406",22.5,23.2,18.2,"0.24","0.435","0.338",33.3
"Profar, Jurickson",595777,"SD","FF","4-Seam Fastball",0,0,"786",37.4,"181","0.287","0.4","0.361",14,12.7,10.2,"0.277","0.379","0.351",33.8
"Grisham, Trent",663757,"SD","FF","4-Seam Fastball",0.4,3,"790",33.7,"180","0.225","0.415","0.36",26.6,23.3,17.4,"0.275","0.599","0.433",56.4
"Volpe, Anthony",683011,"NYY","FF","4-Seam Fastball",0.8,6,"684",29.3,"178","0.245","0.556","0.381",26.1,32,23.9,"0.23","0.501","0.361",62.5
"Adames, Willy",642715,"MIL","FF","4-Seam Fastball",-0.2,-2,"701",27,"177","0.196","0.439","0.332",25.9,26,20.5,"0.227","0.538","0.375",49.5
"Smith, Dominic",642086,"WSH","FF","4-Seam Fastball",-0.7,-5,"739",33.4,"176","0.223","0.389","0.318",14,17,14,"0.252","0.487","0.351",42.5
"Belt, Brandon",474832,"TOR","FF","4-Seam Fastball",0.9,8,"845",46.9,"176","0.232","0.472","0.382",32.3,34.7,22.2,"0.214","0.445","0.351",41
"Edman, Tommy",669242,"STL","FF","4-Seam Fastball",-0.9,-5,"624",34.5,"175","0.229","0.386","0.309",13.6,17.7,19.9,"0.264","0.41","0.335",37.9
"Hernández, Teoscar",606192,"SEA","SL","Slider",-1.5,-9,"609",22.8,"175","0.216","0.322","0.251",37.5,31.4,26.1,"0.225","0.412","0.275",46.2
"Arozarena, Randy",668227,"TB","FF","4-Seam Fastball",2.3,17,"736",27.5,"174","0.261","0.552","0.429",32.4,27,18.8,"0.242","0.552","0.414",55.2
"Machado, Manny",592518,"SD","FF","4-Seam Fastball",-0.5,-4,"734",32.1,"173","0.223","0.372","0.319",21.8,16.8,14.1,"0.246","0.523","0.376",54.6
"Suwinski, Jack",669261,"PIT","FF","4-Seam Fastball",1.2,9,"697",30.6,"173","0.241","0.511","0.382",28.2,34.1,25.4,"0.218","0.533","0.386",56
"Correa, Carlos",621043,"MIN","FF","4-Seam Fastball",0.1,1,"614",27.2,"172","0.252","0.458","0.35",17.5,20.9,21.2,"0.281","0.529","0.376",52.1
"Abreu, José",547989,"HOU","FF","4-Seam Fastball",-0.1,-1,"817",34,"172","0.243","0.417","0.366",24.5,19.2,12.7,"0.254","0.487","0.375",46.4
"Tatis Jr., Fernando",665487,"SD","FF","4-Seam Fastball",0.7,5,"650",27.8,"171","0.261","0.477","0.361",32.4,29.2,26.3,"0.24","0.531","0.357",51.9
"Mullins, Cedric",656775,"BAL","FF","4-Seam Fastball",0.2,2,"720",40.4,"171","0.255","0.482","0.364",24,20.5,16.7,"0.21","0.401","0.322",43.2
"Walker, Christian",572233,"AZ","FF","4-Seam Fastball",1.4,11,"788",29.5,"170","0.278","0.583","0.404",25.9,24.7,17.1,"0.229","0.478","0.35",42.3
"Swanson, Dansby",621020,"CHC","FF","4-Seam Fastball",1.4,9,"601",23.5,"170","0.293","0.613","0.423",24.8,25.3,21.2,"0.275","0.631","0.414",56.1
"Steer, Spencer",668715,"CIN","FF","4-Seam Fastball",1,8,"786",29.3,"168","0.27","0.496","0.394",26,25.6,18.1,"0.245","0.437","0.364",45.7
"Guerrero Jr., Vladimir",665489,"TOR","FF","4-Seam Fastball",0.3,2,"680",27.9,"167","0.26","0.452","0.354",20.2,19.2,16.4,"0.272","0.519","0.379",51.3
"Rooker, Brent",667670,"ATH","FF","4-Seam Fastball",2.2,14,"651",30.3,"167","0.297","0.608","0.413",32.7,29.9,23.9,"0.261","0.551","0.376",53.5
"Riley, Austin",663586,"ATL","SI","Sinker",1.3,8,"609",21.3,"167","0.333","0.558","0.422",11.9,12,14.8,"0.333","0.579","0.423",51.2
"Peña, Jeremy",665161,"HOU","FF","4-Seam Fastball",0.5,3,"584",25.4,"166","0.324","0.486","0.392",15.3,18.1,17.6,"0.276","0.46","0.353",47.1
"Gurriel Jr., Lourdes",666971,"AZ","FF","4-Seam Fastball",-0.6,-4,"669",30.2,"166","0.275","0.405","0.321",13.4,19.3,17.5,"0.289","0.49","0.359",54.9
"Vierling, Matt",663837,"DET","FF","4-Seam Fastball",-0.5,-4,"781",36.8,"165","0.25","0.41","0.338",18.2,23.6,16.3,"0.255","0.411","0.337",49.5
"Kemp, Tony",643393,"ATH","FF","4-Seam Fastball",-1.2,-6,"506",34.2,"165","0.232","0.352","0.31",6.6,4.2,6.4,"0.262","0.374","0.329",26.3
"Cronenworth, Jake",630105,"SD","FF","4-Seam Fastball",-0.3,-2,"819",39.8,"164","0.263","0.401","0.344",10.7,18.3,12.6,"0.272","0.43","0.358",36.4
"Peterson, Jace",607054,"AZ","FF","4-Seam Fastball",-0.4,-2,"641",36.8,"164","0.218","0.376","0.333",18.7,22.6,21.1,"0.208","0.376","0.323",33.3
"Vaughn, Andrew",683734,"CWS","FF","4-Seam Fastball",0.2,1,"613",26.5,"163","0.297","0.497","0.375",12.4,14.7,14.1,"0.291","0.533","0.382",50.8
"Hoerner, Nico",663538,"CHC","SI","Sinker",-0.8,-5,"585",23,"163","0.267","0.336","0.318",5.6,6.7,10,"0.264","0.356","0.305",39.9
"Alvarez, Yordan",670541,"HOU","FF","4-Seam Fastball",1.6,10,"638",33.4,"163","0.267","0.519","0.406",19.4,20.9,20.4,"0.294","0.664","0.455",64.6
"Garcia, Maikel",672580,"KC","FF","4-Seam Fastball",-0.9,-6,"719",36.2,"162","0.241","0.365","0.32",23.3,32.1,24.5,"0.234","0.36","0.316",65.9
"Flores, Wilmer",527038,"SF","FF","4-Seam Fastball",1,6,"594",31.7,"162","0.298","0.539","0.387",8.6,9.3,7.9,"0.267","0.498","0.363",35.7
"Grossman, Robbie",543257,"TEX","FF","4-Seam Fastball",0.9,5,"596",34.7,"162","0.287","0.473","0.393",12.1,16.7,16.6,"0.256","0.418","0.363",44.2
"Alonso, Pete",624413,"NYM","SI","Sinker",0,0,"552",21.5,"159","0.245","0.497","0.362",8.9,8.8,13.6,"0.27","0.53","0.372",35.7
"Muncy, Max",571970,"LAD","FF","4-Seam Fastball",0.7,5,"707",28.5,"159","0.19","0.529","0.383",22.7,28.9,21.6,"0.186","0.483","0.367",53.2
"Ozuna, Marcell",542303,"ATL","FF","4-Seam Fastball",2.4,15,"627",26.5,"157","0.317","0.718","0.455",20.9,18.5,14.1,"0.337","0.779","0.482",60.5
"Bregman, Alex",608324,"HOU","SI","Sinker",0.5,3,"488",17.5,"157","0.3","0.469","0.395",7.7,7,10.3,"0.281","0.457","0.38",40.3
"Hays, Austin",669720,"BAL","FF","4-Seam Fastball",1.5,9,"591",27.9,"156","0.319","0.578","0.424",19.9,23.1,21.1,"0.241","0.495","0.356",46
"Ohtani, Shohei",660271,"LAA","FF","4-Seam Fastball",3.7,24,"660",28.7,"156","0.402","0.818","0.541",27.7,19.9,16.2,"0.369","0.793","0.517",68.3
"Rengifo, Luis",650859,"LAA","FF","4-Seam Fastball",1.2,7,"577",34.7,"156","0.306","0.5","0.403",16.4,11.5,9.2,"0.287","0.476","0.378",40.2
"Canha, Mark",592192,"MIL","FF","4-Seam Fastball",0.1,1,"595",28.5,"156","0.263","0.489","0.356",19.7,13.5,10.5,"0.265","0.469","0.348",44.1
"Ruiz, Esteury",665923,"ATH","FF","4-Seam Fastball",-0.2,-1,"607",34.6,"155","0.257","0.353","0.324",18.8,13.5,13.1,"0.227","0.313","0.285",17.1
"Kepler, Max",596146,"MIN","FF","4-Seam Fastball",0.3,2,"671",34.9,"155","0.277","0.515","0.391",11.7,14.2,11.9,"0.307","0.673","0.448",58.2
"Seager, Corey",608369,"TEX","FF","4-Seam Fastball",2,11,"554",30,"154","0.323","0.684","0.446",22.3,18.2,18.5,"0.334","0.786","0.489",69.4
"Drury, Brandon",592273,"LAA","FF","4-Seam Fastball",1.3,8,"595",30.3,"154","0.29","0.586","0.399",31.2,27.3,24.4,"0.295","0.518","0.365",53.4
"Julien, Edouard",666397,"MIN","FF","4-Seam Fastball",2.5,15,"571",33.1,"154","0.341","0.618","0.457",17.2,25.3,22,"0.27","0.562","0.413",57
"Meneses, Joey",608841,"WSH","SI","Sinker",0.5,2,"462",18.2,"154","0.342","0.404","0.361",8,9.7,14.2,"0.256","0.36","0.289",37.4
"Díaz, Yandy",650490,"TB","FF","4-Seam Fastball",0.7,5,"728",30.9,"153","0.344","0.52","0.428",20.3,15,14.3,"0.312","0.499","0.406",61.2
"Outman, James",681546,"LAD","FF","4-Seam Fastball",1,7,"730",31,"153","0.238","0.459","0.373",34.9,30.1,20.1,"0.24","0.455","0.371",42.3
"Thomas, Lane",657041,"WSH","SI","Sinker",-0.1,-1,"563",21.4,"153","0.28","0.427","0.345",12.8,20.9,27.1,"0.24","0.38","0.287",39.8
"Rizzo, Anthony",519203,"NYY","FF","4-Seam Fastball",0.3,2,"577",34.6,"153","0.273","0.424","0.345",19.4,23.5,19.5,"0.26","0.435","0.332",40.8
"Marsh, Brandon",669016,"PHI","FF","4-Seam Fastball",0.9,7,"732",36.9,"152","0.326","0.566","0.436",24.7,31.6,23.1,"0.244","0.444","0.353",60.5
"Naylor, Josh",647304,"CLE","FF","4-Seam Fastball",1.1,5,"475",28.8,"152","0.341","0.481","0.388",14.4,12.5,13.2,"0.319","0.497","0.38",42.9
"Castellanos, Nick",592206,"PHI","FF","4-Seam Fastball",2.5,15,"587",24.2,"152","0.351","0.597","0.432",22.4,26.3,20.9,"0.31","0.624","0.422",60.8
"Conforto, Michael",624424,"SF","FF","4-Seam Fastball",-0.1,0,"626",32.9,"151","0.224","0.376","0.339",19.8,24.5,19.2,"0.246","0.41","0.352",42
"Walker, Christian",572233,"AZ","SI","Sinker",0,0,"529",19.8,"151","0.326","0.459","0.385",10.1,7.9,9.4,"0.314","0.494","0.383",40.7
"India, Jonathan",663697,"CIN","FF","4-Seam Fastball",0.3,2,"634",28.8,"151","0.276","0.415","0.376",13.8,11.9,9.6,"0.297","0.54","0.414",51.4
"Lowe, Josh",666139,"TB","FF","4-Seam Fastball",0.6,5,"775",38.1,"151","0.317","0.583","0.401",28.5,31.1,18.8,"0.285","0.52","0.364",53.8
"Martinez, J.D.",502110,"LAD","FF","4-Seam Fastball",2.3,12,"513",27.5,"150","0.273","0.64","0.394",25.8,32,29.1,"0.262","0.594","0.371",62.4
"Ward, Taylor",621493,"LAA","FF","4-Seam Fastball",0.3,2,"563",34.6,"150","0.248","0.474","0.353",18.5,18.7,15.7,"0.251","0.533","0.37",50.5
"Soler, Jorge",624585,"MIA","FF","4-Seam Fastball",2.4,14,"586",25.3,"150","0.275","0.695","0.435",20.8,23.3,20.6,"0.287","0.694","0.437",58.2
"Trout, Mike",545361,"LAA","FF","4-Seam Fastball",0,0,"740",47.8,"149","0.218","0.412","0.355",29.5,29.5,19.6,"0.248","0.512","0.398",55.3
"Cooper, Garrett",643265,"SD","FF","4-Seam Fastball",0.5,3,"609",33.5,"149","0.294","0.507","0.368",30.5,32.2,23.9,"0.256","0.473","0.338",43.8
"Call, Alex",669743,"WSH","FF","4-Seam Fastball",-1,-6,"552",30.1,"148","0.205","0.336","0.307",15.3,15.5,13.8,"0.222","0.375","0.324",33.7
"Bichette, Bo",666182,"TOR","FF","4-Seam Fastball",0.4,3,"737",33.1,"148","0.331","0.511","0.397",17.9,20.3,12.8,"0.321","0.502","0.388",56.3
"Rosario, Eddie",592696,"ATL","FF","4-Seam Fastball",-0.4,-2,"585",30.7,"148","0.263","0.453","0.334",29.3,23.6,19.4,"0.259","0.466","0.335",45.1
"Walls, Taylor",670764,"TB","FF","4-Seam Fastball",-0.8,-4,"567",40,"148","0.171","0.325","0.296",25.1,25.7,21.6,"0.155","0.268","0.264",30.2
"Turang, Brice",668930,"MIL","FF","4-Seam Fastball",-2.3,-15,"633",35.3,"147","0.202","0.271","0.261",22.2,25.9,18.8,"0.207","0.337","0.282",34.4
"Harris II, Michael",671739,"ATL","FF","4-Seam Fastball",-0.5,-3,"638",32.7,"146","0.321","0.443","0.36",19.5,15.8,16,"0.32","0.451","0.362",55.5
"McCutchen, Andrew",457705,"PIT","FF","4-Seam Fastball",1.8,10,"562",28,"145","0.333","0.544","0.441",23.2,14.5,12.7,"0.3","0.551","0.434",48.9
"Rosario, Amed",642708,"LAD","FF","4-Seam Fastball",-0.5,-3,"650",32.9,"145","0.225","0.38","0.319",20.1,16.6,12.3,"0.253","0.413","0.329",43.8
"Rodríguez, Julio",677594,"SEA","SL","Slider",1.4,6,"451",18,"145","0.265","0.463","0.352",29.8,22.8,23.6,"0.273","0.492","0.348",46.6
"Maldonado, Martín",455117,"HOU","FF","4-Seam Fastball",-2.4,-13,"550",34.7,"145","0.153","0.242","0.231",35.3,38.6,31.3,"0.155","0.311","0.252",43.8
"Frazier, Adam",624428,"BAL","FF","4-Seam Fastball",0.7,5,"636",36.4,"143","0.336","0.536","0.411",16.3,14,12.7,"0.293","0.393","0.341",26.2
"Hernández, Teoscar",606192,"SEA","FF","4-Seam Fastball",1.8,12,"626",23.4,"143","0.317","0.675","0.444",33.3,33.6,21.9,"0.273","0.647","0.424",72.2
"Hayes, Ke'Bryan",663647,"PIT","FF","4-Seam Fastball",0.8,4,"526",27.3,"143","0.308","0.538","0.393",13.1,16.8,17.5,"0.291","0.531","0.375",59.3
"Greene, Riley",682985,"DET","FF","4-Seam Fastball",0.3,2,"581",33.7,"143","0.314","0.512","0.402",20.1,19.6,15,"0.304","0.508","0.395",44.7
"Contreras, William",661388,"MIL","FF","4-Seam Fastball",1.2,7,"642",26.5,"142","0.347","0.529","0.425",24.6,21.8,15.5,"0.28","0.509","0.387",61.1
"Estrada, Thairo",642731,"SF","FF","4-Seam Fastball",-0.3,-1,"511",26.6,"142","0.308","0.436","0.355",14.2,14.8,15.3,"0.287","0.446","0.337",35.4
"Nootbaar, Lars",663457,"STL","FF","4-Seam Fastball",1.4,9,"618",29.8,"142","0.336","0.542","0.456",15.4,14.1,13.6,"0.308","0.568","0.444",56.2
"Realmuto, J.T.",592663,"PHI","SI","Sinker",0.3,1,"429",20.5,"142","0.299","0.465","0.388",16.7,13.4,23.5,"0.294","0.518","0.379",43.1
"Bohm, Alec",664761,"PHI","SI","Sinker",-0.9,-5,"497",22.1,"141","0.277","0.362","0.309",8.4,13.5,17.8,"0.319","0.452","0.353",46.9
"Realmuto, J.T.",592663,"PHI","FF","4-Seam Fastball",-0.5,-3,"565",27,"141","0.242","0.477","0.323",25.8,31.9,24.3,"0.236","0.444","0.318",52.3
"Perez, Salvador",521692,"KC","FF","4-Seam Fastball",0.4,2,"551",26.7,"141","0.273","0.484","0.354",31.3,28.4,24,"0.255","0.48","0.343",50
"Gorman, Nolan",669357,"STL","FF","4-Seam Fastball",1,7,"644",34.1,"141","0.257","0.487","0.386",38.9,31.9,24.6,"0.228","0.494","0.381",62.3
"Renfroe, Hunter",592669,"CIN","FF","4-Seam Fastball",-0.6,-4,"588",28.1,"141","0.256","0.397","0.34",20.4,17.7,13.6,"0.233","0.369","0.321",40.6
"Suzuki, Seiya",673548,"CHC","SI","Sinker",0.5,2,"524",21.4,"141","0.336","0.528","0.41",10.2,13.5,19,"0.315","0.491","0.38",55.1
"Langeliers, Shea",669127,"ATH","FF","4-Seam Fastball",-0.9,-6,"649",33.8,"140","0.168","0.376","0.276",33.2,33.6,23.2,"0.192","0.47","0.312",55
"Jankowski, Travis",608671,"TEX","FF","4-Seam Fastball",-1.1,-5,"486",43.5,"140","0.263","0.322","0.326",6.7,10,13,"0.252","0.315","0.31",29.2
"Solano, Donovan",456781,"MIN","FF","4-Seam Fastball",0.2,1,"595",32.9,"140","0.31","0.422","0.384",21.9,23.6,16.6,"0.301","0.478","0.395",42.2
"Betts, Mookie",605141,"LAD","SI","Sinker",3.1,17,"539",19.9,"139","0.371","0.586","0.467",11.5,14.4,18.5,"0.321","0.541","0.416",50.5
"O'Hearn, Ryan",656811,"BAL","FF","4-Seam Fastball",-0.5,-2,"483",33.3,"139","0.308","0.423","0.341",17.7,20.1,18.3,"0.286","0.462","0.336",59
"Harper, Bryce",547180,"PHI","FF","4-Seam Fastball",1.4,9,"610",30.2,"139","0.315","0.514","0.419",28.3,23,19.4,"0.324","0.623","0.459",58.8
"LeMahieu, DJ",518934,"NYY","SI","Sinker",-0.5,-3,"531",23.6,"138","0.245","0.291","0.331",12,13,16.7,"0.276","0.353","0.361",33.7
"Baty, Brett",683146,"NYM","FF","4-Seam Fastball",0.3,2,"536",35.5,"138","0.237","0.398","0.351",27.1,21,22.7,"0.291","0.528","0.394",47.8
"Jones, Nolan",666134,"COL","FF","4-Seam Fastball",0.2,1,"745",41.2,"138","0.281","0.455","0.366",32.1,30.4,18.9,"0.215","0.387","0.305",30
"Sánchez, Jesús",660821,"MIA","FF","4-Seam Fastball",1.6,10,"632",38.1,"138","0.298","0.526","0.412",27.7,25.4,17.6,"0.257","0.499","0.384",49.4
"Arenado, Nolan",571448,"STL","FF","4-Seam Fastball",2.2,12,"575",25.2,"138","0.28","0.648","0.414",13.8,14.5,12.6,"0.291","0.644","0.404",46.3
"Biggio, Cavan",624415,"TOR","FF","4-Seam Fastball",-0.5,-2,"503",36.3,"137","0.264","0.43","0.345",14.5,18.2,17.2,"0.25","0.453","0.344",34
"Massey, Michael",686681,"KC","FF","4-Seam Fastball",-1.5,-9,"616",33.5,"137","0.189","0.377","0.285",19,20.4,14.5,"0.2","0.378","0.282",33.3
"Nimmo, Brandon",607043,"NYM","SI","Sinker",-0.5,-2,"476",16.7,"137","0.24","0.364","0.313",12.8,17.5,19.7,"0.265","0.448","0.349",52
"LeMahieu, DJ",518934,"NYY","FF","4-Seam Fastball",-0.2,-1,"710",31.5,"137","0.267","0.492","0.369",14.5,29.2,21.6,"0.252","0.463","0.351",66.3
"Semien, Marcus",543760,"TEX","SL","Slider",1.4,8,"553",19.8,"137","0.279","0.492","0.372",31.5,21.2,19.1,"0.251","0.405","0.321",30.5
"Mountcastle, Ryan",663624,"BAL","FF","4-Seam Fastball",-0.5,-3,"564",32.4,"137","0.256","0.405","0.323",25.7,29.9,20.2,"0.209","0.424","0.316",50
"Hernández, Enrique",571771,"LAD","FF","4-Seam Fastball",0.6,3,"556",28.3,"137","0.297","0.458","0.367",16.6,10.2,10.2,"0.257","0.392","0.329",31.1
"India, Jonathan",663697,"CIN","SI","Sinker",1.1,5,"457",20.7,"136","0.261","0.477","0.376",13.2,14,19.6,"0.275","0.49","0.383",43.2
"Guerrero Jr., Vladimir",665489,"TOR","SI","Sinker",0.8,4,"458",18.8,"136","0.265","0.419","0.366",10.5,7.4,11.5,"0.314","0.501","0.395",53.7
"Arenado, Nolan",571448,"STL","SL","Slider",0.8,4,"472",20.7,"136","0.267","0.458","0.331",28.9,20.6,18.5,"0.256","0.397","0.289",32.7
"Anderson, Tim",641313,"CWS","FF","4-Seam Fastball",-0.7,-4,"577",29.7,"136","0.281","0.388","0.331",27.6,32.4,25,"0.248","0.342","0.302",50
"Bogaerts, Xander",593428,"SD","SI","Sinker",0,0,"518",19.6,"135","0.297","0.432","0.367",13.7,11.1,15.8,"0.239","0.371","0.318",36.9
"Tovar, Ezequiel",678662,"COL","FF","4-Seam Fastball",0.1,1,"669",29.2,"135","0.252","0.48","0.346",25.8,31.9,19.6,"0.251","0.462","0.324",51.2
"Goldschmidt, Paul",502671,"STL","SI","Sinker",-0.1,-1,"515",18.1,"135","0.307","0.439","0.372",18.6,19.3,20.2,"0.302","0.519","0.395",55.6
"Wong, Connor",657136,"BOS","FF","4-Seam Fastball",-0.4,-2,"516",33.5,"135","0.235","0.429","0.337",32.4,30.4,26.5,"0.219","0.422","0.319",47.4
"Soler, Jorge",624585,"MIA","SL","Slider",0.1,1,"515",22.2,"135","0.193","0.353","0.294",35.9,23,19.3,"0.253","0.521","0.368",45.5
"Castellanos, Nick",592206,"PHI","SI","Sinker",-1,-5,"447",18.4,"135","0.29","0.427","0.349",17.8,17.8,29.3,"0.312","0.5","0.376",47
"Stephenson, Tyler",663886,"CIN","FF","4-Seam Fastball",1.6,9,"580",28.3,"135","0.319","0.526","0.424",23.8,26.7,22.1,"0.283","0.521","0.391",58
"Robert Jr., Luis",673357,"CWS","FF","4-Seam Fastball",3,17,"561",25.5,"135","0.309","0.691","0.449",33.4,31.9,23.1,"0.301","0.657","0.424",58.8
"Báez, Javier",595879,"DET","SL","Slider",-0.6,-3,"413",21.1,"134","0.25","0.359","0.285",31.6,20.1,21.8,"0.236","0.386","0.282",38.2
"Gurriel, Yuli",493329,"MIA","FF","4-Seam Fastball",-3.1,-14,"445",37.4,"134","0.19","0.248","0.226",17.3,13.4,14.2,"0.221","0.314","0.262",36.4
"Suárez, Eugenio",553993,"SEA","SI","Sinker",0.3,2,"511",17.6,"134","0.345","0.416","0.394",19.5,17.2,22.1,"0.311","0.445","0.382",35.2
"Joe, Connor",656582,"PIT","FF","4-Seam Fastball",-0.6,-3,"531",26.8,"134","0.229","0.449","0.341",12.9,14.9,13.4,"0.269","0.518","0.374",52
"Blackmon, Charlie",453568,"COL","FF","4-Seam Fastball",1.2,7,"574",37.8,"134","0.311","0.5","0.424",15.4,10.4,10,"0.248","0.392","0.353",35.1
"Suzuki, Seiya",673548,"CHC","FF","4-Seam Fastball",-0.5,-3,"682",27.9,"134","0.257","0.407","0.352",24.2,32.8,21.3,"0.264","0.496","0.38",68.6
"Grandal, Yasmani",518735,"CWS","FF","4-Seam Fastball",-0.1,-1,"581",35.4,"134","0.256","0.402","0.336",20.2,13.4,11.5,"0.235","0.399","0.323",41.4
"Springer, George",543807,"TOR","SL","Slider",-1.2,-7,"529",20.9,"134","0.183","0.317","0.251",32.5,21.6,17.6,"0.251","0.411","0.305",33.7
"Brennan, Will",686823,"CLE","FF","4-Seam Fastball",-1,-7,"671",41.7,"134","0.276","0.374","0.312",17.6,13.4,9.6,"0.253","0.311","0.284",25.5
"Cabrera, Miguel",408234,"DET","FF","4-Seam Fastball",0.5,3,"519",37.6,"134","0.307","0.474","0.387",21.3,17.9,17.8,"0.269","0.459","0.363",42.4
"DeJong, Paul",657557,"SF","FF","4-Seam Fastball",-0.4,-2,"476",33.4,"133","0.215","0.38","0.288",33.6,34.6,33.3,"0.204","0.375","0.282",31.6
"Grichuk, Randal",545341,"LAA","FF","4-Seam Fastball",-0.5,-3,"530",30.8,"133","0.252","0.437","0.343",20.2,13.5,13.4,"0.296","0.559","0.396",54.5
"Kim, Ha-Seong",673490,"SD","SI","Sinker",0.1,1,"526",19.3,"133","0.269","0.38","0.382",10.4,15.8,18.3,"0.281","0.423","0.37",37.1
"Pederson, Joc",592626,"SF","FF","4-Seam Fastball",1.2,7,"564",32.7,"133","0.227","0.518","0.378",21.8,23.3,18.1,"0.265","0.58","0.413",58.2
"Swanson, Dansby",621020,"CHC","SI","Sinker",-0.5,-3,"501",19.6,"132","0.277","0.384","0.347",16.7,12.9,14.3,"0.287","0.45","0.365",38.1
"Rodríguez, Julio",677594,"SEA","SI","Sinker",-0.9,-4,"440",17.5,"132","0.274","0.371","0.33",13.5,12.1,21.9,"0.292","0.408","0.328",52.8
"Torres, Gleyber",650402,"NYY","SI","Sinker",0.5,2,"436",16.5,"132","0.322","0.487","0.408",12.2,11.4,12.5,"0.31","0.49","0.388",47
"Yastrzemski, Mike",573262,"SF","FF","4-Seam Fastball",0.9,5,"579",36.8,"132","0.261","0.541","0.386",25.9,28.8,23.6,"0.232","0.529","0.369",50.7
"Turner, Justin",457759,"BOS","SI","Sinker",0.7,4,"512",19.2,"132","0.331","0.551","0.413",10.3,13.6,13.2,"0.3","0.487","0.369",39.6
"Franco, Wander",677551,"TB","CH","Changeup",-0.2,-1,"397",20.9,"131","0.248","0.368","0.308",16.2,9.2,11.7,"0.287","0.426","0.319",28.9
"McCormick, Chas",676801,"HOU","FF","4-Seam Fastball",3.3,18,"527",29.2,"131","0.349","0.736","0.495",26.1,17.6,14.4,"0.298","0.708","0.466",48.2
"France, Ty",664034,"SEA","SL","Slider",-1.2,-5,"416",17.2,"131","0.193","0.286","0.266",25.4,18.3,16.3,"0.234","0.406","0.311",37.9
"Tauchman, Mike",643565,"CHC","FF","4-Seam Fastball",0.8,6,"686",40.1,"131","0.265","0.431","0.38",22.8,28.2,18,"0.243","0.376","0.353",46.3
"Robert Jr., Luis",673357,"CWS","SL","Slider",-0.3,-1,"435",19.8,"131","0.206","0.421","0.287",42.9,36.6,30.8,"0.201","0.442","0.283",41
"Rutschman, Adley",668939,"BAL","CH","Changeup",0.2,1,"454",15.6,"130","0.263","0.331","0.301",20.7,10,9.2,"0.3","0.426","0.349",21.9
"Raley, Luke",670042,"TB","FF","4-Seam Fastball",1,5,"481",31.1,"130","0.276","0.543","0.397",33.2,26.2,24.3,"0.239","0.545","0.366",58.5
"Báez, Javier",595879,"DET","FF","4-Seam Fastball",-1.3,-8,"577",29.5,"130","0.179","0.295","0.277",33.9,33.1,23.6,"0.219","0.379","0.308",59.2
"France, Ty",664034,"SEA","SI","Sinker",-1.2,-6,"442",18.2,"130","0.259","0.362","0.311",13.6,9.2,14.6,"0.264","0.363","0.312",32.4
"Volpe, Anthony",683011,"NYY","SI","Sinker",0.2,1,"413",17.7,"130","0.274","0.451","0.359",13.5,16.9,27.2,"0.268","0.406","0.34",41.3
"Díaz, Yandy",650490,"TB","SI","Sinker",0.5,2,"494",21,"130","0.322","0.449","0.386",10.3,10.8,13.6,"0.301","0.425","0.351",56.7
"Jung, Josh",673962,"TEX","FF","4-Seam Fastball",1.2,7,"588",29.8,"129","0.28","0.559","0.397",28,34.9,21.8,"0.262","0.533","0.363",64.4
"Donovan, Brendan",680977,"STL","FF","4-Seam Fastball",0.1,1,"516",36.1,"129","0.312","0.431","0.389",11.5,14,14.1,"0.295","0.492","0.391",44
"Contreras, Willson",575929,"STL","FF","4-Seam Fastball",0.4,3,"587",30.1,"129","0.216","0.441","0.332",27.1,28.7,18.6,"0.244","0.484","0.358",53.3
"Arcia, Orlando",606115,"ATL","SI","Sinker",-0.1,-1,"489",22.9,"129","0.286","0.454","0.363",13.8,10.9,15.1,"0.249","0.386","0.303",39.6
"Altuve, Jose",514888,"HOU","FF","4-Seam Fastball",2.4,10,"423",27.2,"129","0.348","0.67","0.465",12.7,14,14.1,"0.261","0.534","0.381",38.3
"Peña, Jeremy",665161,"HOU","SL","Slider",-0.7,-3,"450",19.6,"129","0.238","0.377","0.301",33.5,19.4,17.6,"0.252","0.352","0.285",35.1
"Taylor, Chris",621035,"LAD","FF","4-Seam Fastball",0.2,1,"511",31.5,"129","0.241","0.455","0.348",29.6,29.5,21.7,"0.213","0.411","0.32",40.5
"Murphy, Sean",669221,"ATL","FF","4-Seam Fastball",3.9,18,"450",25.7,"129","0.324","0.667","0.47",26.3,28.7,23.4,"0.291","0.725","0.474",63.6
"Ozuna, Marcell",542303,"ATL","SI","Sinker",1.9,8,"431",18.2,"128","0.308","0.573","0.42",14.2,12.5,17,"0.333","0.622","0.433",51
"Moustakas, Mike",519058,"LAA","FF","4-Seam Fastball",-2,-11,"521",34.9,"128","0.212","0.305","0.251",24.6,28.9,22.8,"0.202","0.335","0.258",42.2
"Rojas, Miguel",500743,"LAD","FF","4-Seam Fastball",-0.3,-1,"449",30.9,"128","0.205","0.357","0.317",8.5,8.6,10.2,"0.221","0.333","0.287",29.1
"Bichette, Bo",666182,"TOR","SI","Sinker",0.4,2,"435",19.6,"127","0.322","0.446","0.36",7,10.2,13.7,"0.307","0.467","0.35",49.1
"Tovar, Ezequiel",678662,"COL","SL","Slider",0.3,1,"448",19.6,"127","0.276","0.488","0.35",35.3,26.8,22.1,"0.224","0.401","0.284",30.3
"Chisholm Jr., Jazz",665862,"MIA","FF","4-Seam Fastball",-0.2,-1,"480",31.1,"127","0.287","0.504","0.385",30.8,25.2,25.4,"0.228","0.442","0.318",43.5
"Happ, Ian",664023,"CHC","CH","Changeup",1,5,"460",16.1,"127","0.307","0.43","0.364",31.8,18.1,16.5,"0.267","0.419","0.335",26.1
"Baddoo, Akil",668731,"DET","FF","4-Seam Fastball",-0.4,-2,"531",37.7,"127","0.202","0.394","0.315",19.7,24.4,22.1,"0.235","0.462","0.351",44.9
"Freeman, Freddie",518692,"LAD","SI","Sinker",2.6,11,"430",15.6,"127","0.333","0.583","0.461",14.5,11,15.2,"0.352","0.639","0.459",50
"Olivares, Edward",658668,"KC","FF","4-Seam Fastball",-0.8,-4,"504",35.5,"126","0.243","0.417","0.313",18.2,19,17.3,"0.246","0.437","0.32",35.9
"Turner, Trea",607208,"PHI","SI","Sinker",-0.6,-3,"479",17.9,"126","0.306","0.421","0.353",11.1,9.5,10.8,"0.333","0.472","0.361",42.2
"Crawford, Brandon",543063,"SF","FF","4-Seam Fastball",-1.2,-6,"448",36.5,"126","0.215","0.355","0.303",19.4,17.5,18,"0.243","0.493","0.35",51.1
"Contreras, William",661388,"MIL","SI","Sinker",0.1,0,"493",20.4,"126","0.291","0.473","0.375",22.4,14.3,18.4,"0.258","0.444","0.35",57.6
"Arcia, Orlando",606115,"ATL","FF","4-Seam Fastball",1.5,8,"546",25.6,"126","0.264","0.518","0.377",23.6,19.8,14.4,"0.268","0.542","0.384",58.8
"Bell, Josh",605137,"MIA","CH","Changeup",-1.1,-6,"523",21.5,"126","0.195","0.28","0.24",35.7,27.8,24,"0.209","0.315","0.255",19.3
"Gallo, Joey",608336,"MIN","FF","4-Seam Fastball",0.7,3,"513",35.9,"126","0.191","0.527","0.346",39.6,39.7,29.8,"0.157","0.482","0.316",78.3
"Smith, Will",669257,"LAD","FF","4-Seam Fastball",-0.3,-2,"749",32.7,"126","0.19","0.37","0.327",25.4,24.6,13.8,"0.197","0.379","0.335",47.1
"Turner, Trea",607208,"PHI","SL","Slider",2.4,12,"499",18.7,"125","0.325","0.57","0.416",40.6,26.4,18.4,"0.249","0.393","0.313",40.7
"Springer, George",543807,"TOR","SI","Sinker",0,0,"452",17.9,"125","0.286","0.343","0.359",12.1,10.4,14,"0.285","0.363","0.349",48.9
"Kwan, Steven",680757,"CLE","SI","Sinker",-0.1,-1,"442",15.5,"125","0.27","0.423","0.343",7.7,6.4,9.2,"0.277","0.378","0.328",24.3
"Judge, Aaron",592450,"NYY","FF","4-Seam Fastball",3.9,19,"471",24.8,"125","0.352","0.8","0.518",28.9,26.4,26.8,"0.338","0.901","0.535",74
"Ibáñez, Andy",628451,"DET","FF","4-Seam Fastball",0,0,"467",33.9,"125","0.279","0.45","0.353",22.4,17.6,16.8,"0.266","0.473","0.357",46.7
"Adames, Willy",642715,"MIL","SI","Sinker",-0.5,-2,"435",16.8,"125","0.234","0.411","0.333",17.5,15.2,20.9,"0.264","0.418","0.349",29.7
"Duran, Ezequiel",677649,"TEX","FF","4-Seam Fastball",-1.1,-6,"520",31.4,"124","0.214","0.375","0.291",29.1,37.9,26.3,"0.219","0.428","0.31",48.5
"Pham, Tommy",502054,"AZ","FF","4-Seam Fastball",1.3,6,"491",25.6,"124","0.283","0.594","0.411",16.7,18.5,15,"0.335","0.635","0.455",58.8
"Riley, Austin",663586,"ATL","SL","Slider",-1.8,-9,"495",17.3,"124","0.171","0.306","0.238",38.5,32.3,22.9,"0.185","0.358","0.276",32.4
"Betts, Mookie",605141,"LAD","SL","Slider",2.6,11,"439",16.2,"124","0.291","0.609","0.428",26.2,21.8,18.2,"0.261","0.564","0.384",44.6
"Schwarber, Kyle",656941,"PHI","SI","Sinker",1.2,5,"452",14.7,"124","0.219","0.625","0.42",16.1,22.6,21.7,"0.269","0.662","0.45",53.6
"García Jr., Luis",671277,"WSH","FF","4-Seam Fastball",0.3,1,"411",24.2,"123","0.294","0.505","0.373",9.6,12.2,14.6,"0.27","0.503","0.366",46.9
"Acuña Jr., Ronald",660670,"ATL","SL","Slider",3,15,"505",18.2,"123","0.364","0.682","0.477",27.2,14.6,13.8,"0.371","0.688","0.473",57.6
"Stephenson, Tyler",663886,"CIN","SI","Sinker",-1.8,-8,"477",23.3,"123","0.241","0.33","0.304",18.7,17.9,22.2,"0.232","0.352","0.29",42.2
"Renfroe, Hunter",592669,"CIN","SL","Slider",-0.9,-5,"489",23.4,"123","0.211","0.342","0.278",34.9,27.6,23.9,"0.205","0.344","0.267",41.3
"Urías, Ramón",602104,"BAL","FF","4-Seam Fastball",-0.7,-3,"479",32.8,"123","0.234","0.414","0.317",29.7,34.1,29.4,"0.186","0.314","0.26",42
"Perez, Salvador",521692,"KC","SL","Slider",0,0,"423",20.5,"123","0.248","0.427","0.297",35.2,23.6,21.3,"0.24","0.466","0.313",38.9
"Witt Jr., Bobby",677951,"KC","SI","Sinker",-0.8,-3,"403",14.9,"123","0.301","0.434","0.341",8.1,7.3,9.6,"0.337","0.544","0.394",52.8
"Gomes, Yan",543228,"CHC","FF","4-Seam Fastball",-0.1,-1,"502",31.7,"123","0.281","0.447","0.335",22.5,19.5,16.4,"0.27","0.463","0.338",39.6
"Tatis Jr., Fernando",665487,"SD","SI","Sinker",0,0,"455",19.5,"122","0.28","0.411","0.361",16.7,11.5,17.3,"0.333","0.504","0.395",52.1
"Guerrero Jr., Vladimir",665489,"TOR","SL","Slider",0.8,3,"423",17.3,"122","0.29","0.449","0.354",26.4,13.1,12.8,"0.315","0.485","0.383",50.5
"Burger, Jake",669394,"MIA","FF","4-Seam Fastball",3.3,16,"484",23.6,"122","0.278","0.787","0.466",33.8,36.1,28.8,"0.26","0.717","0.435",59.4
"Peralta, David",444482,"LAD","FF","4-Seam Fastball",-1.6,-7,"467",30.5,"122","0.259","0.353","0.299",17.2,18.9,19.7,"0.28","0.396","0.304",42.6
"Torkelson, Spencer",679529,"DET","SL","Slider",0.4,2,"547",19.6,"121","0.216","0.369","0.31",30.9,34.7,22.1,"0.201","0.334","0.266",34.8
"Carpenter, Kerry",681481,"DET","FF","4-Seam Fastball",0.6,3,"549",31.4,"121","0.284","0.495","0.369",25.5,23.1,17.5,"0.268","0.502","0.361",51.9
"Torkelson, Spencer",679529,"DET","SI","Sinker",-0.3,-1,"428",15.3,"121","0.248","0.385","0.345",11.5,11.6,13.7,"0.307","0.539","0.393",60
"Sabol, Blake",666165,"SF","FF","4-Seam Fastball",0.1,0,"421",31,"120","0.255","0.434","0.34",27,31.7,25.7,"0.218","0.478","0.328",51.4
"Díaz, Elias",553869,"COL","FF","4-Seam Fastball",-0.8,-4,"573",28.9,"120","0.206","0.247","0.284",27.4,25.8,16.5,"0.229","0.361","0.338",51.5
"Arozarena, Randy",668227,"TB","SI","Sinker",0.8,4,"478",17.8,"119","0.284","0.484","0.397",19.6,16.8,20.6,"0.257","0.471","0.388",55.3
"Burger, Jake",669394,"MIA","SI","Sinker",-1.1,-4,"420",20.5,"119","0.264","0.425","0.345",13,9.2,13.9,"0.343","0.565","0.413",51
"Bae, Ji Hwan",678225,"PIT","FF","4-Seam Fastball",-0.3,-2,"552",36.7,"119","0.265","0.357","0.349",20.2,20.2,16.9,"0.251","0.341","0.33",46.1
"Anderson, Tim",641313,"CWS","SL","Slider",-4,-15,"381",19.6,"119","0.172","0.198","0.179",32,26.1,24.6,"0.232","0.306","0.245",41.2
"Rojas, Josh",668942,"SEA","FF","4-Seam Fastball",-1.2,-5,"443",32.8,"119","0.243","0.369","0.31",23,24.4,22,"0.224","0.358","0.299",40.3
"Soto, Juan",665742,"SD","SI","Sinker",1.9,9,"453",15.6,"119","0.277","0.532","0.415",12.8,14.3,17.5,"0.304","0.546","0.431",57.7
"Lowe, Nathaniel",663993,"TEX","SI","Sinker",-1.8,-8,"450",14.8,"119","0.186","0.265","0.282",15.3,18.5,20.2,"0.237","0.329","0.311",40
"Kim, Ha-Seong",673490,"SD","SL","Slider",-0.1,-1,"494",18.1,"119","0.255","0.327","0.283",24.7,24.4,17.1,"0.219","0.307","0.248",16.5
"Arozarena, Randy",668227,"TB","SL","Slider",-1.4,-8,"562",21,"119","0.16","0.217","0.24",33,29.4,20.1,"0.194","0.305","0.265",44.4
"Ramírez, José",608070,"CLE","CH","Changeup",0.1,0,"468",17.9,"119","0.273","0.409","0.336",23.3,10.9,12.1,"0.285","0.426","0.327",37.4
"Bailey, Patrick",672275,"SF","FF","4-Seam Fastball",-0.6,-3,"513",36.4,"119","0.239","0.394","0.311",23.4,27.7,20.2,"0.251","0.451","0.327",45.5
"De La Cruz, Bryan",650559,"MIA","SI","Sinker",0.8,4,"448",18.2,"118","0.312","0.468","0.398",15.7,7.6,8.8,"0.345","0.573","0.415",51
"Castellanos, Nick",592206,"PHI","SL","Slider",1.7,8,"490",20.2,"118","0.304","0.616","0.404",49.8,33.1,23.6,"0.246","0.455","0.311",40.5
"García, Adolis",666969,"TEX","SL","Slider",1.8,8,"450",17.6,"118","0.26","0.548","0.381",35.9,22.9,17.5,"0.257","0.576","0.388",50.6
"Lowe, Brandon",664040,"TB","FF","4-Seam Fastball",1,5,"530",30.8,"118","0.235","0.49","0.379",26.9,26.3,18.2,"0.26","0.622","0.421",56.7
"Abreu, José",547989,"HOU","SL","Slider",-0.1,0,"416",17.3,"118","0.237","0.456","0.289",33.6,22,19.4,"0.233","0.432","0.29",35.2
"Straw, Myles",664702,"CLE","SI","Sinker",-2.4,-8,"350",17.6,"118","0.25","0.315","0.281",4.2,9.3,15.7,"0.251","0.32","0.273",26
"Kelenic, Jarred",672284,"SEA","FF","4-Seam Fastball",1.9,8,"430",25.8,"117","0.333","0.571","0.425",26.4,29.1,23.9,"0.305","0.585","0.407",56.3
"Berti, Jon",542932,"MIA","FF","4-Seam Fastball",-0.3,-2,"514",32.4,"117","0.298","0.413","0.347",18.1,19.7,16.5,"0.284","0.441","0.35",35.4
"Rogers, Jake",668670,"DET","FF","4-Seam Fastball",0.3,2,"465",32.7,"117","0.262","0.602","0.392",27.5,24.8,20.9,"0.276","0.616","0.408",57.9
"Franco, Wander",677551,"TB","FF","4-Seam Fastball",1.5,8,"565",29.7,"117","0.313","0.563","0.44",15.4,15.4,10.6,"0.329","0.625","0.451",59.5
"Lindor, Francisco",596019,"NYM","SL","Slider",1,4,"414",15.1,"117","0.221","0.452","0.329",29.5,26.5,21.4,"0.233","0.446","0.331",43.8
"Doyle, Brenton",686668,"COL","FF","4-Seam Fastball",-2,-9,"481",30.2,"117","0.209","0.345","0.274",31,38.5,32.8,"0.211","0.36","0.266",42.4
"McNeil, Jeff",643446,"NYM","SI","Sinker",-1,-3,"343",15.6,"116","0.282","0.398","0.331",9.1,6,10.9,"0.269","0.36","0.311",28.3
"Kiner-Falefa, Isiah",643396,"NYY","FF","4-Seam Fastball",0.2,1,"469",32.3,"116","0.277","0.396","0.342",12.4,19.8,16,"0.299","0.463","0.371",49.4
"Gurriel Jr., Lourdes",666971,"AZ","SI","Sinker",-0.1,-1,"462",20.8,"116","0.311","0.495","0.38",9,7.8,10,"0.286","0.477","0.365",50.5
"Dubón, Mauricio",643289,"HOU","FF","4-Seam Fastball",-1.7,-8,"495",29.6,"116","0.266","0.358","0.293",21.7,16.4,14.1,"0.258","0.366","0.285",40.2
"Neto, Zach",687263,"LAA","FF","4-Seam Fastball",-0.1,0,"384",29.8,"116","0.225","0.431","0.318",20.1,20.7,18.8,"0.253","0.503","0.349",54.3
"Stanton, Giancarlo",519317,"NYY","FF","4-Seam Fastball",1.2,5,"469",27.3,"116","0.206","0.549","0.369",33.3,35.3,28.1,"0.239","0.597","0.388",59
"Adames, Willy",642715,"MIL","SL","Slider",-0.6,-3,"507",19.5,"116","0.22","0.413","0.295",39.9,31,19.1,"0.232","0.428","0.3",32.4
"Peña, Jeremy",665161,"HOU","SI","Sinker",-0.4,-2,"406",17.7,"115","0.287","0.366","0.348",13.2,14.8,22.1,"0.321","0.403","0.363",33.3
"Correa, Carlos",621043,"MIN","SL","Slider",-0.2,-1,"460",20.4,"115","0.215","0.402","0.293",35.4,30.4,23.3,"0.209","0.347","0.269",43.8
"Fraley, Jake",641584,"CIN","FF","4-Seam Fastball",0.3,1,"481",33.9,"115","0.267","0.457","0.343",19.5,14.8,13.7,"0.278","0.431","0.338",27.3
"Meneses, Joey",608841,"WSH","SL","Slider",0.8,4,"531",20.9,"115","0.253","0.374","0.334",31.9,21.7,14.6,"0.233","0.35","0.302",32.5
"Olson, Matt",621566,"ATL","SI","Sinker",1.3,5,"417",13.5,"115","0.316","0.592","0.417",24.7,20,20.4,"0.307","0.585","0.412",56.4
"Canha, Mark",592192,"MIL","SI","Sinker",0.3,1,"453",21.7,"115","0.373","0.48","0.394",10.9,7.8,9.1,"0.29","0.405","0.341",37.9
"Pratto, Nick",668472,"KC","FF","4-Seam Fastball",-1.7,-9,"522",36,"115","0.194","0.311","0.261",25.9,40.9,27.3,"0.2","0.377","0.285",45.6
"De La Cruz, Bryan",650559,"MIA","SL","Slider",-0.1,0,"522",21.2,"115","0.257","0.431","0.309",36.4,23.5,16.3,"0.288","0.426","0.323",32.5
"Hernández, Teoscar",606192,"SEA","SI","Sinker",0.1,1,"451",16.9,"115","0.287","0.436","0.367",18.8,16.5,19,"0.305","0.513","0.391",43.9
"Volpe, Anthony",683011,"NYY","SL","Slider",-1.9,-8,"440",18.8,"115","0.151","0.283","0.232",31.7,26.1,21.6,"0.211","0.367","0.28",35.5
"Anderson, Brian",605119,"MIL","FF","4-Seam Fastball",-0.8,-3,"440",30.5,"114","0.212","0.354","0.289",34.3,32.5,25.9,"0.194","0.36","0.3",50
"Albies, Ozzie",645277,"ATL","CH","Changeup",-0.7,-3,"408",15.9,"114","0.21","0.362","0.278",20.1,14.9,13.4,"0.246","0.402","0.303",27.8
"Rosario, Amed",642708,"LAD","SL","Slider",-1.2,-4,"373",18.9,"114","0.222","0.324","0.272",27.8,24.6,22.6,"0.217","0.325","0.25",39
"Soler, Jorge",624585,"MIA","SI","Sinker",-0.1,-1,"453",19.6,"114","0.294","0.471","0.371",14.7,21.9,27.2,"0.259","0.46","0.336",46.8
"Merrifield, Whit",593160,"TOR","SI","Sinker",-0.4,-1,"378",17.2,"113","0.305","0.39","0.349",7.3,9.7,11.8,"0.282","0.363","0.31",28.7
"Robert Jr., Luis",673357,"CWS","SI","Sinker",-0.4,-2,"383",17.4,"113","0.248","0.396","0.334",19.1,16.8,22.1,"0.273","0.415","0.334",28.9
"Machado, Manny",592518,"SD","SI","Sinker",1.3,6,"421",18.4,"113","0.343","0.566","0.43",13.7,9.7,13.4,"0.308","0.481","0.376",55.1
"Torres, Gleyber",650402,"NYY","SL","Slider",0.2,1,"521",19.7,"113","0.271","0.396","0.325",25.2,11.5,9.2,"0.283","0.433","0.353",32.2
"Semien, Marcus",543760,"TEX","SI","Sinker",2.5,10,"396",14.1,"113","0.388","0.663","0.49",9.2,11.5,18.1,"0.306","0.499","0.39",43.5
"Thaiss, Matt",642136,"LAA","FF","4-Seam Fastball",-0.6,-3,"505",40.7,"113","0.176","0.33","0.296",40,31.9,26.5,"0.208","0.434","0.356",38.6
"Estrada, Thairo",642731,"SF","SI","Sinker",-0.8,-3,"384",20,"113","0.333","0.39","0.35",8.1,11.5,17.1,"0.283","0.355","0.307",37
"Wendle, Joey",621563,"MIA","FF","4-Seam Fastball",-1.7,-7,"412",34.9,"113","0.231","0.315","0.29",15.6,19.5,18.5,"0.26","0.361","0.288",41.9
"Wisdom, Patrick",621550,"CHC","FF","4-Seam Fastball",-1.1,-6,"518",39.3,"112","0.134","0.299","0.244",34,37.5,23.3,"0.17","0.369","0.281",44.6
"Arcia, Orlando",606115,"ATL","SL","Slider",-1.5,-7,"438",20.5,"112","0.19","0.276","0.237",33.3,25,21.5,"0.212","0.313","0.253",37.2
"Olson, Matt",621566,"ATL","SL","Slider",1.9,9,"450",14.6,"112","0.26","0.594","0.405",35.7,28.6,17.9,"0.248","0.611","0.403",50
"Goldschmidt, Paul",502671,"STL","SL","Slider",0.2,1,"544",19.1,"112","0.225","0.441","0.325",35.7,30.4,16.8,"0.21","0.443","0.317",38.2
"Thomas, Lane",657041,"WSH","SL","Slider",0.6,3,"457",17.4,"112","0.236","0.434","0.308",34,31.3,25,"0.236","0.43","0.301",37.5
"McLain, Matt",680574,"CIN","FF","4-Seam Fastball",0.5,2,"488",29.2,"111","0.273","0.566","0.398",24.3,27,19.6,"0.278","0.567","0.391",47.8
"Machado, Manny",592518,"SD","SL","Slider",2.8,12,"424",18.6,"111","0.272","0.65","0.396",28.8,16.2,13.6,"0.244","0.522","0.329",38.2
"Contreras, Willson",575929,"STL","SI","Sinker",0.3,1,"371",19,"111","0.3","0.511","0.423",13,9,18.2,"0.342","0.586","0.449",56.8
"Brown, Seth",664913,"ATH","FF","4-Seam Fastball",-1.4,-6,"423",29.3,"111","0.242","0.384","0.309",18.6,17.1,15.3,"0.248","0.432","0.328",53.1
"Ohtani, Shohei",660271,"LAA","SL","Slider",1.8,7,"409",17.8,"111","0.227","0.515","0.365",41.3,34.2,28.8,"0.219","0.56","0.374",47.5
"Alonso, Pete",624413,"NYM","SL","Slider",1.4,6,"424",16.5,"111","0.198","0.584","0.362",43.6,39.6,32.8,"0.226","0.582","0.366",48.3
"Laureano, Ramón",657656,"CLE","FF","4-Seam Fastball",0.8,4,"520",31.5,"110","0.301","0.495","0.404",24.8,28.2,17.9,"0.244","0.422","0.347",37.1
"Buxton, Byron",621439,"MIN","FF","4-Seam Fastball",-0.3,-1,"401",29.3,"110","0.209","0.418","0.32",31.7,36.4,29.9,"0.187","0.455","0.34",57.4
"McMahon, Ryan",641857,"COL","SL","Slider",-0.9,-3,"380",13.9,"110","0.175","0.32","0.261",44.3,44.5,27.7,"0.164","0.304","0.255",49
"Sheets, Gavin",657757,"CWS","FF","4-Seam Fastball",-2.5,-11,"429",30.2,"110","0.182","0.323","0.265",13.6,12.7,13.5,"0.204","0.38","0.285",32.6
"Suárez, Eugenio",553993,"SEA","SL","Slider",-0.4,-2,"529",18.2,"109","0.21","0.41","0.293",38.8,33,19.8,"0.187","0.34","0.251",39.4
"Escobar, Eduardo",500871,"LAA","FF","4-Seam Fastball",-0.5,-2,"474",38.8,"109","0.24","0.365","0.3",31.1,26.6,20.9,"0.223","0.369","0.298",40.6
"Vaughn, Andrew",683734,"CWS","SI","Sinker",0.7,3,"363",15.7,"109","0.33","0.52","0.401",12.6,11,16.2,"0.305","0.529","0.383",55.7
"Castro, Willi",650489,"MIN","FF","4-Seam Fastball",1.5,8,"533",33.6,"109","0.378","0.633","0.472",27.7,28.4,17.7,"0.272","0.45","0.37",36.7
"Burger, Jake",669394,"MIA","SL","Slider",0.7,3,"409",20,"109","0.22","0.49","0.339",50.7,33,27.1,"0.225","0.426","0.304",50.8
"Arias, Gabriel",672356,"CLE","FF","4-Seam Fastball",-1.3,-6,"463",34.4,"109","0.129","0.323","0.262",39.1,41.3,26,"0.2","0.436","0.329",56.3
"Ramírez, Harold",623912,"TB","FF","4-Seam Fastball",2.6,10,"371",23.7,"109","0.371","0.619","0.445",22.4,15.6,13.3,"0.325","0.567","0.408",48.8
"Pham, Tommy",502054,"AZ","SI","Sinker",-1.3,-5,"376",19.6,"109","0.306","0.398","0.341",8,10.1,14.9,"0.326","0.491","0.386",54.5
"Hays, Austin",669720,"BAL","SL","Slider",-0.4,-2,"434",20.5,"109","0.245","0.382","0.292",36.1,28.4,22,"0.255","0.455","0.314",43.8
"Joe, Connor",656582,"PIT","SI","Sinker",0.8,3,"387",19.5,"109","0.315","0.5","0.401",15.8,16.5,17,"0.252","0.366","0.329",42.7
"Cabrera, Oswaldo",665828,"NYY","FF","4-Seam Fastball",-1.1,-5,"427",35,"109","0.242","0.316","0.289",19.2,17.4,15.4,"0.231","0.37","0.3",36.7
"Jung, Josh",673962,"TEX","SL","Slider",-2,-9,"427",21.6,"108","0.196","0.265","0.23",38.6,30.6,22.8,"0.224","0.366","0.268",35.7
"Bichette, Bo",666182,"TOR","SL","Slider",-0.2,-1,"366",16.4,"108","0.274","0.377","0.324",29.2,24.1,21.5,"0.32","0.445","0.337",31.3
"Paredes, Isaac",670623,"TB","SI","Sinker",1.5,7,"454",19.2,"108","0.281","0.573","0.431",7.5,6.5,7.1,"0.26","0.489","0.383",31.7
"Dubón, Mauricio",643289,"HOU","SI","Sinker",-1,-3,"320",19.2,"108","0.255","0.382","0.321",8.2,11.1,19.4,"0.258","0.372","0.295",36.7
"Murphy, Sean",669221,"ATL","SI","Sinker",-1.1,-4,"409",23.4,"108","0.225","0.326","0.32",17.8,15.7,20,"0.259","0.392","0.354",36.1
"Tatis Jr., Fernando",665487,"SD","SL","Slider",0,0,"422",18.1,"108","0.265","0.461","0.325",33.1,22.2,18.6,"0.285","0.527","0.359",51.9
"Arraez, Luis",650333,"MIA","SI","Sinker",0.7,3,"399",18.5,"108","0.35","0.515","0.391",8,6.5,9.7,"0.32","0.478","0.354",34
"Hayes, Ke'Bryan",663647,"PIT","SI","Sinker",-0.9,-4,"411",21.3,"108","0.304","0.402","0.33",12.8,13.9,23.1,"0.305","0.43","0.338",57.5
"Moncada, Yoán",660162,"CWS","FF","4-Seam Fastball",-1,-4,"432",31.1,"108","0.267","0.426","0.327",21.1,25.9,25,"0.29","0.511","0.363",50.7
"Chapman, Matt",656305,"TOR","SI","Sinker",1.2,5,"395",16.1,"108","0.32","0.58","0.423",18.1,17.6,21.6,"0.275","0.551","0.381",58
"Bleday, JJ",668709,"ATH","FF","4-Seam Fastball",1.5,6,"385",31.7,"108","0.229","0.494","0.392",25,18.5,18,"0.245","0.533","0.406",51.6
"Correa, Carlos",621043,"MIN","SI","Sinker",-1.3,-6,"438",19.4,"107","0.236","0.315","0.32",11.4,8.4,10.5,"0.27","0.35","0.344",41.3
"Caballero, José",676609,"SEA","FF","4-Seam Fastball",0.2,1,"394",34.6,"107","0.226","0.393","0.351",20.6,23.4,22.9,"0.159","0.314","0.304",31.7
"Arenado, Nolan",571448,"STL","SI","Sinker",-0.4,-2,"462",20.2,"107","0.28","0.441","0.371",6.5,9.3,11.2,"0.265","0.402","0.336",39.3
"Bogaerts, Xander",593428,"SD","SL","Slider",1.2,6,"471",17.8,"107","0.309","0.515","0.379",28.6,20.6,15.8,"0.262","0.381","0.308",21.1
"Kirk, Alejandro",672386,"TOR","FF","4-Seam Fastball",0,0,"527",30.6,"107","0.315","0.416","0.383",9.8,7.5,4.9,"0.268","0.416","0.36",54.3
"Kirilloff, Alex",666135,"MIN","FF","4-Seam Fastball",2.1,9,"428",34.5,"107","0.33","0.604","0.435",21,18.7,18,"0.311","0.572","0.418",45.8
"Jiménez, Eloy",650391,"CWS","FF","4-Seam Fastball",-0.6,-2,"378",22,"107","0.253","0.455","0.324",14.7,15.9,17.3,"0.27","0.501","0.345",49.4
"Paredes, Isaac",670623,"TB","SL","Slider",0.6,3,"465",19.7,"106","0.216","0.443","0.327",26.4,23.6,14.7,"0.219","0.36","0.278",20.5
"Reynolds, Bryan",668804,"PIT","CH","Changeup",-0.8,-4,"472",18.7,"106","0.214","0.347","0.289",39.7,25.5,19.9,"0.226","0.363","0.285",25
"Kiermaier, Kevin",595281,"TOR","FF","4-Seam Fastball",2.6,11,"417",27.7,"106","0.404","0.638","0.478",18.3,17,15.3,"0.311","0.429","0.359",40.3
"Steer, Spencer",668715,"CIN","SL","Slider",1.6,6,"396",14.8,"106","0.265","0.469","0.354",29.7,28.3,21.7,"0.251","0.382","0.293",38.6
"Freeman, Freddie",518692,"LAD","SL","Slider",2.9,12,"425",15.4,"106","0.311","0.656","0.462",33.2,23.6,17.7,"0.316","0.633","0.444",36.9
"Heyward, Jason",518792,"LAD","FF","4-Seam Fastball",2.5,10,"420",29.2,"106","0.344","0.667","0.461",9.1,4.7,4.8,"0.295","0.534","0.4",48.8
"Drury, Brandon",592273,"LAA","SL","Slider",0.3,1,"419",21.3,"106","0.257","0.426","0.305",38.9,32.1,23.1,"0.219","0.375","0.268",42.6
"Contreras, William",661388,"MIL","SL","Slider",2.6,11,"411",17,"106","0.319","0.617","0.428",31.6,21.7,16.4,"0.272","0.53","0.365",49.3
"Vázquez, Christian",543877,"MIN","FF","4-Seam Fastball",1.6,6,"386",29.2,"106","0.28","0.516","0.379",29.7,25.5,23.1,"0.223","0.366","0.302",37.3
"Farmer, Kyle",571657,"MIN","FF","4-Seam Fastball",-1.4,-6,"430",30.8,"106","0.26","0.292","0.29",20.2,19.8,18.4,"0.255","0.35","0.295",32.9
"Jiménez, Eloy",650391,"CWS","SI","Sinker",-0.3,-1,"319",18.6,"105","0.293","0.475","0.363",14.2,11.4,25,"0.282","0.463","0.341",51.7
"Abreu, José",547989,"HOU","SI","Sinker",-1.6,-7,"428",17.8,"105","0.26","0.302","0.301",12.6,10.5,13.4,"0.269","0.324","0.294",45.3
"Tucker, Kyle",663656,"HOU","SL","Slider",1.6,6,"400",15.6,"105","0.231","0.516","0.365",21.9,17.1,14.6,"0.229","0.423","0.323",37.8
"Smith, Will",669257,"LAD","SI","Sinker",0.2,1,"426",18.6,"105","0.268","0.415","0.374",7.5,6.7,5.9,"0.343","0.528","0.438",48.1
"Thomas, Alek",677950,"AZ","FF","4-Seam Fastball",0.9,4,"443",29.8,"105","0.333","0.527","0.404",22.6,15.2,12.7,"0.321","0.527","0.397",53.8
"Witt Jr., Bobby",677951,"KC","SL","Slider",-1.3,-6,"443",16.4,"105","0.212","0.374","0.262",28.8,17.1,12.9,"0.237","0.442","0.298",32.5
"Raleigh, Cal",663728,"SEA","CH","Changeup",0,0,"413",17.7,"105","0.219","0.427","0.309",37.7,23.8,19.4,"0.226","0.407","0.304",23.9
"Walker, Christian",572233,"AZ","SL","Slider",0.5,2,"439",16.4,"105","0.217","0.467","0.32",36.1,22.9,18.2,"0.22","0.449","0.314",40.3
"Andrus, Elvis",462101,"CWS","SI","Sinker",-3.3,-12,"361",22.7,"105","0.188","0.208","0.225",17.6,19,23.8,"0.217","0.259","0.251",36.4
"Smith, Will",669257,"LAD","SL","Slider",2.2,8,"369",16.1,"105","0.3","0.522","0.376",18.9,12.4,10.2,"0.287","0.501","0.363",40.2
"Senzel, Nick",669222,"CIN","FF","4-Seam Fastball",0.5,2,"355",29.9,"104","0.216","0.443","0.323",21.4,26.9,28,"0.238","0.406","0.302",46.4
"Benson, Will",666181,"CIN","FF","4-Seam Fastball",1.1,5,"467",34.1,"104","0.299","0.54","0.413",27.9,27.9,21.3,"0.249","0.475","0.37",52.5
"García, Adolis",666969,"TEX","SI","Sinker",1.1,4,"370",14.4,"104","0.264","0.46","0.399",15.3,14.4,22.4,"0.297","0.539","0.414",56.2
"Carroll, Corbin",682998,"AZ","SL","Slider",2.4,8,"349",14.4,"104","0.326","0.6","0.412",29.2,23.1,24.2,"0.247","0.414","0.317",47.9
"Vaughn, Andrew",683734,"CWS","SL","Slider",1,5,"443",19.1,"104","0.247","0.43","0.349",36.7,23.1,18.3,"0.225","0.394","0.308",44.9
"Soto, Juan",665742,"SD","SL","Slider",2.9,12,"412",14.2,"104","0.35","0.55","0.452",31.7,27.9,22.5,"0.274","0.465","0.402",55.8
"Isbel, Kyle",664728,"KC","FF","4-Seam Fastball",0.5,2,"392",34.8,"103","0.301","0.581","0.394",13,13.6,14.1,"0.284","0.515","0.362",48.1
"Moniak, Mickey",666160,"LAA","FF","4-Seam Fastball",0.2,1,"394",34.3,"103","0.265","0.582","0.37",39,38.8,30.8,"0.232","0.545","0.341",51.7
"Hoerner, Nico",663538,"CHC","SL","Slider",0.3,1,"408",16.1,"103","0.273","0.343","0.307",22.3,21.4,16.7,"0.279","0.337","0.282",25.6
"Garver, Mitch",641598,"TEX","FF","4-Seam Fastball",2,8,"382",26.7,"103","0.317","0.634","0.462",20.1,24.3,21.7,"0.327","0.715","0.487",59.6
"Reynolds, Bryan",668804,"PIT","SI","Sinker",-0.1,0,"361",14.3,"103","0.305","0.463","0.354",15.2,17.5,23.7,"0.319","0.548","0.386",52.6
"Duran, Jarren",680776,"BOS","FF","4-Seam Fastball",-0.3,-1,"520",37.2,"103","0.29","0.462","0.352",22.1,25.2,16.8,"0.255","0.386","0.312",47.1
"Meyers, Jake",676694,"HOU","FF","4-Seam Fastball",-1.2,-5,"375",28.3,"103","0.222","0.356","0.299",17.8,22.3,18.5,"0.215","0.355","0.295",35.3
"Lowe, Nathaniel",663993,"TEX","SL","Slider",-0.3,-1,"356",11.7,"103","0.208","0.385","0.284",24.2,29.1,20.5,"0.238","0.441","0.309",29.9
"Davis, J.D.",605204,"SF","SI","Sinker",-1.9,-8,"412",19.7,"103","0.198","0.33","0.299",17.5,20.4,24.4,"0.222","0.351","0.299",35.7
"Rooker, Brent",667670,"ATH","SI","Sinker",-0.6,-2,"374",17.4,"103","0.293","0.457","0.365",14.6,15.5,18.8,"0.288","0.485","0.364",45.5
"Vargas, Ildemaro",545121,"WSH","FF","4-Seam Fastball",0.1,0,"349",34.1,"102","0.283","0.467","0.357",7.4,2,2.2,"0.289","0.455","0.345",31.2
"Outman, James",681546,"LAD","SL","Slider",-0.9,-3,"361",15.3,"102","0.209","0.363","0.295",49.2,44.1,34.9,"0.166","0.305","0.247",29.8
"Santander, Anthony",623993,"BAL","CH","Changeup",0.5,2,"386",14,"102","0.217","0.359","0.293",24.9,19.6,14.9,"0.239","0.423","0.325",37
"Mountcastle, Ryan",663624,"BAL","SL","Slider",1,3,"324",18.6,"102","0.269","0.516","0.35",31.9,17.6,19.1,"0.279","0.567","0.373",42.9
"Hicks, Aaron",543305,"BAL","FF","4-Seam Fastball",0.8,3,"409",30.2,"102","0.31","0.476","0.402",23,19.6,16.1,"0.223","0.326","0.318",35.9
"Bohm, Alec",664761,"PHI","SL","Slider",1.1,4,"366",16.3,"102","0.298","0.479","0.355",25,12.7,10.8,"0.277","0.422","0.327",35.4
"McLain, Matt",680574,"CIN","SI","Sinker",2.7,9,"348",20.8,"101","0.379","0.621","0.475",11.8,15.8,17.4,"0.334","0.532","0.415",54.9
"Grichuk, Randal",545341,"LAA","SI","Sinker",1.3,4,"322",18.7,"101","0.359","0.554","0.42",15.2,10.9,16.4,"0.292","0.466","0.357",39.5
"Andrus, Elvis",462101,"CWS","FF","4-Seam Fastball",-0.3,-1,"379",23.8,"101","0.264","0.471","0.363",13.4,8.9,7.7,"0.247","0.422","0.337",38
"Ozuna, Marcell",542303,"ATL","SL","Slider",1.4,6,"442",18.7,"101","0.253","0.568","0.372",34,29.7,21.3,"0.227","0.514","0.331",38.5
"Wiemer, Joey",686894,"MIL","FF","4-Seam Fastball",0.6,2,"371",23.4,"101","0.244","0.511","0.367",27.6,29.7,25.4,"0.202","0.446","0.316",51.7
"Dubón, Mauricio",643289,"HOU","SL","Slider",0.5,2,"340",20.3,"101","0.296","0.429","0.322",19.9,15.8,14.7,"0.266","0.389","0.287",15.7
"Sosa, Edmundo",624641,"PHI","FF","4-Seam Fastball",0.2,1,"374",33.2,"101","0.25","0.398","0.329",32.3,25.7,20.3,"0.215","0.336","0.29",34.9
"Vierling, Matt",663837,"DET","SL","Slider",1.1,4,"387",18.3,"101","0.274","0.442","0.349",25.1,20.8,16.8,"0.255","0.42","0.313",40.5
"Schwarber, Kyle",656941,"PHI","SL","Slider",-0.9,-4,"465",15.2,"101","0.096","0.193","0.218",46.2,41.6,28.2,"0.138","0.267","0.261",35.7
"Jeffers, Ryan",680777,"MIN","FF","4-Seam Fastball",-1.1,-4,"410",30.9,"101","0.235","0.353","0.31",23.4,33.7,23.4,"0.184","0.344","0.286",38.9
"Swanson, Dansby",621020,"CHC","SL","Slider",0.1,0,"474",18.5,"100","0.226","0.333","0.318",39.8,29,19,"0.184","0.323","0.294",34.5
"Díaz, Yandy",650490,"TB","SL","Slider",2.2,8,"376",16,"100","0.33","0.516","0.388",26.8,24,19.8,"0.288","0.457","0.362",48.5
"Burleson, Alec",676475,"STL","FF","4-Seam Fastball",0.1,1,"364",29.4,"100","0.242","0.473","0.324",19.5,14,13.7,"0.298","0.609","0.398",43
"McCutchen, Andrew",457705,"PIT","SI","Sinker",0.5,2,"357",17.8,"100","0.303","0.421","0.387",16.1,17,20.5,"0.295","0.445","0.397",53.2
"Call, Alex",669743,"WSH","SI","Sinker",-0.4,-2,"369",20.1,"100","0.247","0.383","0.358",9.4,8,9.8,"0.239","0.408","0.352",32.4
"Caratini, Victor",605170,"MIL","FF","4-Seam Fastball",0.7,2,"272",33.8,"100","0.292","0.438","0.36",12.8,11,14.7,"0.284","0.42","0.337",41.8
"Alvarez, Francisco",682626,"NYM","FF","4-Seam Fastball",2.5,10,"413",25.5,"100","0.294","0.706","0.458",35.3,27,25.5,"0.259","0.663","0.427",65.5
"Stott, Bryson",681082,"PHI","SI","Sinker",1.1,4,"398",14.9,"100","0.359","0.522","0.434",9.2,6,5.9,"0.322","0.435","0.357",38.4
"Waters, Drew",671221,"KC","FF","4-Seam Fastball",-1,-4,"443",33.6,"100","0.244","0.367","0.317",25.2,24,18.3,"0.238","0.401","0.314",33.3
"Taylor, Michael A.",572191,"MIN","FF","4-Seam Fastball",-0.7,-3,"409",26.8,"99","0.176","0.4","0.302",32.4,37.4,29.1,"0.209","0.485","0.344",46.9
"Devers, Rafael",646240,"BOS","SI","Sinker",-0.3,-1,"318",12.3,"99","0.323","0.441","0.359",21.3,17.2,21.5,"0.296","0.443","0.34",51.3
"Duvall, Adam",594807,"BOS","FF","4-Seam Fastball",0.7,3,"368",27.5,"99","0.269","0.688","0.415",28.1,31.3,27.4,"0.206","0.579","0.347",61.9
"Tucker, Kyle",663656,"HOU","SI","Sinker",0.9,3,"355",13.8,"99","0.293","0.512","0.399",9.4,7.1,7.4,"0.33","0.548","0.426",51.9
"Contreras, Willson",575929,"STL","SL","Slider",0.8,3,"360",18.5,"99","0.25","0.467","0.328",34.6,28.3,22.6,"0.274","0.517","0.352",40
"Espinal, Santiago",669289,"TOR","FF","4-Seam Fastball",-1,-3,"356",36,"98","0.262","0.357","0.329",15.3,15.3,15.6,"0.297","0.415","0.361",36.6
"Tovar, Ezequiel",678662,"COL","SI","Sinker",1.6,6,"358",15.6,"98","0.391","0.506","0.444",19.6,11.2,13.3,"0.313","0.42","0.354",38.5
"Santana, Carlos",467793,"MIL","SI","Sinker",1,3,"324",13.2,"98","0.291","0.519","0.406",16.5,14.3,25,"0.235","0.387","0.342",37.9
"Hernández, Enrique",571771,"LAD","SI","Sinker",-2.4,-7,"308",15.7,"98","0.228","0.315","0.265",12.2,15.3,21.7,"0.235","0.361","0.282",40.3
"Bauers, Jake",641343,"NYY","FF","4-Seam Fastball",0.4,1,"398",34,"98","0.23","0.483","0.353",30.8,33.7,24.3,"0.232","0.521","0.357",57.4
"Yoshida, Masataka",807799,"BOS","SI","Sinker",-0.4,-1,"330",15,"98","0.287","0.394","0.335",11.7,11.2,15.7,"0.237","0.321","0.262",36.1
"Yelich, Christian",592885,"MIL","SI","Sinker",1,4,"388",15.2,"97","0.302","0.523","0.391",12.5,14.4,14,"0.306","0.541","0.399",51.4
"Stallings, Jacob",607732,"MIA","FF","4-Seam Fastball",-1.5,-6,"414",38.2,"97","0.195","0.329","0.289",16,21.6,21.6,"0.183","0.366","0.291",52.4
"Henderson, Gunnar",683002,"BAL","SI","Sinker",-1.6,-5,"315",13.1,"97","0.235","0.353","0.314",15.2,14.4,20.6,"0.279","0.434","0.354",54.2
"Hays, Austin",669720,"BAL","SI","Sinker",0.6,2,"369",17.4,"97","0.337","0.416","0.373",21.5,14.4,18.2,"0.316","0.479","0.371",42.1
"Renfroe, Hunter",592669,"CIN","SI","Sinker",0.2,1,"317",15.2,"97","0.278","0.489","0.371",11.3,10.3,18.5,"0.269","0.407","0.319",38.8
"Perez, Salvador",521692,"KC","SI","Sinker",0.8,3,"312",15.1,"97","0.366","0.505","0.392",10.1,7.2,11.1,"0.348","0.56","0.398",45.3
"Morel, Christopher",666624,"CHC","FF","4-Seam Fastball",0.3,1,"444",26.8,"97","0.207","0.46","0.322",41,40.2,25.2,"0.176","0.447","0.303",58.3
"Crawford, J.P.",641487,"SEA","SL","Slider",-1.7,-7,"403",15.3,"97","0.161","0.241","0.217",27.7,28.9,22.2,"0.153","0.193","0.196",31.1
"Díaz, Elias",553869,"COL","SI","Sinker",-0.6,-2,"327",16.5,"97","0.337","0.424","0.347",15.4,12.4,19.4,"0.285","0.386","0.312",41.3
"Siri, Jose",642350,"TB","FF","4-Seam Fastball",0.2,1,"375",28,"97","0.17","0.489","0.31",44.4,53.6,41.9,"0.142","0.358","0.252",52.8
"Stott, Bryson",681082,"PHI","CH","Changeup",-1.5,-4,"286",10.7,"97","0.245","0.319","0.246",14.1,9.3,8.5,"0.262","0.342","0.268",23
"Jiménez, Eloy",650391,"CWS","SL","Slider",0.3,1,"346",20.2,"97","0.284","0.442","0.333",42.1,20.6,18,"0.238","0.42","0.289",45.3
"Polanco, Jorge",593871,"MIN","FF","4-Seam Fastball",1.6,7,"405",28.9,"96","0.287","0.613","0.43",16.9,15.6,12.9,"0.277","0.697","0.451",56.9
"Jansen, Danny",643376,"TOR","FF","4-Seam Fastball",0.4,2,"414",34.9,"96","0.235","0.529","0.363",25.1,22.9,18.6,"0.214","0.489","0.338",41.3
"Short, Zack",670097,"DET","FF","4-Seam Fastball",-1.7,-7,"422",41.4,"96","0.143","0.286","0.288",27.1,34.4,27,"0.152","0.346","0.3",31.1
"Realmuto, J.T.",592663,"PHI","SL","Slider",-0.9,-4,"404",19.3,"96","0.186","0.302","0.263",32,31.3,22.7,"0.189","0.342","0.269",36.8
"Anderson, Tim",641313,"CWS","SI","Sinker",-0.1,0,"366",18.9,"96","0.348","0.371","0.358",9.9,5.2,6.8,"0.305","0.389","0.331",38.1
"Monasterio, Andruw",655316,"MIL","FF","4-Seam Fastball",-0.9,-4,"458",34.1,"96","0.217","0.301","0.283",20.6,19.8,14.5,"0.268","0.439","0.35",38.5
"Grisham, Trent",663757,"SD","SI","Sinker",0.6,2,"351",15,"96","0.243","0.392","0.387",15.8,18.8,18.8,"0.232","0.38","0.354",31
"Alvarez, Francisco",682626,"NYM","SI","Sinker",-1.3,-5,"357",22,"96","0.172","0.379","0.284",16.3,15.6,19.5,"0.191","0.382","0.284",40.3
"Harper, Bryce",547180,"PHI","SL","Slider",0.2,1,"325",16.1,"95","0.244","0.407","0.318",44,30.5,26.9,"0.231","0.456","0.328",36.8
"Gurriel Jr., Lourdes",666971,"AZ","SL","Slider",1.8,7,"366",16.5,"95","0.244","0.522","0.35",27.5,24.2,21.5,"0.24","0.389","0.292",44.8
"Berti, Jon",542932,"MIA","SI","Sinker",1.4,5,"356",22.4,"95","0.381","0.5","0.435",10.9,7.4,11.9,"0.289","0.383","0.341",29.9
"Harris II, Michael",671739,"ATL","SI","Sinker",0.6,2,"330",16.9,"95","0.302","0.5","0.389",18.1,13.7,16.5,"0.33","0.548","0.401",50.7
"Verdugo, Alex",657077,"BOS","SI","Sinker",-2.1,-8,"369",15.6,"95","0.23","0.31","0.274",13.3,16.8,21.3,"0.272","0.351","0.308",29.6
"Segura, Jean",516416,"MIA","FF","4-Seam Fastball",-1.9,-8,"399",32,"95","0.227","0.307","0.27",18.9,11.6,9.7,"0.263","0.396","0.314",42.9
"Walker, Jordan",691023,"STL","FF","4-Seam Fastball",2.1,8,"364",21.8,"94","0.325","0.627","0.437",20.4,20.2,17.6,"0.304","0.573","0.408",53.1
"Drury, Brandon",592273,"LAA","SI","Sinker",-0.4,-1,"339",17.3,"94","0.256","0.488","0.352",16.4,17,22.9,"0.271","0.463","0.36",45.6
"Merrifield, Whit",593160,"TOR","SL","Slider",-0.7,-3,"388",17.6,"94","0.283","0.337","0.285",26.7,21.3,15.4,"0.226","0.295","0.229",16.4
"Vargas, Miguel",678246,"LAD","FF","4-Seam Fastball",-1.5,-6,"406",33.7,"94","0.139","0.25","0.275",26.1,29.8,22.8,"0.139","0.257","0.282",43.5
"Wiemer, Joey",686894,"MIL","SL","Slider",-2.2,-8,"371",23.4,"94","0.159","0.207","0.223",39.2,30.9,27.4,"0.174","0.259","0.237",34.5
"Díaz, Aledmys",649557,"ATH","FF","4-Seam Fastball",-2.6,-8,"320",27.1,"94","0.174","0.314","0.263",23,22.3,26.9,"0.205","0.359","0.273",39.4
"Lindor, Francisco",596019,"NYM","SI","Sinker",0.2,1,"357",13,"94","0.267","0.512","0.353",11.2,14.9,17.7,"0.309","0.623","0.42",58.9
"Smith, Josh",669701,"TEX","FF","4-Seam Fastball",-0.3,-1,"390",39.9,"93","0.211","0.368","0.341",18.2,23.7,18.3,"0.217","0.451","0.349",37.5
"Jung, Josh",673962,"TEX","SI","Sinker",0.5,2,"316",16,"93","0.342","0.494","0.406",18.2,19.4,24.7,"0.265","0.433","0.352",51.6
"Verdugo, Alex",657077,"BOS","CH","Changeup",1.2,4,"297",12.6,"93","0.292","0.393","0.327",11.3,6.5,7,"0.264","0.373","0.291",28.6
"O'Neill, Tyler",641933,"STL","FF","4-Seam Fastball",0,0,"327",31.4,"93","0.228","0.405","0.338",26.1,25.8,23.3,"0.218","0.465","0.347",54.5
"Rutschman, Adley",668939,"BAL","SL","Slider",1.2,5,"379",13.1,"93","0.266","0.405","0.361",16.2,20.4,13.8,"0.302","0.418","0.369",45
"Turner, Justin",457759,"BOS","SL","Slider",0.3,1,"394",14.8,"93","0.256","0.372","0.333",23.7,21.5,14.7,"0.244","0.405","0.309",30.3
"De La Cruz, Elly",682829,"CIN","FF","4-Seam Fastball",-0.6,-3,"446",25.4,"93","0.241","0.448","0.318",25.8,45.2,30.2,"0.23","0.422","0.302",46.7
"Devers, Rafael",646240,"BOS","CH","Changeup",-0.8,-3,"326",12.6,"93","0.221","0.372","0.287",23,14,13.7,"0.281","0.499","0.358",52.1
"Ohtani, Shohei",660271,"LAA","CH","Changeup",1.9,7,"350",15.2,"93","0.281","0.573","0.372",32.6,19.4,19.4,"0.282","0.549","0.365",43.7
"Smith, Dominic",642086,"WSH","SL","Slider",0.1,0,"336",15.2,"93","0.241","0.386","0.308",30.6,21.5,19,"0.216","0.313","0.284",21.9
"Diaz, Yainer",673237,"HOU","SL","Slider",-0.1,0,"302",23.3,"92","0.213","0.483","0.345",27.9,17.4,17.4,"0.221","0.447","0.288",39.2
"Moreno, Gabriel",672515,"AZ","SI","Sinker",-2.1,-8,"379",24.5,"92","0.212","0.237","0.265",12.9,13,15.6,"0.248","0.335","0.31",47.1
"Ramírez, Harold",623912,"TB","SL","Slider",1.5,5,"352",22.5,"92","0.326","0.477","0.385",32.5,22.8,18.1,"0.251","0.386","0.301",29.2
"Olson, Matt",621566,"ATL","CH","Changeup",3.3,12,"373",12.1,"92","0.269","0.564","0.415",23.6,15.2,11.7,"0.237","0.488","0.356",38.5
"Kirk, Alejandro",672386,"TOR","SI","Sinker",-1,-3,"333",19.3,"92","0.203","0.27","0.309",8.3,8.7,12.1,"0.235","0.33","0.326",35.8
"Rosario, Amed",642708,"LAD","SI","Sinker",0.7,2,"296",15,"92","0.365","0.435","0.391",12.8,8.7,16.7,"0.344","0.431","0.364",43.6
"Ramírez, Harold",623912,"TB","SI","Sinker",-0.5,-1,"291",18.6,"92","0.256","0.366","0.298",24.5,13,24,"0.245","0.354","0.295",48.6
"Lowe, Josh",666139,"TB","CH","Changeup",1.2,4,"329",16.2,"92","0.326","0.438","0.349",31.4,21.7,19.8,"0.255","0.368","0.283",24.6
"Vogelbach, Daniel",596129,"NYM","FF","4-Seam Fastball",-0.6,-3,"410",29.3,"92","0.229","0.482","0.338",18.1,25,22.3,"0.228","0.436","0.32",51.7
"Miller, Owen",680911,"MIL","FF","4-Seam Fastball",-1.1,-4,"387",32.5,"92","0.277","0.337","0.297",13.9,16.3,14,"0.259","0.375","0.302",40
"Yelich, Christian",592885,"MIL","SL","Slider",0.1,0,"370",14.5,"92","0.265","0.349","0.311",39.3,33.7,24.6,"0.213","0.351","0.285",53.8
"Cooper, Garrett",643265,"SD","SL","Slider",-1.6,-6,"384",21.1,"92","0.163","0.291","0.228",35,30.4,20.1,"0.203","0.346","0.257",35.6
"Candelario, Jeimer",600869,"CHC","CH","Changeup",1,3,"313",13.4,"91","0.262","0.512","0.347",21.9,13.2,12.5,"0.272","0.488","0.342",42.5
"Rosario, Eddie",592696,"ATL","CH","Changeup",1.5,4,"300",15.7,"91","0.292","0.539","0.36",29.2,19.8,19.1,"0.237","0.389","0.275",18.3
"Martinez, J.D.",502110,"LAD","SL","Slider",2.1,8,"393",21.1,"91","0.247","0.58","0.379",44.8,37.4,24.5,"0.197","0.446","0.305",46
"Suzuki, Seiya",673548,"CHC","SL","Slider",1.8,7,"395",16.2,"91","0.305","0.646","0.404",28.3,20.9,14.7,"0.28","0.559","0.368",45.5
"Langeliers, Shea",669127,"ATH","SL","Slider",-0.9,-3,"291",15.1,"91","0.221","0.395","0.279",37,28.6,25.2,"0.2","0.398","0.269",42.6
"Fairchild, Stuart",656413,"CIN","FF","4-Seam Fastball",-0.6,-2,"316",33,"91","0.227","0.413","0.343",27.6,27.5,25,"0.26","0.478","0.372",42.3
"Garcia, Maikel",672580,"KC","SL","Slider",-1.4,-5,"368",18.5,"91","0.176","0.235","0.191",23.9,24.2,17.6,"0.228","0.347","0.262",39.4
"Carlson, Dylan",666185,"STL","FF","4-Seam Fastball",-0.7,-3,"387",37,"91","0.218","0.397","0.316",15.7,17.6,15.4,"0.225","0.44","0.331",46
"Ruiz, Esteury",665923,"ATH","SL","Slider",-1.2,-4,"314",17.9,"91","0.253","0.31","0.268",35.5,25.3,23.7,"0.25","0.325","0.27",17.2
"Doyle, Brenton",686668,"COL","SL","Slider",-2.8,-10,"342",21.5,"91","0.115","0.218","0.175",47.5,42.9,32,"0.151","0.281","0.205",31.3
"Bader, Harrison",664056,"CIN","FF","4-Seam Fastball",1.2,4,"328",26.5,"91","0.297","0.568","0.416",12.3,9.9,11,"0.266","0.495","0.386",40.3
"Bregman, Alex",608324,"HOU","SL","Slider",0.4,2,"509",18.3,"91","0.222","0.37","0.312",23.2,19.8,12.9,"0.229","0.344","0.297",28.6
"Díaz, Elias",553869,"COL","SL","Slider",1.7,6,"335",16.9,"90","0.345","0.552","0.401",34.7,25.6,19.8,"0.3","0.496","0.351",39.1
"Garcia, Maikel",672580,"KC","SI","Sinker",0,0,"323",16.2,"90","0.359","0.41","0.364",8.9,16.7,23.8,"0.323","0.435","0.371",62.1
"Walker, Jordan",691023,"STL","SI","Sinker",0.4,1,"342",20.5,"90","0.313","0.45","0.376",17.1,18.9,23.3,"0.286","0.453","0.359",44.4
"Taveras, Leody",665750,"TEX","CH","Changeup",0.3,1,"344",16.3,"90","0.256","0.372","0.303",29.1,23.3,20.2,"0.283","0.384","0.304",34.8
"Hayes, Ke'Bryan",663647,"PIT","SL","Slider",0.6,2,"337",17.5,"90","0.25","0.44","0.338",27.2,21.1,21.1,"0.246","0.405","0.306",38.5
"Allen, Nick",669397,"ATH","FF","4-Seam Fastball",-2.2,-8,"379",32.5,"90","0.229","0.277","0.243",16.8,13.3,11.8,"0.242","0.354","0.281",35.1
"Benintendi, Andrew",643217,"CWS","SL","Slider",-2.2,-7,"309",13.1,"90","0.169","0.193","0.222",29,20,18.6,"0.202","0.272","0.243",27.7
"Lopez, Nicky",670032,"ATL","FF","4-Seam Fastball",-1.4,-5,"395",38.6,"89","0.194","0.278","0.3",21.4,19.1,17,"0.217","0.307","0.307",28.1
"Muncy, Max",571970,"LAD","SL","Slider",-0.1,0,"360",14.5,"89","0.197","0.421","0.315",36.8,27,24,"0.205","0.425","0.318",43.4
"Haase, Eric",606992,"CLE","FF","4-Seam Fastball",-2.5,-10,"388",34.7,"89","0.183","0.232","0.223",32.5,28.1,21,"0.193","0.293","0.247",36.8
"Refsnyder, Rob",608701,"BOS","FF","4-Seam Fastball",0.4,2,"363",36.2,"89","0.246","0.362","0.36",21.2,19.1,16.2,"0.303","0.528","0.42",40.7
"LeMahieu, DJ",518934,"NYY","SL","Slider",0,0,"319",14.2,"89","0.215","0.38","0.295",30.1,21.3,20.4,"0.208","0.324","0.281",34.4
"Moreno, Gabriel",672515,"AZ","FF","4-Seam Fastball",2.2,9,"412",26.7,"89","0.38","0.62","0.455",17.7,23.6,18.8,"0.354","0.55","0.405",55.7
"Marte, Ketel",606466,"AZ","SI","Sinker",2,6,"284",11.4,"89","0.349","0.578","0.426",11.9,10.1,13.2,"0.29","0.418","0.332",54.1
"Newman, Kevin",621028,"CIN","FF","4-Seam Fastball",-0.2,-1,"304",33.3,"89","0.274","0.452","0.353",12.2,15.7,16.1,"0.267","0.429","0.35",36.5
"McCann, James",543510,"BAL","FF","4-Seam Fastball",-1.1,-3,"306",36.1,"89","0.205","0.385","0.288",21.3,15.7,14.3,"0.284","0.534","0.373",53.7
"Walker, Jordan",691023,"STL","SL","Slider",2.5,8,"314",18.8,"89","0.357","0.512","0.406",41.1,28.1,28.1,"0.292","0.433","0.334",49.2
"Giménez, Andrés",665926,"CLE","SL","Slider",-0.2,-1,"336",14.3,"89","0.225","0.362","0.301",27.7,20.2,15.8,"0.231","0.334","0.29",17.7
"Ruiz, Esteury",665923,"ATH","SI","Sinker",-0.1,0,"286",16.3,"89","0.313","0.375","0.35",12.8,12.4,19.6,"0.26","0.379","0.315",24.3
"Outman, James",681546,"LAD","SI","Sinker",-0.1,0,"341",14.5,"89","0.28","0.413","0.363",27.1,28.1,26.6,"0.257","0.395","0.347",50
"Bryant, Kris",592178,"COL","FF","4-Seam Fastball",1.4,5,"349",27.2,"89","0.3","0.55","0.405",16.9,16.9,16.7,"0.28","0.557","0.386",40
"Berti, Jon",542932,"MIA","SL","Slider",-1,-3,"274",17.3,"88","0.282","0.353","0.276",20.8,12.5,12.5,"0.316","0.436","0.323",33.8
"Abrams, CJ",682928,"WSH","SI","Sinker",0.9,3,"283",12.8,"88","0.304","0.468","0.379",12.6,10.2,14.5,"0.288","0.448","0.342",34.7
"Smith, Dominic",642086,"WSH","SI","Sinker",0.3,1,"327",14.8,"88","0.338","0.468","0.394",13.9,12.5,16.7,"0.284","0.418","0.352",37.9
"McCormick, Chas",676801,"HOU","SI","Sinker",0.4,1,"296",16.4,"88","0.295","0.385","0.364",18.4,18.2,23.2,"0.258","0.339","0.31",32.3
"Muncy, Max",571970,"LAD","SI","Sinker",-0.2,-1,"330",13.3,"88","0.244","0.487","0.373",15.8,13.6,14.8,"0.329","0.648","0.443",50
"Stanton, Giancarlo",519317,"NYY","SL","Slider",0.7,2,"357",20.8,"88","0.214","0.464","0.303",44.4,36.4,25.4,"0.206","0.51","0.314",44.2
"Julks, Corey",667452,"HOU","FF","4-Seam Fastball",-0.5,-2,"447",33.7,"88","0.269","0.397","0.335",18.3,19.3,13.5,"0.228","0.381","0.308",32.8
"Hernández, Enrique",571771,"LAD","SL","Slider",-1.9,-7,"339",17.3,"87","0.195","0.256","0.21",34.7,29.9,25.5,"0.183","0.259","0.21",25.9
"Madrigal, Nick",663611,"CHC","FF","4-Seam Fastball",0,0,"319",30,"87","0.307","0.427","0.351",6.8,6.9,8.7,"0.311","0.406","0.344",32.4
"Solano, Donovan",456781,"MIN","SI","Sinker",1.3,4,"297",16.4,"87","0.361","0.458","0.439",15.9,10.3,13.4,"0.331","0.439","0.396",58.7
"Margot, Manuel",622534,"TB","FF","4-Seam Fastball",-0.5,-2,"398",32.5,"87","0.27","0.446","0.357",20.7,10.3,10.7,"0.297","0.486","0.38",47
"Cronenworth, Jake",630105,"SD","SL","Slider",-1.2,-4,"287",13.9,"87","0.215","0.342","0.257",26.8,25.3,19,"0.194","0.336","0.245",31.7
"Mateo, Jorge",622761,"BAL","FF","4-Seam Fastball",-1.8,-8,"420",31.9,"87","0.2","0.28","0.261",21.5,23,16.3,"0.227","0.388","0.302",45.8
"Ramírez, José",608070,"CLE","SL","Slider",-0.8,-2,"297",11.4,"87","0.214","0.44","0.289",19.5,16.1,15.2,"0.288","0.479","0.339",40
"Tucker, Kyle",663656,"HOU","CH","Changeup",-0.3,-1,"317",12.3,"87","0.228","0.38","0.279",18.7,11.5,12.5,"0.237","0.384","0.292",26
"Vierling, Matt",663837,"DET","SI","Sinker",-1.2,-4,"327",15.4,"87","0.263","0.362","0.337",10,13.8,17.4,"0.26","0.339","0.293",34.8
"Castellanos, Nick",592206,"PHI","CH","Changeup",-1.7,-5,"291",12,"87","0.193","0.265","0.234",37.9,26.4,20.2,"0.207","0.295","0.241",32.8
"Rivera, Emmanuel",656896,"AZ","FF","4-Seam Fastball",-1.8,-6,"332",29.3,"87","0.211","0.289","0.271",23.8,24.1,21,"0.216","0.369","0.297",53.6
"Nimmo, Brandon",607043,"NYM","SL","Slider",2.1,7,"329",11.6,"87","0.273","0.558","0.406",28.8,23,13.7,"0.271","0.481","0.358",43.1
"Happ, Ian",664023,"CHC","SI","Sinker",-0.1,0,"327",11.4,"87","0.264","0.389","0.364",14.5,20.7,21.7,"0.273","0.451","0.377",44.4
"Chapman, Matt",656305,"TOR","SL","Slider",-0.5,-2,"386",15.7,"86","0.169","0.254","0.285",35.4,32.6,19.9,"0.181","0.339","0.301",50
"Henderson, Gunnar",683002,"BAL","SL","Slider",0.9,3,"365",15.2,"86","0.208","0.506","0.33",28.7,30.2,19.8,"0.226","0.48","0.334",48.1
"Santana, Carlos",467793,"MIL","SL","Slider",-1.1,-4,"328",13.3,"86","0.145","0.276","0.231",25.9,22.1,19,"0.192","0.297","0.259",32.8
"Palacios, Joshua",641943,"PIT","FF","4-Seam Fastball",-1.3,-4,"322",33.6,"86","0.247","0.358","0.284",21.2,24.4,21.2,"0.276","0.469","0.335",55.7
"Ruiz, Keibert",660688,"WSH","CH","Changeup",-0.4,-1,"294",15.6,"86","0.253","0.361","0.296",23.1,10.5,15,"0.28","0.384","0.301",31.1
"Carroll, Corbin",682998,"AZ","SI","Sinker",3.1,10,"333",13.7,"86","0.352","0.606","0.496",11.9,12.8,15.7,"0.312","0.527","0.417",50
"García Jr., Luis",671277,"WSH","SL","Slider",0.8,2,"294",17.3,"86","0.305","0.451","0.336",20,11.6,10.8,"0.31","0.526","0.368",49.3
"Kepler, Max",596146,"MIN","SL","Slider",0.1,0,"321",16.7,"85","0.24","0.4","0.326",24.4,25.9,19.6,"0.221","0.355","0.298",42.6
"Benintendi, Andrew",643217,"CWS","CH","Changeup",0.8,2,"272",11.6,"85","0.325","0.438","0.348",20,12.9,13.8,"0.295","0.359","0.294",12.7
"Candelario, Jeimer",600869,"CHC","SL","Slider",1.6,5,"337",14.4,"85","0.213","0.427","0.377",32.2,28.2,19.8,"0.195","0.365","0.291",33.3
"McCormick, Chas",676801,"HOU","SL","Slider",0.7,3,"371",20.6,"85","0.26","0.429","0.346",35.3,30.6,23.6,"0.231","0.386","0.297",34.6
"Davis, J.D.",605204,"SF","SL","Slider",-0.7,-2,"319",15.2,"85","0.205","0.329","0.279",45.5,30.6,23.2,"0.21","0.325","0.284",46.9
"Bellinger, Cody",641355,"CHC","SI","Sinker",0.2,0,"295",13.7,"85","0.286","0.468","0.363",11,12.9,14.9,"0.287","0.42","0.329",30.9
"Diaz, Yainer",673237,"HOU","FF","4-Seam Fastball",-0.3,-1,"316",24.3,"85","0.278","0.468","0.33",30.7,30.6,25.7,"0.257","0.524","0.34",58.2
"Perdomo, Geraldo",672695,"AZ","SI","Sinker",-1.5,-4,"279",13.5,"85","0.271","0.3","0.289",6.6,10.6,10.3,"0.254","0.33","0.291",22.1
"Grichuk, Randal",545341,"LAA","SL","Slider",-1.3,-4,"325",18.9,"85","0.235","0.358","0.26",40.6,28.2,21.6,"0.237","0.354","0.274",44.1
"Marte, Ketel",606466,"AZ","SL","Slider",1.2,5,"366",14.7,"84","0.26","0.589","0.401",30.2,22.6,16,"0.232","0.502","0.357",40
"Giménez, Andrés",665926,"CLE","SI","Sinker",0.7,2,"293",12.5,"84","0.342","0.5","0.385",17.9,9.5,11.6,"0.256","0.383","0.298",29.6
"Estrada, Thairo",642731,"SF","SL","Slider",0.9,3,"324",16.8,"84","0.266","0.557","0.365",33.5,29.8,20.3,"0.244","0.413","0.304",37
"Rojas, Miguel",500743,"LAD","SI","Sinker",-1.8,-5,"269",18.5,"84","0.219","0.301","0.302",5.6,6,9.3,"0.293","0.396","0.348",47.8
"Grandal, Yasmani",518735,"CWS","CH","Changeup",-0.8,-2,"291",17.7,"84","0.241","0.266","0.264",28.9,23.8,20.6,"0.221","0.265","0.242",18.6
"Nootbaar, Lars",663457,"STL","SI","Sinker",1.5,5,"328",15.8,"84","0.364","0.53","0.457",12.3,9.5,12.5,"0.317","0.472","0.423",39
"Naylor, Bo",666310,"CLE","FF","4-Seam Fastball",0.6,2,"380",37.6,"84","0.2","0.508","0.389",27.8,34.5,23.2,"0.195","0.419","0.357",50
"Margot, Manuel",622534,"TB","SL","Slider",-1.1,-3,"252",20.6,"84","0.241","0.325","0.263",33.8,27.4,28.7,"0.227","0.279","0.226",30
"Lowe, Brandon",664040,"TB","CH","Changeup",-0.6,-2,"298",17.3,"84","0.218","0.333","0.273",28.1,25,20.8,"0.236","0.352","0.28",39.7
"Judge, Aaron",592450,"NYY","SI","Sinker",2.3,7,"300",15.8,"84","0.318","0.682","0.477",17.9,16.7,21.5,"0.379","0.906","0.56",73.6
"Langeliers, Shea",669127,"ATH","SI","Sinker",1.6,5,"294",15.3,"83","0.329","0.616","0.446",14.4,13.3,19.6,"0.311","0.51","0.392",58.1
"Rutschman, Adley",668939,"BAL","SI","Sinker",1.4,4,"325",11.2,"83","0.338","0.514","0.395",8.9,12,13,"0.306","0.52","0.387",46.2
"Cooper, Garrett",643265,"SD","SI","Sinker",0.3,1,"352",19.4,"83","0.367","0.519","0.401",18.2,12,12.2,"0.351","0.55","0.4",34.8
"Báez, Javier",595879,"DET","SI","Sinker",-3.4,-10,"296",15.1,"83","0.203","0.216","0.254",17.4,10.8,20.9,"0.23","0.264","0.272",32.3
"Lindor, Francisco",596019,"NYM","CH","Changeup",3.6,12,"323",11.8,"83","0.338","0.592","0.451",21.9,14.5,13.5,"0.3","0.539","0.405",40.7
"Carpenter, Kerry",681481,"DET","CH","Changeup",1.9,5,"254",14.5,"83","0.296","0.506","0.363",29.9,21.7,25,"0.267","0.462","0.32",34.9
"Albies, Ozzie",645277,"ATL","SI","Sinker",0.4,1,"283",11.1,"83","0.325","0.55","0.386",20.9,16.9,20.3,"0.272","0.514","0.345",47
"Longoria, Evan",446334,"AZ","FF","4-Seam Fastball",0.7,2,"306",33,"83","0.225","0.451","0.358",16.5,20.5,23.6,"0.249","0.478","0.362",50.9
"d'Arnaud, Travis",518595,"ATL","FF","4-Seam Fastball",-0.3,-1,"313",28.1,"83","0.253","0.44","0.339",28,20.5,18.5,"0.245","0.469","0.339",44.8
"Marte, Starling",516782,"NYM","FF","4-Seam Fastball",-0.4,-1,"319",25.1,"82","0.278","0.403","0.345",16,13.4,10.6,"0.27","0.487","0.368",41
"Wallner, Matt",670242,"MIN","FF","4-Seam Fastball",-0.3,-1,"414",39.6,"82","0.206","0.485","0.369",38,32.9,21.6,"0.2","0.501","0.36",39
"Maton, Nick",665155,"DET","FF","4-Seam Fastball",0.2,1,"303",24.4,"82","0.231","0.446","0.363",16.8,13.4,10.7,"0.222","0.48","0.369",36.4
"Kwan, Steven",680757,"CLE","SL","Slider",0.2,1,"318",11.2,"82","0.229","0.329","0.278",22.1,15.9,11.7,"0.28","0.379","0.321",27.9
"Martinez, J.D.",502110,"LAD","SI","Sinker",1.9,6,"310",16.6,"82","0.356","0.575","0.416",14.9,19.5,21.3,"0.38","0.745","0.493",62.7
"Crawford, J.P.",641487,"SEA","SI","Sinker",0,0,"323",12.3,"82","0.279","0.426","0.372",6.8,11,12.7,"0.273","0.432","0.37",40.7
"Walker, Christian",572233,"AZ","CH","Changeup",-0.1,0,"261",9.8,"82","0.278","0.468","0.333",30.9,15.9,13.1,"0.269","0.435","0.315",39.4
"Albies, Ozzie",645277,"ATL","SL","Slider",2.7,8,"308",12,"82","0.37","0.644","0.436",21.1,20.7,15,"0.273","0.474","0.339",42.4
"Flores, Wilmer",527038,"SF","SI","Sinker",1.6,5,"325",17.3,"82","0.365","0.568","0.441",10.6,8.5,8.3,"0.319","0.519","0.391",34.3
"Gelof, Zack",680869,"ATH","FF","4-Seam Fastball",3,9,"306",26.5,"81","0.265","0.691","0.443",31.4,33.3,27.6,"0.219","0.527","0.372",50
"Marte, Ketel",606466,"AZ","CH","Changeup",-0.3,-1,"339",13.7,"81","0.211","0.382","0.29",30.4,22.2,20.5,"0.215","0.322","0.262",39.7
"Schmitt, Casey",669477,"SF","FF","4-Seam Fastball",-3.6,-9,"256",26.5,"81","0.171","0.211","0.186",22.1,21,20.7,"0.214","0.296","0.236",32.8
"Stephenson, Tyler",663886,"CIN","SL","Slider",0,0,"315",15.4,"81","0.237","0.355","0.298",43.6,37,29.7,"0.226","0.38","0.285",47.8
"Carroll, Corbin",682998,"AZ","CH","Changeup",-0.4,-1,"250",10.3,"81","0.208","0.364","0.279",22.1,13.6,16.9,"0.25","0.372","0.29",31.8
"Santana, Carlos",467793,"MIL","CH","Changeup",0.3,1,"365",14.8,"81","0.253","0.427","0.32",23.4,8.6,6.3,"0.275","0.404","0.322",41.2
"Alvarez, Francisco",682626,"NYM","SL","Slider",0.5,1,"290",17.9,"80","0.23","0.378","0.294",44.1,35,31.8,"0.172","0.33","0.248",47.8
"Canha, Mark",592192,"MIL","SL","Slider",-0.8,-3,"358",17.2,"80","0.211","0.268","0.265",18.2,20,11.9,"0.223","0.302","0.28",38.2
"Nootbaar, Lars",663457,"STL","CH","Changeup",-0.9,-3,"282",13.6,"80","0.224","0.303","0.253",22.2,18.8,19.7,"0.222","0.32","0.259",19.7
"Carpenter, Matt",572761,"SD","FF","4-Seam Fastball",1,4,"337",33.2,"80","0.2","0.491","0.389",24.4,13.8,11.5,"0.217","0.539","0.433",38.3
"Grisham, Trent",663757,"SD","SL","Slider",-1.1,-4,"352",15,"80","0.162","0.27","0.223",37,41.3,24.3,"0.161","0.293","0.231",39
"Swanson, Dansby",621020,"CHC","CH","Changeup",-1.7,-5,"306",12,"80","0.16","0.267","0.215",38.2,37.5,25.4,"0.167","0.268","0.217",24.4
"Tellez, Rowdy",642133,"MIL","FF","4-Seam Fastball",-0.8,-3,"446",29.7,"80","0.243","0.429","0.32",14.5,13.8,9.9,"0.265","0.46","0.351",49.2
"Bethancourt, Christian",542194,"TB","SL","Slider",-0.9,-3,"302",25.6,"80","0.208","0.403","0.286",42.2,30,23.8,"0.233","0.409","0.289",35.8
"McNeil, Jeff",643446,"NYM","SL","Slider",0,0,"307",14,"80","0.217","0.333","0.293",26.4,17.5,15.9,"0.189","0.265","0.257",17.9
"Marte, Starling",516782,"NYM","SI","Sinker",-0.7,-2,"280",22.1,"80","0.32","0.36","0.342",17.4,7.5,12,"0.307","0.41","0.336",46.4
"Castro, Harold",605612,"COL","FF","4-Seam Fastball",-0.2,0,"326",32.8,"80","0.239","0.366","0.324",30.9,28.7,21.5,"0.235","0.369","0.298",34.7
"Encarnacion-Strand, Christian",687952,"CIN","FF","4-Seam Fastball",-0.6,-2,"318",34,"80","0.243","0.419","0.314",28.2,32.5,23.6,"0.225","0.43","0.308",56.3
"Freeman, Freddie",518692,"LAD","CH","Changeup",4,13,"323",11.7,"80","0.444","0.639","0.51",18.4,12.5,14.1,"0.369","0.632","0.451",46.8
"Suwinski, Jack",669261,"PIT","SI","Sinker",-0.3,-1,"319",14,"80","0.243","0.414","0.333",17.5,26.3,26.9,"0.292","0.561","0.402",53.1
"Santander, Anthony",623993,"BAL","SL","Slider",-0.2,-1,"351",12.7,"79","0.258","0.515","0.369",25.5,25.3,15,"0.199","0.363","0.305",47.9
"McCarthy, Jake",664983,"AZ","FF","4-Seam Fastball",0.4,1,"328",29.2,"79","0.29","0.371","0.394",12.4,15.2,12.8,"0.295","0.425","0.395",28
"Yelich, Christian",592885,"MIL","CH","Changeup",1.5,4,"284",11.1,"79","0.267","0.413","0.347",32.8,19,17.9,"0.275","0.411","0.315",50
"Duran, Ezequiel",677649,"TEX","SL","Slider",0.8,2,"304",18.3,"79","0.308","0.5","0.351",32.2,21.5,17,"0.262","0.463","0.311",36.1
"Taylor, Michael A.",572191,"MIN","SL","Slider",-2.2,-7,"307",20.1,"79","0.181","0.306","0.231",40.7,39.2,26.3,"0.199","0.455","0.293",34.1
"Heim, Jonah",641680,"TEX","CH","Changeup",2.4,6,"253",12.7,"79","0.351","0.541","0.421",20,10.1,12.1,"0.324","0.492","0.371",33.3
"Varsho, Daulton",662139,"TOR","CH","Changeup",-0.4,-1,"306",13.2,"79","0.208","0.347","0.272",32.1,19,13.9,"0.257","0.419","0.31",28.8
"Melendez, MJ",669004,"KC","SL","Slider",-0.9,-3,"320",13.1,"79","0.187","0.347","0.25",38.3,34.2,23.1,"0.226","0.462","0.308",47.9
"Schwarber, Kyle",656941,"PHI","CH","Changeup",2,7,"341",11.1,"79","0.222","0.429","0.361",38.2,24.1,17.8,"0.254","0.429","0.375",43.2
"Happ, Ian",664023,"CHC","SL","Slider",0.1,0,"297",10.4,"78","0.217","0.507","0.346",32.1,26.9,21,"0.218","0.392","0.308",39.6
"Moncada, Yoán",660162,"CWS","CH","Changeup",0,0,"292",21,"78","0.222","0.403","0.298",36.8,32.1,24.5,"0.203","0.338","0.266",27.7
"Ruiz, Keibert",660688,"WSH","SL","Slider",0.3,1,"261",13.8,"78","0.236","0.431","0.327",19.4,11.5,11,"0.295","0.485","0.36",25.4
"Ramírez, José",608070,"CLE","SI","Sinker",1.9,5,"262",10,"78","0.347","0.556","0.411",6.3,6.4,9.4,"0.349","0.585","0.419",53.7
"McMahon, Ryan",641857,"COL","CH","Changeup",1,3,"286",10.4,"78","0.247","0.452","0.335",21.3,24.4,18.6,"0.248","0.413","0.301",36.4
"Rooker, Brent",667670,"ATH","SL","Slider",-1.5,-5,"314",14.6,"78","0.149","0.239","0.253",48.2,35.9,25.7,"0.167","0.294","0.266",35.9
"Alvarez, Yordan",670541,"HOU","SL","Slider",1.6,5,"312",16.4,"78","0.309","0.559","0.419",33.8,24.4,21.6,"0.264","0.511","0.381",42
"Winker, Jesse",608385,"MIL","FF","4-Seam Fastball",-0.5,-2,"305",36.7,"78","0.246","0.338","0.32",21.5,23.1,19.6,"0.242","0.389","0.332",37.5
"Castro, Rodolfo",666801,"PHI","FF","4-Seam Fastball",-1.4,-4,"251",25,"78","0.214","0.371","0.279",17.3,24.4,24.1,"0.205","0.371","0.283",28.8
"Cron, C.J.",543068,"LAA","FF","4-Seam Fastball",-0.9,-3,"318",29.8,"78","0.221","0.368","0.321",28.3,28.2,27.2,"0.265","0.57","0.393",54.3
"Fortes, Nick",663743,"MIA","FF","4-Seam Fastball",-0.3,-1,"289",25.6,"78","0.219","0.422","0.338",18.1,20.5,24.2,"0.201","0.433","0.333",48
"Friedl, TJ",670770,"CIN","SI","Sinker",1.4,4,"289",13.2,"78","0.371","0.586","0.449",13.3,15.4,21.4,"0.264","0.346","0.305",42.4
"García Jr., Luis",671277,"WSH","CH","Changeup",-2.7,-8,"293",17.2,"78","0.156","0.169","0.175",25.5,15.4,14.1,"0.213","0.247","0.209",10.8
"Santander, Anthony",623993,"BAL","SI","Sinker",-0.4,-1,"267",9.7,"78","0.315","0.438","0.351",9.5,7.7,7.4,"0.291","0.451","0.342",47.8
"Stanton, Giancarlo",519317,"NYY","SI","Sinker",1.3,5,"368",21.4,"77","0.246","0.492","0.4",14,22.1,23.3,"0.248","0.483","0.369",52.1
"Higashioka, Kyle",543309,"NYY","FF","4-Seam Fastball",2,5,"264",26.1,"77","0.258","0.591","0.401",17.3,20.8,16.2,"0.3","0.714","0.449",63.5
"Laureano, Ramón",657656,"CLE","SL","Slider",-0.8,-2,"314",19,"77","0.183","0.338","0.258",30.5,24.7,18.1,"0.222","0.381","0.289",38.5
"Carpenter, Kerry",681481,"DET","SL","Slider",-0.5,-1,"267",15.2,"77","0.2","0.371","0.284",24.3,26,20.8,"0.214","0.394","0.297",46
"Torkelson, Spencer",679529,"DET","CH","Changeup",-1.7,-6,"321",11.5,"77","0.125","0.292","0.198",33.1,28.6,18.2,"0.206","0.412","0.281",43.1
"Friedl, TJ",670770,"CIN","CH","Changeup",-0.8,-2,"308",14,"77","0.23","0.324","0.27",30.6,18.2,14.3,"0.214","0.276","0.235",11.7
"Gomes, Yan",543228,"CHC","SI","Sinker",2.7,8,"288",18.2,"77","0.355","0.629","0.478",12.9,5.2,8.3,"0.33","0.535","0.437",40
"Altuve, Jose",514888,"HOU","SI","Sinker",0.6,2,"309",19.8,"76","0.349","0.429","0.416",17.3,14.5,16.7,"0.248","0.336","0.331",21.2
"Murphy, Sean",669221,"ATL","SL","Slider",-0.1,0,"338",19.3,"76","0.194","0.388","0.322",27.8,17.1,12.7,"0.253","0.467","0.35",37
"Giménez, Andrés",665926,"CLE","CH","Changeup",-1.9,-5,"268",11.4,"76","0.139","0.236","0.201",22.4,21.1,17,"0.25","0.388","0.296",21.4
"Turner, Trea",607208,"PHI","CH","Changeup",0.6,2,"285",10.7,"76","0.243","0.429","0.33",38.6,19.7,16.1,"0.24","0.419","0.312",36.4
"Soto, Juan",665742,"SD","CH","Changeup",1.5,6,"399",13.8,"76","0.233","0.417","0.388",26.6,15.8,11,"0.263","0.369","0.361",43.8
"Votto, Joey",458015,"CIN","FF","4-Seam Fastball",3.1,8,"257",27.4,"75","0.286","0.696","0.481",21.5,17.3,20,"0.243","0.554","0.424",60.5
"Bethancourt, Christian",542194,"TB","FF","4-Seam Fastball",-0.2,-1,"295",25,"75","0.235","0.515","0.34",37.1,36,25.2,"0.216","0.457","0.311",66.7
"Abrams, CJ",682928,"WSH","SL","Slider",-0.9,-3,"315",14.2,"75","0.222","0.347","0.253",30.2,30.7,19.8,"0.2","0.311","0.228",32
"Cabrera, Miguel",408234,"DET","SI","Sinker",-3.3,-9,"262",19,"75","0.159","0.159","0.224",9.8,9.3,13.2,"0.206","0.284","0.251",35.5
"DeJong, Paul",657557,"SF","SL","Slider",-1.9,-5,"281",19.7,"75","0.186","0.271","0.231",44.7,34.7,32.9,"0.214","0.334","0.266",27.3
"McKinstry, Zach",656716,"DET","CH","Changeup",-0.9,-2,"263",12.5,"75","0.139","0.208","0.22",30.8,26.7,21.5,"0.221","0.331","0.256",23.1
"Smith, Pavin",656976,"AZ","FF","4-Seam Fastball",0.4,1,"304",32.9,"75","0.246","0.459","0.386",9.9,13.3,13.7,"0.253","0.491","0.385",56.9
"Morel, Christopher",666624,"CHC","SI","Sinker",1.6,5,"289",17.5,"75","0.388","0.627","0.472",14,12,16.7,"0.323","0.502","0.384",44.1
"Straw, Myles",664702,"CLE","SL","Slider",-0.2,-1,"307",15.4,"75","0.258","0.318","0.304",29,26.7,21.3,"0.191","0.244","0.238",12.5
"Raleigh, Cal",663728,"SEA","SL","Slider",0.1,0,"316",13.5,"75","0.182","0.424","0.318",39,34.7,21.3,"0.148","0.316","0.255",30
"Harper, Bryce",547180,"PHI","CH","Changeup",2.9,8,"275",13.6,"75","0.333","0.54","0.417",37.4,17.3,17.1,"0.303","0.516","0.405",41.2
"Tatis Jr., Fernando",665487,"SD","CH","Changeup",0.3,1,"249",10.7,"75","0.221","0.397","0.315",37.4,26.7,24.4,"0.258","0.487","0.348",47.9
"Gorman, Nolan",669357,"STL","SL","Slider",-1.3,-4,"264",14,"74","0.194","0.403","0.293",40.5,36.5,31.4,"0.189","0.411","0.292",51.2
"Moreno, Gabriel",672515,"AZ","SL","Slider",-0.8,-2,"246",15.9,"74","0.242","0.288","0.294",23.9,21.6,19.8,"0.196","0.263","0.251",30.8
"Casas, Triston",671213,"BOS","CH","Changeup",1.3,4,"304",14.7,"74","0.286","0.486","0.361",28.2,24.3,21.2,"0.232","0.429","0.302",34.6
"Profar, Jurickson",595777,"SD","CH","Changeup",-1.1,-3,"297",14.1,"74","0.162","0.279","0.229",27.7,18.9,18.2,"0.221","0.317","0.268",33.3
"Vázquez, Christian",543877,"MIN","SI","Sinker",-2.1,-6,"286",21.6,"74","0.275","0.348","0.31",17,16.2,25.5,"0.279","0.419","0.328",35.1
"Duran, Ezequiel",677649,"TEX","SI","Sinker",1,2,"245",14.8,"74","0.365","0.429","0.405",6.7,8.1,12,"0.318","0.381","0.358",51.7
"Senzel, Nick",669222,"CIN","SI","Sinker",-1.3,-3,"247",20.8,"74","0.242","0.318","0.315",8.3,12.2,17.3,"0.288","0.383","0.338",31.6
"Garrett, Stone",656448,"WSH","FF","4-Seam Fastball",0,0,"298",28.7,"74","0.295","0.41","0.349",25.6,27,19.6,"0.279","0.42","0.354",62.8
"Seager, Corey",608369,"TEX","SL","Slider",1.7,5,"297",16.1,"74","0.309","0.471","0.357",29.7,20.3,16,"0.286","0.514","0.359",42.6
"Wong, Connor",657136,"BOS","SL","Slider",-0.4,-1,"265",17.2,"74","0.271","0.357","0.297",43.1,48.6,34.3,"0.205","0.363","0.265",44.1
"Wong, Kolten",543939,"LAD","FF","4-Seam Fastball",-0.4,-1,"291",29.6,"73","0.3","0.433","0.376",14.1,11,11.9,"0.311","0.426","0.381",35.8
"Maldonado, Martín",455117,"HOU","SI","Sinker",-0.9,-3,"279",17.6,"73","0.266","0.391","0.325",26.2,21.9,25.4,"0.276","0.427","0.341",40
"Stott, Bryson",681082,"PHI","SL","Slider",3.1,8,"260",9.8,"73","0.29","0.638","0.403",17.3,11,9.5,"0.278","0.544","0.351",41.3
"Duffy, Matt",622110,"KC","FF","4-Seam Fastball",-0.6,-2,"253",33.7,"73","0.227","0.379","0.326",8.9,13.7,14.7,"0.282","0.412","0.336",33.9
"McKinstry, Zach",656716,"DET","SL","Slider",-2.6,-7,"265",12.6,"73","0.164","0.254","0.215",30.1,38.4,31.8,"0.156","0.261","0.212",25
"Rojas, Miguel",500743,"LAD","SL","Slider",-1.2,-3,"249",17.1,"73","0.254","0.31","0.263",31.1,16.4,15,"0.222","0.302","0.233",30
"Bell, Josh",605137,"MIA","SL","Slider",-1.1,-3,"289",11.9,"73","0.133","0.283","0.258",30.7,30.1,21.8,"0.144","0.232","0.249",41
"Doyle, Brenton",686668,"COL","SI","Sinker",-0.6,-2,"254",16,"73","0.246","0.338","0.298",18.8,23.3,35.4,"0.202","0.277","0.257",26.5
"Hampson, Garrett",641658,"MIA","FF","4-Seam Fastball",1,3,"302",31,"73","0.333","0.5","0.415",21.6,20.5,19,"0.282","0.437","0.363",37.5
"Cave, Jake",595909,"PHI","FF","4-Seam Fastball",0.3,1,"301",37,"73","0.275","0.493","0.347",21.8,24.7,17.3,"0.246","0.459","0.318",43.1
"Contreras, William",661388,"MIL","CH","Changeup",-0.3,-1,"269",11.1,"73","0.215","0.277","0.283",38.2,27.4,21.3,"0.172","0.242","0.232",30.4
"Varsho, Daulton",662139,"TOR","SI","Sinker",-2.2,-6,"290",12.5,"73","0.232","0.348","0.289",16.6,21.9,20.5,"0.251","0.396","0.294",35.2
"Slater, Austin",596103,"SF","FF","4-Seam Fastball",1.1,3,"266",32.9,"73","0.317","0.429","0.401",22,19.2,17.1,"0.293","0.482","0.38",63.3
"Kelenic, Jarred",672284,"SEA","SL","Slider",1,3,"320",19.2,"72","0.262","0.492","0.381",43.4,40.3,25.4,"0.252","0.436","0.331",44.4
"Farmer, Kyle",571657,"MIN","SL","Slider",0.6,1,"260",18.6,"72","0.242","0.439","0.336",34,33.3,26.1,"0.22","0.375","0.29",33.3
"Melendez, MJ",669004,"KC","CH","Changeup",0.7,2,"261",10.7,"72","0.262","0.385","0.333",33.1,27.8,25.3,"0.257","0.398","0.32",46.7
"Ahmed, Nick",605113,"AZ","FF","4-Seam Fastball",-1.8,-5,"287",37,"72","0.185","0.262","0.243",26.5,27.8,24.4,"0.213","0.327","0.276",40
"Solano, Donovan",456781,"MIN","SL","Slider",0.5,1,"308",17.1,"72","0.294","0.368","0.326",40.3,31.9,18.7,"0.252","0.374","0.292",37.8
"De La Cruz, Elly",682829,"CIN","SL","Slider",-0.3,-1,"258",14.7,"72","0.242","0.394","0.313",34.3,36.1,27.7,"0.222","0.349","0.283",35
"Cronenworth, Jake",630105,"SD","SI","Sinker",-0.6,-2,"267",13,"72","0.233","0.383","0.333",2.6,8.3,10.7,"0.274","0.412","0.364",40.7
"Knizner, Andrew",668800,"STL","FF","4-Seam Fastball",-3.1,-8,"252",30.5,"71","0.154","0.262","0.215",26.2,32.4,29.5,"0.186","0.395","0.275",46.5
"Hernández, Teoscar",606192,"SEA","ST","Sweeper",-1.5,-4,"245",9.2,"71","0.212","0.318","0.255",46.9,35.2,26,"0.241","0.395","0.286",41.9
"Muncy, Max",571970,"LAD","CH","Changeup",2.4,7,"279",11.2,"71","0.234","0.563","0.367",36.5,23.9,18.3,"0.255","0.624","0.397",40.4
"Bell, Josh",605137,"MIA","SI","Sinker",-0.1,0,"270",11.1,"71","0.246","0.508","0.401",20.3,15.5,21.2,"0.286","0.532","0.395",58
"Ruiz, Keibert",660688,"WSH","SI","Sinker",-0.4,-1,"248",13.1,"71","0.29","0.377","0.309",7.3,4.2,6.5,"0.273","0.38","0.293",30.3
"Morel, Christopher",666624,"CHC","SL","Slider",4,11,"262",15.8,"71","0.318","0.742","0.472",45.1,32.4,30.7,"0.29","0.635","0.407",58.1
"Sánchez, Gary",596142,"SD","FF","4-Seam Fastball",2.1,5,"259",23.7,"71","0.266","0.578","0.4",22.2,23.9,19.8,"0.258","0.618","0.395",48.9
"Nootbaar, Lars",663457,"STL","SL","Slider",-1.3,-4,"302",14.6,"71","0.111","0.175","0.213",33,40.8,26.6,"0.16","0.212","0.222",23.5
"Joe, Connor",656582,"PIT","SL","Slider",0.6,2,"331",16.7,"71","0.222","0.397","0.325",41.3,32.4,21.9,"0.181","0.271","0.252",27.5
"Suwinski, Jack",669261,"PIT","CH","Changeup",-0.1,0,"334",14.6,"71","0.164","0.295","0.282",36.5,28.2,22,"0.182","0.341","0.281",23.8
"Verdugo, Alex",657077,"BOS","SL","Slider",-0.8,-2,"266",11.3,"71","0.194","0.343","0.259",31.5,31,23.7,"0.201","0.321","0.251",26.7
"India, Jonathan",663697,"CIN","SL","Slider",0.8,3,"350",15.9,"71","0.232","0.42","0.314",33.3,31,17.6,"0.242","0.407","0.287",29.8
"Guerrero Jr., Vladimir",665489,"TOR","CH","Changeup",0.3,1,"249",10.2,"71","0.25","0.391","0.318",28.4,15.5,13.6,"0.297","0.508","0.378",45.3
"Julks, Corey",667452,"HOU","SL","Slider",-1.6,-4,"271",20.4,"71","0.203","0.25","0.232",32.8,29.6,23.6,"0.23","0.343","0.274",37.8
"Peraza, Oswald",672724,"NYY","FF","4-Seam Fastball",-2.7,-7,"270",37.4,"70","0.086","0.138","0.199",26.9,28.6,22.2,"0.165","0.291","0.28",23.7
"Andrus, Elvis",462101,"CWS","SL","Slider",0.2,1,"283",17.8,"70","0.288","0.409","0.315",25,20,17.7,"0.217","0.28","0.236",20.8
"Profar, Jurickson",595777,"SD","SL","Slider",-1.1,-3,"275",13.1,"70","0.141","0.297","0.24",31.9,28.6,22.5,"0.159","0.25","0.22",20.5
"Outman, James",681546,"LAD","CU","Curveball",-1.5,-4,"290",12.3,"70","0.155","0.207","0.241",41.3,37.1,26.3,"0.163","0.237","0.264",33.3
"Frelick, Sal",686217,"MIL","FF","4-Seam Fastball",0.3,1,"296",33.7,"70","0.293","0.466","0.38",15.4,21.4,16.9,"0.274","0.383","0.344",29.5
"Díaz, Elias",553869,"COL","CH","Changeup",-2.1,-5,"252",12.7,"70","0.188","0.319","0.249",33.3,20,17.1,"0.193","0.274","0.207",25.5
"Adames, Willy",642715,"MIL","CH","Changeup",2.2,6,"289",11.1,"70","0.259","0.466","0.375",39.4,31.4,19.6,"0.221","0.406","0.34",41.7
"De La Cruz, Elly",682829,"CIN","CH","Changeup",-0.1,0,"279",15.9,"70","0.242","0.424","0.319",33.3,21.4,19.5,"0.261","0.385","0.303",35.3
"Lowe, Brandon",664040,"TB","SL","Slider",-1.3,-3,"252",14.7,"70","0.161","0.323","0.271",44.4,38.6,30,"0.137","0.245","0.234",31.4
"Reynolds, Bryan",668804,"PIT","SL","Slider",0.1,0,"294",11.7,"70","0.219","0.391","0.286",43.1,40,26.4,"0.247","0.51","0.34",51.4
"Ibáñez, Andy",628451,"DET","SL","Slider",-0.9,-2,"244",17.7,"70","0.254","0.284","0.284",29.8,18.6,20.3,"0.289","0.388","0.312",38.9
"Ford, Mike",645801,"SEA","FF","4-Seam Fastball",2.5,6,"247",23.9,"69","0.254","0.627","0.414",22.6,30.4,25,"0.212","0.518","0.359",47.4
"Ward, Taylor",621493,"LAA","SI","Sinker",0.5,1,"255",15.7,"69","0.302","0.396","0.409",10.8,11.6,17,"0.302","0.433","0.406",44.4
"Mancini, Trey",641820,"CHC","FF","4-Seam Fastball",-1.9,-5,"291",27.7,"69","0.227","0.364","0.263",28.8,39.1,27.8,"0.181","0.305","0.23",42.5
"Arozarena, Randy",668227,"TB","CH","Changeup",3.4,9,"260",9.7,"69","0.345","0.534","0.459",28.4,20.3,16.9,"0.285","0.453","0.378",51.1
"Thompson, Trayce",572204,"CWS","FF","4-Seam Fastball",-2.2,-6,"259",32.4,"69","0.107","0.161","0.239",39.4,40.6,32.9,"0.135","0.268","0.268",50
"Garver, Mitch",641598,"TEX","SL","Slider",0.8,2,"300",21,"69","0.234","0.406","0.304",38.1,36.2,28.7,"0.2","0.357","0.27",28.2
"Candelario, Jeimer",600869,"CHC","SI","Sinker",0.7,2,"264",11.3,"69","0.333","0.583","0.43",11.8,13,15.5,"0.284","0.48","0.373",58.8
"Marte, Ketel",606466,"AZ","FC","Cutter",0.8,2,"257",10.4,"69","0.234","0.453","0.346",16.4,11.6,17.8,"0.259","0.468","0.336",33.9
"Judge, Aaron",592450,"NYY","SL","Slider",2,6,"321",16.9,"69","0.233","0.583","0.385",42.7,33.3,25.3,"0.253","0.687","0.426",54.1
"Yoshida, Masataka",807799,"BOS","SL","Slider",-0.4,-1,"295",13.4,"69","0.222","0.397","0.291",29.5,21.7,14.9,"0.232","0.357","0.28",51
"Freeman, Freddie",518692,"LAD","FC","Cutter",0.1,0,"261",9.5,"69","0.3","0.367","0.336",21.4,21.7,27.3,"0.274","0.39","0.329",23.9
"Ward, Taylor",621493,"LAA","SL","Slider",-1,-3,"308",18.9,"69","0.167","0.283","0.238",26.4,26.1,19.4,"0.195","0.296","0.261",45.5
"Duvall, Adam",594807,"BOS","SI","Sinker",-1.2,-3,"251",18.8,"69","0.19","0.397","0.29",10.2,17.4,25.5,"0.248","0.469","0.337",29.4
"Laureano, Ramón",657656,"CLE","SI","Sinker",-2.3,-6,"260",15.7,"69","0.22","0.271","0.286",20.2,20.3,24.6,"0.223","0.307","0.297",40
"Vargas, Miguel",678246,"LAD","SI","Sinker",0.2,1,"260",21.6,"69","0.207","0.431","0.349",11,8.7,10.3,"0.256","0.447","0.363",32.7
"Lowe, Nathaniel",663993,"TEX","CU","Curveball",0.6,2,"321",10.5,"68","0.226","0.355","0.279",25.8,25,15.3,"0.222","0.398","0.292",41.3
"Benintendi, Andrew",643217,"CWS","SI","Sinker",1,3,"289",12.3,"68","0.273","0.4","0.359",10.8,10.3,10.1,"0.313","0.416","0.38",26.5
"Yoshida, Masataka",807799,"BOS","CH","Changeup",0.9,3,"289",13.2,"68","0.274","0.5","0.381",26.6,11.8,9.5,"0.272","0.478","0.354",33.3
"Taylor, Michael A.",572191,"MIN","SI","Sinker",-0.6,-2,"251",16.4,"68","0.286","0.524","0.37",21.7,23.5,31.4,"0.259","0.408","0.316",38.3
"Marsh, Brandon",669016,"PHI","SI","Sinker",0.6,2,"266",13.4,"68","0.298","0.333","0.351",18.3,19.1,15.5,"0.277","0.345","0.336",46.7
"Happ, Ian",664023,"CHC","FC","Cutter",2.7,8,"276",9.6,"68","0.321","0.604","0.428",21.8,25,23.6,"0.322","0.582","0.425",53.8
"Rodríguez, Endy",682848,"PIT","FF","4-Seam Fastball",0.4,1,"256",33,"68","0.271","0.407","0.347",21.6,23.5,19.8,"0.247","0.46","0.351",41.9
"Rogers, Jake",668670,"DET","SL","Slider",-0.2,-1,"298",21,"67","0.234","0.422","0.298",37.7,43.3,30.2,"0.184","0.292","0.225",37.1
"Massey, Michael",686681,"KC","SL","Slider",-2.3,-6,"253",13.7,"67","0.182","0.303","0.204",30.1,28.4,21.6,"0.221","0.322","0.238",37.5
"Madrigal, Nick",663611,"CHC","SI","Sinker",-0.6,-1,"249",23.4,"67","0.323","0.387","0.342",5.8,9,12,"0.301","0.365","0.322",39.3
"Wade Jr., LaMonte",664774,"SF","CH","Changeup",-0.4,-1,"307",14.6,"67","0.138","0.155","0.207",32.7,28.4,22.4,"0.157","0.21","0.231",23.1
"Freeman, Freddie",518692,"LAD","CU","Curveball",1.4,4,"281",10.2,"67","0.254","0.441","0.344",18,20.9,16.1,"0.223","0.365","0.303",33.3
"Smith, Dominic",642086,"WSH","CH","Changeup",0.1,0,"254",11.5,"67","0.297","0.328","0.297",28.9,11.9,9.8,"0.278","0.343","0.292",21.4
"Pérez, Carlos",542208,"ATH","FF","4-Seam Fastball",-1.1,-3,"255",34.6,"67","0.19","0.328","0.301",15.3,13.4,13.4,"0.23","0.384","0.31",32
"Melendez, MJ",669004,"KC","SI","Sinker",1.5,4,"257",10.5,"67","0.311","0.508","0.396",23.9,16.4,17.7,"0.288","0.563","0.388",58
"Harris II, Michael",671739,"ATL","SL","Slider",2.5,6,"252",12.9,"67","0.328","0.594","0.406",31.9,20.9,15.6,"0.315","0.588","0.395",44
"Rendon, Anthony",543685,"LAA","FF","4-Seam Fastball",0.4,1,"269",35.3,"67","0.273","0.4","0.367",14.5,11.9,10.1,"0.323","0.537","0.43",56.3
"Stewart, DJ",621466,"NYM","FF","4-Seam Fastball",0.6,2,"293",39.2,"67","0.214","0.446","0.347",34.3,29.9,24.4,"0.231","0.441","0.351",50
"Grisham, Trent",663757,"SD","CH","Changeup",0,0,"256",10.9,"67","0.233","0.333","0.306",37.1,25.4,21.5,"0.217","0.304","0.274",30.2
"Semien, Marcus",543760,"TEX","CH","Changeup",1.7,5,"293",10.5,"66","0.27","0.476","0.349",31.1,28.8,22.4,"0.242","0.355","0.276",34.1
"Flores, Wilmer",527038,"SF","SL","Slider",1,3,"311",16.6,"66","0.226","0.532","0.339",24.2,25.8,13.4,"0.195","0.392","0.273",35.6
"Rosario, Eddie",592696,"ATL","SL","Slider",0.4,1,"272",14.3,"66","0.25","0.446","0.347",29.1,27.3,19.8,"0.251","0.494","0.361",41
"Jones, Nolan",666134,"COL","SI","Sinker",1.7,4,"267",14.8,"66","0.345","0.564","0.469",21,21.2,19.2,"0.29","0.515","0.402",43.9
"Brown, Seth",664913,"ATH","CH","Changeup",-2.7,-7,"248",17.2,"66","0.129","0.258","0.195",44.8,33.3,27.8,"0.207","0.404","0.284",27.5
"Wong, Connor",657136,"BOS","SI","Sinker",-1.4,-4,"259",16.8,"66","0.274","0.452","0.329",17.2,18.2,20.7,"0.245","0.363","0.281",31.4
"McCutchen, Andrew",457705,"PIT","SL","Slider",-0.1,0,"360",17.9,"66","0.232","0.268","0.294",37.2,25.8,13.4,"0.197","0.293","0.284",38.5
"Marsh, Brandon",669016,"PHI","SL","Slider",-0.3,-1,"280",14.1,"66","0.151","0.358","0.293",38.3,43.9,26.4,"0.152","0.347","0.295",51.9
"Matos, Luis",682641,"SF","FF","4-Seam Fastball",-0.8,-2,"288",32,"66","0.279","0.475","0.355",14,12.1,12.7,"0.264","0.447","0.33",39.6
"Sánchez, Jesús",660821,"MIA","CH","Changeup",-0.5,-1,"251",15.1,"66","0.219","0.406","0.296",27.2,16.7,17.7,"0.231","0.383","0.276",22.6
"Altuve, Jose",514888,"HOU","SL","Slider",0.8,2,"279",17.9,"66","0.339","0.458","0.374",24.8,19.7,17.6,"0.24","0.365","0.3",34
"Bogaerts, Xander",593428,"SD","CH","Changeup",0.1,0,"297",11.2,"66","0.271","0.39","0.31",30.2,22.7,16.9,"0.218","0.34","0.275",34.8
"Ruiz, Keibert",660688,"WSH","CU","Curveball",-1.9,-5,"278",14.7,"66","0.18","0.213","0.203",25.9,21.2,19.7,"0.226","0.299","0.251",29.2
"Lewis, Royce",668904,"MIN","FF","4-Seam Fastball",2.3,6,"253",27.9,"65","0.327","0.8","0.503",21,20,18.6,"0.267","0.707","0.447",50
"Diaz, Jordan",672478,"ATH","FF","4-Seam Fastball",-0.5,-2,"300",27.7,"65","0.217","0.35","0.292",18.1,23.1,15.5,"0.236","0.446","0.318",46.7
"Mullins, Cedric",656775,"BAL","SL","Slider",-2.7,-7,"250",14,"65","0.136","0.288","0.215",26.8,23.1,17.2,"0.188","0.277","0.237",28.9
"Betts, Mookie",605141,"LAD","FC","Cutter",0.1,0,"248",9.1,"65","0.291","0.473","0.363",9,4.6,6.7,"0.344","0.665","0.456",44.4
"Taylor, Chris",621035,"LAD","SL","Slider",0.4,1,"281",17.3,"65","0.262","0.361","0.339",39.5,36.9,21.6,"0.204","0.312","0.253",32.4
"Hedges, Austin",595978,"TEX","FF","4-Seam Fastball",-2.2,-6,"250",33.7,"65","0.228","0.246","0.254",27.3,18.5,19.7,"0.254","0.322","0.277",38.8
"Ramírez, José",608070,"CLE","CU","Curveball",0.3,1,"292",11.2,"65","0.27","0.46","0.313",16.8,9.2,8.3,"0.29","0.457","0.321",34.5
"Nola, Austin",543592,"SD","FF","4-Seam Fastball",-3.5,-9,"254",40.1,"65","0.127","0.145","0.186",14.6,18.5,15,"0.196","0.264","0.256",37
"Maldonado, Martín",455117,"HOU","SL","Slider",-0.1,0,"289",18.3,"65","0.19","0.448","0.306",39.8,33.8,26.8,"0.188","0.421","0.295",40.5
"Kemp, Tony",643393,"ATH","SI","Sinker",-1.4,-4,"255",17.2,"65","0.212","0.269","0.278",16.3,10.8,11.5,"0.227","0.288","0.291",28.6
"Freeman, Tyler",671289,"CLE","FF","4-Seam Fastball",-1,-2,"248",39,"65","0.25","0.417","0.312",14.2,23.1,20.5,"0.268","0.449","0.33",34.8
"Kwan, Steven",680757,"CLE","CU","Curveball",-0.8,-2,"245",8.6,"65","0.254","0.317","0.265",12.7,16.9,12.6,"0.281","0.344","0.286",21.2
"Jeffers, Ryan",680777,"MIN","SL","Slider",1.7,4,"267",20.1,"65","0.263","0.491","0.375",36,24.6,16.2,"0.219","0.459","0.33",35.7
"Gelof, Zack",680869,"ATH","SI","Sinker",0.6,1,"248",21.5,"65","0.393","0.541","0.425",21.4,15.4,27,"0.346","0.497","0.383",37.3
"Greene, Riley",682985,"DET","SL","Slider",1.3,4,"266",15.4,"65","0.339","0.484","0.385",38.5,36.9,26.1,"0.29","0.507","0.354",55.3
"Bregman, Alex",608324,"HOU","CH","Changeup",0.7,2,"254",9.1,"64","0.2","0.345","0.298",17.3,14.1,11.7,"0.233","0.382","0.324",37
"Devers, Rafael",646240,"BOS","SL","Slider",2.9,7,"250",9.7,"64","0.224","0.552","0.385",26.9,17.2,12.5,"0.301","0.693","0.439",57.4
"Soto, Juan",665742,"SD","FC","Cutter",1.2,3,"272",9.4,"64","0.296","0.556","0.402",15.5,10.9,8.9,"0.306","0.575","0.421",47.9
"Yelich, Christian",592885,"MIL","CU","Curveball",-0.6,-2,"289",11.3,"64","0.2","0.25","0.244",34.7,29.7,22.6,"0.219","0.368","0.278",41.5
"Larnach, Trevor",663616,"MIN","FF","4-Seam Fastball",-0.6,-2,"281",30.7,"64","0.224","0.483","0.323",24.6,28.1,23.4,"0.222","0.531","0.343",53.7
"Gomes, Yan",543228,"CHC","SL","Slider",-1.5,-4,"273",17.2,"64","0.213","0.311","0.238",30.1,23.4,16,"0.228","0.366","0.275",42.6
"Taylor, Chris",621035,"LAD","SI","Sinker",2.2,6,"253",15.6,"64","0.333","0.648","0.459",26.1,28.1,27.3,"0.294","0.596","0.425",41.7
"Robert Jr., Luis",673357,"CWS","ST","Sweeper",2.1,5,"252",11.5,"64","0.258","0.613","0.385",33.8,31.3,20.4,"0.265","0.563","0.356",40.5
"Siri, Jose",642350,"TB","SI","Sinker",-0.3,-1,"246",18.4,"64","0.293","0.517","0.381",20.8,23.4,28.8,"0.242","0.436","0.317",34.1
"Suwinski, Jack",669261,"PIT","SL","Slider",0.5,1,"285",12.5,"63","0.188","0.396","0.331",42.3,39.7,25.8,"0.149","0.31","0.292",44
"Frazier, Adam",624428,"BAL","SI","Sinker",-0.9,-2,"249",14.2,"63","0.196","0.321","0.318",9.5,9.5,12.8,"0.272","0.428","0.344",38
"Muncy, Max",571970,"LAD","CU","Curveball",0,0,"362",14.6,"63","0.189","0.377","0.3",43.1,36.5,20.4,"0.185","0.344","0.287",51.6
"Kelenic, Jarred",672284,"SEA","CH","Changeup",-2.6,-7,"266",16,"63","0.167","0.283","0.197",43.5,31.7,29.9,"0.237","0.33","0.246",38.1
"Farmer, Kyle",571657,"MIN","SI","Sinker",-0.7,-2,"264",18.9,"63","0.278","0.333","0.351",11,17.5,17.5,"0.264","0.396","0.344",25.6
"Tapia, Raimel",606132,"TB","FF","4-Seam Fastball",-0.6,-2,"251",38.2,"63","0.245","0.321","0.334",18.8,17.5,15.3,"0.21","0.288","0.293",38.1
"Albies, Ozzie",645277,"ATL","CU","Curveball",0.7,2,"265",10.3,"63","0.306","0.468","0.339",29.6,22.2,15.4,"0.263","0.398","0.289",27.1
"Melendez, MJ",669004,"KC","CU","Curveball",-0.8,-2,"265",10.9,"63","0.155","0.276","0.239",32.7,30.2,22.1,"0.189","0.359","0.268",28.2
"Pham, Tommy",502054,"AZ","SL","Slider",1.6,4,"279",14.6,"63","0.298","0.491","0.362",33.3,25.4,19.5,"0.256","0.452","0.327",40.5
"Montero, Elehuris",660707,"COL","SL","Slider",-0.3,-1,"243",20.9,"62","0.233","0.4","0.287",50,32.3,23,"0.179","0.301","0.215",36.6
"Arroyo, Christian",624414,"BOS","FF","4-Seam Fastball",-1.1,-3,"255",34.7,"62","0.211","0.386","0.293",26.5,24.2,19,"0.217","0.319","0.269",28.6
"Montero, Elehuris",660707,"COL","FF","4-Seam Fastball",2.1,5,"249",21.4,"62","0.356","0.61","0.454",18.6,24.2,21.4,"0.284","0.454","0.334",56.8
"Maile, Luke",571912,"CIN","FF","4-Seam Fastball",-0.6,-2,"244",31.9,"62","0.236","0.364","0.337",23.1,24.2,21.4,"0.248","0.459","0.342",42.5
"McMahon, Ryan",641857,"COL","SI","Sinker",-0.6,-2,"272",9.9,"62","0.309","0.455","0.372",28.1,16.1,15.9,"0.333","0.539","0.409",35.6
"Witt Jr., Bobby",677951,"KC","FC","Cutter",2.9,7,"247",9.1,"62","0.356","0.712","0.462",26.5,9.7,10.5,"0.31","0.709","0.439",49.1
"Anderson, Brian",605119,"MIL","SL","Slider",0.1,0,"246",17.1,"62","0.254","0.39","0.313",41.5,40.3,26.9,"0.264","0.428","0.315",35.3
"Triolo, Jared",669707,"PIT","FF","4-Seam Fastball",1.1,3,"272",32.4,"62","0.34","0.434","0.392",23.3,29,19.8,"0.283","0.422","0.36",51.4
"Bellinger, Cody",641355,"CHC","SL","Slider",3.6,11,"298",13.8,"62","0.393","0.661","0.475",24.1,19.4,11.7,"0.319","0.534","0.396",34.1
"Call, Alex",669743,"WSH","SL","Slider",-1,-3,"315",17.2,"62","0.127","0.182","0.234",21.6,17.7,11.1,"0.202","0.297","0.264",20
"Sheets, Gavin",657757,"CWS","CH","Changeup",-1.4,-4,"282",19.8,"62","0.153","0.203","0.197",31.5,17.7,12.1,"0.203","0.281","0.234",25
"Nimmo, Brandon",607043,"NYM","CH","Changeup",3.5,9,"249",8.7,"61","0.288","0.462","0.378",29.9,18,12.4,"0.245","0.428","0.347",31.7
"Stott, Bryson",681082,"PHI","CU","Curveball",-0.6,-1,"250",9.4,"61","0.196","0.268","0.243",26.1,34.4,21.9,"0.177","0.223","0.216",20
"Kirk, Alejandro",672386,"TOR","SL","Slider",-1.3,-4,"278",16.1,"61","0.204","0.259","0.261",15.3,9.8,7.1,"0.236","0.333","0.296",35.4
"Olson, Matt",621566,"ATL","FC","Cutter",0.3,1,"273",8.8,"61","0.291","0.582","0.4",29.2,29.5,22.5,"0.242","0.554","0.367",51.4
"Naylor, Josh",647304,"CLE","SL","Slider",0.4,1,"268",16.3,"61","0.259","0.517","0.351",27,14.8,12.2,"0.265","0.466","0.329",40.8
"Lindor, Francisco",596019,"NYM","CU","Curveball",0.4,1,"273",10,"61","0.276","0.466","0.339",27.2,29.5,22,"0.234","0.386","0.282",34.1
"Varsho, Daulton",662139,"TOR","SL","Slider",-2.6,-7,"266",11.5,"60","0.164","0.273","0.229",29.8,36.7,20.8,"0.15","0.265","0.219",33.3
"Rizzo, Anthony",519203,"NYY","SL","Slider",-1.4,-4,"252",15.1,"60","0.17","0.264","0.247",30.7,30,22,"0.166","0.305","0.256",31.4
"Perkins, Blake",663368,"MIL","FF","4-Seam Fastball",-1.8,-5,"304",41.9,"60","0.163","0.286","0.277",26.8,33.3,23,"0.181","0.306","0.29",26.7
"Schwarber, Kyle",656941,"PHI","FC","Cutter",1.2,3,"294",9.6,"60","0.24","0.54","0.403",22.2,21.7,19.7,"0.22","0.556","0.382",51.4
"Peguero, Liover",678894,"PIT","FF","4-Seam Fastball",-1.1,-3,"243",30,"60","0.316","0.404","0.325",14.7,15,13,"0.3","0.379","0.317",39.6
"Barnes, Austin",605131,"LAD","FF","4-Seam Fastball",-1.3,-4,"272",35,"60","0.213","0.298","0.319",15.6,16.7,12.3,"0.259","0.447","0.38",36.8
"Kiner-Falefa, Isiah",643396,"NYY","SI","Sinker",-2.9,-7,"243",16.7,"60","0.218","0.255","0.265",14.1,8.3,10.9,"0.278","0.348","0.31",38
"Chisholm Jr., Jazz",665862,"MIA","CH","Changeup",1.1,3,"259",16.8,"60","0.276","0.414","0.299",43.1,40,33.8,"0.198","0.336","0.239",34.3
"Pasquantino, Vinnie",686469,"KC","FF","4-Seam Fastball",-0.1,0,"317",31.3,"59","0.314","0.451","0.381",12.4,16.9,13.2,"0.301","0.465","0.378",41.5
"Ozuna, Marcell",542303,"ATL","CU","Curveball",1.3,3,"259",10.9,"59","0.191","0.34","0.35",34.3,32.2,19.4,"0.211","0.362","0.349",42.9
"Ohtani, Shohei",660271,"LAA","SI","Sinker",1.7,4,"254",11,"59","0.31","0.548","0.449",19.8,18.6,18.6,"0.254","0.466","0.415",43.8
"Urías, Ramón",602104,"BAL","SL","Slider",1.3,3,"261",17.9,"58","0.333","0.373","0.376",31.8,17.2,12.2,"0.306","0.426","0.362",41.5
"Suzuki, Seiya",673548,"CHC","CH","Changeup",0.1,0,"245",10,"58","0.185","0.315","0.277",27.2,24.1,15.7,"0.238","0.353","0.282",30
"Westburg, Jordan",676059,"BAL","FF","4-Seam Fastball",-1.1,-3,"246",28.3,"58","0.259","0.37","0.303",20.9,25.9,22.7,"0.252","0.409","0.31",56.4
"Rengifo, Luis",650859,"LAA","SL","Slider",-0.7,-2,"260",15.6,"58","0.184","0.408","0.316",32.8,24.1,16.3,"0.214","0.372","0.318",37.1
"Meyers, Jake",676694,"HOU","SL","Slider",-1,-3,"261",19.7,"58","0.192","0.288","0.259",35.8,34.5,24.1,"0.197","0.316","0.268",28.1
"Soto, Juan",665742,"SD","CU","Curveball",0,0,"287",9.9,"58","0.184","0.245","0.282",19,19,12.8,"0.214","0.325","0.303",36.8
"Lindor, Francisco",596019,"NYM","FC","Cutter",-1.9,-5,"243",8.9,"57","0.2","0.345","0.248",22.6,19.3,17.5,"0.244","0.379","0.281",29.5
"Crawford, J.P.",641487,"SEA","CH","Changeup",1.8,5,"273",10.4,"57","0.277","0.511","0.398",23.2,21.1,14.1,"0.232","0.341","0.326",28.6
"Springer, George",543807,"TOR","CH","Changeup",-0.1,0,"254",10,"57","0.268","0.357","0.281",23.3,22.8,15.9,"0.255","0.416","0.294",34.9
"Peña, Jeremy",665161,"HOU","CH","Changeup",0,0,"257",11.2,"57","0.259","0.333","0.331",45,17.5,13.7,"0.209","0.275","0.235",25
"Tellez, Rowdy",642133,"MIL","SI","Sinker",-2.6,-7,"259",17.2,"56","0.149","0.149","0.233",10.1,17.9,23.3,"0.216","0.273","0.296",50
"Wiemer, Joey",686894,"MIL","SI","Sinker",-0.5,-1,"258",16.3,"56","0.229","0.333","0.325",22.4,14.3,19,"0.22","0.352","0.311",45
"Gallagher, Cam",595956,"CLE","FF","4-Seam Fastball",-4.5,-11,"249",42.6,"56","0.077","0.115","0.127",24.4,28.6,18.2,"0.146","0.245","0.203",25
"Santander, Anthony",623993,"BAL","FC","Cutter",-1.4,-4,"274",9.9,"56","0.188","0.354","0.284",24.8,23.2,18.3,"0.214","0.37","0.31",41.7
"Anderson, Brian",605119,"MIL","SI","Sinker",-0.1,0,"250",17.3,"55","0.238","0.357","0.385",22.5,12.7,12.1,"0.268","0.367","0.378",34.3
"Reyes, Pablo",622569,"BOS","FF","4-Seam Fastball",0.4,1,"250",35.3,"55","0.304","0.5","0.403",20.4,10.9,9.5,"0.316","0.63","0.444",55
"Conforto, Michael",624424,"SF","CH","Changeup",-0.5,-1,"248",13.1,"55","0.245","0.367","0.293",35.2,16.4,12.2,"0.218","0.361","0.287",33.3
"Schwarber, Kyle",656941,"PHI","CU","Curveball",2.3,6,"274",8.9,"55","0.25","0.705","0.453",43.8,38.2,25,"0.235","0.627","0.424",60.9
"Alonso, Pete",624413,"NYM","CH","Changeup",-0.1,0,"257",10,"55","0.16","0.38","0.284",40.8,32.7,18.2,"0.225","0.471","0.329",28.1
"Casas, Triston",671213,"BOS","SL","Slider",1.4,4,"270",13.1,"55","0.25","0.542","0.378",43.5,38.2,23.6,"0.191","0.422","0.312",44.4
"Rooker, Brent",667670,"ATH","CH","Changeup",0.2,0,"253",11.8,"55","0.235","0.392","0.3",50.4,40,22.4,"0.237","0.446","0.317",51.7
"Zunino, Mike",572287,"CLE","FF","4-Seam Fastball",-2.5,-6,"244",40.3,"54","0.085","0.149","0.178",44.1,51.9,31.8,"0.144","0.27","0.242",52.6
"Santana, Carlos",467793,"MIL","FC","Cutter",-1.6,-4,"271",11,"54","0.136","0.227","0.273",22.4,14.8,13.6,"0.179","0.276","0.288",27.8
"Bae, Ji Hwan",678225,"PIT","SI","Sinker",-2.6,-7,"254",16.9,"54","0.226","0.264","0.243",18.2,20.4,15.7,"0.206","0.239","0.206",33.3
"Neto, Zach",687263,"LAA","SL","Slider",-1.6,-4,"262",20.3,"54","0.137","0.235","0.221",39.3,27.8,20.3,"0.181","0.293","0.229",36.1
"Urshela, Gio",570482,"LAA","FF","4-Seam Fastball",-0.1,0,"276",31.3,"54","0.4","0.46","0.393",17,20.4,11.8,"0.262","0.439","0.325",45
"Story, Trevor",596115,"BOS","FF","4-Seam Fastball",-0.6,-1,"246",38.4,"54","0.255","0.412","0.325",24.8,31.5,23.9,"0.244","0.454","0.315",55.9
"Mountcastle, Ryan",663624,"BAL","SI","Sinker",-1,-2,"245",14.1,"53","0.279","0.419","0.37",16.7,7.5,10,"0.333","0.515","0.414",42.5
"Pederson, Joc",592626,"SF","CH","Changeup",-0.2,0,"246",14.3,"53","0.182","0.341","0.294",29.5,13.2,9.6,"0.246","0.402","0.338",39.5
"Trejo, Alan",676701,"COL","FF","4-Seam Fastball",-1.1,-3,"273",31.2,"53","0.224","0.347","0.298",18.7,26.4,18.9,"0.212","0.33","0.267",31.4
"Wynns, Austin",642851,"COL","FF","4-Seam Fastball",-1.1,-3,"244",40.4,"53","0.256","0.326","0.311",22,13.2,9.3,"0.186","0.278","0.264",28.2
"Candelario, Jeimer",600869,"CHC","CU","Curveball",-1.6,-5,"307",13.2,"52","0.083","0.208","0.196",38.4,40.4,25.3,"0.143","0.256","0.224",29.6
"Arias, Gabriel",672356,"CLE","SL","Slider",-0.6,-1,"248",18.4,"52","0.26","0.36","0.303",44,38.5,22.5,"0.23","0.345","0.265",50
"Hoerner, Nico",663538,"CHC","CU","Curveball",0.1,0,"243",9.6,"48","0.233","0.372","0.305",23.5,18.8,9.9,"0.193","0.255","0.247",20.6
"Casas, Triston",671213,"BOS","CU","Curveball",0.4,1,"249",12.1,"48","0.205","0.282","0.304",27.3,27.1,16.9,"0.201","0.399","0.336",42.3
"Albies, Ozzie",645277,"ATL","FC","Cutter",1.3,4,"264",10.3,"48","0.282","0.667","0.451",20.5,10.4,10.2,"0.3","0.597","0.436",44.1
"Noda, Ryan",676116,"ATH","SL","Slider",0.7,2,"264",12.6,"48","0.194","0.417","0.385",48,37.5,19.6,"0.192","0.442","0.373",55.6
"Tauchman, Mike",643565,"CHC","SI","Sinker",0.6,2,"247",14.4,"47","0.263","0.368","0.374",20.9,19.1,16.1,"0.269","0.338","0.348",44.8
"Julien, Edouard",666397,"MIN","SL","Slider",1.2,3,"264",15.3,"42","0.235","0.441","0.349",44.7,40.5,21.8,"0.206","0.399","0.325",50
"Rutschman, Adley",668939,"BAL","CU","Curveball",0.2,1,"258",8.9,"41","0.222","0.389","0.313",22.1,17.1,9.2,"0.258","0.424","0.34",27.6