game_id,slate_id,date,day_of_week,slate_type,games_on_date,home_team,away_team,home_league,away_league,interleague,neutral_site,doubleheader
2026-03-25_NYY@SF,S001_2026-03-25_SOLO,2026-03-25,Wednesday,single_game_slate,1,SF,NYY,NL,AL,True,False,False
2026-03-26_MIN@BAL,S002_2026-03-26_MAIN,2026-03-26,Thursday,main_slate,11,BAL,MIN,AL,AL,False,False,False
2026-03-26_WSH@CHC,S002_2026-03-26_MAIN,2026-03-26,Thursday,main_slate,11,CHC,WSH,NL,NL,False,False,False
2026-03-26_BOS@CIN,S002_2026-03-26_MAIN,2026-03-26,Thursday,main_slate,11,CIN,BOS,NL,AL,True,False,False
2026-03-26_LAA@HOU,S002_2026-03-26_MAIN,2026-03-26,Thursday,main_slate,11,HOU,LAA,AL,AL,False,False,False
2026-03-26_ARI@LAD,S002_2026-03-26_MAIN,2026-03-26,Thursday,main_slate,11,LAD,ARI,NL,NL,False,False,False
2026-03-26_CHW@MIL,S002_2026-03-26_MAIN,2026-03-26,Thursday,main_slate,11,MIL,CHW,NL,AL,True,False,False
2026-03-26_PIT@NYM,S002_2026-03-26_MAIN,2026-03-26,Thursday,main_slate,11,NYM,PIT,NL,NL,False,False,False
2026-03-26_TEX@PHI,S002_2026-03-26_MAIN,2026-03-26,Thursday,main_slate,11,PHI,TEX,NL,AL,True,False,False
2026-03-26_DET@SD,S002_2026-03-26_MAIN,2026-03-26,Thursday,main_slate,11,SD,DET,NL,AL,True,False,False
2026-03-26_CLE@SEA,S002_2026-03-26_MAIN,2026-03-26,Thursday,main_slate,11,SEA,CLE,AL,AL,False,False,False
2026-03-26_TB@STL,S002_2026-03-26_MAIN,2026-03-26,Thursday,main_slate,11,STL,TB,NL,AL,True,False,False
2026-03-27_KC@ATL,S003_2026-03-27_MAIN,2026-03-27,Friday,main_slate,8,ATL,KC,NL,AL,True,False,False
2026-03-27_LAA@HOU,S003_2026-03-27_MAIN,2026-03-27,Friday,main_slate,8,HOU,LAA,AL,AL,False,False,False
2026-03-27_ARI@LAD,S003_2026-03-27_MAIN,2026-03-27,Friday,main_slate,8,LAD,ARI,NL,NL,False,False,False
2026-03-27_COL@MIA,S003_2026-03-27_MAIN,2026-03-27,Friday,main_slate,8,MIA,COL,NL,NL,False,False,False
2026-03-27_DET@SD,S003_2026-03-27_MAIN,2026-03-27,Friday,main_slate,8,SD,DET,NL,AL,True,False,False
2026-03-27_CLE@SEA,S003_2026-03-27_MAIN,2026-03-27,Friday,main_slate,8,SEA,CLE,AL,AL,False,False,False
2026-03-27_NYY@SF,S003_2026-03-27_MAIN,2026-03-27,Friday,main_slate,8,SF,NYY,NL,AL,True,False,False
2026-03-27_ATH@TOR,S003_2026-03-27_MAIN,2026-03-27,Friday,main_slate,8,TOR,ATH,AL,AL,False,False,False
2026-03-28_KC@ATL,S004_2026-03-28_MAIN,2026-03-28,Saturday,main_slate,15,ATL,KC,NL,AL,True,False,False
2026-03-28_MIN@BAL,S004_2026-03-28_MAIN,2026-03-28,Saturday,main_slate,15,BAL,MIN,AL,AL,False,False,False
2026-03-28_WSH@CHC,S004_2026-03-28_MAIN,2026-03-28,Saturday,main_slate,15,CHC,WSH,NL,NL,False,False,False
2026-03-28_BOS@CIN,S004_2026-03-28_MAIN,2026-03-28,Saturday,main_slate,15,CIN,BOS,NL,AL,True,False,False
2026-03-28_LAA@HOU,S004_2026-03-28_MAIN,2026-03-28,Saturday,main_slate,15,HOU,LAA,AL,AL,False,False,False
2026-03-28_ARI@LAD,S004_2026-03-28_MAIN,2026-03-28,Saturday,main_slate,15,LAD,ARI,NL,NL,False,False,False
2026-03-28_COL@MIA,S004_2026-03-28_MAIN,2026-03-28,Saturday,main_slate,15,MIA,COL,NL,NL,False,False,False
2026-03-28_CHW@MIL,S004_2026-03-28_MAIN,2026-03-28,Saturday,main_slate,15,MIL,CHW,NL,AL,True,False,False
2026-03-28_PIT@NYM,S004_2026-03-28_MAIN,2026-03-28,Saturday,main_slate,15,NYM,PIT,NL,NL,False,False,False
2026-03-28_TEX@PHI,S004_2026-03-28_MAIN,2026-03-28,Saturday,main_slate,15,PHI,TEX,NL,AL,True,False,False
2026-03-28_DET@SD,S004_2026-03-28_MAIN,2026-03-28,Saturday,main_slate,15,SD,DET,NL,AL,True,False,False
2026-03-28_CLE@SEA,S004_2026-03-28_MAIN,2026-03-28,Saturday,main_slate,15,SEA,CLE,AL,AL,False,False,False
2026-03-28_NYY@SF,S004_2026-03-28_MAIN,2026-03-28,Saturday,main_slate,15,SF,NYY,NL,AL,True,False,False
2026-03-28_TB@STL,S004_2026-03-28_MAIN,2026-03-28,Saturday,main_slate,15,STL,TB,NL,AL,True,False,False
2026-03-28_ATH@TOR,S004_2026-03-28_MAIN,2026-03-28,Saturday,main_slate,15,TOR,ATH,AL,AL,False,False,False
2026-03-29_KC@ATL,S005_2026-03-29_MAIN,2026-03-29,Sunday,main_slate,12,ATL,KC,NL,AL,True,False,False
2026-03-29_MIN@BAL,S005_2026-03-29_MAIN,2026-03-29,Sunday,main_slate,12,BAL,MIN,AL,AL,False,False,False
2026-03-29_WSH@CHC,S005_2026-03-29_MAIN,2026-03-29,Sunday,main_slate,12,CHC,WSH,NL,NL,False,False,False
2026-03-29_BOS@CIN,S005_2026-03-29_MAIN,2026-03-29,Sunday,main_slate,12,CIN,BOS,NL,AL,True,False,False
2026-03-29_LAA@HOU,S005_2026-03-29_MAIN,2026-03-29,Sunday,main_slate,12,HOU,LAA,AL,AL,False,False,False
2026-03-29_COL@MIA,S005_2026-03-29_MAIN,2026-03-29,Sunday,main_slate,12,MIA,COL,NL,NL,False,False,False
2026-03-29_CHW@MIL,S005_2026-03-29_MAIN,2026-03-29,Sunday,main_slate,12,MIL,CHW,NL,AL,True,False,False
2026-03-29_PIT@NYM,S005_2026-03-29_MAIN,2026-03-29,Sunday,main_slate,12,NYM,PIT,NL,NL,False,False,False
2026-03-29_TEX@PHI,S005_2026-03-29_MAIN,2026-03-29,Sunday,main_slate,12,PHI,TEX,NL,AL,True,False,False
2026-03-29_CLE@SEA,S005_2026-03-29_MAIN,2026-03-29,Sunday,main_slate,12,SEA,CLE,AL,AL,False,False,False
2026-03-29_TB@STL,S005_2026-03-29_MAIN,2026-03-29,Sunday,main_slate,12,STL,TB,NL,AL,True,False,False
2026-03-29_ATH@TOR,S005_2026-03-29_MAIN,2026-03-29,Sunday,main_slate,12,TOR,ATH,AL,AL,False,False,False
2026-03-30_DET@ARI,S006_2026-03-30_MAIN,2026-03-30,Monday,main_slate,15,ARI,DET,NL,AL,True,False,False
2026-03-30_ATH@ATL,S006_2026-03-30_MAIN,2026-03-30,Monday,main_slate,15,ATL,ATH,NL,AL,True,False,False
2026-03-30_TEX@BAL,S006_2026-03-30_MAIN,2026-03-30,Monday,main_slate,15,BAL,TEX,AL,AL,False,False,False
2026-03-30_LAA@CHC,S006_2026-03-30_MAIN,2026-03-30,Monday,main_slate,15,CHC,LAA,NL,AL,True,False,False
2026-03-30_PIT@CIN,S006_2026-03-30_MAIN,2026-03-30,Monday,main_slate,15,CIN,PIT,NL,NL,False,False,False
2026-03-30_BOS@HOU,S006_2026-03-30_MAIN,2026-03-30,Monday,main_slate,15,HOU,BOS,AL,AL,False,False,False
2026-03-30_MIN@KC,S006_2026-03-30_MAIN,2026-03-30,Monday,main_slate,15,KC,MIN,AL,AL,False,False,False
2026-03-30_CLE@LAD,S006_2026-03-30_MAIN,2026-03-30,Monday,main_slate,15,LAD,CLE,NL,AL,True,False,False
2026-03-30_CHW@MIA,S006_2026-03-30_MAIN,2026-03-30,Monday,main_slate,15,MIA,CHW,NL,AL,True,False,False
2026-03-30_TB@MIL,S006_2026-03-30_MAIN,2026-03-30,Monday,main_slate,15,MIL,TB,NL,AL,True,False,False
2026-03-30_WSH@PHI,S006_2026-03-30_MAIN,2026-03-30,Monday,main_slate,15,PHI,WSH,NL,NL,False,False,False
2026-03-30_SF@SD,S006_2026-03-30_MAIN,2026-03-30,Monday,main_slate,15,SD,SF,NL,NL,False,False,False
2026-03-30_NYY@SEA,S006_2026-03-30_MAIN,2026-03-30,Monday,main_slate,15,SEA,NYY,AL,AL,False,False,False
2026-03-30_NYM@STL,S006_2026-03-30_MAIN,2026-03-30,Monday,main_slate,15,STL,NYM,NL,NL,False,False,False
2026-03-30_COL@TOR,S006_2026-03-30_MAIN,2026-03-30,Monday,main_slate,15,TOR,COL,AL,NL,True,False,False
2026-03-31_DET@ARI,S007_2026-03-31_MAIN,2026-03-31,Tuesday,main_slate,14,ARI,DET,NL,AL,True,False,False
2026-03-31_ATH@ATL,S007_2026-03-31_MAIN,2026-03-31,Tuesday,main_slate,14,ATL,ATH,NL,AL,True,False,False
2026-03-31_TEX@BAL,S007_2026-03-31_MAIN,2026-03-31,Tuesday,main_slate,14,BAL,TEX,AL,AL,False,False,False
2026-03-31_LAA@CHC,S007_2026-03-31_MAIN,2026-03-31,Tuesday,main_slate,14,CHC,LAA,NL,AL,True,False,False
2026-03-31_PIT@CIN,S007_2026-03-31_MAIN,2026-03-31,Tuesday,main_slate,14,CIN,PIT,NL,NL,False,False,False
2026-03-31_BOS@HOU,S007_2026-03-31_MAIN,2026-03-31,Tuesday,main_slate,14,HOU,BOS,AL,AL,False,False,False
2026-03-31_CLE@LAD,S007_2026-03-31_MAIN,2026-03-31,Tuesday,main_slate,14,LAD,CLE,NL,AL,True,False,False
2026-03-31_CHW@MIA,S007_2026-03-31_MAIN,2026-03-31,Tuesday,main_slate,14,MIA,CHW,NL,AL,True,False,False
2026-03-31_TB@MIL,S007_2026-03-31_MAIN,2026-03-31,Tuesday,main_slate,14,MIL,TB,NL,AL,True,False,False
2026-03-31_WSH@PHI,S007_2026-03-31_MAIN,2026-03-31,Tuesday,main_slate,14,PHI,WSH,NL,NL,False,False,False
2026-03-31_SF@SD,S007_2026-03-31_MAIN,2026-03-31,Tuesday,main_slate,14,SD,SF,NL,NL,False,False,False
2026-03-31_NYY@SEA,S007_2026-03-31_MAIN,2026-03-31,Tuesday,main_slate,14,SEA,NYY,AL,AL,False,False,False
2026-03-31_NYM@STL,S007_2026-03-31_MAIN,2026-03-31,Tuesday,main_slate,14,STL,NYM,NL,NL,False,False,False
2026-03-31_COL@TOR,S007_2026-03-31_MAIN,2026-03-31,Tuesday,main_slate,14,TOR,COL,AL,NL,True,False,False
2026-04-01_DET@ARI,S008_2026-04-01_MAIN,2026-04-01,Wednesday,main_slate,15,ARI,DET,NL,AL,True,False,False
2026-04-01_ATH@ATL,S008_2026-04-01_MAIN,2026-04-01,Wednesday,main_slate,15,ATL,ATH,NL,AL,True,False,False
2026-04-01_TEX@BAL,S008_2026-04-01_MAIN,2026-04-01,Wednesday,main_slate,15,BAL,TEX,AL,AL,False,False,False
2026-04-01_LAA@CHC,S008_2026-04-01_MAIN,2026-04-01,Wednesday,main_slate,15,CHC,LAA,NL,AL,True,False,False
2026-04-01_PIT@CIN,S008_2026-04-01_MAIN,2026-04-01,Wednesday,main_slate,15,CIN,PIT,NL,NL,False,False,False
2026-04-01_BOS@HOU,S008_2026-04-01_MAIN,2026-04-01,Wednesday,main_slate,15,HOU,BOS,AL,AL,False,False,False
2026-04-01_MIN@KC,S008_2026-04-01_MAIN,2026-04-01,Wednesday,main_slate,15,KC,MIN,AL,AL,False,False,False
2026-04-01_CLE@LAD,S008_2026-04-01_MAIN,2026-04-01,Wednesday,main_slate,15,LAD,CLE,NL,AL,True,False,False
2026-04-01_CHW@MIA,S008_2026-04-01_MAIN,2026-04-01,Wednesday,main_slate,15,MIA,CHW,NL,AL,True,False,False
2026-04-01_TB@MIL,S008_2026-04-01_MAIN,2026-04-01,Wednesday,main_slate,15,MIL,TB,NL,AL,True,False,False
2026-04-01_WSH@PHI,S008_2026-04-01_MAIN,2026-04-01,Wednesday,main_slate,15,PHI,WSH,NL,NL,False,False,False
2026-04-01_SF@SD,S008_2026-04-01_MAIN,2026-04-01,Wednesday,main_slate,15,SD,SF,NL,NL,False,False,False
2026-04-01_NYY@SEA,S008_2026-04-01_MAIN,2026-04-01,Wednesday,main_slate,15,SEA,NYY,AL,AL,False,False,False
2026-04-01_NYM@STL,S008_2026-04-01_MAIN,2026-04-01,Wednesday,main_slate,15,STL,NYM,NL,NL,False,False,False
2026-04-01_COL@TOR,S008_2026-04-01_MAIN,2026-04-01,Wednesday,main_slate,15,TOR,COL,AL,NL,True,False,False
2026-04-02_ATL@ARI,S009_2026-04-02_SMALL,2026-04-02,Thursday,small_slate,4,ARI,ATL,NL,NL,False,False,False
2026-04-02_TOR@CHW,S009_2026-04-02_SMALL,2026-04-02,Thursday,small_slate,4,CHW,TOR,AL,AL,False,False,False
2026-04-02_MIN@KC,S009_2026-04-02_SMALL,2026-04-02,Thursday,small_slate,4,KC,MIN,AL,AL,False,False,False
2026-04-02_NYM@SF,S009_2026-04-02_SMALL,2026-04-02,Thursday,small_slate,4,SF,NYM,NL,NL,False,False,False
2026-04-03_ATL@ARI,S010_2026-04-03_MAIN,2026-04-03,Friday,main_slate,14,ARI,ATL,NL,NL,False,False,False
2026-04-03_HOU@ATH,S010_2026-04-03_MAIN,2026-04-03,Friday,main_slate,14,ATH,HOU,AL,AL,False,False,False
2026-04-03_SD@BOS,S010_2026-04-03_MAIN,2026-04-03,Friday,main_slate,14,BOS,SD,AL,NL,True,False,False
2026-04-03_CHC@CLE,S010_2026-04-03_MAIN,2026-04-03,Friday,main_slate,14,CLE,CHC,AL,NL,True,False,False
2026-04-03_PHI@COL,S010_2026-04-03_MAIN,2026-04-03,Friday,main_slate,14,COL,PHI,NL,NL,False,False,False
2026-04-03_STL@DET,S010_2026-04-03_MAIN,2026-04-03,Friday,main_slate,14,DET,STL,AL,NL,True,False,False
2026-04-03_MIL@KC,S010_2026-04-03_MAIN,2026-04-03,Friday,main_slate,14,KC,MIL,AL,NL,True,False,False
2026-04-03_SEA@LAA,S010_2026-04-03_MAIN,2026-04-03,Friday,main_slate,14,LAA,SEA,AL,AL,False,False,False
2026-04-03_TB@MIN,S010_2026-04-03_MAIN,2026-04-03,Friday,main_slate,14,MIN,TB,AL,AL,False,False,False
2026-04-03_MIA@NYY,S010_2026-04-03_MAIN,2026-04-03,Friday,main_slate,14,NYY,MIA,AL,NL,True,False,False
2026-04-03_BAL@PIT,S010_2026-04-03_MAIN,2026-04-03,Friday,main_slate,14,PIT,BAL,NL,AL,True,False,False
2026-04-03_NYM@SF,S010_2026-04-03_MAIN,2026-04-03,Friday,main_slate,14,SF,NYM,NL,NL,False,False,False
2026-04-03_CIN@TEX,S010_2026-04-03_MAIN,2026-04-03,Friday,main_slate,14,TEX,CIN,AL,NL,True,False,False
2026-04-03_LAD@WSH,S010_2026-04-03_MAIN,2026-04-03,Friday,main_slate,14,WSH,LAD,NL,NL,False,False,False
2026-04-04_ATL@ARI,S011_2026-04-04_MAIN,2026-04-04,Saturday,main_slate,15,ARI,ATL,NL,NL,False,False,False
2026-04-04_HOU@ATH,S011_2026-04-04_MAIN,2026-04-04,Saturday,main_slate,15,ATH,HOU,AL,AL,False,False,False
2026-04-04_SD@BOS,S011_2026-04-04_MAIN,2026-04-04,Saturday,main_slate,15,BOS,SD,AL,NL,True,False,False
2026-04-04_TOR@CHW,S011_2026-04-04_MAIN,2026-04-04,Saturday,main_slate,15,CHW,TOR,AL,AL,False,False,False
2026-04-04_CHC@CLE,S011_2026-04-04_MAIN,2026-04-04,Saturday,main_slate,15,CLE,CHC,AL,NL,True,False,False
2026-04-04_PHI@COL,S011_2026-04-04_MAIN,2026-04-04,Saturday,main_slate,15,COL,PHI,NL,NL,False,False,False
2026-04-04_STL@DET,S011_2026-04-04_MAIN,2026-04-04,Saturday,main_slate,15,DET,STL,AL,NL,True,False,False
2026-04-04_MIL@KC,S011_2026-04-04_MAIN,2026-04-04,Saturday,main_slate,15,KC,MIL,AL,NL,True,False,False
2026-04-04_SEA@LAA,S011_2026-04-04_MAIN,2026-04-04,Saturday,main_slate,15,LAA,SEA,AL,AL,False,False,False
2026-04-04_TB@MIN,S011_2026-04-04_MAIN,2026-04-04,Saturday,main_slate,15,MIN,TB,AL,AL,False,False,False
2026-04-04_MIA@NYY,S011_2026-04-04_MAIN,2026-04-04,Saturday,main_slate,15,NYY,MIA,AL,NL,True,False,False
2026-04-04_BAL@PIT,S011_2026-04-04_MAIN,2026-04-04,Saturday,main_slate,15,PIT,BAL,NL,AL,True,False,False
2026-04-04_NYM@SF,S011_2026-04-04_MAIN,2026-04-04,Saturday,main_slate,15,SF,NYM,NL,NL,False,False,False
2026-04-04_CIN@TEX,S011_2026-04-04_MAIN,2026-04-04,Saturday,main_slate,15,TEX,CIN,AL,NL,True,False,False
2026-04-04_LAD@WSH,S011_2026-04-04_MAIN,2026-04-04,Saturday,main_slate,15,WSH,LAD,NL,NL,False,False,False
2026-04-05_ATL@ARI,S012_2026-04-05_MAIN,2026-04-05,Sunday,main_slate,15,ARI,ATL,NL,NL,False,False,False
2026-04-05_HOU@ATH,S012_2026-04-05_MAIN,2026-04-05,Sunday,main_slate,15,ATH,HOU,AL,AL,False,False,False
2026-04-05_SD@BOS,S012_2026-04-05_MAIN,2026-04-05,Sunday,main_slate,15,BOS,SD,AL,NL,True,False,False
2026-04-05_TOR@CHW,S012_2026-04-05_MAIN,2026-04-05,Sunday,main_slate,15,CHW,TOR,AL,AL,False,False,False
2026-04-05_CHC@CLE,S012_2026-04-05_MAIN,2026-04-05,Sunday,main_slate,15,CLE,CHC,AL,NL,True,False,False
2026-04-05_PHI@COL,S012_2026-04-05_MAIN,2026-04-05,Sunday,main_slate,15,COL,PHI,NL,NL,False,False,False
2026-04-05_STL@DET,S012_2026-04-05_MAIN,2026-04-05,Sunday,main_slate,15,DET,STL,AL,NL,True,False,False
2026-04-05_MIL@KC,S012_2026-04-05_MAIN,2026-04-05,Sunday,main_slate,15,KC,MIL,AL,NL,True,False,False
2026-04-05_SEA@LAA,S012_2026-04-05_MAIN,2026-04-05,Sunday,main_slate,15,LAA,SEA,AL,AL,False,False,False
2026-04-05_TB@MIN,S012_2026-04-05_MAIN,2026-04-05,Sunday,main_slate,15,MIN,TB,AL,AL,False,False,False
2026-04-05_MIA@NYY,S012_2026-04-05_MAIN,2026-04-05,Sunday,main_slate,15,NYY,MIA,AL,NL,True,False,False
2026-04-05_BAL@PIT,S012_2026-04-05_MAIN,2026-04-05,Sunday,main_slate,15,PIT,BAL,NL,AL,True,False,False
2026-04-05_NYM@SF,S012_2026-04-05_MAIN,2026-04-05,Sunday,main_slate,15,SF,NYM,NL,NL,False,False,False
2026-04-05_CIN@TEX,S012_2026-04-05_MAIN,2026-04-05,Sunday,main_slate,15,TEX,CIN,AL,NL,True,False,False
2026-04-05_LAD@WSH,S012_2026-04-05_MAIN,2026-04-05,Sunday,main_slate,15,WSH,LAD,NL,NL,False,False,False
2026-04-06_MIL@BOS,S013_2026-04-06_MAIN,2026-04-06,Monday,main_slate,13,BOS,MIL,AL,NL,True,False,False
2026-04-06_BAL@CHW,S013_2026-04-06_MAIN,2026-04-06,Monday,main_slate,13,CHW,BAL,AL,AL,False,False,False
2026-04-06_KC@CLE,S013_2026-04-06_MAIN,2026-04-06,Monday,main_slate,13,CLE,KC,AL,AL,False,False,False
2026-04-06_HOU@COL,S013_2026-04-06_MAIN,2026-04-06,Monday,main_slate,13,COL,HOU,NL,AL,True,False,False
2026-04-06_ATL@LAA,S013_2026-04-06_MAIN,2026-04-06,Monday,main_slate,13,LAA,ATL,AL,NL,True,False,False
2026-04-06_CIN@MIA,S013_2026-04-06_MAIN,2026-04-06,Monday,main_slate,13,MIA,CIN,NL,NL,False,False,False
2026-04-06_DET@MIN,S013_2026-04-06_MAIN,2026-04-06,Monday,main_slate,13,MIN,DET,AL,AL,False,False,False
2026-04-06_SD@PIT,S013_2026-04-06_MAIN,2026-04-06,Monday,main_slate,13,PIT,SD,NL,NL,False,False,False
2026-04-06_PHI@SF,S013_2026-04-06_MAIN,2026-04-06,Monday,main_slate,13,SF,PHI,NL,NL,False,False,False
2026-04-06_CHC@TB,S013_2026-04-06_MAIN,2026-04-06,Monday,main_slate,13,TB,CHC,AL,NL,True,False,False
2026-04-06_SEA@TEX,S013_2026-04-06_MAIN,2026-04-06,Monday,main_slate,13,TEX,SEA,AL,AL,False,False,False
2026-04-06_LAD@TOR,S013_2026-04-06_MAIN,2026-04-06,Monday,main_slate,13,TOR,LAD,AL,NL,True,False,False
2026-04-06_STL@WSH,S013_2026-04-06_MAIN,2026-04-06,Monday,main_slate,13,WSH,STL,NL,NL,False,False,False
2026-04-07_MIL@BOS,S014_2026-04-07_MAIN,2026-04-07,Tuesday,main_slate,15,BOS,MIL,AL,NL,True,False,False
2026-04-07_BAL@CHW,S014_2026-04-07_MAIN,2026-04-07,Tuesday,main_slate,15,CHW,BAL,AL,AL,False,False,False
2026-04-07_KC@CLE,S014_2026-04-07_MAIN,2026-04-07,Tuesday,main_slate,15,CLE,KC,AL,AL,False,False,False
2026-04-07_HOU@COL,S014_2026-04-07_MAIN,2026-04-07,Tuesday,main_slate,15,COL,HOU,NL,AL,True,False,False
2026-04-07_ATL@LAA,S014_2026-04-07_MAIN,2026-04-07,Tuesday,main_slate,15,LAA,ATL,AL,NL,True,False,False
2026-04-07_CIN@MIA,S014_2026-04-07_MAIN,2026-04-07,Tuesday,main_slate,15,MIA,CIN,NL,NL,False,False,False
2026-04-07_DET@MIN,S014_2026-04-07_MAIN,2026-04-07,Tuesday,main_slate,15,MIN,DET,AL,AL,False,False,False
2026-04-07_ARI@NYM,S014_2026-04-07_MAIN,2026-04-07,Tuesday,main_slate,15,NYM,ARI,NL,NL,False,False,False
2026-04-07_ATH@NYY,S014_2026-04-07_MAIN,2026-04-07,Tuesday,main_slate,15,NYY,ATH,AL,AL,False,False,False
2026-04-07_SD@PIT,S014_2026-04-07_MAIN,2026-04-07,Tuesday,main_slate,15,PIT,SD,NL,NL,False,False,False
2026-04-07_PHI@SF,S014_2026-04-07_MAIN,2026-04-07,Tuesday,main_slate,15,SF,PHI,NL,NL,False,False,False
2026-04-07_CHC@TB,S014_2026-04-07_MAIN,2026-04-07,Tuesday,main_slate,15,TB,CHC,AL,NL,True,False,False
2026-04-07_SEA@TEX,S014_2026-04-07_MAIN,2026-04-07,Tuesday,main_slate,15,TEX,SEA,AL,AL,False,False,False
2026-04-07_LAD@TOR,S014_2026-04-07_MAIN,2026-04-07,Tuesday,main_slate,15,TOR,LAD,AL,NL,True,False,False
2026-04-07_STL@WSH,S014_2026-04-07_MAIN,2026-04-07,Tuesday,main_slate,15,WSH,STL,NL,NL,False,False,False
2026-04-08_MIL@BOS,S015_2026-04-08_MAIN,2026-04-08,Wednesday,main_slate,15,BOS,MIL,AL,NL,True,False,False
2026-04-08_BAL@CHW,S015_2026-04-08_MAIN,2026-04-08,Wednesday,main_slate,15,CHW,BAL,AL,AL,False,False,False
2026-04-08_KC@CLE,S015_2026-04-08_MAIN,2026-04-08,Wednesday,main_slate,15,CLE,KC,AL,AL,False,False,False
2026-04-08_HOU@COL,S015_2026-04-08_MAIN,2026-04-08,Wednesday,main_slate,15,COL,HOU,NL,AL,True,False,False
2026-04-08_ATL@LAA,S015_2026-04-08_MAIN,2026-04-08,Wednesday,main_slate,15,LAA,ATL,AL,NL,True,False,False
2026-04-08_CIN@MIA,S015_2026-04-08_MAIN,2026-04-08,Wednesday,main_slate,15,MIA,CIN,NL,NL,False,False,False
2026-04-08_DET@MIN,S015_2026-04-08_MAIN,2026-04-08,Wednesday,main_slate,15,MIN,DET,AL,AL,False,False,False
2026-04-08_ARI@NYM,S015_2026-04-08_MAIN,2026-04-08,Wednesday,main_slate,15,NYM,ARI,NL,NL,False,False,False
2026-04-08_ATH@NYY,S015_2026-04-08_MAIN,2026-04-08,Wednesday,main_slate,15,NYY,ATH,AL,AL,False,False,False
2026-04-08_SD@PIT,S015_2026-04-08_MAIN,2026-04-08,Wednesday,main_slate,15,PIT,SD,NL,NL,False,False,False
2026-04-08_PHI@SF,S015_2026-04-08_MAIN,2026-04-08,Wednesday,main_slate,15,SF,PHI,NL,NL,False,False,False
2026-04-08_CHC@TB,S015_2026-04-08_MAIN,2026-04-08,Wednesday,main_slate,15,TB,CHC,AL,NL,True,False,False
2026-04-08_SEA@TEX,S015_2026-04-08_MAIN,2026-04-08,Wednesday,main_slate,15,TEX,SEA,AL,AL,False,False,False
2026-04-08_LAD@TOR,S015_2026-04-08_MAIN,2026-04-08,Wednesday,main_slate,15,TOR,LAD,AL,NL,True,False,False
2026-04-08_STL@WSH,S015_2026-04-08_MAIN,2026-04-08,Wednesday,main_slate,15,WSH,STL,NL,NL,False,False,False
2026-04-09_CHW@KC,S016_2026-04-09_MAIN,2026-04-09,Thursday,main_slate,6,KC,CHW,AL,AL,False,False,False
2026-04-09_CIN@MIA,S016_2026-04-09_MAIN,2026-04-09,Thursday,main_slate,6,MIA,CIN,NL,NL,False,False,False
2026-04-09_DET@MIN,S016_2026-04-09_MAIN,2026-04-09,Thursday,main_slate,6,MIN,DET,AL,AL,False,False,False
2026-04-09_ARI@NYM,S016_2026-04-09_MAIN,2026-04-09,Thursday,main_slate,6,NYM,ARI,NL,NL,False,False,False
2026-04-09_ATH@NYY,S016_2026-04-09_MAIN,2026-04-09,Thursday,main_slate,6,NYY,ATH,AL,AL,False,False,False
2026-04-09_COL@SD,S016_2026-04-09_MAIN,2026-04-09,Thursday,main_slate,6,SD,COL,NL,NL,False,False,False
2026-04-10_CLE@ATL,S017_2026-04-10_MAIN,2026-04-10,Friday,main_slate,15,ATL,CLE,NL,AL,True,False,False
2026-04-10_SF@BAL,S017_2026-04-10_MAIN,2026-04-10,Friday,main_slate,15,BAL,SF,AL,NL,True,False,False
2026-04-10_PIT@CHC,S017_2026-04-10_MAIN,2026-04-10,Friday,main_slate,15,CHC,PIT,NL,NL,False,False,False
2026-04-10_LAA@CIN,S017_2026-04-10_MAIN,2026-04-10,Friday,main_slate,15,CIN,LAA,NL,AL,True,False,False
2026-04-10_MIA@DET,S017_2026-04-10_MAIN,2026-04-10,Friday,main_slate,15,DET,MIA,AL,NL,True,False,False
2026-04-10_CHW@KC,S017_2026-04-10_MAIN,2026-04-10,Friday,main_slate,15,KC,CHW,AL,AL,False,False,False
2026-04-10_TEX@LAD,S017_2026-04-10_MAIN,2026-04-10,Friday,main_slate,15,LAD,TEX,NL,AL,True,False,False
2026-04-10_WSH@MIL,S017_2026-04-10_MAIN,2026-04-10,Friday,main_slate,15,MIL,WSH,NL,NL,False,False,False
2026-04-10_ATH@NYM,S017_2026-04-10_MAIN,2026-04-10,Friday,main_slate,15,NYM,ATH,NL,AL,True,False,False
2026-04-10_ARI@PHI,S017_2026-04-10_MAIN,2026-04-10,Friday,main_slate,15,PHI,ARI,NL,NL,False,False,False
2026-04-10_COL@SD,S017_2026-04-10_MAIN,2026-04-10,Friday,main_slate,15,SD,COL,NL,NL,False,False,False
2026-04-10_HOU@SEA,S017_2026-04-10_MAIN,2026-04-10,Friday,main_slate,15,SEA,HOU,AL,AL,False,False,False
2026-04-10_BOS@STL,S017_2026-04-10_MAIN,2026-04-10,Friday,main_slate,15,STL,BOS,NL,AL,True,False,False
2026-04-10_NYY@TB,S017_2026-04-10_MAIN,2026-04-10,Friday,main_slate,15,TB,NYY,AL,AL,False,False,False
2026-04-10_MIN@TOR,S017_2026-04-10_MAIN,2026-04-10,Friday,main_slate,15,TOR,MIN,AL,AL,False,False,False
2026-04-11_CLE@ATL,S018_2026-04-11_MAIN,2026-04-11,Saturday,main_slate,15,ATL,CLE,NL,AL,True,False,False
2026-04-11_SF@BAL,S018_2026-04-11_MAIN,2026-04-11,Saturday,main_slate,15,BAL,SF,AL,NL,True,False,False
2026-04-11_PIT@CHC,S018_2026-04-11_MAIN,2026-04-11,Saturday,main_slate,15,CHC,PIT,NL,NL,False,False,False
2026-04-11_LAA@CIN,S018_2026-04-11_MAIN,2026-04-11,Saturday,main_slate,15,CIN,LAA,NL,AL,True,False,False
2026-04-11_MIA@DET,S018_2026-04-11_MAIN,2026-04-11,Saturday,main_slate,15,DET,MIA,AL,NL,True,False,False
2026-04-11_CHW@KC,S018_2026-04-11_MAIN,2026-04-11,Saturday,main_slate,15,KC,CHW,AL,AL,False,False,False
2026-04-11_TEX@LAD,S018_2026-04-11_MAIN,2026-04-11,Saturday,main_slate,15,LAD,TEX,NL,AL,True,False,False
2026-04-11_WSH@MIL,S018_2026-04-11_MAIN,2026-04-11,Saturday,main_slate,15,MIL,WSH,NL,NL,False,False,False
2026-04-11_ATH@NYM,S018_2026-04-11_MAIN,2026-04-11,Saturday,main_slate,15,NYM,ATH,NL,AL,True,False,False
2026-04-11_ARI@PHI,S018_2026-04-11_MAIN,2026-04-11,Saturday,main_slate,15,PHI,ARI,NL,NL,False,False,False
2026-04-11_COL@SD,S018_2026-04-11_MAIN,2026-04-11,Saturday,main_slate,15,SD,COL,NL,NL,False,False,False
2026-04-11_HOU@SEA,S018_2026-04-11_MAIN,2026-04-11,Saturday,main_slate,15,SEA,HOU,AL,AL,False,False,False
2026-04-11_BOS@STL,S018_2026-04-11_MAIN,2026-04-11,Saturday,main_slate,15,STL,BOS,NL,AL,True,False,False
2026-04-11_NYY@TB,S018_2026-04-11_MAIN,2026-04-11,Saturday,main_slate,15,TB,NYY,AL,AL,False,False,False
2026-04-11_MIN@TOR,S018_2026-04-11_MAIN,2026-04-11,Saturday,main_slate,15,TOR,MIN,AL,AL,False,False,False
2026-04-12_CLE@ATL,S019_2026-04-12_MAIN,2026-04-12,Sunday,main_slate,15,ATL,CLE,NL,AL,True,False,False
2026-04-12_SF@BAL,S019_2026-04-12_MAIN,2026-04-12,Sunday,main_slate,15,BAL,SF,AL,NL,True,False,False
2026-04-12_PIT@CHC,S019_2026-04-12_MAIN,2026-04-12,Sunday,main_slate,15,CHC,PIT,NL,NL,False,False,False
2026-04-12_LAA@CIN,S019_2026-04-12_MAIN,2026-04-12,Sunday,main_slate,15,CIN,LAA,NL,AL,True,False,False
2026-04-12_MIA@DET,S019_2026-04-12_MAIN,2026-04-12,Sunday,main_slate,15,DET,MIA,AL,NL,True,False,False
2026-04-12_CHW@KC,S019_2026-04-12_MAIN,2026-04-12,Sunday,main_slate,15,KC,CHW,AL,AL,False,False,False
2026-04-12_TEX@LAD,S019_2026-04-12_MAIN,2026-04-12,Sunday,main_slate,15,LAD,TEX,NL,AL,True,False,False
2026-04-12_WSH@MIL,S019_2026-04-12_MAIN,2026-04-12,Sunday,main_slate,15,MIL,WSH,NL,NL,False,False,False
2026-04-12_ATH@NYM,S019_2026-04-12_MAIN,2026-04-12,Sunday,main_slate,15,NYM,ATH,NL,AL,True,False,False
2026-04-12_ARI@PHI,S019_2026-04-12_MAIN,2026-04-12,Sunday,main_slate,15,PHI,ARI,NL,NL,False,False,False
2026-04-12_COL@SD,S019_2026-04-12_MAIN,2026-04-12,Sunday,main_slate,15,SD,COL,NL,NL,False,False,False
2026-04-12_HOU@SEA,S019_2026-04-12_MAIN,2026-04-12,Sunday,main_slate,15,SEA,HOU,AL,AL,False,False,False
2026-04-12_BOS@STL,S019_2026-04-12_MAIN,2026-04-12,Sunday,main_slate,15,STL,BOS,NL,AL,True,False,False
2026-04-12_NYY@TB,S019_2026-04-12_MAIN,2026-04-12,Sunday,main_slate,15,TB,NYY,AL,AL,False,False,False
2026-04-12_MIN@TOR,S019_2026-04-12_MAIN,2026-04-12,Sunday,main_slate,15,TOR,MIN,AL,AL,False,False,False
2026-04-13_TEX@ATH,S020_2026-04-13_MAIN,2026-04-13,Monday,main_slate,10,ATH,TEX,AL,AL,False,False,False
2026-04-13_MIA@ATL,S020_2026-04-13_MAIN,2026-04-13,Monday,main_slate,10,ATL,MIA,NL,NL,False,False,False
2026-04-13_ARI@BAL,S020_2026-04-13_MAIN,2026-04-13,Monday,main_slate,10,BAL,ARI,AL,NL,True,False,False
2026-04-13_NYM@LAD,S020_2026-04-13_MAIN,2026-04-13,Monday,main_slate,10,LAD,NYM,NL,NL,False,False,False
2026-04-13_BOS@MIN,S020_2026-04-13_MAIN,2026-04-13,Monday,main_slate,10,MIN,BOS,AL,AL,False,False,False
2026-04-13_LAA@NYY,S020_2026-04-13_MAIN,2026-04-13,Monday,main_slate,10,NYY,LAA,AL,AL,False,False,False
2026-04-13_CHC@PHI,S020_2026-04-13_MAIN,2026-04-13,Monday,main_slate,10,PHI,CHC,NL,NL,False,False,False
2026-04-13_WSH@PIT,S020_2026-04-13_MAIN,2026-04-13,Monday,main_slate,10,PIT,WSH,NL,NL,False,False,False
2026-04-13_HOU@SEA,S020_2026-04-13_MAIN,2026-04-13,Monday,main_slate,10,SEA,HOU,AL,AL,False,False,False
2026-04-13_CLE@STL,S020_2026-04-13_MAIN,2026-04-13,Monday,main_slate,10,STL,CLE,NL,AL,True,False,False
2026-04-14_TEX@ATH,S021_2026-04-14_MAIN,2026-04-14,Tuesday,main_slate,15,ATH,TEX,AL,AL,False,False,False
2026-04-14_MIA@ATL,S021_2026-04-14_MAIN,2026-04-14,Tuesday,main_slate,15,ATL,MIA,NL,NL,False,False,False
2026-04-14_ARI@BAL,S021_2026-04-14_MAIN,2026-04-14,Tuesday,main_slate,15,BAL,ARI,AL,NL,True,False,False
2026-04-14_TB@CHW,S021_2026-04-14_MAIN,2026-04-14,Tuesday,main_slate,15,CHW,TB,AL,AL,False,False,False
2026-04-14_SF@CIN,S021_2026-04-14_MAIN,2026-04-14,Tuesday,main_slate,15,CIN,SF,NL,NL,False,False,False
2026-04-14_KC@DET,S021_2026-04-14_MAIN,2026-04-14,Tuesday,main_slate,15,DET,KC,AL,AL,False,False,False
2026-04-14_COL@HOU,S021_2026-04-14_MAIN,2026-04-14,Tuesday,main_slate,15,HOU,COL,AL,NL,True,False,False
2026-04-14_NYM@LAD,S021_2026-04-14_MAIN,2026-04-14,Tuesday,main_slate,15,LAD,NYM,NL,NL,False,False,False
2026-04-14_TOR@MIL,S021_2026-04-14_MAIN,2026-04-14,Tuesday,main_slate,15,MIL,TOR,NL,AL,True,False,False
2026-04-14_BOS@MIN,S021_2026-04-14_MAIN,2026-04-14,Tuesday,main_slate,15,MIN,BOS,AL,AL,False,False,False
2026-04-14_LAA@NYY,S021_2026-04-14_MAIN,2026-04-14,Tuesday,main_slate,15,NYY,LAA,AL,AL,False,False,False
2026-04-14_CHC@PHI,S021_2026-04-14_MAIN,2026-04-14,Tuesday,main_slate,15,PHI,CHC,NL,NL,False,False,False
2026-04-14_WSH@PIT,S021_2026-04-14_MAIN,2026-04-14,Tuesday,main_slate,15,PIT,WSH,NL,NL,False,False,False
2026-04-14_SEA@SD,S021_2026-04-14_MAIN,2026-04-14,Tuesday,main_slate,15,SD,SEA,NL,AL,True,False,False
2026-04-14_CLE@STL,S021_2026-04-14_MAIN,2026-04-14,Tuesday,main_slate,15,STL,CLE,NL,AL,True,False,False
2026-04-15_TEX@ATH,S022_2026-04-15_MAIN,2026-04-15,Wednesday,main_slate,15,ATH,TEX,AL,AL,False,False,False
2026-04-15_MIA@ATL,S022_2026-04-15_MAIN,2026-04-15,Wednesday,main_slate,15,ATL,MIA,NL,NL,False,False,False
2026-04-15_ARI@BAL,S022_2026-04-15_MAIN,2026-04-15,Wednesday,main_slate,15,BAL,ARI,AL,NL,True,False,False
2026-04-15_TB@CHW,S022_2026-04-15_MAIN,2026-04-15,Wednesday,main_slate,15,CHW,TB,AL,AL,False,False,False
2026-04-15_SF@CIN,S022_2026-04-15_MAIN,2026-04-15,Wednesday,main_slate,15,CIN,SF,NL,NL,False,False,False
2026-04-15_KC@DET,S022_2026-04-15_MAIN,2026-04-15,Wednesday,main_slate,15,DET,KC,AL,AL,False,False,False
2026-04-15_COL@HOU,S022_2026-04-15_MAIN,2026-04-15,Wednesday,main_slate,15,HOU,COL,AL,NL,True,False,False
2026-04-15_NYM@LAD,S022_2026-04-15_MAIN,2026-04-15,Wednesday,main_slate,15,LAD,NYM,NL,NL,False,False,False
2026-04-15_TOR@MIL,S022_2026-04-15_MAIN,2026-04-15,Wednesday,main_slate,15,MIL,TOR,NL,AL,True,False,False
2026-04-15_BOS@MIN,S022_2026-04-15_MAIN,2026-04-15,Wednesday,main_slate,15,MIN,BOS,AL,AL,False,False,False
2026-04-15_LAA@NYY,S022_2026-04-15_MAIN,2026-04-15,Wednesday,main_slate,15,NYY,LAA,AL,AL,False,False,False
2026-04-15_CHC@PHI,S022_2026-04-15_MAIN,2026-04-15,Wednesday,main_slate,15,PHI,CHC,NL,NL,False,False,False
2026-04-15_WSH@PIT,S022_2026-04-15_MAIN,2026-04-15,Wednesday,main_slate,15,PIT,WSH,NL,NL,False,False,False
2026-04-15_SEA@SD,S022_2026-04-15_MAIN,2026-04-15,Wednesday,main_slate,15,SD,SEA,NL,AL,True,False,False
2026-04-15_CLE@STL,S022_2026-04-15_MAIN,2026-04-15,Wednesday,main_slate,15,STL,CLE,NL,AL,True,False,False
2026-04-16_TEX@ATH,S023_2026-04-16_MAIN,2026-04-16,Thursday,main_slate,10,ATH,TEX,AL,AL,False,False,False
2026-04-16_TB@CHW,S023_2026-04-16_MAIN,2026-04-16,Thursday,main_slate,10,CHW,TB,AL,AL,False,False,False
2026-04-16_SF@CIN,S023_2026-04-16_MAIN,2026-04-16,Thursday,main_slate,10,CIN,SF,NL,NL,False,False,False
2026-04-16_BAL@CLE,S023_2026-04-16_MAIN,2026-04-16,Thursday,main_slate,10,CLE,BAL,AL,AL,False,False,False
2026-04-16_KC@DET,S023_2026-04-16_MAIN,2026-04-16,Thursday,main_slate,10,DET,KC,AL,AL,False,False,False
2026-04-16_COL@HOU,S023_2026-04-16_MAIN,2026-04-16,Thursday,main_slate,10,HOU,COL,AL,NL,True,False,False
2026-04-16_TOR@MIL,S023_2026-04-16_MAIN,2026-04-16,Thursday,main_slate,10,MIL,TOR,NL,AL,True,False,False
2026-04-16_LAA@NYY,S023_2026-04-16_MAIN,2026-04-16,Thursday,main_slate,10,NYY,LAA,AL,AL,False,False,False
2026-04-16_WSH@PIT,S023_2026-04-16_MAIN,2026-04-16,Thursday,main_slate,10,PIT,WSH,NL,NL,False,False,False
2026-04-16_SEA@SD,S023_2026-04-16_MAIN,2026-04-16,Thursday,main_slate,10,SD,SEA,NL,AL,True,False,False
2026-04-17_TOR@ARI,S024_2026-04-17_MAIN,2026-04-17,Friday,main_slate,15,ARI,TOR,NL,AL,True,False,False
2026-04-17_CHW@ATH,S024_2026-04-17_MAIN,2026-04-17,Friday,main_slate,15,ATH,CHW,AL,AL,False,False,False
2026-04-17_DET@BOS,S024_2026-04-17_MAIN,2026-04-17,Friday,main_slate,15,BOS,DET,AL,AL,False,False,False
2026-04-17_NYM@CHC,S024_2026-04-17_MAIN,2026-04-17,Friday,main_slate,15,CHC,NYM,NL,NL,False,False,False
2026-04-17_BAL@CLE,S024_2026-04-17_MAIN,2026-04-17,Friday,main_slate,15,CLE,BAL,AL,AL,False,False,False
2026-04-17_LAD@COL,S024_2026-04-17_MAIN,2026-04-17,Friday,main_slate,15,COL,LAD,NL,NL,False,False,False
2026-04-17_STL@HOU,S024_2026-04-17_MAIN,2026-04-17,Friday,main_slate,15,HOU,STL,AL,NL,True,False,False
2026-04-17_SD@LAA,S024_2026-04-17_MAIN,2026-04-17,Friday,main_slate,15,LAA,SD,AL,NL,True,False,False
2026-04-17_MIL@MIA,S024_2026-04-17_MAIN,2026-04-17,Friday,main_slate,15,MIA,MIL,NL,NL,False,False,False
2026-04-17_CIN@MIN,S024_2026-04-17_MAIN,2026-04-17,Friday,main_slate,15,MIN,CIN,AL,NL,True,False,False
2026-04-17_KC@NYY,S024_2026-04-17_MAIN,2026-04-17,Friday,main_slate,15,NYY,KC,AL,AL,False,False,False
2026-04-17_ATL@PHI,S024_2026-04-17_MAIN,2026-04-17,Friday,main_slate,15,PHI,ATL,NL,NL,False,False,False
2026-04-17_TB@PIT,S024_2026-04-17_MAIN,2026-04-17,Friday,main_slate,15,PIT,TB,NL,AL,True,False,False
2026-04-17_TEX@SEA,S024_2026-04-17_MAIN,2026-04-17,Friday,main_slate,15,SEA,TEX,AL,AL,False,False,False
2026-04-17_SF@WSH,S024_2026-04-17_MAIN,2026-04-17,Friday,main_slate,15,WSH,SF,NL,NL,False,False,False
2026-04-18_TOR@ARI,S025_2026-04-18_MAIN,2026-04-18,Saturday,main_slate,15,ARI,TOR,NL,AL,True,False,False
2026-04-18_CHW@ATH,S025_2026-04-18_MAIN,2026-04-18,Saturday,main_slate,15,ATH,CHW,AL,AL,False,False,False
2026-04-18_DET@BOS,S025_2026-04-18_MAIN,2026-04-18,Saturday,main_slate,15,BOS,DET,AL,AL,False,False,False
2026-04-18_NYM@CHC,S025_2026-04-18_MAIN,2026-04-18,Saturday,main_slate,15,CHC,NYM,NL,NL,False,False,False
2026-04-18_BAL@CLE,S025_2026-04-18_MAIN,2026-04-18,Saturday,main_slate,15,CLE,BAL,AL,AL,False,False,False
2026-04-18_LAD@COL,S025_2026-04-18_MAIN,2026-04-18,Saturday,main_slate,15,COL,LAD,NL,NL,False,False,False
2026-04-18_STL@HOU,S025_2026-04-18_MAIN,2026-04-18,Saturday,main_slate,15,HOU,STL,AL,NL,True,False,False
2026-04-18_SD@LAA,S025_2026-04-18_MAIN,2026-04-18,Saturday,main_slate,15,LAA,SD,AL,NL,True,False,False
2026-04-18_MIL@MIA,S025_2026-04-18_MAIN,2026-04-18,Saturday,main_slate,15,MIA,MIL,NL,NL,False,False,False
2026-04-18_CIN@MIN,S025_2026-04-18_MAIN,2026-04-18,Saturday,main_slate,15,MIN,CIN,AL,NL,True,False,False
2026-04-18_KC@NYY,S025_2026-04-18_MAIN,2026-04-18,Saturday,main_slate,15,NYY,KC,AL,AL,False,False,False
2026-04-18_ATL@PHI,S025_2026-04-18_MAIN,2026-04-18,Saturday,main_slate,15,PHI,ATL,NL,NL,False,False,False
2026-04-18_TB@PIT,S025_2026-04-18_MAIN,2026-04-18,Saturday,main_slate,15,PIT,TB,NL,AL,True,False,False
2026-04-18_TEX@SEA,S025_2026-04-18_MAIN,2026-04-18,Saturday,main_slate,15,SEA,TEX,AL,AL,False,False,False
2026-04-18_SF@WSH,S025_2026-04-18_MAIN,2026-04-18,Saturday,main_slate,15,WSH,SF,NL,NL,False,False,False
2026-04-19_TOR@ARI,S026_2026-04-19_MAIN,2026-04-19,Sunday,main_slate,15,ARI,TOR,NL,AL,True,False,False
2026-04-19_CHW@ATH,S026_2026-04-19_MAIN,2026-04-19,Sunday,main_slate,15,ATH,CHW,AL,AL,False,False,False
2026-04-19_DET@BOS,S026_2026-04-19_MAIN,2026-04-19,Sunday,main_slate,15,BOS,DET,AL,AL,False,False,False
2026-04-19_NYM@CHC,S026_2026-04-19_MAIN,2026-04-19,Sunday,main_slate,15,CHC,NYM,NL,NL,False,False,False
2026-04-19_BAL@CLE,S026_2026-04-19_MAIN,2026-04-19,Sunday,main_slate,15,CLE,BAL,AL,AL,False,False,False
2026-04-19_LAD@COL,S026_2026-04-19_MAIN,2026-04-19,Sunday,main_slate,15,COL,LAD,NL,NL,False,False,False
2026-04-19_STL@HOU,S026_2026-04-19_MAIN,2026-04-19,Sunday,main_slate,15,HOU,STL,AL,NL,True,False,False
2026-04-19_SD@LAA,S026_2026-04-19_MAIN,2026-04-19,Sunday,main_slate,15,LAA,SD,AL,NL,True,False,False
2026-04-19_MIL@MIA,S026_2026-04-19_MAIN,2026-04-19,Sunday,main_slate,15,MIA,MIL,NL,NL,False,False,False
2026-04-19_CIN@MIN,S026_2026-04-19_MAIN,2026-04-19,Sunday,main_slate,15,MIN,CIN,AL,NL,True,False,False
2026-04-19_KC@NYY,S026_2026-04-19_MAIN,2026-04-19,Sunday,main_slate,15,NYY,KC,AL,AL,False,False,False
2026-04-19_ATL@PHI,S026_2026-04-19_MAIN,2026-04-19,Sunday,main_slate,15,PHI,ATL,NL,NL,False,False,False
2026-04-19_TB@PIT,S026_2026-04-19_MAIN,2026-04-19,Sunday,main_slate,15,PIT,TB,NL,AL,True,False,False
2026-04-19_TEX@SEA,S026_2026-04-19_MAIN,2026-04-19,Sunday,main_slate,15,SEA,TEX,AL,AL,False,False,False
2026-04-19_SF@WSH,S026_2026-04-19_MAIN,2026-04-19,Sunday,main_slate,15,WSH,SF,NL,NL,False,False,False
2026-04-20_DET@BOS,S027_2026-04-20_MAIN,2026-04-20,Monday,main_slate,10,BOS,DET,AL,AL,False,False,False
2026-04-20_PHI@CHC,S027_2026-04-20_MAIN,2026-04-20,Monday,main_slate,10,CHC,PHI,NL,NL,False,False,False
2026-04-20_HOU@CLE,S027_2026-04-20_MAIN,2026-04-20,Monday,main_slate,10,CLE,HOU,AL,AL,False,False,False
2026-04-20_LAD@COL,S027_2026-04-20_MAIN,2026-04-20,Monday,main_slate,10,COL,LAD,NL,NL,False,False,False
2026-04-20_BAL@KC,S027_2026-04-20_MAIN,2026-04-20,Monday,main_slate,10,KC,BAL,AL,AL,False,False,False
2026-04-20_TOR@LAA,S027_2026-04-20_MAIN,2026-04-20,Monday,main_slate,10,LAA,TOR,AL,AL,False,False,False
2026-04-20_STL@MIA,S027_2026-04-20_MAIN,2026-04-20,Monday,main_slate,10,MIA,STL,NL,NL,False,False,False
2026-04-20_ATH@SEA,S027_2026-04-20_MAIN,2026-04-20,Monday,main_slate,10,SEA,ATH,AL,AL,False,False,False
2026-04-20_CIN@TB,S027_2026-04-20_MAIN,2026-04-20,Monday,main_slate,10,TB,CIN,AL,NL,True,False,False
2026-04-20_ATL@WSH,S027_2026-04-20_MAIN,2026-04-20,Monday,main_slate,10,WSH,ATL,NL,NL,False,False,False
2026-04-21_CHW@ARI,S028_2026-04-21_MAIN,2026-04-21,Tuesday,main_slate,15,ARI,CHW,NL,AL,True,False,False
2026-04-21_NYY@BOS,S028_2026-04-21_MAIN,2026-04-21,Tuesday,main_slate,15,BOS,NYY,AL,AL,False,False,False
2026-04-21_PHI@CHC,S028_2026-04-21_MAIN,2026-04-21,Tuesday,main_slate,15,CHC,PHI,NL,NL,False,False,False
2026-04-21_HOU@CLE,S028_2026-04-21_MAIN,2026-04-21,Tuesday,main_slate,15,CLE,HOU,AL,AL,False,False,False
2026-04-21_SD@COL,S028_2026-04-21_MAIN,2026-04-21,Tuesday,main_slate,15,COL,SD,NL,NL,False,False,False
2026-04-21_MIL@DET,S028_2026-04-21_MAIN,2026-04-21,Tuesday,main_slate,15,DET,MIL,AL,NL,True,False,False
2026-04-21_BAL@KC,S028_2026-04-21_MAIN,2026-04-21,Tuesday,main_slate,15,KC,BAL,AL,AL,False,False,False
2026-04-21_TOR@LAA,S028_2026-04-21_MAIN,2026-04-21,Tuesday,main_slate,15,LAA,TOR,AL,AL,False,False,False
2026-04-21_STL@MIA,S028_2026-04-21_MAIN,2026-04-21,Tuesday,main_slate,15,MIA,STL,NL,NL,False,False,False
2026-04-21_MIN@NYM,S028_2026-04-21_MAIN,2026-04-21,Tuesday,main_slate,15,NYM,MIN,NL,AL,True,False,False
2026-04-21_ATH@SEA,S028_2026-04-21_MAIN,2026-04-21,Tuesday,main_slate,15,SEA,ATH,AL,AL,False,False,False
2026-04-21_LAD@SF,S028_2026-04-21_MAIN,2026-04-21,Tuesday,main_slate,15,SF,LAD,NL,NL,False,False,False
2026-04-21_CIN@TB,S028_2026-04-21_MAIN,2026-04-21,Tuesday,main_slate,15,TB,CIN,AL,NL,True,False,False
2026-04-21_PIT@TEX,S028_2026-04-21_MAIN,2026-04-21,Tuesday,main_slate,15,TEX,PIT,AL,NL,True,False,False
2026-04-21_ATL@WSH,S028_2026-04-21_MAIN,2026-04-21,Tuesday,main_slate,15,WSH,ATL,NL,NL,False,False,False
2026-04-22_CHW@ARI,S029_2026-04-22_MAIN,2026-04-22,Wednesday,main_slate,15,ARI,CHW,NL,AL,True,False,False
2026-04-22_NYY@BOS,S029_2026-04-22_MAIN,2026-04-22,Wednesday,main_slate,15,BOS,NYY,AL,AL,False,False,False
2026-04-22_PHI@CHC,S029_2026-04-22_MAIN,2026-04-22,Wednesday,main_slate,15,CHC,PHI,NL,NL,False,False,False
2026-04-22_HOU@CLE,S029_2026-04-22_MAIN,2026-04-22,Wednesday,main_slate,15,CLE,HOU,AL,AL,False,False,False
2026-04-22_SD@COL,S029_2026-04-22_MAIN,2026-04-22,Wednesday,main_slate,15,COL,SD,NL,NL,False,False,False
2026-04-22_MIL@DET,S029_2026-04-22_MAIN,2026-04-22,Wednesday,main_slate,15,DET,MIL,AL,NL,True,False,False
2026-04-22_BAL@KC,S029_2026-04-22_MAIN,2026-04-22,Wednesday,main_slate,15,KC,BAL,AL,AL,False,False,False
2026-04-22_TOR@LAA,S029_2026-04-22_MAIN,2026-04-22,Wednesday,main_slate,15,LAA,TOR,AL,AL,False,False,False
2026-04-22_STL@MIA,S029_2026-04-22_MAIN,2026-04-22,Wednesday,main_slate,15,MIA,STL,NL,NL,False,False,False
2026-04-22_MIN@NYM,S029_2026-04-22_MAIN,2026-04-22,Wednesday,main_slate,15,NYM,MIN,NL,AL,True,False,False
2026-04-22_ATH@SEA,S029_2026-04-22_MAIN,2026-04-22,Wednesday,main_slate,15,SEA,ATH,AL,AL,False,False,False
2026-04-22_LAD@SF,S029_2026-04-22_MAIN,2026-04-22,Wednesday,main_slate,15,SF,LAD,NL,NL,False,False,False
2026-04-22_CIN@TB,S029_2026-04-22_MAIN,2026-04-22,Wednesday,main_slate,15,TB,CIN,AL,NL,True,False,False
2026-04-22_PIT@TEX,S029_2026-04-22_MAIN,2026-04-22,Wednesday,main_slate,15,TEX,PIT,AL,NL,True,False,False
2026-04-22_ATL@WSH,S029_2026-04-22_MAIN,2026-04-22,Wednesday,main_slate,15,WSH,ATL,NL,NL,False,False,False
2026-04-23_CHW@ARI,S030_2026-04-23_MAIN,2026-04-23,Thursday,main_slate,9,ARI,CHW,NL,AL,True,False,False
2026-04-23_NYY@BOS,S030_2026-04-23_MAIN,2026-04-23,Thursday,main_slate,9,BOS,NYY,AL,AL,False,False,False
2026-04-23_PHI@CHC,S030_2026-04-23_MAIN,2026-04-23,Thursday,main_slate,9,CHC,PHI,NL,NL,False,False,False
2026-04-23_SD@COL,S030_2026-04-23_MAIN,2026-04-23,Thursday,main_slate,9,COL,SD,NL,NL,False,False,False
2026-04-23_MIL@DET,S030_2026-04-23_MAIN,2026-04-23,Thursday,main_slate,9,DET,MIL,AL,NL,True,False,False
2026-04-23_MIN@NYM,S030_2026-04-23_MAIN,2026-04-23,Thursday,main_slate,9,NYM,MIN,NL,AL,True,False,False
2026-04-23_LAD@SF,S030_2026-04-23_MAIN,2026-04-23,Thursday,main_slate,9,SF,LAD,NL,NL,False,False,False
2026-04-23_PIT@TEX,S030_2026-04-23_MAIN,2026-04-23,Thursday,main_slate,9,TEX,PIT,AL,NL,True,False,False
2026-04-23_ATL@WSH,S030_2026-04-23_MAIN,2026-04-23,Thursday,main_slate,9,WSH,ATL,NL,NL,False,False,False
2026-04-24_PHI@ATL,S031_2026-04-24_MAIN,2026-04-24,Friday,main_slate,14,ATL,PHI,NL,NL,False,False,False
2026-04-24_BOS@BAL,S031_2026-04-24_MAIN,2026-04-24,Friday,main_slate,14,BAL,BOS,AL,AL,False,False,False
2026-04-24_WSH@CHW,S031_2026-04-24_MAIN,2026-04-24,Friday,main_slate,14,CHW,WSH,AL,NL,True,False,False
2026-04-24_DET@CIN,S031_2026-04-24_MAIN,2026-04-24,Friday,main_slate,14,CIN,DET,NL,AL,True,False,False
2026-04-24_NYY@HOU,S031_2026-04-24_MAIN,2026-04-24,Friday,main_slate,14,HOU,NYY,AL,AL,False,False,False
2026-04-24_LAA@KC,S031_2026-04-24_MAIN,2026-04-24,Friday,main_slate,14,KC,LAA,AL,AL,False,False,False
2026-04-24_CHC@LAD,S031_2026-04-24_MAIN,2026-04-24,Friday,main_slate,14,LAD,CHC,NL,NL,False,False,False
2026-04-24_PIT@MIL,S031_2026-04-24_MAIN,2026-04-24,Friday,main_slate,14,MIL,PIT,NL,NL,False,False,False
2026-04-24_COL@NYM,S031_2026-04-24_MAIN,2026-04-24,Friday,main_slate,14,NYM,COL,NL,NL,False,False,False
2026-04-24_MIA@SF,S031_2026-04-24_MAIN,2026-04-24,Friday,main_slate,14,SF,MIA,NL,NL,False,False,False
2026-04-24_SEA@STL,S031_2026-04-24_MAIN,2026-04-24,Friday,main_slate,14,STL,SEA,NL,AL,True,False,False
2026-04-24_MIN@TB,S031_2026-04-24_MAIN,2026-04-24,Friday,main_slate,14,TB,MIN,AL,AL,False,False,False
2026-04-24_ATH@TEX,S031_2026-04-24_MAIN,2026-04-24,Friday,main_slate,14,TEX,ATH,AL,AL,False,False,False
2026-04-24_CLE@TOR,S031_2026-04-24_MAIN,2026-04-24,Friday,main_slate,14,TOR,CLE,AL,AL,False,False,False
2026-04-25_SD@ARI,S032_2026-04-25_MAIN,2026-04-25,Saturday,main_slate,15,ARI,SD,NL,NL,False,True,False
2026-04-25_PHI@ATL,S032_2026-04-25_MAIN,2026-04-25,Saturday,main_slate,15,ATL,PHI,NL,NL,False,False,False
2026-04-25_BOS@BAL,S032_2026-04-25_MAIN,2026-04-25,Saturday,main_slate,15,BAL,BOS,AL,AL,False,False,False
2026-04-25_WSH@CHW,S032_2026-04-25_MAIN,2026-04-25,Saturday,main_slate,15,CHW,WSH,AL,NL,True,False,False
2026-04-25_DET@CIN,S032_2026-04-25_MAIN,2026-04-25,Saturday,main_slate,15,CIN,DET,NL,AL,True,False,False
2026-04-25_NYY@HOU,S032_2026-04-25_MAIN,2026-04-25,Saturday,main_slate,15,HOU,NYY,AL,AL,False,False,False
2026-04-25_LAA@KC,S032_2026-04-25_MAIN,2026-04-25,Saturday,main_slate,15,KC,LAA,AL,AL,False,False,False
2026-04-25_CHC@LAD,S032_2026-04-25_MAIN,2026-04-25,Saturday,main_slate,15,LAD,CHC,NL,NL,False,False,False
2026-04-25_PIT@MIL,S032_2026-04-25_MAIN,2026-04-25,Saturday,main_slate,15,MIL,PIT,NL,NL,False,False,False
2026-04-25_COL@NYM,S032_2026-04-25_MAIN,2026-04-25,Saturday,main_slate,15,NYM,COL,NL,NL,False,False,False
2026-04-25_MIA@SF,S032_2026-04-25_MAIN,2026-04-25,Saturday,main_slate,15,SF,MIA,NL,NL,False,False,False
2026-04-25_SEA@STL,S032_2026-04-25_MAIN,2026-04-25,Saturday,main_slate,15,STL,SEA,NL,AL,True,False,False
2026-04-25_MIN@TB,S032_2026-04-25_MAIN,2026-04-25,Saturday,main_slate,15,TB,MIN,AL,AL,False,False,False
2026-04-25_ATH@TEX,S032_2026-04-25_MAIN,2026-04-25,Saturday,main_slate,15,TEX,ATH,AL,AL,False,False,False
2026-04-25_CLE@TOR,S032_2026-04-25_MAIN,2026-04-25,Saturday,main_slate,15,TOR,CLE,AL,AL,False,False,False
2026-04-26_SD@ARI,S033_2026-04-26_MAIN,2026-04-26,Sunday,main_slate,15,ARI,SD,NL,NL,False,True,False
2026-04-26_PHI@ATL,S033_2026-04-26_MAIN,2026-04-26,Sunday,main_slate,15,ATL,PHI,NL,NL,False,False,False
2026-04-26_BOS@BAL,S033_2026-04-26_MAIN,2026-04-26,Sunday,main_slate,15,BAL,BOS,AL,AL,False,False,False
2026-04-26_WSH@CHW,S033_2026-04-26_MAIN,2026-04-26,Sunday,main_slate,15,CHW,WSH,AL,NL,True,False,False
2026-04-26_DET@CIN,S033_2026-04-26_MAIN,2026-04-26,Sunday,main_slate,15,CIN,DET,NL,AL,True,False,False
2026-04-26_NYY@HOU,S033_2026-04-26_MAIN,2026-04-26,Sunday,main_slate,15,HOU,NYY,AL,AL,False,False,False
2026-04-26_LAA@KC,S033_2026-04-26_MAIN,2026-04-26,Sunday,main_slate,15,KC,LAA,AL,AL,False,False,False
2026-04-26_CHC@LAD,S033_2026-04-26_MAIN,2026-04-26,Sunday,main_slate,15,LAD,CHC,NL,NL,False,False,False
2026-04-26_PIT@MIL,S033_2026-04-26_MAIN,2026-04-26,Sunday,main_slate,15,MIL,PIT,NL,NL,False,False,False
2026-04-26_COL@NYM,S033_2026-04-26_MAIN,2026-04-26,Sunday,main_slate,15,NYM,COL,NL,NL,False,False,False
2026-04-26_MIA@SF,S033_2026-04-26_MAIN,2026-04-26,Sunday,main_slate,15,SF,MIA,NL,NL,False,False,False
2026-04-26_SEA@STL,S033_2026-04-26_MAIN,2026-04-26,Sunday,main_slate,15,STL,SEA,NL,AL,True,False,False
2026-04-26_MIN@TB,S033_2026-04-26_MAIN,2026-04-26,Sunday,main_slate,15,TB,MIN,AL,AL,False,False,False
2026-04-26_ATH@TEX,S033_2026-04-26_MAIN,2026-04-26,Sunday,main_slate,15,TEX,ATH,AL,AL,False,False,False
2026-04-26_CLE@TOR,S033_2026-04-26_MAIN,2026-04-26,Sunday,main_slate,15,TOR,CLE,AL,AL,False,False,False
2026-04-27_LAA@CHW,S034_2026-04-27_MAIN,2026-04-27,Monday,main_slate,8,CHW,LAA,AL,AL,False,False,False
2026-04-27_TB@CLE,S034_2026-04-27_MAIN,2026-04-27,Monday,main_slate,8,CLE,TB,AL,AL,False,False,False
2026-04-27_MIA@LAD,S034_2026-04-27_MAIN,2026-04-27,Monday,main_slate,8,LAD,MIA,NL,NL,False,False,False
2026-04-27_SEA@MIN,S034_2026-04-27_MAIN,2026-04-27,Monday,main_slate,8,MIN,SEA,AL,AL,False,False,False
2026-04-27_STL@PIT,S034_2026-04-27_MAIN,2026-04-27,Monday,main_slate,8,PIT,STL,NL,NL,False,False,False
2026-04-27_CHC@SD,S034_2026-04-27_MAIN,2026-04-27,Monday,main_slate,8,SD,CHC,NL,NL,False,False,False
2026-04-27_NYY@TEX,S034_2026-04-27_MAIN,2026-04-27,Monday,main_slate,8,TEX,NYY,AL,AL,False,False,False
2026-04-27_BOS@TOR,S034_2026-04-27_MAIN,2026-04-27,Monday,main_slate,8,TOR,BOS,AL,AL,False,False,False
2026-04-28_KC@ATH,S035_2026-04-28_MAIN,2026-04-28,Tuesday,main_slate,15,ATH,KC,AL,AL,False,False,False
2026-04-28_DET@ATL,S035_2026-04-28_MAIN,2026-04-28,Tuesday,main_slate,15,ATL,DET,NL,AL,True,False,False
2026-04-28_HOU@BAL,S035_2026-04-28_MAIN,2026-04-28,Tuesday,main_slate,15,BAL,HOU,AL,AL,False,False,False
2026-04-28_LAA@CHW,S035_2026-04-28_MAIN,2026-04-28,Tuesday,main_slate,15,CHW,LAA,AL,AL,False,False,False
2026-04-28_COL@CIN,S035_2026-04-28_MAIN,2026-04-28,Tuesday,main_slate,15,CIN,COL,NL,NL,False,False,False
2026-04-28_TB@CLE,S035_2026-04-28_MAIN,2026-04-28,Tuesday,main_slate,15,CLE,TB,AL,AL,False,False,False
2026-04-28_MIA@LAD,S035_2026-04-28_MAIN,2026-04-28,Tuesday,main_slate,15,LAD,MIA,NL,NL,False,False,False
2026-04-28_ARI@MIL,S035_2026-04-28_MAIN,2026-04-28,Tuesday,main_slate,15,MIL,ARI,NL,NL,False,False,False
2026-04-28_SEA@MIN,S035_2026-04-28_MAIN,2026-04-28,Tuesday,main_slate,15,MIN,SEA,AL,AL,False,False,False
2026-04-28_WSH@NYM,S035_2026-04-28_MAIN,2026-04-28,Tuesday,main_slate,15,NYM,WSH,NL,NL,False,False,False
2026-04-28_SF@PHI,S035_2026-04-28_MAIN,2026-04-28,Tuesday,main_slate,15,PHI,SF,NL,NL,False,False,False
2026-04-28_STL@PIT,S035_2026-04-28_MAIN,2026-04-28,Tuesday,main_slate,15,PIT,STL,NL,NL,False,False,False
2026-04-28_CHC@SD,S035_2026-04-28_MAIN,2026-04-28,Tuesday,main_slate,15,SD,CHC,NL,NL,False,False,False
2026-04-28_NYY@TEX,S035_2026-04-28_MAIN,2026-04-28,Tuesday,main_slate,15,TEX,NYY,AL,AL,False,False,False
2026-04-28_BOS@TOR,S035_2026-04-28_MAIN,2026-04-28,Tuesday,main_slate,15,TOR,BOS,AL,AL,False,False,False
2026-04-29_KC@ATH,S036_2026-04-29_MAIN,2026-04-29,Wednesday,main_slate,15,ATH,KC,AL,AL,False,False,False
2026-04-29_DET@ATL,S036_2026-04-29_MAIN,2026-04-29,Wednesday,main_slate,15,ATL,DET,NL,AL,True,False,False
2026-04-29_HOU@BAL,S036_2026-04-29_MAIN,2026-04-29,Wednesday,main_slate,15,BAL,HOU,AL,AL,False,False,False
2026-04-29_LAA@CHW,S036_2026-04-29_MAIN,2026-04-29,Wednesday,main_slate,15,CHW,LAA,AL,AL,False,False,False
2026-04-29_COL@CIN,S036_2026-04-29_MAIN,2026-04-29,Wednesday,main_slate,15,CIN,COL,NL,NL,False,False,False
2026-04-29_TB@CLE,S036_2026-04-29_MAIN,2026-04-29,Wednesday,main_slate,15,CLE,TB,AL,AL,False,False,False
2026-04-29_MIA@LAD,S036_2026-04-29_MAIN,2026-04-29,Wednesday,main_slate,15,LAD,MIA,NL,NL,False,False,False
2026-04-29_ARI@MIL,S036_2026-04-29_MAIN,2026-04-29,Wednesday,main_slate,15,MIL,ARI,NL,NL,False,False,False
2026-04-29_SEA@MIN,S036_2026-04-29_MAIN,2026-04-29,Wednesday,main_slate,15,MIN,SEA,AL,AL,False,False,False
2026-04-29_WSH@NYM,S036_2026-04-29_MAIN,2026-04-29,Wednesday,main_slate,15,NYM,WSH,NL,NL,False,False,False
2026-04-29_SF@PHI,S036_2026-04-29_MAIN,2026-04-29,Wednesday,main_slate,15,PHI,SF,NL,NL,False,False,False
2026-04-29_STL@PIT,S036_2026-04-29_MAIN,2026-04-29,Wednesday,main_slate,15,PIT,STL,NL,NL,False,False,False
2026-04-29_CHC@SD,S036_2026-04-29_MAIN,2026-04-29,Wednesday,main_slate,15,SD,CHC,NL,NL,False,False,False
2026-04-29_NYY@TEX,S036_2026-04-29_MAIN,2026-04-29,Wednesday,main_slate,15,TEX,NYY,AL,AL,False,False,False
2026-04-29_BOS@TOR,S036_2026-04-29_MAIN,2026-04-29,Wednesday,main_slate,15,TOR,BOS,AL,AL,False,False,False
2026-04-30_KC@ATH,S037_2026-04-30_MAIN,2026-04-30,Thursday,main_slate,9,ATH,KC,AL,AL,False,False,False
2026-04-30_DET@ATL,S037_2026-04-30_MAIN,2026-04-30,Thursday,main_slate,9,ATL,DET,NL,AL,True,False,False
2026-04-30_HOU@BAL,S037_2026-04-30_MAIN,2026-04-30,Thursday,main_slate,9,BAL,HOU,AL,AL,False,False,False
2026-04-30_COL@CIN,S037_2026-04-30_MAIN,2026-04-30,Thursday,main_slate,9,CIN,COL,NL,NL,False,False,False
2026-04-30_ARI@MIL,S037_2026-04-30_MAIN,2026-04-30,Thursday,main_slate,9,MIL,ARI,NL,NL,False,False,False
2026-04-30_TOR@MIN,S037_2026-04-30_MAIN,2026-04-30,Thursday,main_slate,9,MIN,TOR,AL,AL,False,False,False
2026-04-30_WSH@NYM,S037_2026-04-30_MAIN,2026-04-30,Thursday,main_slate,9,NYM,WSH,NL,NL,False,False,False
2026-04-30_SF@PHI,S037_2026-04-30_MAIN,2026-04-30,Thursday,main_slate,9,PHI,SF,NL,NL,False,False,False
2026-04-30_STL@PIT,S037_2026-04-30_MAIN,2026-04-30,Thursday,main_slate,9,PIT,STL,NL,NL,False,False,False
2026-05-01_CLE@ATH,S038_2026-05-01_MAIN,2026-05-01,Friday,main_slate,15,ATH,CLE,AL,AL,False,False,False
2026-05-01_HOU@BOS,S038_2026-05-01_MAIN,2026-05-01,Friday,main_slate,15,BOS,HOU,AL,AL,False,False,False
2026-05-01_ARI@CHC,S038_2026-05-01_MAIN,2026-05-01,Friday,main_slate,15,CHC,ARI,NL,NL,False,False,False
2026-05-01_ATL@COL,S038_2026-05-01_MAIN,2026-05-01,Friday,main_slate,15,COL,ATL,NL,NL,False,False,False
2026-05-01_TEX@DET,S038_2026-05-01_MAIN,2026-05-01,Friday,main_slate,15,DET,TEX,AL,AL,False,False,False
2026-05-01_NYM@LAA,S038_2026-05-01_MAIN,2026-05-01,Friday,main_slate,15,LAA,NYM,AL,NL,True,False,False
2026-05-01_PHI@MIA,S038_2026-05-01_MAIN,2026-05-01,Friday,main_slate,15,MIA,PHI,NL,NL,False,False,False
2026-05-01_TOR@MIN,S038_2026-05-01_MAIN,2026-05-01,Friday,main_slate,15,MIN,TOR,AL,AL,False,False,False
2026-05-01_BAL@NYY,S038_2026-05-01_MAIN,2026-05-01,Friday,main_slate,15,NYY,BAL,AL,AL,False,False,False
2026-05-01_CIN@PIT,S038_2026-05-01_MAIN,2026-05-01,Friday,main_slate,15,PIT,CIN,NL,NL,False,False,False
2026-05-01_CHW@SD,S038_2026-05-01_MAIN,2026-05-01,Friday,main_slate,15,SD,CHW,NL,AL,True,False,False
2026-05-01_KC@SEA,S038_2026-05-01_MAIN,2026-05-01,Friday,main_slate,15,SEA,KC,AL,AL,False,False,False
2026-05-01_LAD@STL,S038_2026-05-01_MAIN,2026-05-01,Friday,main_slate,15,STL,LAD,NL,NL,False,False,False
2026-05-01_SF@TB,S038_2026-05-01_MAIN,2026-05-01,Friday,main_slate,15,TB,SF,AL,NL,True,False,False
2026-05-01_MIL@WSH,S038_2026-05-01_MAIN,2026-05-01,Friday,main_slate,15,WSH,MIL,NL,NL,False,False,False
2026-05-02_CLE@ATH,S039_2026-05-02_MAIN,2026-05-02,Saturday,main_slate,15,ATH,CLE,AL,AL,False,False,False
2026-05-02_HOU@BOS,S039_2026-05-02_MAIN,2026-05-02,Saturday,main_slate,15,BOS,HOU,AL,AL,False,False,False
2026-05-02_ARI@CHC,S039_2026-05-02_MAIN,2026-05-02,Saturday,main_slate,15,CHC,ARI,NL,NL,False,False,False
2026-05-02_ATL@COL,S039_2026-05-02_MAIN,2026-05-02,Saturday,main_slate,15,COL,ATL,NL,NL,False,False,False
2026-05-02_TEX@DET,S039_2026-05-02_MAIN,2026-05-02,Saturday,main_slate,15,DET,TEX,AL,AL,False,False,False
2026-05-02_NYM@LAA,S039_2026-05-02_MAIN,2026-05-02,Saturday,main_slate,15,LAA,NYM,AL,NL,True,False,False
2026-05-02_PHI@MIA,S039_2026-05-02_MAIN,2026-05-02,Saturday,main_slate,15,MIA,PHI,NL,NL,False,False,False
2026-05-02_TOR@MIN,S039_2026-05-02_MAIN,2026-05-02,Saturday,main_slate,15,MIN,TOR,AL,AL,False,False,False
2026-05-02_BAL@NYY,S039_2026-05-02_MAIN,2026-05-02,Saturday,main_slate,15,NYY,BAL,AL,AL,False,False,False
2026-05-02_CIN@PIT,S039_2026-05-02_MAIN,2026-05-02,Saturday,main_slate,15,PIT,CIN,NL,NL,False,False,False
2026-05-02_CHW@SD,S039_2026-05-02_MAIN,2026-05-02,Saturday,main_slate,15,SD,CHW,NL,AL,True,False,False
2026-05-02_KC@SEA,S039_2026-05-02_MAIN,2026-05-02,Saturday,main_slate,15,SEA,KC,AL,AL,False,False,False
2026-05-02_LAD@STL,S039_2026-05-02_MAIN,2026-05-02,Saturday,main_slate,15,STL,LAD,NL,NL,False,False,False
2026-05-02_SF@TB,S039_2026-05-02_MAIN,2026-05-02,Saturday,main_slate,15,TB,SF,AL,NL,True,False,False
2026-05-02_MIL@WSH,S039_2026-05-02_MAIN,2026-05-02,Saturday,main_slate,15,WSH,MIL,NL,NL,False,False,False
2026-05-03_CLE@ATH,S040_2026-05-03_MAIN,2026-05-03,Sunday,main_slate,15,ATH,CLE,AL,AL,False,False,False
2026-05-03_HOU@BOS,S040_2026-05-03_MAIN,2026-05-03,Sunday,main_slate,15,BOS,HOU,AL,AL,False,False,False
2026-05-03_ARI@CHC,S040_2026-05-03_MAIN,2026-05-03,Sunday,main_slate,15,CHC,ARI,NL,NL,False,False,False
2026-05-03_ATL@COL,S040_2026-05-03_MAIN,2026-05-03,Sunday,main_slate,15,COL,ATL,NL,NL,False,False,False
2026-05-03_TEX@DET,S040_2026-05-03_MAIN,2026-05-03,Sunday,main_slate,15,DET,TEX,AL,AL,False,False,False
2026-05-03_NYM@LAA,S040_2026-05-03_MAIN,2026-05-03,Sunday,main_slate,15,LAA,NYM,AL,NL,True,False,False
2026-05-03_PHI@MIA,S040_2026-05-03_MAIN,2026-05-03,Sunday,main_slate,15,MIA,PHI,NL,NL,False,False,False
2026-05-03_TOR@MIN,S040_2026-05-03_MAIN,2026-05-03,Sunday,main_slate,15,MIN,TOR,AL,AL,False,False,False
2026-05-03_BAL@NYY,S040_2026-05-03_MAIN,2026-05-03,Sunday,main_slate,15,NYY,BAL,AL,AL,False,False,False
2026-05-03_CIN@PIT,S040_2026-05-03_MAIN,2026-05-03,Sunday,main_slate,15,PIT,CIN,NL,NL,False,False,False
2026-05-03_CHW@SD,S040_2026-05-03_MAIN,2026-05-03,Sunday,main_slate,15,SD,CHW,NL,AL,True,False,False
2026-05-03_KC@SEA,S040_2026-05-03_MAIN,2026-05-03,Sunday,main_slate,15,SEA,KC,AL,AL,False,False,False
2026-05-03_LAD@STL,S040_2026-05-03_MAIN,2026-05-03,Sunday,main_slate,15,STL,LAD,NL,NL,False,False,False
2026-05-03_SF@TB,S040_2026-05-03_MAIN,2026-05-03,Sunday,main_slate,15,TB,SF,AL,NL,True,False,False
2026-05-03_MIL@WSH,S040_2026-05-03_MAIN,2026-05-03,Sunday,main_slate,15,WSH,MIL,NL,NL,False,False,False
2026-05-04_CIN@CHC,S041_2026-05-04_MAIN,2026-05-04,Monday,main_slate,12,CHC,CIN,NL,NL,False,False,False
2026-05-04_NYM@COL,S041_2026-05-04_MAIN,2026-05-04,Monday,main_slate,12,COL,NYM,NL,NL,False,False,False
2026-05-04_BOS@DET,S041_2026-05-04_MAIN,2026-05-04,Monday,main_slate,12,DET,BOS,AL,AL,False,False,False
2026-05-04_LAD@HOU,S041_2026-05-04_MAIN,2026-05-04,Monday,main_slate,12,HOU,LAD,AL,NL,True,False,False
2026-05-04_CLE@KC,S041_2026-05-04_MAIN,2026-05-04,Monday,main_slate,12,KC,CLE,AL,AL,False,False,False
2026-05-04_CHW@LAA,S041_2026-05-04_MAIN,2026-05-04,Monday,main_slate,12,LAA,CHW,AL,AL,False,False,False
2026-05-04_PHI@MIA,S041_2026-05-04_MAIN,2026-05-04,Monday,main_slate,12,MIA,PHI,NL,NL,False,False,False
2026-05-04_BAL@NYY,S041_2026-05-04_MAIN,2026-05-04,Monday,main_slate,12,NYY,BAL,AL,AL,False,False,False
2026-05-04_ATL@SEA,S041_2026-05-04_MAIN,2026-05-04,Monday,main_slate,12,SEA,ATL,AL,NL,True,False,False
2026-05-04_SD@SF,S041_2026-05-04_MAIN,2026-05-04,Monday,main_slate,12,SF,SD,NL,NL,False,False,False
2026-05-04_MIL@STL,S041_2026-05-04_MAIN,2026-05-04,Monday,main_slate,12,STL,MIL,NL,NL,False,False,False
2026-05-04_TOR@TB,S041_2026-05-04_MAIN,2026-05-04,Monday,main_slate,12,TB,TOR,AL,AL,False,False,False
2026-05-05_PIT@ARI,S042_2026-05-05_MAIN,2026-05-05,Tuesday,main_slate,15,ARI,PIT,NL,NL,False,False,False
2026-05-05_CIN@CHC,S042_2026-05-05_MAIN,2026-05-05,Tuesday,main_slate,15,CHC,CIN,NL,NL,False,False,False
2026-05-05_NYM@COL,S042_2026-05-05_MAIN,2026-05-05,Tuesday,main_slate,15,COL,NYM,NL,NL,False,False,False
2026-05-05_BOS@DET,S042_2026-05-05_MAIN,2026-05-05,Tuesday,main_slate,15,DET,BOS,AL,AL,False,False,False
2026-05-05_LAD@HOU,S042_2026-05-05_MAIN,2026-05-05,Tuesday,main_slate,15,HOU,LAD,AL,NL,True,False,False
2026-05-05_CLE@KC,S042_2026-05-05_MAIN,2026-05-05,Tuesday,main_slate,15,KC,CLE,AL,AL,False,False,False
2026-05-05_CHW@LAA,S042_2026-05-05_MAIN,2026-05-05,Tuesday,main_slate,15,LAA,CHW,AL,AL,False,False,False
2026-05-05_BAL@MIA,S042_2026-05-05_MAIN,2026-05-05,Tuesday,main_slate,15,MIA,BAL,NL,AL,True,False,False
2026-05-05_TEX@NYY,S042_2026-05-05_MAIN,2026-05-05,Tuesday,main_slate,15,NYY,TEX,AL,AL,False,False,False
2026-05-05_ATH@PHI,S042_2026-05-05_MAIN,2026-05-05,Tuesday,main_slate,15,PHI,ATH,NL,AL,True,False,False
2026-05-05_ATL@SEA,S042_2026-05-05_MAIN,2026-05-05,Tuesday,main_slate,15,SEA,ATL,AL,NL,True,False,False
2026-05-05_SD@SF,S042_2026-05-05_MAIN,2026-05-05,Tuesday,main_slate,15,SF,SD,NL,NL,False,False,False
2026-05-05_MIL@STL,S042_2026-05-05_MAIN,2026-05-05,Tuesday,main_slate,15,STL,MIL,NL,NL,False,False,False
2026-05-05_TOR@TB,S042_2026-05-05_MAIN,2026-05-05,Tuesday,main_slate,15,TB,TOR,AL,AL,False,False,False
2026-05-05_MIN@WSH,S042_2026-05-05_MAIN,2026-05-05,Tuesday,main_slate,15,WSH,MIN,NL,AL,True,False,False
2026-05-06_PIT@ARI,S043_2026-05-06_MAIN,2026-05-06,Wednesday,main_slate,15,ARI,PIT,NL,NL,False,False,False
2026-05-06_CIN@CHC,S043_2026-05-06_MAIN,2026-05-06,Wednesday,main_slate,15,CHC,CIN,NL,NL,False,False,False
2026-05-06_NYM@COL,S043_2026-05-06_MAIN,2026-05-06,Wednesday,main_slate,15,COL,NYM,NL,NL,False,False,False
2026-05-06_BOS@DET,S043_2026-05-06_MAIN,2026-05-06,Wednesday,main_slate,15,DET,BOS,AL,AL,False,False,False
2026-05-06_LAD@HOU,S043_2026-05-06_MAIN,2026-05-06,Wednesday,main_slate,15,HOU,LAD,AL,NL,True,False,False
2026-05-06_CLE@KC,S043_2026-05-06_MAIN,2026-05-06,Wednesday,main_slate,15,KC,CLE,AL,AL,False,False,False
2026-05-06_CHW@LAA,S043_2026-05-06_MAIN,2026-05-06,Wednesday,main_slate,15,LAA,CHW,AL,AL,False,False,False
2026-05-06_BAL@MIA,S043_2026-05-06_MAIN,2026-05-06,Wednesday,main_slate,15,MIA,BAL,NL,AL,True,False,False
2026-05-06_TEX@NYY,S043_2026-05-06_MAIN,2026-05-06,Wednesday,main_slate,15,NYY,TEX,AL,AL,False,False,False
2026-05-06_ATH@PHI,S043_2026-05-06_MAIN,2026-05-06,Wednesday,main_slate,15,PHI,ATH,NL,AL,True,False,False
2026-05-06_ATL@SEA,S043_2026-05-06_MAIN,2026-05-06,Wednesday,main_slate,15,SEA,ATL,AL,NL,True,False,False
2026-05-06_SD@SF,S043_2026-05-06_MAIN,2026-05-06,Wednesday,main_slate,15,SF,SD,NL,NL,False,False,False
2026-05-06_MIL@STL,S043_2026-05-06_MAIN,2026-05-06,Wednesday,main_slate,15,STL,MIL,NL,NL,False,False,False
2026-05-06_TOR@TB,S043_2026-05-06_MAIN,2026-05-06,Wednesday,main_slate,15,TB,TOR,AL,AL,False,False,False
2026-05-06_MIN@WSH,S043_2026-05-06_MAIN,2026-05-06,Wednesday,main_slate,15,WSH,MIN,NL,AL,True,False,False
2026-05-07_PIT@ARI,S044_2026-05-07_MAIN,2026-05-07,Thursday,main_slate,9,ARI,PIT,NL,NL,False,False,False
2026-05-07_TB@BOS,S044_2026-05-07_MAIN,2026-05-07,Thursday,main_slate,9,BOS,TB,AL,AL,False,False,False
2026-05-07_CIN@CHC,S044_2026-05-07_MAIN,2026-05-07,Thursday,main_slate,9,CHC,CIN,NL,NL,False,False,False
2026-05-07_CLE@KC,S044_2026-05-07_MAIN,2026-05-07,Thursday,main_slate,9,KC,CLE,AL,AL,False,False,False
2026-05-07_BAL@MIA,S044_2026-05-07_MAIN,2026-05-07,Thursday,main_slate,9,MIA,BAL,NL,AL,True,False,False
2026-05-07_TEX@NYY,S044_2026-05-07_MAIN,2026-05-07,Thursday,main_slate,9,NYY,TEX,AL,AL,False,False,False
2026-05-07_ATH@PHI,S044_2026-05-07_MAIN,2026-05-07,Thursday,main_slate,9,PHI,ATH,NL,AL,True,False,False
2026-05-07_STL@SD,S044_2026-05-07_MAIN,2026-05-07,Thursday,main_slate,9,SD,STL,NL,NL,False,False,False
2026-05-07_MIN@WSH,S044_2026-05-07_MAIN,2026-05-07,Thursday,main_slate,9,WSH,MIN,NL,AL,True,False,False
2026-05-08_NYM@ARI,S045_2026-05-08_MAIN,2026-05-08,Friday,main_slate,15,ARI,NYM,NL,NL,False,False,False
2026-05-08_ATH@BAL,S045_2026-05-08_MAIN,2026-05-08,Friday,main_slate,15,BAL,ATH,AL,AL,False,False,False
2026-05-08_TB@BOS,S045_2026-05-08_MAIN,2026-05-08,Friday,main_slate,15,BOS,TB,AL,AL,False,False,False
2026-05-08_SEA@CHW,S045_2026-05-08_MAIN,2026-05-08,Friday,main_slate,15,CHW,SEA,AL,AL,False,False,False
2026-05-08_HOU@CIN,S045_2026-05-08_MAIN,2026-05-08,Friday,main_slate,15,CIN,HOU,NL,AL,True,False,False
2026-05-08_MIN@CLE,S045_2026-05-08_MAIN,2026-05-08,Friday,main_slate,15,CLE,MIN,AL,AL,False,False,False
2026-05-08_DET@KC,S045_2026-05-08_MAIN,2026-05-08,Friday,main_slate,15,KC,DET,AL,AL,False,False,False
2026-05-08_ATL@LAD,S045_2026-05-08_MAIN,2026-05-08,Friday,main_slate,15,LAD,ATL,NL,NL,False,False,False
2026-05-08_WSH@MIA,S045_2026-05-08_MAIN,2026-05-08,Friday,main_slate,15,MIA,WSH,NL,NL,False,False,False
2026-05-08_NYY@MIL,S045_2026-05-08_MAIN,2026-05-08,Friday,main_slate,15,MIL,NYY,NL,AL,True,False,False
2026-05-08_COL@PHI,S045_2026-05-08_MAIN,2026-05-08,Friday,main_slate,15,PHI,COL,NL,NL,False,False,False
2026-05-08_STL@SD,S045_2026-05-08_MAIN,2026-05-08,Friday,main_slate,15,SD,STL,NL,NL,False,False,False
2026-05-08_PIT@SF,S045_2026-05-08_MAIN,2026-05-08,Friday,main_slate,15,SF,PIT,NL,NL,False,False,False
2026-05-08_CHC@TEX,S045_2026-05-08_MAIN,2026-05-08,Friday,main_slate,15,TEX,CHC,AL,NL,True,False,False
2026-05-08_LAA@TOR,S045_2026-05-08_MAIN,2026-05-08,Friday,main_slate,15,TOR,LAA,AL,AL,False,False,False
2026-05-09_NYM@ARI,S046_2026-05-09_MAIN,2026-05-09,Saturday,main_slate,15,ARI,NYM,NL,NL,False,False,False
2026-05-09_ATH@BAL,S046_2026-05-09_MAIN,2026-05-09,Saturday,main_slate,15,BAL,ATH,AL,AL,False,False,False
2026-05-09_TB@BOS,S046_2026-05-09_MAIN,2026-05-09,Saturday,main_slate,15,BOS,TB,AL,AL,False,False,False
2026-05-09_SEA@CHW,S046_2026-05-09_MAIN,2026-05-09,Saturday,main_slate,15,CHW,SEA,AL,AL,False,False,False
2026-05-09_HOU@CIN,S046_2026-05-09_MAIN,2026-05-09,Saturday,main_slate,15,CIN,HOU,NL,AL,True,False,False
2026-05-09_MIN@CLE,S046_2026-05-09_MAIN,2026-05-09,Saturday,main_slate,15,CLE,MIN,AL,AL,False,False,False
2026-05-09_DET@KC,S046_2026-05-09_MAIN,2026-05-09,Saturday,main_slate,15,KC,DET,AL,AL,False,False,False
2026-05-09_ATL@LAD,S046_2026-05-09_MAIN,2026-05-09,Saturday,main_slate,15,LAD,ATL,NL,NL,False,False,False
2026-05-09_WSH@MIA,S046_2026-05-09_MAIN,2026-05-09,Saturday,main_slate,15,MIA,WSH,NL,NL,False,False,False
2026-05-09_NYY@MIL,S046_2026-05-09_MAIN,2026-05-09,Saturday,main_slate,15,MIL,NYY,NL,AL,True,False,False
2026-05-09_COL@PHI,S046_2026-05-09_MAIN,2026-05-09,Saturday,main_slate,15,PHI,COL,NL,NL,False,False,False
2026-05-09_STL@SD,S046_2026-05-09_MAIN,2026-05-09,Saturday,main_slate,15,SD,STL,NL,NL,False,False,False
2026-05-09_PIT@SF,S046_2026-05-09_MAIN,2026-05-09,Saturday,main_slate,15,SF,PIT,NL,NL,False,False,False
2026-05-09_CHC@TEX,S046_2026-05-09_MAIN,2026-05-09,Saturday,main_slate,15,TEX,CHC,AL,NL,True,False,False
2026-05-09_LAA@TOR,S046_2026-05-09_MAIN,2026-05-09,Saturday,main_slate,15,TOR,LAA,AL,AL,False,False,False
2026-05-10_NYM@ARI,S047_2026-05-10_MAIN,2026-05-10,Sunday,main_slate,15,ARI,NYM,NL,NL,False,False,False
2026-05-10_ATH@BAL,S047_2026-05-10_MAIN,2026-05-10,Sunday,main_slate,15,BAL,ATH,AL,AL,False,False,False
2026-05-10_TB@BOS,S047_2026-05-10_MAIN,2026-05-10,Sunday,main_slate,15,BOS,TB,AL,AL,False,False,False
2026-05-10_SEA@CHW,S047_2026-05-10_MAIN,2026-05-10,Sunday,main_slate,15,CHW,SEA,AL,AL,False,False,False
2026-05-10_HOU@CIN,S047_2026-05-10_MAIN,2026-05-10,Sunday,main_slate,15,CIN,HOU,NL,AL,True,False,False
2026-05-10_MIN@CLE,S047_2026-05-10_MAIN,2026-05-10,Sunday,main_slate,15,CLE,MIN,AL,AL,False,False,False
2026-05-10_DET@KC,S047_2026-05-10_MAIN,2026-05-10,Sunday,main_slate,15,KC,DET,AL,AL,False,False,False
2026-05-10_ATL@LAD,S047_2026-05-10_MAIN,2026-05-10,Sunday,main_slate,15,LAD,ATL,NL,NL,False,False,False
2026-05-10_WSH@MIA,S047_2026-05-10_MAIN,2026-05-10,Sunday,main_slate,15,MIA,WSH,NL,NL,False,False,False
2026-05-10_NYY@MIL,S047_2026-05-10_MAIN,2026-05-10,Sunday,main_slate,15,MIL,NYY,NL,AL,True,False,False
2026-05-10_COL@PHI,S047_2026-05-10_MAIN,2026-05-10,Sunday,main_slate,15,PHI,COL,NL,NL,False,False,False
2026-05-10_STL@SD,S047_2026-05-10_MAIN,2026-05-10,Sunday,main_slate,15,SD,STL,NL,NL,False,False,False
2026-05-10_PIT@SF,S047_2026-05-10_MAIN,2026-05-10,Sunday,main_slate,15,SF,PIT,NL,NL,False,False,False
2026-05-10_CHC@TEX,S047_2026-05-10_MAIN,2026-05-10,Sunday,main_slate,15,TEX,CHC,AL,NL,True,False,False
2026-05-10_LAA@TOR,S047_2026-05-10_MAIN,2026-05-10,Sunday,main_slate,15,TOR,LAA,AL,AL,False,False,False
2026-05-11_NYY@BAL,S048_2026-05-11_MAIN,2026-05-11,Monday,main_slate,6,BAL,NYY,AL,AL,False,False,False
2026-05-11_LAA@CLE,S048_2026-05-11_MAIN,2026-05-11,Monday,main_slate,6,CLE,LAA,AL,AL,False,False,False
2026-05-11_SEA@HOU,S048_2026-05-11_MAIN,2026-05-11,Monday,main_slate,6,HOU,SEA,AL,AL,False,False,False
2026-05-11_SF@LAD,S048_2026-05-11_MAIN,2026-05-11,Monday,main_slate,6,LAD,SF,NL,NL,False,False,False
2026-05-11_ARI@TEX,S048_2026-05-11_MAIN,2026-05-11,Monday,main_slate,6,TEX,ARI,AL,NL,True,False,False
2026-05-11_TB@TOR,S048_2026-05-11_MAIN,2026-05-11,Monday,main_slate,6,TOR,TB,AL,AL,False,False,False
2026-05-12_STL@ATH,S049_2026-05-12_MAIN,2026-05-12,Tuesday,main_slate,15,ATH,STL,AL,NL,True,False,False
2026-05-12_CHC@ATL,S049_2026-05-12_MAIN,2026-05-12,Tuesday,main_slate,15,ATL,CHC,NL,NL,False,False,False
2026-05-12_NYY@BAL,S049_2026-05-12_MAIN,2026-05-12,Tuesday,main_slate,15,BAL,NYY,AL,AL,False,False,False
2026-05-12_PHI@BOS,S049_2026-05-12_MAIN,2026-05-12,Tuesday,main_slate,15,BOS,PHI,AL,NL,True,False,False
2026-05-12_KC@CHW,S049_2026-05-12_MAIN,2026-05-12,Tuesday,main_slate,15,CHW,KC,AL,AL,False,False,False
2026-05-12_WSH@CIN,S049_2026-05-12_MAIN,2026-05-12,Tuesday,main_slate,15,CIN,WSH,NL,NL,False,False,False
2026-05-12_LAA@CLE,S049_2026-05-12_MAIN,2026-05-12,Tuesday,main_slate,15,CLE,LAA,AL,AL,False,False,False
2026-05-12_SEA@HOU,S049_2026-05-12_MAIN,2026-05-12,Tuesday,main_slate,15,HOU,SEA,AL,AL,False,False,False
2026-05-12_SF@LAD,S049_2026-05-12_MAIN,2026-05-12,Tuesday,main_slate,15,LAD,SF,NL,NL,False,False,False
2026-05-12_SD@MIL,S049_2026-05-12_MAIN,2026-05-12,Tuesday,main_slate,15,MIL,SD,NL,NL,False,False,False
2026-05-12_MIA@MIN,S049_2026-05-12_MAIN,2026-05-12,Tuesday,main_slate,15,MIN,MIA,AL,NL,True,False,False
2026-05-12_DET@NYM,S049_2026-05-12_MAIN,2026-05-12,Tuesday,main_slate,15,NYM,DET,NL,AL,True,False,False
2026-05-12_COL@PIT,S049_2026-05-12_MAIN,2026-05-12,Tuesday,main_slate,15,PIT,COL,NL,NL,False,False,False
2026-05-12_ARI@TEX,S049_2026-05-12_MAIN,2026-05-12,Tuesday,main_slate,15,TEX,ARI,AL,NL,True,False,False
2026-05-12_TB@TOR,S049_2026-05-12_MAIN,2026-05-12,Tuesday,main_slate,15,TOR,TB,AL,AL,False,False,False
2026-05-13_STL@ATH,S050_2026-05-13_MAIN,2026-05-13,Wednesday,main_slate,15,ATH,STL,AL,NL,True,False,False
2026-05-13_CHC@ATL,S050_2026-05-13_MAIN,2026-05-13,Wednesday,main_slate,15,ATL,CHC,NL,NL,False,False,False
2026-05-13_NYY@BAL,S050_2026-05-13_MAIN,2026-05-13,Wednesday,main_slate,15,BAL,NYY,AL,AL,False,False,False
2026-05-13_PHI@BOS,S050_2026-05-13_MAIN,2026-05-13,Wednesday,main_slate,15,BOS,PHI,AL,NL,True,False,False
2026-05-13_KC@CHW,S050_2026-05-13_MAIN,2026-05-13,Wednesday,main_slate,15,CHW,KC,AL,AL,False,False,False
2026-05-13_WSH@CIN,S050_2026-05-13_MAIN,2026-05-13,Wednesday,main_slate,15,CIN,WSH,NL,NL,False,False,False
2026-05-13_LAA@CLE,S050_2026-05-13_MAIN,2026-05-13,Wednesday,main_slate,15,CLE,LAA,AL,AL,False,False,False
2026-05-13_SEA@HOU,S050_2026-05-13_MAIN,2026-05-13,Wednesday,main_slate,15,HOU,SEA,AL,AL,False,False,False
2026-05-13_SF@LAD,S050_2026-05-13_MAIN,2026-05-13,Wednesday,main_slate,15,LAD,SF,NL,NL,False,False,False
2026-05-13_SD@MIL,S050_2026-05-13_MAIN,2026-05-13,Wednesday,main_slate,15,MIL,SD,NL,NL,False,False,False
2026-05-13_MIA@MIN,S050_2026-05-13_MAIN,2026-05-13,Wednesday,main_slate,15,MIN,MIA,AL,NL,True,False,False
2026-05-13_DET@NYM,S050_2026-05-13_MAIN,2026-05-13,Wednesday,main_slate,15,NYM,DET,NL,AL,True,False,False
2026-05-13_COL@PIT,S050_2026-05-13_MAIN,2026-05-13,Wednesday,main_slate,15,PIT,COL,NL,NL,False,False,False
2026-05-13_ARI@TEX,S050_2026-05-13_MAIN,2026-05-13,Wednesday,main_slate,15,TEX,ARI,AL,NL,True,False,False
2026-05-13_TB@TOR,S050_2026-05-13_MAIN,2026-05-13,Wednesday,main_slate,15,TOR,TB,AL,AL,False,False,False
2026-05-14_STL@ATH,S051_2026-05-14_MAIN,2026-05-14,Thursday,main_slate,11,ATH,STL,AL,NL,True,False,False
2026-05-14_CHC@ATL,S051_2026-05-14_MAIN,2026-05-14,Thursday,main_slate,11,ATL,CHC,NL,NL,False,False,False
2026-05-14_PHI@BOS,S051_2026-05-14_MAIN,2026-05-14,Thursday,main_slate,11,BOS,PHI,AL,NL,True,False,False
2026-05-14_KC@CHW,S051_2026-05-14_MAIN,2026-05-14,Thursday,main_slate,11,CHW,KC,AL,AL,False,False,False
2026-05-14_WSH@CIN,S051_2026-05-14_MAIN,2026-05-14,Thursday,main_slate,11,CIN,WSH,NL,NL,False,False,False
2026-05-14_SEA@HOU,S051_2026-05-14_MAIN,2026-05-14,Thursday,main_slate,11,HOU,SEA,AL,AL,False,False,False
2026-05-14_SF@LAD,S051_2026-05-14_MAIN,2026-05-14,Thursday,main_slate,11,LAD,SF,NL,NL,False,False,False
2026-05-14_SD@MIL,S051_2026-05-14_MAIN,2026-05-14,Thursday,main_slate,11,MIL,SD,NL,NL,False,False,False
2026-05-14_MIA@MIN,S051_2026-05-14_MAIN,2026-05-14,Thursday,main_slate,11,MIN,MIA,AL,NL,True,False,False
2026-05-14_DET@NYM,S051_2026-05-14_MAIN,2026-05-14,Thursday,main_slate,11,NYM,DET,NL,AL,True,False,False
2026-05-14_COL@PIT,S051_2026-05-14_MAIN,2026-05-14,Thursday,main_slate,11,PIT,COL,NL,NL,False,False,False
2026-05-15_SF@ATH,S052_2026-05-15_MAIN,2026-05-15,Friday,main_slate,15,ATH,SF,AL,NL,True,False,False
2026-05-15_BOS@ATL,S052_2026-05-15_MAIN,2026-05-15,Friday,main_slate,15,ATL,BOS,NL,AL,True,False,False
2026-05-15_CHC@CHW,S052_2026-05-15_MAIN,2026-05-15,Friday,main_slate,15,CHW,CHC,AL,NL,True,False,False
2026-05-15_CIN@CLE,S052_2026-05-15_MAIN,2026-05-15,Friday,main_slate,15,CLE,CIN,AL,NL,True,False,False
2026-05-15_ARI@COL,S052_2026-05-15_MAIN,2026-05-15,Friday,main_slate,15,COL,ARI,NL,NL,False,False,False
2026-05-15_TOR@DET,S052_2026-05-15_MAIN,2026-05-15,Friday,main_slate,15,DET,TOR,AL,AL,False,False,False
2026-05-15_TEX@HOU,S052_2026-05-15_MAIN,2026-05-15,Friday,main_slate,15,HOU,TEX,AL,AL,False,False,False
2026-05-15_LAD@LAA,S052_2026-05-15_MAIN,2026-05-15,Friday,main_slate,15,LAA,LAD,AL,NL,True,False,False
2026-05-15_MIL@MIN,S052_2026-05-15_MAIN,2026-05-15,Friday,main_slate,15,MIN,MIL,AL,NL,True,False,False
2026-05-15_NYY@NYM,S052_2026-05-15_MAIN,2026-05-15,Friday,main_slate,15,NYM,NYY,NL,AL,True,False,False
2026-05-15_PHI@PIT,S052_2026-05-15_MAIN,2026-05-15,Friday,main_slate,15,PIT,PHI,NL,NL,False,False,False
2026-05-15_SD@SEA,S052_2026-05-15_MAIN,2026-05-15,Friday,main_slate,15,SEA,SD,AL,NL,True,False,False
2026-05-15_KC@STL,S052_2026-05-15_MAIN,2026-05-15,Friday,main_slate,15,STL,KC,NL,AL,True,False,False
2026-05-15_MIA@TB,S052_2026-05-15_MAIN,2026-05-15,Friday,main_slate,15,TB,MIA,AL,NL,True,False,False
2026-05-15_BAL@WSH,S052_2026-05-15_MAIN,2026-05-15,Friday,main_slate,15,WSH,BAL,NL,AL,True,False,False
2026-05-16_SF@ATH,S053_2026-05-16_MAIN,2026-05-16,Saturday,main_slate,15,ATH,SF,AL,NL,True,False,False
2026-05-16_BOS@ATL,S053_2026-05-16_MAIN,2026-05-16,Saturday,main_slate,15,ATL,BOS,NL,AL,True,False,False
2026-05-16_CHC@CHW,S053_2026-05-16_MAIN,2026-05-16,Saturday,main_slate,15,CHW,CHC,AL,NL,True,False,False
2026-05-16_CIN@CLE,S053_2026-05-16_MAIN,2026-05-16,Saturday,main_slate,15,CLE,CIN,AL,NL,True,False,False
2026-05-16_ARI@COL,S053_2026-05-16_MAIN,2026-05-16,Saturday,main_slate,15,COL,ARI,NL,NL,False,False,False
2026-05-16_TOR@DET,S053_2026-05-16_MAIN,2026-05-16,Saturday,main_slate,15,DET,TOR,AL,AL,False,False,False
2026-05-16_TEX@HOU,S053_2026-05-16_MAIN,2026-05-16,Saturday,main_slate,15,HOU,TEX,AL,AL,False,False,False
2026-05-16_LAD@LAA,S053_2026-05-16_MAIN,2026-05-16,Saturday,main_slate,15,LAA,LAD,AL,NL,True,False,False
2026-05-16_MIL@MIN,S053_2026-05-16_MAIN,2026-05-16,Saturday,main_slate,15,MIN,MIL,AL,NL,True,False,False
2026-05-16_NYY@NYM,S053_2026-05-16_MAIN,2026-05-16,Saturday,main_slate,15,NYM,NYY,NL,AL,True,False,False
2026-05-16_PHI@PIT,S053_2026-05-16_MAIN,2026-05-16,Saturday,main_slate,15,PIT,PHI,NL,NL,False,False,False
2026-05-16_SD@SEA,S053_2026-05-16_MAIN,2026-05-16,Saturday,main_slate,15,SEA,SD,AL,NL,True,False,False
2026-05-16_KC@STL,S053_2026-05-16_MAIN,2026-05-16,Saturday,main_slate,15,STL,KC,NL,AL,True,False,False
2026-05-16_MIA@TB,S053_2026-05-16_MAIN,2026-05-16,Saturday,main_slate,15,TB,MIA,AL,NL,True,False,False
2026-05-16_BAL@WSH,S053_2026-05-16_MAIN,2026-05-16,Saturday,main_slate,15,WSH,BAL,NL,AL,True,False,False
2026-05-17_SF@ATH,S054_2026-05-17_MAIN,2026-05-17,Sunday,main_slate,15,ATH,SF,AL,NL,True,False,False
2026-05-17_BOS@ATL,S054_2026-05-17_MAIN,2026-05-17,Sunday,main_slate,15,ATL,BOS,NL,AL,True,False,False
2026-05-17_CHC@CHW,S054_2026-05-17_MAIN,2026-05-17,Sunday,main_slate,15,CHW,CHC,AL,NL,True,False,False
2026-05-17_CIN@CLE,S054_2026-05-17_MAIN,2026-05-17,Sunday,main_slate,15,CLE,CIN,AL,NL,True,False,False
2026-05-17_ARI@COL,S054_2026-05-17_MAIN,2026-05-17,Sunday,main_slate,15,COL,ARI,NL,NL,False,False,False
2026-05-17_TOR@DET,S054_2026-05-17_MAIN,2026-05-17,Sunday,main_slate,15,DET,TOR,AL,AL,False,False,False
2026-05-17_TEX@HOU,S054_2026-05-17_MAIN,2026-05-17,Sunday,main_slate,15,HOU,TEX,AL,AL,False,False,False
2026-05-17_LAD@LAA,S054_2026-05-17_MAIN,2026-05-17,Sunday,main_slate,15,LAA,LAD,AL,NL,True,False,False
2026-05-17_MIL@MIN,S054_2026-05-17_MAIN,2026-05-17,Sunday,main_slate,15,MIN,MIL,AL,NL,True,False,False
2026-05-17_NYY@NYM,S054_2026-05-17_MAIN,2026-05-17,Sunday,main_slate,15,NYM,NYY,NL,AL,True,False,False
2026-05-17_PHI@PIT,S054_2026-05-17_MAIN,2026-05-17,Sunday,main_slate,15,PIT,PHI,NL,NL,False,False,False
2026-05-17_SD@SEA,S054_2026-05-17_MAIN,2026-05-17,Sunday,main_slate,15,SEA,SD,AL,NL,True,False,False
2026-05-17_KC@STL,S054_2026-05-17_MAIN,2026-05-17,Sunday,main_slate,15,STL,KC,NL,AL,True,False,False
2026-05-17_MIA@TB,S054_2026-05-17_MAIN,2026-05-17,Sunday,main_slate,15,TB,MIA,AL,NL,True,False,False
2026-05-17_BAL@WSH,S054_2026-05-17_MAIN,2026-05-17,Sunday,main_slate,15,WSH,BAL,NL,AL,True,False,False
2026-05-18_SF@ARI,S055_2026-05-18_MAIN,2026-05-18,Monday,main_slate,14,ARI,SF,NL,NL,False,False,False
2026-05-18_MIL@CHC,S055_2026-05-18_MAIN,2026-05-18,Monday,main_slate,14,CHC,MIL,NL,NL,False,False,False
2026-05-18_TEX@COL,S055_2026-05-18_MAIN,2026-05-18,Monday,main_slate,14,COL,TEX,NL,AL,True,False,False
2026-05-18_CLE@DET,S055_2026-05-18_MAIN,2026-05-18,Monday,main_slate,14,DET,CLE,AL,AL,False,False,False
2026-05-18_BOS@KC,S055_2026-05-18_MAIN,2026-05-18,Monday,main_slate,14,KC,BOS,AL,AL,False,False,False
2026-05-18_ATH@LAA,S055_2026-05-18_MAIN,2026-05-18,Monday,main_slate,14,LAA,ATH,AL,AL,False,False,False
2026-05-18_ATL@MIA,S055_2026-05-18_MAIN,2026-05-18,Monday,main_slate,14,MIA,ATL,NL,NL,False,False,False
2026-05-18_HOU@MIN,S055_2026-05-18_MAIN,2026-05-18,Monday,main_slate,14,MIN,HOU,AL,AL,False,False,False
2026-05-18_TOR@NYY,S055_2026-05-18_MAIN,2026-05-18,Monday,main_slate,14,NYY,TOR,AL,AL,False,False,False
2026-05-18_CIN@PHI,S055_2026-05-18_MAIN,2026-05-18,Monday,main_slate,14,PHI,CIN,NL,NL,False,False,False
2026-05-18_LAD@SD,S055_2026-05-18_MAIN,2026-05-18,Monday,main_slate,14,SD,LAD,NL,NL,False,False,False
2026-05-18_CHW@SEA,S055_2026-05-18_MAIN,2026-05-18,Monday,main_slate,14,SEA,CHW,AL,AL,False,False,False
2026-05-18_BAL@TB,S055_2026-05-18_MAIN,2026-05-18,Monday,main_slate,14,TB,BAL,AL,AL,False,False,False
2026-05-18_NYM@WSH,S055_2026-05-18_MAIN,2026-05-18,Monday,main_slate,14,WSH,NYM,NL,NL,False,False,False
2026-05-19_SF@ARI,S056_2026-05-19_MAIN,2026-05-19,Tuesday,main_slate,15,ARI,SF,NL,NL,False,False,False
2026-05-19_MIL@CHC,S056_2026-05-19_MAIN,2026-05-19,Tuesday,main_slate,15,CHC,MIL,NL,NL,False,False,False
2026-05-19_TEX@COL,S056_2026-05-19_MAIN,2026-05-19,Tuesday,main_slate,15,COL,TEX,NL,AL,True,False,False
2026-05-19_CLE@DET,S056_2026-05-19_MAIN,2026-05-19,Tuesday,main_slate,15,DET,CLE,AL,AL,False,False,False
2026-05-19_BOS@KC,S056_2026-05-19_MAIN,2026-05-19,Tuesday,main_slate,15,KC,BOS,AL,AL,False,False,False
2026-05-19_ATH@LAA,S056_2026-05-19_MAIN,2026-05-19,Tuesday,main_slate,15,LAA,ATH,AL,AL,False,False,False
2026-05-19_ATL@MIA,S056_2026-05-19_MAIN,2026-05-19,Tuesday,main_slate,15,MIA,ATL,NL,NL,False,False,False
2026-05-19_HOU@MIN,S056_2026-05-19_MAIN,2026-05-19,Tuesday,main_slate,15,MIN,HOU,AL,AL,False,False,False
2026-05-19_TOR@NYY,S056_2026-05-19_MAIN,2026-05-19,Tuesday,main_slate,15,NYY,TOR,AL,AL,False,False,False
2026-05-19_CIN@PHI,S056_2026-05-19_MAIN,2026-05-19,Tuesday,main_slate,15,PHI,CIN,NL,NL,False,False,False
2026-05-19_LAD@SD,S056_2026-05-19_MAIN,2026-05-19,Tuesday,main_slate,15,SD,LAD,NL,NL,False,False,False
2026-05-19_CHW@SEA,S056_2026-05-19_MAIN,2026-05-19,Tuesday,main_slate,15,SEA,CHW,AL,AL,False,False,False
2026-05-19_PIT@STL,S056_2026-05-19_MAIN,2026-05-19,Tuesday,main_slate,15,STL,PIT,NL,NL,False,False,False
2026-05-19_BAL@TB,S056_2026-05-19_MAIN,2026-05-19,Tuesday,main_slate,15,TB,BAL,AL,AL,False,False,False
2026-05-19_NYM@WSH,S056_2026-05-19_MAIN,2026-05-19,Tuesday,main_slate,15,WSH,NYM,NL,NL,False,False,False
2026-05-20_SF@ARI,S057_2026-05-20_MAIN,2026-05-20,Wednesday,main_slate,15,ARI,SF,NL,NL,False,False,False
2026-05-20_MIL@CHC,S057_2026-05-20_MAIN,2026-05-20,Wednesday,main_slate,15,CHC,MIL,NL,NL,False,False,False
2026-05-20_TEX@COL,S057_2026-05-20_MAIN,2026-05-20,Wednesday,main_slate,15,COL,TEX,NL,AL,True,False,False
2026-05-20_CLE@DET,S057_2026-05-20_MAIN,2026-05-20,Wednesday,main_slate,15,DET,CLE,AL,AL,False,False,False
2026-05-20_BOS@KC,S057_2026-05-20_MAIN,2026-05-20,Wednesday,main_slate,15,KC,BOS,AL,AL,False,False,False
2026-05-20_ATH@LAA,S057_2026-05-20_MAIN,2026-05-20,Wednesday,main_slate,15,LAA,ATH,AL,AL,False,False,False
2026-05-20_ATL@MIA,S057_2026-05-20_MAIN,2026-05-20,Wednesday,main_slate,15,MIA,ATL,NL,NL,False,False,False
2026-05-20_HOU@MIN,S057_2026-05-20_MAIN,2026-05-20,Wednesday,main_slate,15,MIN,HOU,AL,AL,False,False,False
2026-05-20_TOR@NYY,S057_2026-05-20_MAIN,2026-05-20,Wednesday,main_slate,15,NYY,TOR,AL,AL,False,False,False
2026-05-20_CIN@PHI,S057_2026-05-20_MAIN,2026-05-20,Wednesday,main_slate,15,PHI,CIN,NL,NL,False,False,False
2026-05-20_LAD@SD,S057_2026-05-20_MAIN,2026-05-20,Wednesday,main_slate,15,SD,LAD,NL,NL,False,False,False
2026-05-20_CHW@SEA,S057_2026-05-20_MAIN,2026-05-20,Wednesday,main_slate,15,SEA,CHW,AL,AL,False,False,False
2026-05-20_PIT@STL,S057_2026-05-20_MAIN,2026-05-20,Wednesday,main_slate,15,STL,PIT,NL,NL,False,False,False
2026-05-20_BAL@TB,S057_2026-05-20_MAIN,2026-05-20,Wednesday,main_slate,15,TB,BAL,AL,AL,False,False,False
2026-05-20_NYM@WSH,S057_2026-05-20_MAIN,2026-05-20,Wednesday,main_slate,15,WSH,NYM,NL,NL,False,False,False
2026-05-21_COL@ARI,S058_2026-05-21_MAIN,2026-05-21,Thursday,main_slate,7,ARI,COL,NL,NL,False,False,False
2026-05-21_CLE@DET,S058_2026-05-21_MAIN,2026-05-21,Thursday,main_slate,7,DET,CLE,AL,AL,False,False,False
2026-05-21_ATH@LAA,S058_2026-05-21_MAIN,2026-05-21,Thursday,main_slate,7,LAA,ATH,AL,AL,False,False,False
2026-05-21_ATL@MIA,S058_2026-05-21_MAIN,2026-05-21,Thursday,main_slate,7,MIA,ATL,NL,NL,False,False,False
2026-05-21_TOR@NYY,S058_2026-05-21_MAIN,2026-05-21,Thursday,main_slate,7,NYY,TOR,AL,AL,False,False,False
2026-05-21_PIT@STL,S058_2026-05-21_MAIN,2026-05-21,Thursday,main_slate,7,STL,PIT,NL,NL,False,False,False
2026-05-21_NYM@WSH,S058_2026-05-21_MAIN,2026-05-21,Thursday,main_slate,7,WSH,NYM,NL,NL,False,False,False
2026-05-22_COL@ARI,S059_2026-05-22_MAIN,2026-05-22,Friday,main_slate,15,ARI,COL,NL,NL,False,False,False
2026-05-22_WSH@ATL,S059_2026-05-22_MAIN,2026-05-22,Friday,main_slate,15,ATL,WSH,NL,NL,False,False,False
2026-05-22_DET@BAL,S059_2026-05-22_MAIN,2026-05-22,Friday,main_slate,15,BAL,DET,AL,AL,False,False,False
2026-05-22_MIN@BOS,S059_2026-05-22_MAIN,2026-05-22,Friday,main_slate,15,BOS,MIN,AL,AL,False,False,False
2026-05-22_HOU@CHC,S059_2026-05-22_MAIN,2026-05-22,Friday,main_slate,15,CHC,HOU,NL,AL,True,False,False
2026-05-22_STL@CIN,S059_2026-05-22_MAIN,2026-05-22,Friday,main_slate,15,CIN,STL,NL,NL,False,False,False
2026-05-22_SEA@KC,S059_2026-05-22_MAIN,2026-05-22,Friday,main_slate,15,KC,SEA,AL,AL,False,False,False
2026-05-22_TEX@LAA,S059_2026-05-22_MAIN,2026-05-22,Friday,main_slate,15,LAA,TEX,AL,AL,False,False,False
2026-05-22_NYM@MIA,S059_2026-05-22_MAIN,2026-05-22,Friday,main_slate,15,MIA,NYM,NL,NL,False,False,False
2026-05-22_LAD@MIL,S059_2026-05-22_MAIN,2026-05-22,Friday,main_slate,15,MIL,LAD,NL,NL,False,False,False
2026-05-22_TB@NYY,S059_2026-05-22_MAIN,2026-05-22,Friday,main_slate,15,NYY,TB,AL,AL,False,False,False
2026-05-22_CLE@PHI,S059_2026-05-22_MAIN,2026-05-22,Friday,main_slate,15,PHI,CLE,NL,AL,True,False,False
2026-05-22_ATH@SD,S059_2026-05-22_MAIN,2026-05-22,Friday,main_slate,15,SD,ATH,NL,AL,True,False,False
2026-05-22_CHW@SF,S059_2026-05-22_MAIN,2026-05-22,Friday,main_slate,15,SF,CHW,NL,AL,True,False,False
2026-05-22_PIT@TOR,S059_2026-05-22_MAIN,2026-05-22,Friday,main_slate,15,TOR,PIT,AL,NL,True,False,False
2026-05-23_COL@ARI,S060_2026-05-23_MAIN,2026-05-23,Saturday,main_slate,15,ARI,COL,NL,NL,False,False,False
2026-05-23_WSH@ATL,S060_2026-05-23_MAIN,2026-05-23,Saturday,main_slate,15,ATL,WSH,NL,NL,False,False,False
2026-05-23_DET@BAL,S060_2026-05-23_MAIN,2026-05-23,Saturday,main_slate,15,BAL,DET,AL,AL,False,False,False
2026-05-23_MIN@BOS,S060_2026-05-23_MAIN,2026-05-23,Saturday,main_slate,15,BOS,MIN,AL,AL,False,False,False
2026-05-23_HOU@CHC,S060_2026-05-23_MAIN,2026-05-23,Saturday,main_slate,15,CHC,HOU,NL,AL,True,False,False
2026-05-23_STL@CIN,S060_2026-05-23_MAIN,2026-05-23,Saturday,main_slate,15,CIN,STL,NL,NL,False,False,False
2026-05-23_SEA@KC,S060_2026-05-23_MAIN,2026-05-23,Saturday,main_slate,15,KC,SEA,AL,AL,False,False,False
2026-05-23_TEX@LAA,S060_2026-05-23_MAIN,2026-05-23,Saturday,main_slate,15,LAA,TEX,AL,AL,False,False,False
2026-05-23_NYM@MIA,S060_2026-05-23_MAIN,2026-05-23,Saturday,main_slate,15,MIA,NYM,NL,NL,False,False,False
2026-05-23_LAD@MIL,S060_2026-05-23_MAIN,2026-05-23,Saturday,main_slate,15,MIL,LAD,NL,NL,False,False,False
2026-05-23_TB@NYY,S060_2026-05-23_MAIN,2026-05-23,Saturday,main_slate,15,NYY,TB,AL,AL,False,False,False
2026-05-23_CLE@PHI,S060_2026-05-23_MAIN,2026-05-23,Saturday,main_slate,15,PHI,CLE,NL,AL,True,False,False
2026-05-23_ATH@SD,S060_2026-05-23_MAIN,2026-05-23,Saturday,main_slate,15,SD,ATH,NL,AL,True,False,False
2026-05-23_CHW@SF,S060_2026-05-23_MAIN,2026-05-23,Saturday,main_slate,15,SF,CHW,NL,AL,True,False,False
2026-05-23_PIT@TOR,S060_2026-05-23_MAIN,2026-05-23,Saturday,main_slate,15,TOR,PIT,AL,NL,True,False,False
2026-05-24_COL@ARI,S061_2026-05-24_MAIN,2026-05-24,Sunday,main_slate,15,ARI,COL,NL,NL,False,False,False
2026-05-24_WSH@ATL,S061_2026-05-24_MAIN,2026-05-24,Sunday,main_slate,15,ATL,WSH,NL,NL,False,False,False
2026-05-24_DET@BAL,S061_2026-05-24_MAIN,2026-05-24,Sunday,main_slate,15,BAL,DET,AL,AL,False,False,False
2026-05-24_MIN@BOS,S061_2026-05-24_MAIN,2026-05-24,Sunday,main_slate,15,BOS,MIN,AL,AL,False,False,False
2026-05-24_HOU@CHC,S061_2026-05-24_MAIN,2026-05-24,Sunday,main_slate,15,CHC,HOU,NL,AL,True,False,False
2026-05-24_STL@CIN,S061_2026-05-24_MAIN,2026-05-24,Sunday,main_slate,15,CIN,STL,NL,NL,False,False,False
2026-05-24_SEA@KC,S061_2026-05-24_MAIN,2026-05-24,Sunday,main_slate,15,KC,SEA,AL,AL,False,False,False
2026-05-24_TEX@LAA,S061_2026-05-24_MAIN,2026-05-24,Sunday,main_slate,15,LAA,TEX,AL,AL,False,False,False
2026-05-24_NYM@MIA,S061_2026-05-24_MAIN,2026-05-24,Sunday,main_slate,15,MIA,NYM,NL,NL,False,False,False
2026-05-24_LAD@MIL,S061_2026-05-24_MAIN,2026-05-24,Sunday,main_slate,15,MIL,LAD,NL,NL,False,False,False
2026-05-24_TB@NYY,S061_2026-05-24_MAIN,2026-05-24,Sunday,main_slate,15,NYY,TB,AL,AL,False,False,False
2026-05-24_CLE@PHI,S061_2026-05-24_MAIN,2026-05-24,Sunday,main_slate,15,PHI,CLE,NL,AL,True,False,False
2026-05-24_ATH@SD,S061_2026-05-24_MAIN,2026-05-24,Sunday,main_slate,15,SD,ATH,NL,AL,True,False,False
2026-05-24_CHW@SF,S061_2026-05-24_MAIN,2026-05-24,Sunday,main_slate,15,SF,CHW,NL,AL,True,False,False
2026-05-24_PIT@TOR,S061_2026-05-24_MAIN,2026-05-24,Sunday,main_slate,15,TOR,PIT,AL,NL,True,False,False
2026-05-25_SEA@ATH,S062_2026-05-25_MAIN,2026-05-25,Monday,main_slate,13,ATH,SEA,AL,AL,False,False,False
2026-05-25_TB@BAL,S062_2026-05-25_MAIN,2026-05-25,Monday,main_slate,13,BAL,TB,AL,AL,False,False,False
2026-05-25_MIN@CHW,S062_2026-05-25_MAIN,2026-05-25,Monday,main_slate,13,CHW,MIN,AL,AL,False,False,False
2026-05-25_WSH@CLE,S062_2026-05-25_MAIN,2026-05-25,Monday,main_slate,13,CLE,WSH,AL,NL,True,False,False
2026-05-25_NYY@KC,S062_2026-05-25_MAIN,2026-05-25,Monday,main_slate,13,KC,NYY,AL,AL,False,False,False
2026-05-25_COL@LAD,S062_2026-05-25_MAIN,2026-05-25,Monday,main_slate,13,LAD,COL,NL,NL,False,False,False
2026-05-25_STL@MIL,S062_2026-05-25_MAIN,2026-05-25,Monday,main_slate,13,MIL,STL,NL,NL,False,False,False
2026-05-25_CIN@NYM,S062_2026-05-25_MAIN,2026-05-25,Monday,main_slate,13,NYM,CIN,NL,NL,False,False,False
2026-05-25_CHC@PIT,S062_2026-05-25_MAIN,2026-05-25,Monday,main_slate,13,PIT,CHC,NL,NL,False,False,False
2026-05-25_PHI@SD,S062_2026-05-25_MAIN,2026-05-25,Monday,main_slate,13,SD,PHI,NL,NL,False,False,False
2026-05-25_ARI@SF,S062_2026-05-25_MAIN,2026-05-25,Monday,main_slate,13,SF,ARI,NL,NL,False,False,False
2026-05-25_HOU@TEX,S062_2026-05-25_MAIN,2026-05-25,Monday,main_slate,13,TEX,HOU,AL,AL,False,False,False
2026-05-25_MIA@TOR,S062_2026-05-25_MAIN,2026-05-25,Monday,main_slate,13,TOR,MIA,AL,NL,True,False,False
2026-05-26_SEA@ATH,S063_2026-05-26_MAIN,2026-05-26,Tuesday,main_slate,15,ATH,SEA,AL,AL,False,False,False
2026-05-26_TB@BAL,S063_2026-05-26_MAIN,2026-05-26,Tuesday,main_slate,15,BAL,TB,AL,AL,False,False,False
2026-05-26_ATL@BOS,S063_2026-05-26_MAIN,2026-05-26,Tuesday,main_slate,15,BOS,ATL,AL,NL,True,False,False
2026-05-26_MIN@CHW,S063_2026-05-26_MAIN,2026-05-26,Tuesday,main_slate,15,CHW,MIN,AL,AL,False,False,False
2026-05-26_WSH@CLE,S063_2026-05-26_MAIN,2026-05-26,Tuesday,main_slate,15,CLE,WSH,AL,NL,True,False,False
2026-05-26_LAA@DET,S063_2026-05-26_MAIN,2026-05-26,Tuesday,main_slate,15,DET,LAA,AL,AL,False,False,False
2026-05-26_NYY@KC,S063_2026-05-26_MAIN,2026-05-26,Tuesday,main_slate,15,KC,NYY,AL,AL,False,False,False
2026-05-26_COL@LAD,S063_2026-05-26_MAIN,2026-05-26,Tuesday,main_slate,15,LAD,COL,NL,NL,False,False,False
2026-05-26_STL@MIL,S063_2026-05-26_MAIN,2026-05-26,Tuesday,main_slate,15,MIL,STL,NL,NL,False,False,False
2026-05-26_CIN@NYM,S063_2026-05-26_MAIN,2026-05-26,Tuesday,main_slate,15,NYM,CIN,NL,NL,False,False,False
2026-05-26_CHC@PIT,S063_2026-05-26_MAIN,2026-05-26,Tuesday,main_slate,15,PIT,CHC,NL,NL,False,False,False
2026-05-26_PHI@SD,S063_2026-05-26_MAIN,2026-05-26,Tuesday,main_slate,15,SD,PHI,NL,NL,False,False,False
2026-05-26_ARI@SF,S063_2026-05-26_MAIN,2026-05-26,Tuesday,main_slate,15,SF,ARI,NL,NL,False,False,False
2026-05-26_HOU@TEX,S063_2026-05-26_MAIN,2026-05-26,Tuesday,main_slate,15,TEX,HOU,AL,AL,False,False,False
2026-05-26_MIA@TOR,S063_2026-05-26_MAIN,2026-05-26,Tuesday,main_slate,15,TOR,MIA,AL,NL,True,False,False
2026-05-27_SEA@ATH,S064_2026-05-27_MAIN,2026-05-27,Wednesday,main_slate,15,ATH,SEA,AL,AL,False,False,False
2026-05-27_TB@BAL,S064_2026-05-27_MAIN,2026-05-27,Wednesday,main_slate,15,BAL,TB,AL,AL,False,False,False
2026-05-27_ATL@BOS,S064_2026-05-27_MAIN,2026-05-27,Wednesday,main_slate,15,BOS,ATL,AL,NL,True,False,False
2026-05-27_MIN@CHW,S064_2026-05-27_MAIN,2026-05-27,Wednesday,main_slate,15,CHW,MIN,AL,AL,False,False,False
2026-05-27_WSH@CLE,S064_2026-05-27_MAIN,2026-05-27,Wednesday,main_slate,15,CLE,WSH,AL,NL,True,False,False
2026-05-27_LAA@DET,S064_2026-05-27_MAIN,2026-05-27,Wednesday,main_slate,15,DET,LAA,AL,AL,False,False,False
2026-05-27_NYY@KC,S064_2026-05-27_MAIN,2026-05-27,Wednesday,main_slate,15,KC,NYY,AL,AL,False,False,False
2026-05-27_COL@LAD,S064_2026-05-27_MAIN,2026-05-27,Wednesday,main_slate,15,LAD,COL,NL,NL,False,False,False
2026-05-27_STL@MIL,S064_2026-05-27_MAIN,2026-05-27,Wednesday,main_slate,15,MIL,STL,NL,NL,False,False,False
2026-05-27_CIN@NYM,S064_2026-05-27_MAIN,2026-05-27,Wednesday,main_slate,15,NYM,CIN,NL,NL,False,False,False
2026-05-27_CHC@PIT,S064_2026-05-27_MAIN,2026-05-27,Wednesday,main_slate,15,PIT,CHC,NL,NL,False,False,False
2026-05-27_PHI@SD,S064_2026-05-27_MAIN,2026-05-27,Wednesday,main_slate,15,SD,PHI,NL,NL,False,False,False
2026-05-27_ARI@SF,S064_2026-05-27_MAIN,2026-05-27,Wednesday,main_slate,15,SF,ARI,NL,NL,False,False,False
2026-05-27_HOU@TEX,S064_2026-05-27_MAIN,2026-05-27,Wednesday,main_slate,15,TEX,HOU,AL,AL,False,False,False
2026-05-27_MIA@TOR,S064_2026-05-27_MAIN,2026-05-27,Wednesday,main_slate,15,TOR,MIA,AL,NL,True,False,False
2026-05-28_TOR@BAL,S065_2026-05-28_MAIN,2026-05-28,Thursday,main_slate,6,BAL,TOR,AL,AL,False,False,False
2026-05-28_ATL@BOS,S065_2026-05-28_MAIN,2026-05-28,Thursday,main_slate,6,BOS,ATL,AL,NL,True,False,False
2026-05-28_MIN@CHW,S065_2026-05-28_MAIN,2026-05-28,Thursday,main_slate,6,CHW,MIN,AL,AL,False,False,False
2026-05-28_LAA@DET,S065_2026-05-28_MAIN,2026-05-28,Thursday,main_slate,6,DET,LAA,AL,AL,False,False,False
2026-05-28_CHC@PIT,S065_2026-05-28_MAIN,2026-05-28,Thursday,main_slate,6,PIT,CHC,NL,NL,False,False,False
2026-05-28_HOU@TEX,S065_2026-05-28_MAIN,2026-05-28,Thursday,main_slate,6,TEX,HOU,AL,AL,False,False,False
2026-05-29_NYY@ATH,S066_2026-05-29_MAIN,2026-05-29,Friday,main_slate,15,ATH,NYY,AL,AL,False,False,False
2026-05-29_TOR@BAL,S066_2026-05-29_MAIN,2026-05-29,Friday,main_slate,15,BAL,TOR,AL,AL,False,False,False
2026-05-29_DET@CHW,S066_2026-05-29_MAIN,2026-05-29,Friday,main_slate,15,CHW,DET,AL,AL,False,False,False
2026-05-29_ATL@CIN,S066_2026-05-29_MAIN,2026-05-29,Friday,main_slate,15,CIN,ATL,NL,NL,False,False,False
2026-05-29_BOS@CLE,S066_2026-05-29_MAIN,2026-05-29,Friday,main_slate,15,CLE,BOS,AL,AL,False,False,False
2026-05-29_SF@COL,S066_2026-05-29_MAIN,2026-05-29,Friday,main_slate,15,COL,SF,NL,NL,False,False,False
2026-05-29_MIL@HOU,S066_2026-05-29_MAIN,2026-05-29,Friday,main_slate,15,HOU,MIL,AL,NL,True,False,False
2026-05-29_PHI@LAD,S066_2026-05-29_MAIN,2026-05-29,Friday,main_slate,15,LAD,PHI,NL,NL,False,False,False
2026-05-29_MIA@NYM,S066_2026-05-29_MAIN,2026-05-29,Friday,main_slate,15,NYM,MIA,NL,NL,False,False,False
2026-05-29_MIN@PIT,S066_2026-05-29_MAIN,2026-05-29,Friday,main_slate,15,PIT,MIN,NL,AL,True,False,False
2026-05-29_ARI@SEA,S066_2026-05-29_MAIN,2026-05-29,Friday,main_slate,15,SEA,ARI,AL,NL,True,False,False
2026-05-29_CHC@STL,S066_2026-05-29_MAIN,2026-05-29,Friday,main_slate,15,STL,CHC,NL,NL,False,False,False
2026-05-29_LAA@TB,S066_2026-05-29_MAIN,2026-05-29,Friday,main_slate,15,TB,LAA,AL,AL,False,False,False
2026-05-29_KC@TEX,S066_2026-05-29_MAIN,2026-05-29,Friday,main_slate,15,TEX,KC,AL,AL,False,False,False
2026-05-29_SD@WSH,S066_2026-05-29_MAIN,2026-05-29,Friday,main_slate,15,WSH,SD,NL,NL,False,False,False
2026-05-30_NYY@ATH,S067_2026-05-30_MAIN,2026-05-30,Saturday,main_slate,15,ATH,NYY,AL,AL,False,False,False
2026-05-30_TOR@BAL,S067_2026-05-30_MAIN,2026-05-30,Saturday,main_slate,15,BAL,TOR,AL,AL,False,False,False
2026-05-30_DET@CHW,S067_2026-05-30_MAIN,2026-05-30,Saturday,main_slate,15,CHW,DET,AL,AL,False,False,False
2026-05-30_ATL@CIN,S067_2026-05-30_MAIN,2026-05-30,Saturday,main_slate,15,CIN,ATL,NL,NL,False,False,False
2026-05-30_BOS@CLE,S067_2026-05-30_MAIN,2026-05-30,Saturday,main_slate,15,CLE,BOS,AL,AL,False,False,False
2026-05-30_SF@COL,S067_2026-05-30_MAIN,2026-05-30,Saturday,main_slate,15,COL,SF,NL,NL,False,False,False
2026-05-30_MIL@HOU,S067_2026-05-30_MAIN,2026-05-30,Saturday,main_slate,15,HOU,MIL,AL,NL,True,False,False
2026-05-30_PHI@LAD,S067_2026-05-30_MAIN,2026-05-30,Saturday,main_slate,15,LAD,PHI,NL,NL,False,False,False
2026-05-30_MIA@NYM,S067_2026-05-30_MAIN,2026-05-30,Saturday,main_slate,15,NYM,MIA,NL,NL,False,False,False
2026-05-30_MIN@PIT,S067_2026-05-30_MAIN,2026-05-30,Saturday,main_slate,15,PIT,MIN,NL,AL,True,False,False
2026-05-30_ARI@SEA,S067_2026-05-30_MAIN,2026-05-30,Saturday,main_slate,15,SEA,ARI,AL,NL,True,False,False
2026-05-30_CHC@STL,S067_2026-05-30_MAIN,2026-05-30,Saturday,main_slate,15,STL,CHC,NL,NL,False,False,False
2026-05-30_LAA@TB,S067_2026-05-30_MAIN,2026-05-30,Saturday,main_slate,15,TB,LAA,AL,AL,False,False,False
2026-05-30_KC@TEX,S067_2026-05-30_MAIN,2026-05-30,Saturday,main_slate,15,TEX,KC,AL,AL,False,False,False
2026-05-30_SD@WSH,S067_2026-05-30_MAIN,2026-05-30,Saturday,main_slate,15,WSH,SD,NL,NL,False,False,False
2026-05-31_NYY@ATH,S068_2026-05-31_MAIN,2026-05-31,Sunday,main_slate,15,ATH,NYY,AL,AL,False,False,False
2026-05-31_TOR@BAL,S068_2026-05-31_MAIN,2026-05-31,Sunday,main_slate,15,BAL,TOR,AL,AL,False,False,False
2026-05-31_DET@CHW,S068_2026-05-31_MAIN,2026-05-31,Sunday,main_slate,15,CHW,DET,AL,AL,False,False,False
2026-05-31_ATL@CIN,S068_2026-05-31_MAIN,2026-05-31,Sunday,main_slate,15,CIN,ATL,NL,NL,False,False,False
2026-05-31_BOS@CLE,S068_2026-05-31_MAIN,2026-05-31,Sunday,main_slate,15,CLE,BOS,AL,AL,False,False,False
2026-05-31_SF@COL,S068_2026-05-31_MAIN,2026-05-31,Sunday,main_slate,15,COL,SF,NL,NL,False,False,False
2026-05-31_MIL@HOU,S068_2026-05-31_MAIN,2026-05-31,Sunday,main_slate,15,HOU,MIL,AL,NL,True,False,False
2026-05-31_PHI@LAD,S068_2026-05-31_MAIN,2026-05-31,Sunday,main_slate,15,LAD,PHI,NL,NL,False,False,False
2026-05-31_MIA@NYM,S068_2026-05-31_MAIN,2026-05-31,Sunday,main_slate,15,NYM,MIA,NL,NL,False,False,False
2026-05-31_MIN@PIT,S068_2026-05-31_MAIN,2026-05-31,Sunday,main_slate,15,PIT,MIN,NL,AL,True,False,False
2026-05-31_ARI@SEA,S068_2026-05-31_MAIN,2026-05-31,Sunday,main_slate,15,SEA,ARI,AL,NL,True,False,False
2026-05-31_CHC@STL,S068_2026-05-31_MAIN,2026-05-31,Sunday,main_slate,15,STL,CHC,NL,NL,False,False,False
2026-05-31_LAA@TB,S068_2026-05-31_MAIN,2026-05-31,Sunday,main_slate,15,TB,LAA,AL,AL,False,False,False
2026-05-31_KC@TEX,S068_2026-05-31_MAIN,2026-05-31,Sunday,main_slate,15,TEX,KC,AL,AL,False,False,False
2026-05-31_SD@WSH,S068_2026-05-31_MAIN,2026-05-31,Sunday,main_slate,15,WSH,SD,NL,NL,False,False,False
2026-06-01_LAD@ARI,S069_2026-06-01_MAIN,2026-06-01,Monday,main_slate,9,ARI,LAD,NL,NL,False,False,False
2026-06-01_KC@CIN,S069_2026-06-01_MAIN,2026-06-01,Monday,main_slate,9,CIN,KC,NL,AL,True,False,False
2026-06-01_COL@LAA,S069_2026-06-01_MAIN,2026-06-01,Monday,main_slate,9,LAA,COL,AL,NL,True,False,False
2026-06-01_SF@MIL,S069_2026-06-01_MAIN,2026-06-01,Monday,main_slate,9,MIL,SF,NL,NL,False,False,False
2026-06-01_CHW@MIN,S069_2026-06-01_MAIN,2026-06-01,Monday,main_slate,9,MIN,CHW,AL,AL,False,False,False
2026-06-01_NYM@SEA,S069_2026-06-01_MAIN,2026-06-01,Monday,main_slate,9,SEA,NYM,AL,NL,True,False,False
2026-06-01_TEX@STL,S069_2026-06-01_MAIN,2026-06-01,Monday,main_slate,9,STL,TEX,NL,AL,True,False,False
2026-06-01_DET@TB,S069_2026-06-01_MAIN,2026-06-01,Monday,main_slate,9,TB,DET,AL,AL,False,False,False
2026-06-01_MIA@WSH,S069_2026-06-01_MAIN,2026-06-01,Monday,main_slate,9,WSH,MIA,NL,NL,False,False,False
2026-06-02_LAD@ARI,S070_2026-06-02_MAIN,2026-06-02,Tuesday,main_slate,15,ARI,LAD,NL,NL,False,False,False
2026-06-02_TOR@ATL,S070_2026-06-02_MAIN,2026-06-02,Tuesday,main_slate,15,ATL,TOR,NL,AL,True,False,False
2026-06-02_BAL@BOS,S070_2026-06-02_MAIN,2026-06-02,Tuesday,main_slate,15,BOS,BAL,AL,AL,False,False,False
2026-06-02_ATH@CHC,S070_2026-06-02_MAIN,2026-06-02,Tuesday,main_slate,15,CHC,ATH,NL,AL,True,False,False
2026-06-02_KC@CIN,S070_2026-06-02_MAIN,2026-06-02,Tuesday,main_slate,15,CIN,KC,NL,AL,True,False,False
2026-06-02_PIT@HOU,S070_2026-06-02_MAIN,2026-06-02,Tuesday,main_slate,15,HOU,PIT,AL,NL,True,False,False
2026-06-02_COL@LAA,S070_2026-06-02_MAIN,2026-06-02,Tuesday,main_slate,15,LAA,COL,AL,NL,True,False,False
2026-06-02_SF@MIL,S070_2026-06-02_MAIN,2026-06-02,Tuesday,main_slate,15,MIL,SF,NL,NL,False,False,False
2026-06-02_CHW@MIN,S070_2026-06-02_MAIN,2026-06-02,Tuesday,main_slate,15,MIN,CHW,AL,AL,False,False,False
2026-06-02_CLE@NYY,S070_2026-06-02_MAIN,2026-06-02,Tuesday,main_slate,15,NYY,CLE,AL,AL,False,False,False
2026-06-02_SD@PHI,S070_2026-06-02_MAIN,2026-06-02,Tuesday,main_slate,15,PHI,SD,NL,NL,False,False,False
2026-06-02_NYM@SEA,S070_2026-06-02_MAIN,2026-06-02,Tuesday,main_slate,15,SEA,NYM,AL,NL,True,False,False
2026-06-02_TEX@STL,S070_2026-06-02_MAIN,2026-06-02,Tuesday,main_slate,15,STL,TEX,NL,AL,True,False,False
2026-06-02_DET@TB,S070_2026-06-02_MAIN,2026-06-02,Tuesday,main_slate,15,TB,DET,AL,AL,False,False,False
2026-06-02_MIA@WSH,S070_2026-06-02_MAIN,2026-06-02,Tuesday,main_slate,15,WSH,MIA,NL,NL,False,False,False
2026-06-03_LAD@ARI,S071_2026-06-03_MAIN,2026-06-03,Wednesday,main_slate,15,ARI,LAD,NL,NL,False,False,False
2026-06-03_TOR@ATL,S071_2026-06-03_MAIN,2026-06-03,Wednesday,main_slate,15,ATL,TOR,NL,AL,True,False,False
2026-06-03_BAL@BOS,S071_2026-06-03_MAIN,2026-06-03,Wednesday,main_slate,15,BOS,BAL,AL,AL,False,False,False
2026-06-03_ATH@CHC,S071_2026-06-03_MAIN,2026-06-03,Wednesday,main_slate,15,CHC,ATH,NL,AL,True,False,False
2026-06-03_KC@CIN,S071_2026-06-03_MAIN,2026-06-03,Wednesday,main_slate,15,CIN,KC,NL,AL,True,False,False
2026-06-03_PIT@HOU,S071_2026-06-03_MAIN,2026-06-03,Wednesday,main_slate,15,HOU,PIT,AL,NL,True,False,False
2026-06-03_COL@LAA,S071_2026-06-03_MAIN,2026-06-03,Wednesday,main_slate,15,LAA,COL,AL,NL,True,False,False
2026-06-03_SF@MIL,S071_2026-06-03_MAIN,2026-06-03,Wednesday,main_slate,15,MIL,SF,NL,NL,False,False,False
2026-06-03_CHW@MIN,S071_2026-06-03_MAIN,2026-06-03,Wednesday,main_slate,15,MIN,CHW,AL,AL,False,False,False
2026-06-03_CLE@NYY,S071_2026-06-03_MAIN,2026-06-03,Wednesday,main_slate,15,NYY,CLE,AL,AL,False,False,False
2026-06-03_SD@PHI,S071_2026-06-03_MAIN,2026-06-03,Wednesday,main_slate,15,PHI,SD,NL,NL,False,False,False
2026-06-03_NYM@SEA,S071_2026-06-03_MAIN,2026-06-03,Wednesday,main_slate,15,SEA,NYM,AL,NL,True,False,False
2026-06-03_TEX@STL,S071_2026-06-03_MAIN,2026-06-03,Wednesday,main_slate,15,STL,TEX,NL,AL,True,False,False
2026-06-03_DET@TB,S071_2026-06-03_MAIN,2026-06-03,Wednesday,main_slate,15,TB,DET,AL,AL,False,False,False
2026-06-03_MIA@WSH,S071_2026-06-03_MAIN,2026-06-03,Wednesday,main_slate,15,WSH,MIA,NL,NL,False,False,False
2026-06-04_LAD@ARI,S072_2026-06-04_MAIN,2026-06-04,Thursday,main_slate,9,ARI,LAD,NL,NL,False,False,False
2026-06-04_TOR@ATL,S072_2026-06-04_MAIN,2026-06-04,Thursday,main_slate,9,ATL,TOR,NL,AL,True,False,False
2026-06-04_BAL@BOS,S072_2026-06-04_MAIN,2026-06-04,Thursday,main_slate,9,BOS,BAL,AL,AL,False,False,False
2026-06-04_ATH@CHC,S072_2026-06-04_MAIN,2026-06-04,Thursday,main_slate,9,CHC,ATH,NL,AL,True,False,False
2026-06-04_PIT@HOU,S072_2026-06-04_MAIN,2026-06-04,Thursday,main_slate,9,HOU,PIT,AL,NL,True,False,False
2026-06-04_SF@MIL,S072_2026-06-04_MAIN,2026-06-04,Thursday,main_slate,9,MIL,SF,NL,NL,False,False,False
2026-06-04_KC@MIN,S072_2026-06-04_MAIN,2026-06-04,Thursday,main_slate,9,MIN,KC,AL,AL,False,False,False
2026-06-04_CLE@NYY,S072_2026-06-04_MAIN,2026-06-04,Thursday,main_slate,9,NYY,CLE,AL,AL,False,False,False
2026-06-04_SD@PHI,S072_2026-06-04_MAIN,2026-06-04,Thursday,main_slate,9,PHI,SD,NL,NL,False,False,False
2026-06-05_WSH@ARI,S073_2026-06-05_MAIN,2026-06-05,Friday,main_slate,15,ARI,WSH,NL,NL,False,False,False
2026-06-05_PIT@ATL,S073_2026-06-05_MAIN,2026-06-05,Friday,main_slate,15,ATL,PIT,NL,NL,False,False,False
2026-06-05_SF@CHC,S073_2026-06-05_MAIN,2026-06-05,Friday,main_slate,15,CHC,SF,NL,NL,False,False,False
2026-06-05_MIL@COL,S073_2026-06-05_MAIN,2026-06-05,Friday,main_slate,15,COL,MIL,NL,NL,False,False,False
2026-06-05_SEA@DET,S073_2026-06-05_MAIN,2026-06-05,Friday,main_slate,15,DET,SEA,AL,AL,False,False,False
2026-06-05_ATH@HOU,S073_2026-06-05_MAIN,2026-06-05,Friday,main_slate,15,HOU,ATH,AL,AL,False,False,False
2026-06-05_LAA@LAD,S073_2026-06-05_MAIN,2026-06-05,Friday,main_slate,15,LAD,LAA,NL,AL,True,False,False
2026-06-05_TB@MIA,S073_2026-06-05_MAIN,2026-06-05,Friday,main_slate,15,MIA,TB,NL,AL,True,False,False
2026-06-05_KC@MIN,S073_2026-06-05_MAIN,2026-06-05,Friday,main_slate,15,MIN,KC,AL,AL,False,False,False
2026-06-05_BOS@NYY,S073_2026-06-05_MAIN,2026-06-05,Friday,main_slate,15,NYY,BOS,AL,AL,False,False,False
2026-06-05_CHW@PHI,S073_2026-06-05_MAIN,2026-06-05,Friday,main_slate,15,PHI,CHW,NL,AL,True,False,False
2026-06-05_NYM@SD,S073_2026-06-05_MAIN,2026-06-05,Friday,main_slate,15,SD,NYM,NL,NL,False,False,False
2026-06-05_CIN@STL,S073_2026-06-05_MAIN,2026-06-05,Friday,main_slate,15,STL,CIN,NL,NL,False,False,False
2026-06-05_CLE@TEX,S073_2026-06-05_MAIN,2026-06-05,Friday,main_slate,15,TEX,CLE,AL,AL,False,False,False
2026-06-05_BAL@TOR,S073_2026-06-05_MAIN,2026-06-05,Friday,main_slate,15,TOR,BAL,AL,AL,False,False,False
2026-06-06_WSH@ARI,S074_2026-06-06_MAIN,2026-06-06,Saturday,main_slate,15,ARI,WSH,NL,NL,False,False,False
2026-06-06_PIT@ATL,S074_2026-06-06_MAIN,2026-06-06,Saturday,main_slate,15,ATL,PIT,NL,NL,False,False,False
2026-06-06_SF@CHC,S074_2026-06-06_MAIN,2026-06-06,Saturday,main_slate,15,CHC,SF,NL,NL,False,False,False
2026-06-06_MIL@COL,S074_2026-06-06_MAIN,2026-06-06,Saturday,main_slate,15,COL,MIL,NL,NL,False,False,False
2026-06-06_SEA@DET,S074_2026-06-06_MAIN,2026-06-06,Saturday,main_slate,15,DET,SEA,AL,AL,False,False,False
2026-06-06_ATH@HOU,S074_2026-06-06_MAIN,2026-06-06,Saturday,main_slate,15,HOU,ATH,AL,AL,False,False,False
2026-06-06_LAA@LAD,S074_2026-06-06_MAIN,2026-06-06,Saturday,main_slate,15,LAD,LAA,NL,AL,True,False,False
2026-06-06_TB@MIA,S074_2026-06-06_MAIN,2026-06-06,Saturday,main_slate,15,MIA,TB,NL,AL,True,False,False
2026-06-06_KC@MIN,S074_2026-06-06_MAIN,2026-06-06,Saturday,main_slate,15,MIN,KC,AL,AL,False,False,False
2026-06-06_BOS@NYY,S074_2026-06-06_MAIN,2026-06-06,Saturday,main_slate,15,NYY,BOS,AL,AL,False,False,False
2026-06-06_CHW@PHI,S074_2026-06-06_MAIN,2026-06-06,Saturday,main_slate,15,PHI,CHW,NL,AL,True,False,False
2026-06-06_NYM@SD,S074_2026-06-06_MAIN,2026-06-06,Saturday,main_slate,15,SD,NYM,NL,NL,False,False,False
2026-06-06_CIN@STL,S074_2026-06-06_MAIN,2026-06-06,Saturday,main_slate,15,STL,CIN,NL,NL,False,False,False
2026-06-06_CLE@TEX,S074_2026-06-06_MAIN,2026-06-06,Saturday,main_slate,15,TEX,CLE,AL,AL,False,False,False
2026-06-06_BAL@TOR,S074_2026-06-06_MAIN,2026-06-06,Saturday,main_slate,15,TOR,BAL,AL,AL,False,False,False
2026-06-07_WSH@ARI,S075_2026-06-07_MAIN,2026-06-07,Sunday,main_slate,15,ARI,WSH,NL,NL,False,False,False
2026-06-07_PIT@ATL,S075_2026-06-07_MAIN,2026-06-07,Sunday,main_slate,15,ATL,PIT,NL,NL,False,False,False
2026-06-07_SF@CHC,S075_2026-06-07_MAIN,2026-06-07,Sunday,main_slate,15,CHC,SF,NL,NL,False,False,False
2026-06-07_MIL@COL,S075_2026-06-07_MAIN,2026-06-07,Sunday,main_slate,15,COL,MIL,NL,NL,False,False,False
2026-06-07_SEA@DET,S075_2026-06-07_MAIN,2026-06-07,Sunday,main_slate,15,DET,SEA,AL,AL,False,False,False
2026-06-07_ATH@HOU,S075_2026-06-07_MAIN,2026-06-07,Sunday,main_slate,15,HOU,ATH,AL,AL,False,False,False
2026-06-07_LAA@LAD,S075_2026-06-07_MAIN,2026-06-07,Sunday,main_slate,15,LAD,LAA,NL,AL,True,False,False
2026-06-07_TB@MIA,S075_2026-06-07_MAIN,2026-06-07,Sunday,main_slate,15,MIA,TB,NL,AL,True,False,False
2026-06-07_KC@MIN,S075_2026-06-07_MAIN,2026-06-07,Sunday,main_slate,15,MIN,KC,AL,AL,False,False,False
2026-06-07_BOS@NYY,S075_2026-06-07_MAIN,2026-06-07,Sunday,main_slate,15,NYY,BOS,AL,AL,False,False,False
2026-06-07_CHW@PHI,S075_2026-06-07_MAIN,2026-06-07,Sunday,main_slate,15,PHI,CHW,NL,AL,True,False,False
2026-06-07_NYM@SD,S075_2026-06-07_MAIN,2026-06-07,Sunday,main_slate,15,SD,NYM,NL,NL,False,False,False
2026-06-07_CIN@STL,S075_2026-06-07_MAIN,2026-06-07,Sunday,main_slate,15,STL,CIN,NL,NL,False,False,False
2026-06-07_CLE@TEX,S075_2026-06-07_MAIN,2026-06-07,Sunday,main_slate,15,TEX,CLE,AL,AL,False,False,False
2026-06-07_BAL@TOR,S075_2026-06-07_MAIN,2026-06-07,Sunday,main_slate,15,TOR,BAL,AL,AL,False,False,False
2026-06-08_MIL@ATH,S076_2026-06-08_MAIN,2026-06-08,Monday,main_slate,8,ATH,MIL,AL,NL,True,True,False
2026-06-08_SEA@BAL,S076_2026-06-08_MAIN,2026-06-08,Monday,main_slate,8,BAL,SEA,AL,AL,False,False,False
2026-06-08_NYY@CLE,S076_2026-06-08_MAIN,2026-06-08,Monday,main_slate,8,CLE,NYY,AL,AL,False,False,False
2026-06-08_HOU@LAA,S076_2026-06-08_MAIN,2026-06-08,Monday,main_slate,8,LAA,HOU,AL,AL,False,False,False
2026-06-08_CIN@SD,S076_2026-06-08_MAIN,2026-06-08,Monday,main_slate,8,SD,CIN,NL,NL,False,False,False
2026-06-08_WSH@SF,S076_2026-06-08_MAIN,2026-06-08,Monday,main_slate,8,SF,WSH,NL,NL,False,False,False
2026-06-08_BOS@TB,S076_2026-06-08_MAIN,2026-06-08,Monday,main_slate,8,TB,BOS,AL,AL,False,False,False
2026-06-08_PHI@TOR,S076_2026-06-08_MAIN,2026-06-08,Monday,main_slate,8,TOR,PHI,AL,NL,True,False,False
2026-06-09_MIL@ATH,S077_2026-06-09_MAIN,2026-06-09,Tuesday,main_slate,15,ATH,MIL,AL,NL,True,True,False
2026-06-09_SEA@BAL,S077_2026-06-09_MAIN,2026-06-09,Tuesday,main_slate,15,BAL,SEA,AL,AL,False,False,False
2026-06-09_ATL@CHW,S077_2026-06-09_MAIN,2026-06-09,Tuesday,main_slate,15,CHW,ATL,AL,NL,True,False,False
2026-06-09_NYY@CLE,S077_2026-06-09_MAIN,2026-06-09,Tuesday,main_slate,15,CLE,NYY,AL,AL,False,False,False
2026-06-09_CHC@COL,S077_2026-06-09_MAIN,2026-06-09,Tuesday,main_slate,15,COL,CHC,NL,NL,False,False,False
2026-06-09_MIN@DET,S077_2026-06-09_MAIN,2026-06-09,Tuesday,main_slate,15,DET,MIN,AL,AL,False,False,False
2026-06-09_TEX@KC,S077_2026-06-09_MAIN,2026-06-09,Tuesday,main_slate,15,KC,TEX,AL,AL,False,False,False
2026-06-09_HOU@LAA,S077_2026-06-09_MAIN,2026-06-09,Tuesday,main_slate,15,LAA,HOU,AL,AL,False,False,False
2026-06-09_ARI@MIA,S077_2026-06-09_MAIN,2026-06-09,Tuesday,main_slate,15,MIA,ARI,NL,NL,False,False,False
2026-06-09_STL@NYM,S077_2026-06-09_MAIN,2026-06-09,Tuesday,main_slate,15,NYM,STL,NL,NL,False,False,False
2026-06-09_LAD@PIT,S077_2026-06-09_MAIN,2026-06-09,Tuesday,main_slate,15,PIT,LAD,NL,NL,False,False,False
2026-06-09_CIN@SD,S077_2026-06-09_MAIN,2026-06-09,Tuesday,main_slate,15,SD,CIN,NL,NL,False,False,False
2026-06-09_WSH@SF,S077_2026-06-09_MAIN,2026-06-09,Tuesday,main_slate,15,SF,WSH,NL,NL,False,False,False
2026-06-09_BOS@TB,S077_2026-06-09_MAIN,2026-06-09,Tuesday,main_slate,15,TB,BOS,AL,AL,False,False,False
2026-06-09_PHI@TOR,S077_2026-06-09_MAIN,2026-06-09,Tuesday,main_slate,15,TOR,PHI,AL,NL,True,False,False
2026-06-10_MIL@ATH,S078_2026-06-10_MAIN,2026-06-10,Wednesday,main_slate,15,ATH,MIL,AL,NL,True,True,False
2026-06-10_SEA@BAL,S078_2026-06-10_MAIN,2026-06-10,Wednesday,main_slate,15,BAL,SEA,AL,AL,False,False,False
2026-06-10_ATL@CHW,S078_2026-06-10_MAIN,2026-06-10,Wednesday,main_slate,15,CHW,ATL,AL,NL,True,False,False
2026-06-10_NYY@CLE,S078_2026-06-10_MAIN,2026-06-10,Wednesday,main_slate,15,CLE,NYY,AL,AL,False,False,False
2026-06-10_CHC@COL,S078_2026-06-10_MAIN,2026-06-10,Wednesday,main_slate,15,COL,CHC,NL,NL,False,False,False
2026-06-10_MIN@DET,S078_2026-06-10_MAIN,2026-06-10,Wednesday,main_slate,15,DET,MIN,AL,AL,False,False,False
2026-06-10_TEX@KC,S078_2026-06-10_MAIN,2026-06-10,Wednesday,main_slate,15,KC,TEX,AL,AL,False,False,False
2026-06-10_HOU@LAA,S078_2026-06-10_MAIN,2026-06-10,Wednesday,main_slate,15,LAA,HOU,AL,AL,False,False,False
2026-06-10_ARI@MIA,S078_2026-06-10_MAIN,2026-06-10,Wednesday,main_slate,15,MIA,ARI,NL,NL,False,False,False
2026-06-10_STL@NYM,S078_2026-06-10_MAIN,2026-06-10,Wednesday,main_slate,15,NYM,STL,NL,NL,False,False,False
2026-06-10_LAD@PIT,S078_2026-06-10_MAIN,2026-06-10,Wednesday,main_slate,15,PIT,LAD,NL,NL,False,False,False
2026-06-10_CIN@SD,S078_2026-06-10_MAIN,2026-06-10,Wednesday,main_slate,15,SD,CIN,NL,NL,False,False,False
2026-06-10_WSH@SF,S078_2026-06-10_MAIN,2026-06-10,Wednesday,main_slate,15,SF,WSH,NL,NL,False,False,False
2026-06-10_BOS@TB,S078_2026-06-10_MAIN,2026-06-10,Wednesday,main_slate,15,TB,BOS,AL,AL,False,False,False
2026-06-10_PHI@TOR,S078_2026-06-10_MAIN,2026-06-10,Wednesday,main_slate,15,TOR,PHI,AL,NL,True,False,False
2026-06-11_SEA@BAL,S079_2026-06-11_MAIN,2026-06-11,Thursday,main_slate,8,BAL,SEA,AL,AL,False,False,False
2026-06-11_ATL@CHW,S079_2026-06-11_MAIN,2026-06-11,Thursday,main_slate,8,CHW,ATL,AL,NL,True,False,False
2026-06-11_CHC@COL,S079_2026-06-11_MAIN,2026-06-11,Thursday,main_slate,8,COL,CHC,NL,NL,False,False,False
2026-06-11_MIN@DET,S079_2026-06-11_MAIN,2026-06-11,Thursday,main_slate,8,DET,MIN,AL,AL,False,False,False
2026-06-11_TEX@KC,S079_2026-06-11_MAIN,2026-06-11,Thursday,main_slate,8,KC,TEX,AL,AL,False,False,False
2026-06-11_ARI@MIA,S079_2026-06-11_MAIN,2026-06-11,Thursday,main_slate,8,MIA,ARI,NL,NL,False,False,False
2026-06-11_STL@NYM,S079_2026-06-11_MAIN,2026-06-11,Thursday,main_slate,8,NYM,STL,NL,NL,False,False,False
2026-06-11_LAD@PIT,S079_2026-06-11_MAIN,2026-06-11,Thursday,main_slate,8,PIT,LAD,NL,NL,False,False,False
2026-06-12_COL@ATH,S080_2026-06-12_MAIN,2026-06-12,Friday,main_slate,15,ATH,COL,AL,NL,True,True,False
2026-06-12_SD@BAL,S080_2026-06-12_MAIN,2026-06-12,Friday,main_slate,15,BAL,SD,AL,NL,True,False,False
2026-06-12_TEX@BOS,S080_2026-06-12_MAIN,2026-06-12,Friday,main_slate,15,BOS,TEX,AL,AL,False,False,False
2026-06-12_LAD@CHW,S080_2026-06-12_MAIN,2026-06-12,Friday,main_slate,15,CHW,LAD,AL,NL,True,False,False
2026-06-12_ARI@CIN,S080_2026-06-12_MAIN,2026-06-12,Friday,main_slate,15,CIN,ARI,NL,NL,False,False,False
2026-06-12_DET@CLE,S080_2026-06-12_MAIN,2026-06-12,Friday,main_slate,15,CLE,DET,AL,AL,False,False,False
2026-06-12_HOU@KC,S080_2026-06-12_MAIN,2026-06-12,Friday,main_slate,15,KC,HOU,AL,AL,False,False,False
2026-06-12_TB@LAA,S080_2026-06-12_MAIN,2026-06-12,Friday,main_slate,15,LAA,TB,AL,AL,False,False,False
2026-06-12_PHI@MIL,S080_2026-06-12_MAIN,2026-06-12,Friday,main_slate,15,MIL,PHI,NL,NL,False,False,False
2026-06-12_STL@MIN,S080_2026-06-12_MAIN,2026-06-12,Friday,main_slate,15,MIN,STL,AL,NL,True,False,False
2026-06-12_ATL@NYM,S080_2026-06-12_MAIN,2026-06-12,Friday,main_slate,15,NYM,ATL,NL,NL,False,False,False
2026-06-12_MIA@PIT,S080_2026-06-12_MAIN,2026-06-12,Friday,main_slate,15,PIT,MIA,NL,NL,False,False,False
2026-06-12_CHC@SF,S080_2026-06-12_MAIN,2026-06-12,Friday,main_slate,15,SF,CHC,NL,NL,False,False,False
2026-06-12_NYY@TOR,S080_2026-06-12_MAIN,2026-06-12,Friday,main_slate,15,TOR,NYY,AL,AL,False,False,False
2026-06-12_SEA@WSH,S080_2026-06-12_MAIN,2026-06-12,Friday,main_slate,15,WSH,SEA,NL,AL,True,False,False
2026-06-13_COL@ATH,S081_2026-06-13_MAIN,2026-06-13,Saturday,main_slate,15,ATH,COL,AL,NL,True,True,False
2026-06-13_SD@BAL,S081_2026-06-13_MAIN,2026-06-13,Saturday,main_slate,15,BAL,SD,AL,NL,True,False,False
2026-06-13_TEX@BOS,S081_2026-06-13_MAIN,2026-06-13,Saturday,main_slate,15,BOS,TEX,AL,AL,False,False,False
2026-06-13_LAD@CHW,S081_2026-06-13_MAIN,2026-06-13,Saturday,main_slate,15,CHW,LAD,AL,NL,True,False,False
2026-06-13_ARI@CIN,S081_2026-06-13_MAIN,2026-06-13,Saturday,main_slate,15,CIN,ARI,NL,NL,False,False,False
2026-06-13_DET@CLE,S081_2026-06-13_MAIN,2026-06-13,Saturday,main_slate,15,CLE,DET,AL,AL,False,False,False
2026-06-13_HOU@KC,S081_2026-06-13_MAIN,2026-06-13,Saturday,main_slate,15,KC,HOU,AL,AL,False,False,False
2026-06-13_TB@LAA,S081_2026-06-13_MAIN,2026-06-13,Saturday,main_slate,15,LAA,TB,AL,AL,False,False,False
2026-06-13_PHI@MIL,S081_2026-06-13_MAIN,2026-06-13,Saturday,main_slate,15,MIL,PHI,NL,NL,False,False,False
2026-06-13_STL@MIN,S081_2026-06-13_MAIN,2026-06-13,Saturday,main_slate,15,MIN,STL,AL,NL,True,False,False
2026-06-13_ATL@NYM,S081_2026-06-13_MAIN,2026-06-13,Saturday,main_slate,15,NYM,ATL,NL,NL,False,False,False
2026-06-13_MIA@PIT,S081_2026-06-13_MAIN,2026-06-13,Saturday,main_slate,15,PIT,MIA,NL,NL,False,False,False
2026-06-13_CHC@SF,S081_2026-06-13_MAIN,2026-06-13,Saturday,main_slate,15,SF,CHC,NL,NL,False,False,False
2026-06-13_NYY@TOR,S081_2026-06-13_MAIN,2026-06-13,Saturday,main_slate,15,TOR,NYY,AL,AL,False,False,False
2026-06-13_SEA@WSH,S081_2026-06-13_MAIN,2026-06-13,Saturday,main_slate,15,WSH,SEA,NL,AL,True,False,False
2026-06-14_COL@ATH,S082_2026-06-14_MAIN,2026-06-14,Sunday,main_slate,15,ATH,COL,AL,NL,True,True,False
2026-06-14_SD@BAL,S082_2026-06-14_MAIN,2026-06-14,Sunday,main_slate,15,BAL,SD,AL,NL,True,False,False
2026-06-14_TEX@BOS,S082_2026-06-14_MAIN,2026-06-14,Sunday,main_slate,15,BOS,TEX,AL,AL,False,False,False
2026-06-14_LAD@CHW,S082_2026-06-14_MAIN,2026-06-14,Sunday,main_slate,15,CHW,LAD,AL,NL,True,False,False
2026-06-14_ARI@CIN,S082_2026-06-14_MAIN,2026-06-14,Sunday,main_slate,15,CIN,ARI,NL,NL,False,False,False
2026-06-14_DET@CLE,S082_2026-06-14_MAIN,2026-06-14,Sunday,main_slate,15,CLE,DET,AL,AL,False,False,False
2026-06-14_HOU@KC,S082_2026-06-14_MAIN,2026-06-14,Sunday,main_slate,15,KC,HOU,AL,AL,False,False,False
2026-06-14_TB@LAA,S082_2026-06-14_MAIN,2026-06-14,Sunday,main_slate,15,LAA,TB,AL,AL,False,False,False
2026-06-14_PHI@MIL,S082_2026-06-14_MAIN,2026-06-14,Sunday,main_slate,15,MIL,PHI,NL,NL,False,False,False
2026-06-14_STL@MIN,S082_2026-06-14_MAIN,2026-06-14,Sunday,main_slate,15,MIN,STL,AL,NL,True,False,False
2026-06-14_ATL@NYM,S082_2026-06-14_MAIN,2026-06-14,Sunday,main_slate,15,NYM,ATL,NL,NL,False,False,False
2026-06-14_MIA@PIT,S082_2026-06-14_MAIN,2026-06-14,Sunday,main_slate,15,PIT,MIA,NL,NL,False,False,False
2026-06-14_CHC@SF,S082_2026-06-14_MAIN,2026-06-14,Sunday,main_slate,15,SF,CHC,NL,NL,False,False,False
2026-06-14_NYY@TOR,S082_2026-06-14_MAIN,2026-06-14,Sunday,main_slate,15,TOR,NYY,AL,AL,False,False,False
2026-06-14_SEA@WSH,S082_2026-06-14_MAIN,2026-06-14,Sunday,main_slate,15,WSH,SEA,NL,AL,True,False,False
2026-06-15_LAA@ARI,S083_2026-06-15_MAIN,2026-06-15,Monday,main_slate,10,ARI,LAA,NL,AL,True,False,False
2026-06-15_PIT@ATH,S083_2026-06-15_MAIN,2026-06-15,Monday,main_slate,10,ATH,PIT,AL,NL,True,False,False
2026-06-15_COL@CHC,S083_2026-06-15_MAIN,2026-06-15,Monday,main_slate,10,CHC,COL,NL,NL,False,False,False
2026-06-15_NYM@CIN,S083_2026-06-15_MAIN,2026-06-15,Monday,main_slate,10,CIN,NYM,NL,NL,False,False,False
2026-06-15_DET@HOU,S083_2026-06-15_MAIN,2026-06-15,Monday,main_slate,10,HOU,DET,AL,AL,False,False,False
2026-06-15_TB@LAD,S083_2026-06-15_MAIN,2026-06-15,Monday,main_slate,10,LAD,TB,NL,AL,True,False,False
2026-06-15_MIA@PHI,S083_2026-06-15_MAIN,2026-06-15,Monday,main_slate,10,PHI,MIA,NL,NL,False,False,False
2026-06-15_SD@STL,S083_2026-06-15_MAIN,2026-06-15,Monday,main_slate,10,STL,SD,NL,NL,False,False,False
2026-06-15_MIN@TEX,S083_2026-06-15_MAIN,2026-06-15,Monday,main_slate,10,TEX,MIN,AL,AL,False,False,False
2026-06-15_KC@WSH,S083_2026-06-15_MAIN,2026-06-15,Monday,main_slate,10,WSH,KC,NL,AL,True,False,False
2026-06-16_LAA@ARI,S084_2026-06-16_MAIN,2026-06-16,Tuesday,main_slate,15,ARI,LAA,NL,AL,True,False,False
2026-06-16_PIT@ATH,S084_2026-06-16_MAIN,2026-06-16,Tuesday,main_slate,15,ATH,PIT,AL,NL,True,False,False
2026-06-16_SF@ATL,S084_2026-06-16_MAIN,2026-06-16,Tuesday,main_slate,15,ATL,SF,NL,NL,False,False,False
2026-06-16_TOR@BOS,S084_2026-06-16_MAIN,2026-06-16,Tuesday,main_slate,15,BOS,TOR,AL,AL,False,False,False
2026-06-16_COL@CHC,S084_2026-06-16_MAIN,2026-06-16,Tuesday,main_slate,15,CHC,COL,NL,NL,False,False,False
2026-06-16_NYM@CIN,S084_2026-06-16_MAIN,2026-06-16,Tuesday,main_slate,15,CIN,NYM,NL,NL,False,False,False
2026-06-16_DET@HOU,S084_2026-06-16_MAIN,2026-06-16,Tuesday,main_slate,15,HOU,DET,AL,AL,False,False,False
2026-06-16_TB@LAD,S084_2026-06-16_MAIN,2026-06-16,Tuesday,main_slate,15,LAD,TB,NL,AL,True,False,False
2026-06-16_CLE@MIL,S084_2026-06-16_MAIN,2026-06-16,Tuesday,main_slate,15,MIL,CLE,NL,AL,True,False,False
2026-06-16_CHW@NYY,S084_2026-06-16_MAIN,2026-06-16,Tuesday,main_slate,15,NYY,CHW,AL,AL,False,False,False
2026-06-16_MIA@PHI,S084_2026-06-16_MAIN,2026-06-16,Tuesday,main_slate,15,PHI,MIA,NL,NL,False,False,False
2026-06-16_BAL@SEA,S084_2026-06-16_MAIN,2026-06-16,Tuesday,main_slate,15,SEA,BAL,AL,AL,False,False,False
2026-06-16_SD@STL,S084_2026-06-16_MAIN,2026-06-16,Tuesday,main_slate,15,STL,SD,NL,NL,False,False,False
2026-06-16_MIN@TEX,S084_2026-06-16_MAIN,2026-06-16,Tuesday,main_slate,15,TEX,MIN,AL,AL,False,False,False
2026-06-16_KC@WSH,S084_2026-06-16_MAIN,2026-06-16,Tuesday,main_slate,15,WSH,KC,NL,AL,True,False,False
2026-06-17_LAA@ARI,S085_2026-06-17_MAIN,2026-06-17,Wednesday,main_slate,14,ARI,LAA,NL,AL,True,False,False
2026-06-17_PIT@ATH,S085_2026-06-17_MAIN,2026-06-17,Wednesday,main_slate,14,ATH,PIT,AL,NL,True,False,False
2026-06-17_SF@ATL,S085_2026-06-17_MAIN,2026-06-17,Wednesday,main_slate,14,ATL,SF,NL,NL,False,False,False
2026-06-17_TOR@BOS,S085_2026-06-17_MAIN,2026-06-17,Wednesday,main_slate,14,BOS,TOR,AL,AL,False,False,False
2026-06-17_COL@CHC,S085_2026-06-17_MAIN,2026-06-17,Wednesday,main_slate,14,CHC,COL,NL,NL,False,False,False
2026-06-17_NYM@CIN,S085_2026-06-17_MAIN,2026-06-17,Wednesday,main_slate,14,CIN,NYM,NL,NL,False,False,False
2026-06-17_DET@HOU,S085_2026-06-17_MAIN,2026-06-17,Wednesday,main_slate,14,HOU,DET,AL,AL,False,False,False
2026-06-17_TB@LAD,S085_2026-06-17_MAIN,2026-06-17,Wednesday,main_slate,14,LAD,TB,NL,AL,True,False,False
2026-06-17_CLE@MIL,S085_2026-06-17_MAIN,2026-06-17,Wednesday,main_slate,14,MIL,CLE,NL,AL,True,False,False
2026-06-17_CHW@NYY,S085_2026-06-17_MAIN,2026-06-17,Wednesday,main_slate,14,NYY,CHW,AL,AL,False,False,False
2026-06-17_MIA@PHI,S085_2026-06-17_MAIN,2026-06-17,Wednesday,main_slate,14,PHI,MIA,NL,NL,False,False,False
2026-06-17_BAL@SEA,S085_2026-06-17_MAIN,2026-06-17,Wednesday,main_slate,14,SEA,BAL,AL,AL,False,False,False
2026-06-17_SD@STL,S085_2026-06-17_MAIN,2026-06-17,Wednesday,main_slate,14,STL,SD,NL,NL,False,False,False
2026-06-17_KC@WSH,S085_2026-06-17_MAIN,2026-06-17,Wednesday,main_slate,14,WSH,KC,NL,AL,True,False,False
2026-06-18_LAA@ATH,S086_2026-06-18_MAIN,2026-06-18,Thursday,main_slate,9,ATH,LAA,AL,AL,False,False,False
2026-06-18_SF@ATL,S086_2026-06-18_MAIN,2026-06-18,Thursday,main_slate,9,ATL,SF,NL,NL,False,False,False
2026-06-18_TOR@BOS,S086_2026-06-18_MAIN,2026-06-18,Thursday,main_slate,9,BOS,TOR,AL,AL,False,False,False
2026-06-18_STL@KC,S086_2026-06-18_MAIN,2026-06-18,Thursday,main_slate,9,KC,STL,AL,NL,True,False,False
2026-06-18_CLE@MIL,S086_2026-06-18_MAIN,2026-06-18,Thursday,main_slate,9,MIL,CLE,NL,AL,True,False,False
2026-06-18_CHW@NYY,S086_2026-06-18_MAIN,2026-06-18,Thursday,main_slate,9,NYY,CHW,AL,AL,False,False,False
2026-06-18_NYM@PHI,S086_2026-06-18_MAIN,2026-06-18,Thursday,main_slate,9,PHI,NYM,NL,NL,False,False,False
2026-06-18_BAL@SEA,S086_2026-06-18_MAIN,2026-06-18,Thursday,main_slate,9,SEA,BAL,AL,AL,False,False,False
2026-06-18_MIN@TEX,S086_2026-06-18_MAIN,2026-06-18,Thursday,main_slate,9,TEX,MIN,AL,AL,False,False,False
2026-06-19_MIN@ARI,S087_2026-06-19_MAIN,2026-06-19,Friday,main_slate,13,ARI,MIN,NL,AL,True,False,False
2026-06-19_LAA@ATH,S087_2026-06-19_MAIN,2026-06-19,Friday,main_slate,13,ATH,LAA,AL,AL,False,False,False
2026-06-19_MIL@ATL,S087_2026-06-19_MAIN,2026-06-19,Friday,main_slate,13,ATL,MIL,NL,NL,False,False,False
2026-06-19_TOR@CHC,S087_2026-06-19_MAIN,2026-06-19,Friday,main_slate,13,CHC,TOR,NL,AL,True,False,False
2026-06-19_PIT@COL,S087_2026-06-19_MAIN,2026-06-19,Friday,main_slate,13,COL,PIT,NL,NL,False,False,False
2026-06-19_CHW@DET,S087_2026-06-19_MAIN,2026-06-19,Friday,main_slate,13,DET,CHW,AL,AL,False,False,False
2026-06-19_CLE@HOU,S087_2026-06-19_MAIN,2026-06-19,Friday,main_slate,13,HOU,CLE,AL,AL,False,False,False
2026-06-19_STL@KC,S087_2026-06-19_MAIN,2026-06-19,Friday,main_slate,13,KC,STL,AL,NL,True,False,False
2026-06-19_BAL@LAD,S087_2026-06-19_MAIN,2026-06-19,Friday,main_slate,13,LAD,BAL,NL,AL,True,False,False
2026-06-19_SF@MIA,S087_2026-06-19_MAIN,2026-06-19,Friday,main_slate,13,MIA,SF,NL,NL,False,False,False
2026-06-19_CIN@NYY,S087_2026-06-19_MAIN,2026-06-19,Friday,main_slate,13,NYY,CIN,AL,NL,True,False,False
2026-06-19_WSH@TB,S087_2026-06-19_MAIN,2026-06-19,Friday,main_slate,13,TB,WSH,AL,NL,True,False,False
2026-06-19_SD@TEX,S087_2026-06-19_MAIN,2026-06-19,Friday,main_slate,13,TEX,SD,AL,NL,True,False,False
2026-06-20_MIN@ARI,S088_2026-06-20_MAIN,2026-06-20,Saturday,main_slate,14,ARI,MIN,NL,AL,True,False,False
2026-06-20_LAA@ATH,S088_2026-06-20_MAIN,2026-06-20,Saturday,main_slate,14,ATH,LAA,AL,AL,False,False,False
2026-06-20_MIL@ATL,S088_2026-06-20_MAIN,2026-06-20,Saturday,main_slate,14,ATL,MIL,NL,NL,False,False,False
2026-06-20_TOR@CHC,S088_2026-06-20_MAIN,2026-06-20,Saturday,main_slate,14,CHC,TOR,NL,AL,True,False,False
2026-06-20_PIT@COL,S088_2026-06-20_MAIN,2026-06-20,Saturday,main_slate,14,COL,PIT,NL,NL,False,False,False
2026-06-20_CHW@DET,S088_2026-06-20_MAIN,2026-06-20,Saturday,main_slate,14,DET,CHW,AL,AL,False,False,False
2026-06-20_CLE@HOU,S088_2026-06-20_MAIN,2026-06-20,Saturday,main_slate,14,HOU,CLE,AL,AL,False,False,False
2026-06-20_BAL@LAD,S088_2026-06-20_MAIN,2026-06-20,Saturday,main_slate,14,LAD,BAL,NL,AL,True,False,False
2026-06-20_SF@MIA,S088_2026-06-20_MAIN,2026-06-20,Saturday,main_slate,14,MIA,SF,NL,NL,False,False,False
2026-06-20_CIN@NYY,S088_2026-06-20_MAIN,2026-06-20,Saturday,main_slate,14,NYY,CIN,AL,NL,True,False,False
2026-06-20_NYM@PHI,S088_2026-06-20_MAIN,2026-06-20,Saturday,main_slate,14,PHI,NYM,NL,NL,False,False,False
2026-06-20_BOS@SEA,S088_2026-06-20_MAIN,2026-06-20,Saturday,main_slate,14,SEA,BOS,AL,AL,False,False,True
2026-06-20_WSH@TB,S088_2026-06-20_MAIN,2026-06-20,Saturday,main_slate,14,TB,WSH,AL,NL,True,False,False
2026-06-20_SD@TEX,S088_2026-06-20_MAIN,2026-06-20,Saturday,main_slate,14,TEX,SD,AL,NL,True,False,False
2026-06-21_MIN@ARI,S089_2026-06-21_MAIN,2026-06-21,Sunday,main_slate,15,ARI,MIN,NL,AL,True,False,False
2026-06-21_LAA@ATH,S089_2026-06-21_MAIN,2026-06-21,Sunday,main_slate,15,ATH,LAA,AL,AL,False,False,False
2026-06-21_MIL@ATL,S089_2026-06-21_MAIN,2026-06-21,Sunday,main_slate,15,ATL,MIL,NL,NL,False,False,False
2026-06-21_TOR@CHC,S089_2026-06-21_MAIN,2026-06-21,Sunday,main_slate,15,CHC,TOR,NL,AL,True,False,False
2026-06-21_PIT@COL,S089_2026-06-21_MAIN,2026-06-21,Sunday,main_slate,15,COL,PIT,NL,NL,False,False,False
2026-06-21_CHW@DET,S089_2026-06-21_MAIN,2026-06-21,Sunday,main_slate,15,DET,CHW,AL,AL,False,False,False
2026-06-21_CLE@HOU,S089_2026-06-21_MAIN,2026-06-21,Sunday,main_slate,15,HOU,CLE,AL,AL,False,False,False
2026-06-21_STL@KC,S089_2026-06-21_MAIN,2026-06-21,Sunday,main_slate,15,KC,STL,AL,NL,True,False,False
2026-06-21_BAL@LAD,S089_2026-06-21_MAIN,2026-06-21,Sunday,main_slate,15,LAD,BAL,NL,AL,True,False,False
2026-06-21_SF@MIA,S089_2026-06-21_MAIN,2026-06-21,Sunday,main_slate,15,MIA,SF,NL,NL,False,False,False
2026-06-21_CIN@NYY,S089_2026-06-21_MAIN,2026-06-21,Sunday,main_slate,15,NYY,CIN,AL,NL,True,False,False
2026-06-21_NYM@PHI,S089_2026-06-21_MAIN,2026-06-21,Sunday,main_slate,15,PHI,NYM,NL,NL,False,False,False
2026-06-21_BOS@SEA,S089_2026-06-21_MAIN,2026-06-21,Sunday,main_slate,15,SEA,BOS,AL,AL,False,False,False
2026-06-21_WSH@TB,S089_2026-06-21_MAIN,2026-06-21,Sunday,main_slate,15,TB,WSH,AL,NL,True,False,False
2026-06-21_SD@TEX,S089_2026-06-21_MAIN,2026-06-21,Sunday,main_slate,15,TEX,SD,AL,NL,True,False,False
2026-06-22_CLE@CHW,S090_2026-06-22_MAIN,2026-06-22,Monday,main_slate,13,CHW,CLE,AL,AL,False,False,False
2026-06-22_MIL@CIN,S090_2026-06-22_MAIN,2026-06-22,Monday,main_slate,13,CIN,MIL,NL,NL,False,False,False
2026-06-22_BOS@COL,S090_2026-06-22_MAIN,2026-06-22,Monday,main_slate,13,COL,BOS,NL,AL,True,False,False
2026-06-22_NYY@DET,S090_2026-06-22_MAIN,2026-06-22,Monday,main_slate,13,DET,NYY,AL,AL,False,False,False
2026-06-22_BAL@LAA,S090_2026-06-22_MAIN,2026-06-22,Monday,main_slate,13,LAA,BAL,AL,AL,False,False,False
2026-06-22_TEX@MIA,S090_2026-06-22_MAIN,2026-06-22,Monday,main_slate,13,MIA,TEX,NL,AL,True,False,False
2026-06-22_LAD@MIN,S090_2026-06-22_MAIN,2026-06-22,Monday,main_slate,13,MIN,LAD,AL,NL,True,False,False
2026-06-22_CHC@NYM,S090_2026-06-22_MAIN,2026-06-22,Monday,main_slate,13,NYM,CHC,NL,NL,False,False,False
2026-06-22_ATL@SD,S090_2026-06-22_MAIN,2026-06-22,Monday,main_slate,13,SD,ATL,NL,NL,False,False,False
2026-06-22_ARI@STL,S090_2026-06-22_MAIN,2026-06-22,Monday,main_slate,13,STL,ARI,NL,NL,False,False,False
2026-06-22_KC@TB,S090_2026-06-22_MAIN,2026-06-22,Monday,main_slate,13,TB,KC,AL,AL,False,False,False
2026-06-22_HOU@TOR,S090_2026-06-22_MAIN,2026-06-22,Monday,main_slate,13,TOR,HOU,AL,AL,False,False,False
2026-06-22_PHI@WSH,S090_2026-06-22_MAIN,2026-06-22,Monday,main_slate,13,WSH,PHI,NL,NL,False,False,False
2026-06-23_CLE@CHW,S091_2026-06-23_MAIN,2026-06-23,Tuesday,main_slate,15,CHW,CLE,AL,AL,False,False,False
2026-06-23_MIL@CIN,S091_2026-06-23_MAIN,2026-06-23,Tuesday,main_slate,15,CIN,MIL,NL,NL,False,False,False
2026-06-23_BOS@COL,S091_2026-06-23_MAIN,2026-06-23,Tuesday,main_slate,15,COL,BOS,NL,AL,True,False,False
2026-06-23_NYY@DET,S091_2026-06-23_MAIN,2026-06-23,Tuesday,main_slate,15,DET,NYY,AL,AL,False,False,False
2026-06-23_BAL@LAA,S091_2026-06-23_MAIN,2026-06-23,Tuesday,main_slate,15,LAA,BAL,AL,AL,False,False,False
2026-06-23_TEX@MIA,S091_2026-06-23_MAIN,2026-06-23,Tuesday,main_slate,15,MIA,TEX,NL,AL,True,False,False
2026-06-23_LAD@MIN,S091_2026-06-23_MAIN,2026-06-23,Tuesday,main_slate,15,MIN,LAD,AL,NL,True,False,False
2026-06-23_CHC@NYM,S091_2026-06-23_MAIN,2026-06-23,Tuesday,main_slate,15,NYM,CHC,NL,NL,False,False,False
2026-06-23_SEA@PIT,S091_2026-06-23_MAIN,2026-06-23,Tuesday,main_slate,15,PIT,SEA,NL,AL,True,False,False
2026-06-23_ATL@SD,S091_2026-06-23_MAIN,2026-06-23,Tuesday,main_slate,15,SD,ATL,NL,NL,False,False,False
2026-06-23_ATH@SF,S091_2026-06-23_MAIN,2026-06-23,Tuesday,main_slate,15,SF,ATH,NL,AL,True,False,False
2026-06-23_ARI@STL,S091_2026-06-23_MAIN,2026-06-23,Tuesday,main_slate,15,STL,ARI,NL,NL,False,False,False
2026-06-23_KC@TB,S091_2026-06-23_MAIN,2026-06-23,Tuesday,main_slate,15,TB,KC,AL,AL,False,False,False
2026-06-23_HOU@TOR,S091_2026-06-23_MAIN,2026-06-23,Tuesday,main_slate,15,TOR,HOU,AL,AL,False,False,False
2026-06-23_PHI@WSH,S091_2026-06-23_MAIN,2026-06-23,Tuesday,main_slate,15,WSH,PHI,NL,NL,False,False,False
2026-06-24_CLE@CHW,S092_2026-06-24_MAIN,2026-06-24,Wednesday,main_slate,15,CHW,CLE,AL,AL,False,False,False
2026-06-24_MIL@CIN,S092_2026-06-24_MAIN,2026-06-24,Wednesday,main_slate,15,CIN,MIL,NL,NL,False,False,False
2026-06-24_BOS@COL,S092_2026-06-24_MAIN,2026-06-24,Wednesday,main_slate,15,COL,BOS,NL,AL,True,False,False
2026-06-24_NYY@DET,S092_2026-06-24_MAIN,2026-06-24,Wednesday,main_slate,15,DET,NYY,AL,AL,False,False,False
2026-06-24_BAL@LAA,S092_2026-06-24_MAIN,2026-06-24,Wednesday,main_slate,15,LAA,BAL,AL,AL,False,False,False
2026-06-24_TEX@MIA,S092_2026-06-24_MAIN,2026-06-24,Wednesday,main_slate,15,MIA,TEX,NL,AL,True,False,False
2026-06-24_LAD@MIN,S092_2026-06-24_MAIN,2026-06-24,Wednesday,main_slate,15,MIN,LAD,AL,NL,True,False,False
2026-06-24_CHC@NYM,S092_2026-06-24_MAIN,2026-06-24,Wednesday,main_slate,15,NYM,CHC,NL,NL,False,False,False
2026-06-24_SEA@PIT,S092_2026-06-24_MAIN,2026-06-24,Wednesday,main_slate,15,PIT,SEA,NL,AL,True,False,False
2026-06-24_ATL@SD,S092_2026-06-24_MAIN,2026-06-24,Wednesday,main_slate,15,SD,ATL,NL,NL,False,False,False
2026-06-24_ATH@SF,S092_2026-06-24_MAIN,2026-06-24,Wednesday,main_slate,15,SF,ATH,NL,AL,True,False,False
2026-06-24_ARI@STL,S092_2026-06-24_MAIN,2026-06-24,Wednesday,main_slate,15,STL,ARI,NL,NL,False,False,False
2026-06-24_KC@TB,S092_2026-06-24_MAIN,2026-06-24,Wednesday,main_slate,15,TB,KC,AL,AL,False,False,False
2026-06-24_HOU@TOR,S092_2026-06-24_MAIN,2026-06-24,Wednesday,main_slate,15,TOR,HOU,AL,AL,False,False,False
2026-06-24_PHI@WSH,S092_2026-06-24_MAIN,2026-06-24,Wednesday,main_slate,15,WSH,PHI,NL,NL,False,False,False
2026-06-25_NYY@BOS,S093_2026-06-25_MAIN,2026-06-25,Thursday,main_slate,9,BOS,NYY,AL,AL,False,False,False
2026-06-25_HOU@DET,S093_2026-06-25_MAIN,2026-06-25,Thursday,main_slate,9,DET,HOU,AL,AL,False,False,False
2026-06-25_CHC@NYM,S093_2026-06-25_MAIN,2026-06-25,Thursday,main_slate,9,NYM,CHC,NL,NL,False,False,False
2026-06-25_SEA@PIT,S093_2026-06-25_MAIN,2026-06-25,Thursday,main_slate,9,PIT,SEA,NL,AL,True,False,False
2026-06-25_ATH@SF,S093_2026-06-25_MAIN,2026-06-25,Thursday,main_slate,9,SF,ATH,NL,AL,True,False,False
2026-06-25_ARI@STL,S093_2026-06-25_MAIN,2026-06-25,Thursday,main_slate,9,STL,ARI,NL,NL,False,False,False
2026-06-25_KC@TB,S093_2026-06-25_MAIN,2026-06-25,Thursday,main_slate,9,TB,KC,AL,AL,False,False,False
2026-06-25_TEX@TOR,S093_2026-06-25_MAIN,2026-06-25,Thursday,main_slate,9,TOR,TEX,AL,AL,False,False,False
2026-06-25_PHI@WSH,S093_2026-06-25_MAIN,2026-06-25,Thursday,main_slate,9,WSH,PHI,NL,NL,False,False,False
2026-06-26_WSH@BAL,S094_2026-06-26_MAIN,2026-06-26,Friday,main_slate,15,BAL,WSH,AL,NL,True,False,False
2026-06-26_NYY@BOS,S094_2026-06-26_MAIN,2026-06-26,Friday,main_slate,15,BOS,NYY,AL,AL,False,False,False
2026-06-26_KC@CHW,S094_2026-06-26_MAIN,2026-06-26,Friday,main_slate,15,CHW,KC,AL,AL,False,False,False
2026-06-26_SEA@CLE,S094_2026-06-26_MAIN,2026-06-26,Friday,main_slate,15,CLE,SEA,AL,AL,False,False,False
2026-06-26_HOU@DET,S094_2026-06-26_MAIN,2026-06-26,Friday,main_slate,15,DET,HOU,AL,AL,False,False,False
2026-06-26_ATH@LAA,S094_2026-06-26_MAIN,2026-06-26,Friday,main_slate,15,LAA,ATH,AL,AL,False,False,False
2026-06-26_CHC@MIL,S094_2026-06-26_MAIN,2026-06-26,Friday,main_slate,15,MIL,CHC,NL,NL,False,False,False
2026-06-26_COL@MIN,S094_2026-06-26_MAIN,2026-06-26,Friday,main_slate,15,MIN,COL,AL,NL,True,False,False
2026-06-26_PHI@NYM,S094_2026-06-26_MAIN,2026-06-26,Friday,main_slate,15,NYM,PHI,NL,NL,False,False,False
2026-06-26_CIN@PIT,S094_2026-06-26_MAIN,2026-06-26,Friday,main_slate,15,PIT,CIN,NL,NL,False,False,False
2026-06-26_LAD@SD,S094_2026-06-26_MAIN,2026-06-26,Friday,main_slate,15,SD,LAD,NL,NL,False,False,False
2026-06-26_ATL@SF,S094_2026-06-26_MAIN,2026-06-26,Friday,main_slate,15,SF,ATL,NL,NL,False,False,False
2026-06-26_MIA@STL,S094_2026-06-26_MAIN,2026-06-26,Friday,main_slate,15,STL,MIA,NL,NL,False,False,False
2026-06-26_ARI@TB,S094_2026-06-26_MAIN,2026-06-26,Friday,main_slate,15,TB,ARI,AL,NL,True,False,False
2026-06-26_TEX@TOR,S094_2026-06-26_MAIN,2026-06-26,Friday,main_slate,15,TOR,TEX,AL,AL,False,False,False
2026-06-27_WSH@BAL,S095_2026-06-27_MAIN,2026-06-27,Saturday,main_slate,15,BAL,WSH,AL,NL,True,False,False
2026-06-27_NYY@BOS,S095_2026-06-27_MAIN,2026-06-27,Saturday,main_slate,15,BOS,NYY,AL,AL,False,False,False
2026-06-27_KC@CHW,S095_2026-06-27_MAIN,2026-06-27,Saturday,main_slate,15,CHW,KC,AL,AL,False,False,False
2026-06-27_SEA@CLE,S095_2026-06-27_MAIN,2026-06-27,Saturday,main_slate,15,CLE,SEA,AL,AL,False,False,False
2026-06-27_HOU@DET,S095_2026-06-27_MAIN,2026-06-27,Saturday,main_slate,15,DET,HOU,AL,AL,False,False,False
2026-06-27_ATH@LAA,S095_2026-06-27_MAIN,2026-06-27,Saturday,main_slate,15,LAA,ATH,AL,AL,False,False,False
2026-06-27_CHC@MIL,S095_2026-06-27_MAIN,2026-06-27,Saturday,main_slate,15,MIL,CHC,NL,NL,False,False,False
2026-06-27_COL@MIN,S095_2026-06-27_MAIN,2026-06-27,Saturday,main_slate,15,MIN,COL,AL,NL,True,False,False
2026-06-27_PHI@NYM,S095_2026-06-27_MAIN,2026-06-27,Saturday,main_slate,15,NYM,PHI,NL,NL,False,False,False
2026-06-27_CIN@PIT,S095_2026-06-27_MAIN,2026-06-27,Saturday,main_slate,15,PIT,CIN,NL,NL,False,False,False
2026-06-27_LAD@SD,S095_2026-06-27_MAIN,2026-06-27,Saturday,main_slate,15,SD,LAD,NL,NL,False,False,False
2026-06-27_ATL@SF,S095_2026-06-27_MAIN,2026-06-27,Saturday,main_slate,15,SF,ATL,NL,NL,False,False,False
2026-06-27_MIA@STL,S095_2026-06-27_MAIN,2026-06-27,Saturday,main_slate,15,STL,MIA,NL,NL,False,False,False
2026-06-27_ARI@TB,S095_2026-06-27_MAIN,2026-06-27,Saturday,main_slate,15,TB,ARI,AL,NL,True,False,False
2026-06-27_TEX@TOR,S095_2026-06-27_MAIN,2026-06-27,Saturday,main_slate,15,TOR,TEX,AL,AL,False,False,False
2026-06-28_WSH@BAL,S096_2026-06-28_MAIN,2026-06-28,Sunday,main_slate,15,BAL,WSH,AL,NL,True,False,False
2026-06-28_NYY@BOS,S096_2026-06-28_MAIN,2026-06-28,Sunday,main_slate,15,BOS,NYY,AL,AL,False,False,False
2026-06-28_KC@CHW,S096_2026-06-28_MAIN,2026-06-28,Sunday,main_slate,15,CHW,KC,AL,AL,False,False,False
2026-06-28_SEA@CLE,S096_2026-06-28_MAIN,2026-06-28,Sunday,main_slate,15,CLE,SEA,AL,AL,False,False,False
2026-06-28_HOU@DET,S096_2026-06-28_MAIN,2026-06-28,Sunday,main_slate,15,DET,HOU,AL,AL,False,False,False
2026-06-28_ATH@LAA,S096_2026-06-28_MAIN,2026-06-28,Sunday,main_slate,15,LAA,ATH,AL,AL,False,False,False
2026-06-28_CHC@MIL,S096_2026-06-28_MAIN,2026-06-28,Sunday,main_slate,15,MIL,CHC,NL,NL,False,False,False
2026-06-28_COL@MIN,S096_2026-06-28_MAIN,2026-06-28,Sunday,main_slate,15,MIN,COL,AL,NL,True,False,False
2026-06-28_PHI@NYM,S096_2026-06-28_MAIN,2026-06-28,Sunday,main_slate,15,NYM,PHI,NL,NL,False,False,False
2026-06-28_CIN@PIT,S096_2026-06-28_MAIN,2026-06-28,Sunday,main_slate,15,PIT,CIN,NL,NL,False,False,False
2026-06-28_LAD@SD,S096_2026-06-28_MAIN,2026-06-28,Sunday,main_slate,15,SD,LAD,NL,NL,False,False,False
2026-06-28_ATL@SF,S096_2026-06-28_MAIN,2026-06-28,Sunday,main_slate,15,SF,ATL,NL,NL,False,False,False
2026-06-28_MIA@STL,S096_2026-06-28_MAIN,2026-06-28,Sunday,main_slate,15,STL,MIA,NL,NL,False,False,False
2026-06-28_ARI@TB,S096_2026-06-28_MAIN,2026-06-28,Sunday,main_slate,15,TB,ARI,AL,NL,True,False,False
2026-06-28_TEX@TOR,S096_2026-06-28_MAIN,2026-06-28,Sunday,main_slate,15,TOR,TEX,AL,AL,False,False,False
2026-06-29_SF@ARI,S097_2026-06-29_MAIN,2026-06-29,Monday,main_slate,13,ARI,SF,NL,NL,False,False,False
2026-06-29_LAD@ATH,S097_2026-06-29_MAIN,2026-06-29,Monday,main_slate,13,ATH,LAD,AL,NL,True,False,False
2026-06-29_CHW@BAL,S097_2026-06-29_MAIN,2026-06-29,Monday,main_slate,13,BAL,CHW,AL,AL,False,False,False
2026-06-29_WSH@BOS,S097_2026-06-29_MAIN,2026-06-29,Monday,main_slate,13,BOS,WSH,AL,NL,True,False,False
2026-06-29_SD@CHC,S097_2026-06-29_MAIN,2026-06-29,Monday,main_slate,13,CHC,SD,NL,NL,False,False,False
2026-06-29_TEX@CLE,S097_2026-06-29_MAIN,2026-06-29,Monday,main_slate,13,CLE,TEX,AL,AL,False,False,False
2026-06-29_MIA@COL,S097_2026-06-29_MAIN,2026-06-29,Monday,main_slate,13,COL,MIA,NL,NL,False,False,False
2026-06-29_MIN@HOU,S097_2026-06-29_MAIN,2026-06-29,Monday,main_slate,13,HOU,MIN,AL,AL,False,False,False
2026-06-29_CIN@MIL,S097_2026-06-29_MAIN,2026-06-29,Monday,main_slate,13,MIL,CIN,NL,NL,False,False,False
2026-06-29_DET@NYY,S097_2026-06-29_MAIN,2026-06-29,Monday,main_slate,13,NYY,DET,AL,AL,False,False,False
2026-06-29_PIT@PHI,S097_2026-06-29_MAIN,2026-06-29,Monday,main_slate,13,PHI,PIT,NL,NL,False,False,False
2026-06-29_LAA@SEA,S097_2026-06-29_MAIN,2026-06-29,Monday,main_slate,13,SEA,LAA,AL,AL,False,False,False
2026-06-29_NYM@TOR,S097_2026-06-29_MAIN,2026-06-29,Monday,main_slate,13,TOR,NYM,AL,NL,True,False,False
2026-06-30_SF@ARI,S098_2026-06-30_MAIN,2026-06-30,Tuesday,main_slate,15,ARI,SF,NL,NL,False,False,False
2026-06-30_LAD@ATH,S098_2026-06-30_MAIN,2026-06-30,Tuesday,main_slate,15,ATH,LAD,AL,NL,True,False,False
2026-06-30_STL@ATL,S098_2026-06-30_MAIN,2026-06-30,Tuesday,main_slate,15,ATL,STL,NL,NL,False,False,False
2026-06-30_CHW@BAL,S098_2026-06-30_MAIN,2026-06-30,Tuesday,main_slate,15,BAL,CHW,AL,AL,False,False,False
2026-06-30_WSH@BOS,S098_2026-06-30_MAIN,2026-06-30,Tuesday,main_slate,15,BOS,WSH,AL,NL,True,False,False
2026-06-30_SD@CHC,S098_2026-06-30_MAIN,2026-06-30,Tuesday,main_slate,15,CHC,SD,NL,NL,False,False,False
2026-06-30_TEX@CLE,S098_2026-06-30_MAIN,2026-06-30,Tuesday,main_slate,15,CLE,TEX,AL,AL,False,False,False
2026-06-30_MIA@COL,S098_2026-06-30_MAIN,2026-06-30,Tuesday,main_slate,15,COL,MIA,NL,NL,False,False,False
2026-06-30_MIN@HOU,S098_2026-06-30_MAIN,2026-06-30,Tuesday,main_slate,15,HOU,MIN,AL,AL,False,False,False
2026-06-30_TB@KC,S098_2026-06-30_MAIN,2026-06-30,Tuesday,main_slate,15,KC,TB,AL,AL,False,False,False
2026-06-30_CIN@MIL,S098_2026-06-30_MAIN,2026-06-30,Tuesday,main_slate,15,MIL,CIN,NL,NL,False,False,False
2026-06-30_DET@NYY,S098_2026-06-30_MAIN,2026-06-30,Tuesday,main_slate,15,NYY,DET,AL,AL,False,False,False
2026-06-30_PIT@PHI,S098_2026-06-30_MAIN,2026-06-30,Tuesday,main_slate,15,PHI,PIT,NL,NL,False,False,False
2026-06-30_LAA@SEA,S098_2026-06-30_MAIN,2026-06-30,Tuesday,main_slate,15,SEA,LAA,AL,AL,False,False,False
2026-06-30_NYM@TOR,S098_2026-06-30_MAIN,2026-06-30,Tuesday,main_slate,15,TOR,NYM,AL,NL,True,False,False
2026-07-01_SF@ARI,S099_2026-07-01_MAIN,2026-07-01,Wednesday,main_slate,14,ARI,SF,NL,NL,False,False,False
2026-07-01_LAD@ATH,S099_2026-07-01_MAIN,2026-07-01,Wednesday,main_slate,14,ATH,LAD,AL,NL,True,False,False
2026-07-01_STL@ATL,S099_2026-07-01_MAIN,2026-07-01,Wednesday,main_slate,14,ATL,STL,NL,NL,False,False,False
2026-07-01_CHW@BAL,S099_2026-07-01_MAIN,2026-07-01,Wednesday,main_slate,14,BAL,CHW,AL,AL,False,False,False
2026-07-01_WSH@BOS,S099_2026-07-01_MAIN,2026-07-01,Wednesday,main_slate,14,BOS,WSH,AL,NL,True,False,False
2026-07-01_SD@CHC,S099_2026-07-01_MAIN,2026-07-01,Wednesday,main_slate,14,CHC,SD,NL,NL,False,False,False
2026-07-01_TEX@CLE,S099_2026-07-01_MAIN,2026-07-01,Wednesday,main_slate,14,CLE,TEX,AL,AL,False,False,False
2026-07-01_MIA@COL,S099_2026-07-01_MAIN,2026-07-01,Wednesday,main_slate,14,COL,MIA,NL,NL,False,False,False
2026-07-01_MIN@HOU,S099_2026-07-01_MAIN,2026-07-01,Wednesday,main_slate,14,HOU,MIN,AL,AL,False,False,False
2026-07-01_TB@KC,S099_2026-07-01_MAIN,2026-07-01,Wednesday,main_slate,14,KC,TB,AL,AL,False,False,False
2026-07-01_CIN@MIL,S099_2026-07-01_MAIN,2026-07-01,Wednesday,main_slate,14,MIL,CIN,NL,NL,False,False,False
2026-07-01_DET@NYY,S099_2026-07-01_MAIN,2026-07-01,Wednesday,main_slate,14,NYY,DET,AL,AL,False,False,False
2026-07-01_PIT@PHI,S099_2026-07-01_MAIN,2026-07-01,Wednesday,main_slate,14,PHI,PIT,NL,NL,False,False,False
2026-07-01_NYM@TOR,S099_2026-07-01_MAIN,2026-07-01,Wednesday,main_slate,14,TOR,NYM,AL,NL,True,False,False
2026-07-02_STL@ATL,S100_2026-07-02_MAIN,2026-07-02,Thursday,main_slate,9,ATL,STL,NL,NL,False,False,False
2026-07-02_CHW@CLE,S100_2026-07-02_MAIN,2026-07-02,Thursday,main_slate,9,CLE,CHW,AL,AL,False,False,False
2026-07-02_MIA@COL,S100_2026-07-02_MAIN,2026-07-02,Thursday,main_slate,9,COL,MIA,NL,NL,False,False,False
2026-07-02_TB@KC,S100_2026-07-02_MAIN,2026-07-02,Thursday,main_slate,9,KC,TB,AL,AL,False,False,False
2026-07-02_SD@LAD,S100_2026-07-02_MAIN,2026-07-02,Thursday,main_slate,9,LAD,SD,NL,NL,False,False,False
2026-07-02_CIN@MIL,S100_2026-07-02_MAIN,2026-07-02,Thursday,main_slate,9,MIL,CIN,NL,NL,False,False,False
2026-07-02_PIT@PHI,S100_2026-07-02_MAIN,2026-07-02,Thursday,main_slate,9,PHI,PIT,NL,NL,False,False,False
2026-07-02_LAA@SEA,S100_2026-07-02_MAIN,2026-07-02,Thursday,main_slate,9,SEA,LAA,AL,AL,False,False,False
2026-07-02_DET@TEX,S100_2026-07-02_MAIN,2026-07-02,Thursday,main_slate,9,TEX,DET,AL,AL,False,False,False
2026-07-03_MIL@ARI,S101_2026-07-03_MAIN,2026-07-03,Friday,main_slate,13,ARI,MIL,NL,NL,False,False,False
2026-07-03_MIA@ATH,S101_2026-07-03_MAIN,2026-07-03,Friday,main_slate,13,ATH,MIA,AL,NL,True,False,False
2026-07-03_NYM@ATL,S101_2026-07-03_MAIN,2026-07-03,Friday,main_slate,13,ATL,NYM,NL,NL,False,False,False
2026-07-03_STL@CHC,S101_2026-07-03_MAIN,2026-07-03,Friday,main_slate,13,CHC,STL,NL,NL,False,False,False
2026-07-03_BAL@CIN,S101_2026-07-03_MAIN,2026-07-03,Friday,main_slate,13,CIN,BAL,NL,AL,True,False,False
2026-07-03_CHW@CLE,S101_2026-07-03_MAIN,2026-07-03,Friday,main_slate,13,CLE,CHW,AL,AL,False,False,False
2026-07-03_SF@COL,S101_2026-07-03_MAIN,2026-07-03,Friday,main_slate,13,COL,SF,NL,NL,False,False,False
2026-07-03_TB@HOU,S101_2026-07-03_MAIN,2026-07-03,Friday,main_slate,13,HOU,TB,AL,AL,False,False,False
2026-07-03_BOS@LAA,S101_2026-07-03_MAIN,2026-07-03,Friday,main_slate,13,LAA,BOS,AL,AL,False,False,False
2026-07-03_SD@LAD,S101_2026-07-03_MAIN,2026-07-03,Friday,main_slate,13,LAD,SD,NL,NL,False,False,False
2026-07-03_MIN@NYY,S101_2026-07-03_MAIN,2026-07-03,Friday,main_slate,13,NYY,MIN,AL,AL,False,False,False
2026-07-03_TOR@SEA,S101_2026-07-03_MAIN,2026-07-03,Friday,main_slate,13,SEA,TOR,AL,AL,False,False,False
2026-07-03_PIT@WSH,S101_2026-07-03_MAIN,2026-07-03,Friday,main_slate,13,WSH,PIT,NL,NL,False,False,False
2026-07-04_MIL@ARI,S102_2026-07-04_MAIN,2026-07-04,Saturday,main_slate,15,ARI,MIL,NL,NL,False,False,False
2026-07-04_MIA@ATH,S102_2026-07-04_MAIN,2026-07-04,Saturday,main_slate,15,ATH,MIA,AL,NL,True,False,False
2026-07-04_NYM@ATL,S102_2026-07-04_MAIN,2026-07-04,Saturday,main_slate,15,ATL,NYM,NL,NL,False,False,False
2026-07-04_STL@CHC,S102_2026-07-04_MAIN,2026-07-04,Saturday,main_slate,15,CHC,STL,NL,NL,False,False,False
2026-07-04_BAL@CIN,S102_2026-07-04_MAIN,2026-07-04,Saturday,main_slate,15,CIN,BAL,NL,AL,True,False,False
2026-07-04_CHW@CLE,S102_2026-07-04_MAIN,2026-07-04,Saturday,main_slate,15,CLE,CHW,AL,AL,False,False,False
2026-07-04_SF@COL,S102_2026-07-04_MAIN,2026-07-04,Saturday,main_slate,15,COL,SF,NL,NL,False,False,False
2026-07-04_TB@HOU,S102_2026-07-04_MAIN,2026-07-04,Saturday,main_slate,15,HOU,TB,AL,AL,False,False,False
2026-07-04_PHI@KC,S102_2026-07-04_MAIN,2026-07-04,Saturday,main_slate,15,KC,PHI,AL,NL,True,False,False
2026-07-04_BOS@LAA,S102_2026-07-04_MAIN,2026-07-04,Saturday,main_slate,15,LAA,BOS,AL,AL,False,False,False
2026-07-04_SD@LAD,S102_2026-07-04_MAIN,2026-07-04,Saturday,main_slate,15,LAD,SD,NL,NL,False,False,False
2026-07-04_MIN@NYY,S102_2026-07-04_MAIN,2026-07-04,Saturday,main_slate,15,NYY,MIN,AL,AL,False,False,False
2026-07-04_TOR@SEA,S102_2026-07-04_MAIN,2026-07-04,Saturday,main_slate,15,SEA,TOR,AL,AL,False,False,False
2026-07-04_DET@TEX,S102_2026-07-04_MAIN,2026-07-04,Saturday,main_slate,15,TEX,DET,AL,AL,False,False,False
2026-07-04_PIT@WSH,S102_2026-07-04_MAIN,2026-07-04,Saturday,main_slate,15,WSH,PIT,NL,NL,False,False,False
2026-07-05_MIL@ARI,S103_2026-07-05_MAIN,2026-07-05,Sunday,main_slate,15,ARI,MIL,NL,NL,False,False,False
2026-07-05_MIA@ATH,S103_2026-07-05_MAIN,2026-07-05,Sunday,main_slate,15,ATH,MIA,AL,NL,True,False,False
2026-07-05_NYM@ATL,S103_2026-07-05_MAIN,2026-07-05,Sunday,main_slate,15,ATL,NYM,NL,NL,False,False,False
2026-07-05_STL@CHC,S103_2026-07-05_MAIN,2026-07-05,Sunday,main_slate,15,CHC,STL,NL,NL,False,False,False
2026-07-05_BAL@CIN,S103_2026-07-05_MAIN,2026-07-05,Sunday,main_slate,15,CIN,BAL,NL,AL,True,False,False
2026-07-05_CHW@CLE,S103_2026-07-05_MAIN,2026-07-05,Sunday,main_slate,15,CLE,CHW,AL,AL,False,False,False
2026-07-05_SF@COL,S103_2026-07-05_MAIN,2026-07-05,Sunday,main_slate,15,COL,SF,NL,NL,False,False,False
2026-07-05_TB@HOU,S103_2026-07-05_MAIN,2026-07-05,Sunday,main_slate,15,HOU,TB,AL,AL,False,False,False
2026-07-05_PHI@KC,S103_2026-07-05_MAIN,2026-07-05,Sunday,main_slate,15,KC,PHI,AL,NL,True,False,False
2026-07-05_BOS@LAA,S103_2026-07-05_MAIN,2026-07-05,Sunday,main_slate,15,LAA,BOS,AL,AL,False,False,False
2026-07-05_SD@LAD,S103_2026-07-05_MAIN,2026-07-05,Sunday,main_slate,15,LAD,SD,NL,NL,False,False,False
2026-07-05_MIN@NYY,S103_2026-07-05_MAIN,2026-07-05,Sunday,main_slate,15,NYY,MIN,AL,AL,False,False,False
2026-07-05_TOR@SEA,S103_2026-07-05_MAIN,2026-07-05,Sunday,main_slate,15,SEA,TOR,AL,AL,False,False,False
2026-07-05_DET@TEX,S103_2026-07-05_MAIN,2026-07-05,Sunday,main_slate,15,TEX,DET,AL,AL,False,False,False
2026-07-05_PIT@WSH,S103_2026-07-05_MAIN,2026-07-05,Sunday,main_slate,15,WSH,PIT,NL,NL,False,False,False
2026-07-06_NYM@ATL,S104_2026-07-06_MAIN,2026-07-06,Monday,main_slate,8,ATL,NYM,NL,NL,False,False,False
2026-07-06_PHI@KC,S104_2026-07-06_MAIN,2026-07-06,Monday,main_slate,8,KC,PHI,AL,NL,True,False,False
2026-07-06_COL@LAD,S104_2026-07-06_MAIN,2026-07-06,Monday,main_slate,8,LAD,COL,NL,NL,False,False,False
2026-07-06_ARI@SD,S104_2026-07-06_MAIN,2026-07-06,Monday,main_slate,8,SD,ARI,NL,NL,False,False,False
2026-07-06_TOR@SF,S104_2026-07-06_MAIN,2026-07-06,Monday,main_slate,8,SF,TOR,NL,AL,True,False,False
2026-07-06_MIL@STL,S104_2026-07-06_MAIN,2026-07-06,Monday,main_slate,8,STL,MIL,NL,NL,False,False,False
2026-07-06_NYY@TB,S104_2026-07-06_MAIN,2026-07-06,Monday,main_slate,8,TB,NYY,AL,AL,False,False,False
2026-07-06_HOU@WSH,S104_2026-07-06_MAIN,2026-07-06,Monday,main_slate,8,WSH,HOU,NL,AL,True,False,False
2026-07-07_CHC@BAL,S105_2026-07-07_MAIN,2026-07-07,Tuesday,main_slate,15,BAL,CHC,AL,NL,True,False,False
2026-07-07_BOS@CHW,S105_2026-07-07_MAIN,2026-07-07,Tuesday,main_slate,15,CHW,BOS,AL,AL,False,False,False
2026-07-07_PHI@CIN,S105_2026-07-07_MAIN,2026-07-07,Tuesday,main_slate,15,CIN,PHI,NL,NL,False,False,False
2026-07-07_ATH@DET,S105_2026-07-07_MAIN,2026-07-07,Tuesday,main_slate,15,DET,ATH,AL,AL,False,False,False
2026-07-07_COL@LAD,S105_2026-07-07_MAIN,2026-07-07,Tuesday,main_slate,15,LAD,COL,NL,NL,False,False,False
2026-07-07_SEA@MIA,S105_2026-07-07_MAIN,2026-07-07,Tuesday,main_slate,15,MIA,SEA,NL,AL,True,False,False
2026-07-07_CLE@MIN,S105_2026-07-07_MAIN,2026-07-07,Tuesday,main_slate,15,MIN,CLE,AL,AL,False,False,False
2026-07-07_KC@NYM,S105_2026-07-07_MAIN,2026-07-07,Tuesday,main_slate,15,NYM,KC,NL,AL,True,False,False
2026-07-07_ATL@PIT,S105_2026-07-07_MAIN,2026-07-07,Tuesday,main_slate,15,PIT,ATL,NL,NL,False,False,False
2026-07-07_ARI@SD,S105_2026-07-07_MAIN,2026-07-07,Tuesday,main_slate,15,SD,ARI,NL,NL,False,False,False
2026-07-07_TOR@SF,S105_2026-07-07_MAIN,2026-07-07,Tuesday,main_slate,15,SF,TOR,NL,AL,True,False,False
2026-07-07_MIL@STL,S105_2026-07-07_MAIN,2026-07-07,Tuesday,main_slate,15,STL,MIL,NL,NL,False,False,False
2026-07-07_NYY@TB,S105_2026-07-07_MAIN,2026-07-07,Tuesday,main_slate,15,TB,NYY,AL,AL,False,False,False
2026-07-07_LAA@TEX,S105_2026-07-07_MAIN,2026-07-07,Tuesday,main_slate,15,TEX,LAA,AL,AL,False,False,False
2026-07-07_HOU@WSH,S105_2026-07-07_MAIN,2026-07-07,Tuesday,main_slate,15,WSH,HOU,NL,AL,True,False,False
2026-07-08_CHC@BAL,S106_2026-07-08_MAIN,2026-07-08,Wednesday,main_slate,15,BAL,CHC,AL,NL,True,False,False
2026-07-08_BOS@CHW,S106_2026-07-08_MAIN,2026-07-08,Wednesday,main_slate,15,CHW,BOS,AL,AL,False,False,False
2026-07-08_PHI@CIN,S106_2026-07-08_MAIN,2026-07-08,Wednesday,main_slate,15,CIN,PHI,NL,NL,False,False,False
2026-07-08_ATH@DET,S106_2026-07-08_MAIN,2026-07-08,Wednesday,main_slate,15,DET,ATH,AL,AL,False,False,False
2026-07-08_COL@LAD,S106_2026-07-08_MAIN,2026-07-08,Wednesday,main_slate,15,LAD,COL,NL,NL,False,False,False
2026-07-08_SEA@MIA,S106_2026-07-08_MAIN,2026-07-08,Wednesday,main_slate,15,MIA,SEA,NL,AL,True,False,False
2026-07-08_CLE@MIN,S106_2026-07-08_MAIN,2026-07-08,Wednesday,main_slate,15,MIN,CLE,AL,AL,False,False,False
2026-07-08_KC@NYM,S106_2026-07-08_MAIN,2026-07-08,Wednesday,main_slate,15,NYM,KC,NL,AL,True,False,False
2026-07-08_ATL@PIT,S106_2026-07-08_MAIN,2026-07-08,Wednesday,main_slate,15,PIT,ATL,NL,NL,False,False,False
2026-07-08_ARI@SD,S106_2026-07-08_MAIN,2026-07-08,Wednesday,main_slate,15,SD,ARI,NL,NL,False,False,False
2026-07-08_TOR@SF,S106_2026-07-08_MAIN,2026-07-08,Wednesday,main_slate,15,SF,TOR,NL,AL,True,False,False
2026-07-08_MIL@STL,S106_2026-07-08_MAIN,2026-07-08,Wednesday,main_slate,15,STL,MIL,NL,NL,False,False,False
2026-07-08_NYY@TB,S106_2026-07-08_MAIN,2026-07-08,Wednesday,main_slate,15,TB,NYY,AL,AL,False,False,False
2026-07-08_LAA@TEX,S106_2026-07-08_MAIN,2026-07-08,Wednesday,main_slate,15,TEX,LAA,AL,AL,False,False,False
2026-07-08_HOU@WSH,S106_2026-07-08_MAIN,2026-07-08,Wednesday,main_slate,15,WSH,HOU,NL,AL,True,False,False
2026-07-09_CHC@BAL,S107_2026-07-09_MAIN,2026-07-09,Thursday,main_slate,13,BAL,CHC,AL,NL,True,False,False
2026-07-09_BOS@CHW,S107_2026-07-09_MAIN,2026-07-09,Thursday,main_slate,13,CHW,BOS,AL,AL,False,False,False
2026-07-09_PHI@CIN,S107_2026-07-09_MAIN,2026-07-09,Thursday,main_slate,13,CIN,PHI,NL,NL,False,False,False
2026-07-09_ATH@DET,S107_2026-07-09_MAIN,2026-07-09,Thursday,main_slate,13,DET,ATH,AL,AL,False,False,False
2026-07-09_SEA@MIA,S107_2026-07-09_MAIN,2026-07-09,Thursday,main_slate,13,MIA,SEA,NL,AL,True,False,False
2026-07-09_CLE@MIN,S107_2026-07-09_MAIN,2026-07-09,Thursday,main_slate,13,MIN,CLE,AL,AL,False,False,False
2026-07-09_KC@NYM,S107_2026-07-09_MAIN,2026-07-09,Thursday,main_slate,13,NYM,KC,NL,AL,True,False,False
2026-07-09_ATL@PIT,S107_2026-07-09_MAIN,2026-07-09,Thursday,main_slate,13,PIT,ATL,NL,NL,False,False,False
2026-07-09_ARI@SD,S107_2026-07-09_MAIN,2026-07-09,Thursday,main_slate,13,SD,ARI,NL,NL,False,False,False
2026-07-09_COL@SF,S107_2026-07-09_MAIN,2026-07-09,Thursday,main_slate,13,SF,COL,NL,NL,False,False,False
2026-07-09_MIL@STL,S107_2026-07-09_MAIN,2026-07-09,Thursday,main_slate,13,STL,MIL,NL,NL,False,False,False
2026-07-09_NYY@TB,S107_2026-07-09_MAIN,2026-07-09,Thursday,main_slate,13,TB,NYY,AL,AL,False,False,False
2026-07-09_LAA@TEX,S107_2026-07-09_MAIN,2026-07-09,Thursday,main_slate,13,TEX,LAA,AL,AL,False,False,False
2026-07-10_KC@BAL,S108_2026-07-10_MAIN,2026-07-10,Friday,main_slate,15,BAL,KC,AL,AL,False,False,False
2026-07-10_ATH@CHW,S108_2026-07-10_MAIN,2026-07-10,Friday,main_slate,15,CHW,ATH,AL,AL,False,False,False
2026-07-10_CHC@CIN,S108_2026-07-10_MAIN,2026-07-10,Friday,main_slate,15,CIN,CHC,NL,NL,False,False,False
2026-07-10_PHI@DET,S108_2026-07-10_MAIN,2026-07-10,Friday,main_slate,15,DET,PHI,AL,NL,True,False,False
2026-07-10_ARI@LAD,S108_2026-07-10_MAIN,2026-07-10,Friday,main_slate,15,LAD,ARI,NL,NL,False,False,False
2026-07-10_CLE@MIA,S108_2026-07-10_MAIN,2026-07-10,Friday,main_slate,15,MIA,CLE,NL,AL,True,False,False
2026-07-10_LAA@MIN,S108_2026-07-10_MAIN,2026-07-10,Friday,main_slate,15,MIN,LAA,AL,AL,False,False,False
2026-07-10_BOS@NYM,S108_2026-07-10_MAIN,2026-07-10,Friday,main_slate,15,NYM,BOS,NL,AL,True,False,False
2026-07-10_MIL@PIT,S108_2026-07-10_MAIN,2026-07-10,Friday,main_slate,15,PIT,MIL,NL,NL,False,False,False
2026-07-10_TOR@SD,S108_2026-07-10_MAIN,2026-07-10,Friday,main_slate,15,SD,TOR,NL,AL,True,False,False
2026-07-10_COL@SF,S108_2026-07-10_MAIN,2026-07-10,Friday,main_slate,15,SF,COL,NL,NL,False,False,False
2026-07-10_ATL@STL,S108_2026-07-10_MAIN,2026-07-10,Friday,main_slate,15,STL,ATL,NL,NL,False,False,False
2026-07-10_SEA@TB,S108_2026-07-10_MAIN,2026-07-10,Friday,main_slate,15,TB,SEA,AL,AL,False,False,False
2026-07-10_HOU@TEX,S108_2026-07-10_MAIN,2026-07-10,Friday,main_slate,15,TEX,HOU,AL,AL,False,False,False
2026-07-10_NYY@WSH,S108_2026-07-10_MAIN,2026-07-10,Friday,main_slate,15,WSH,NYY,NL,AL,True,False,False
2026-07-11_KC@BAL,S109_2026-07-11_MAIN,2026-07-11,Saturday,main_slate,15,BAL,KC,AL,AL,False,False,False
2026-07-11_ATH@CHW,S109_2026-07-11_MAIN,2026-07-11,Saturday,main_slate,15,CHW,ATH,AL,AL,False,False,False
2026-07-11_CHC@CIN,S109_2026-07-11_MAIN,2026-07-11,Saturday,main_slate,15,CIN,CHC,NL,NL,False,False,False
2026-07-11_PHI@DET,S109_2026-07-11_MAIN,2026-07-11,Saturday,main_slate,15,DET,PHI,AL,NL,True,False,False
2026-07-11_ARI@LAD,S109_2026-07-11_MAIN,2026-07-11,Saturday,main_slate,15,LAD,ARI,NL,NL,False,False,False
2026-07-11_CLE@MIA,S109_2026-07-11_MAIN,2026-07-11,Saturday,main_slate,15,MIA,CLE,NL,AL,True,False,False
2026-07-11_LAA@MIN,S109_2026-07-11_MAIN,2026-07-11,Saturday,main_slate,15,MIN,LAA,AL,AL,False,False,False
2026-07-11_BOS@NYM,S109_2026-07-11_MAIN,2026-07-11,Saturday,main_slate,15,NYM,BOS,NL,AL,True,False,False
2026-07-11_MIL@PIT,S109_2026-07-11_MAIN,2026-07-11,Saturday,main_slate,15,PIT,MIL,NL,NL,False,False,False
2026-07-11_TOR@SD,S109_2026-07-11_MAIN,2026-07-11,Saturday,main_slate,15,SD,TOR,NL,AL,True,False,False
2026-07-11_COL@SF,S109_2026-07-11_MAIN,2026-07-11,Saturday,main_slate,15,SF,COL,NL,NL,False,False,False
2026-07-11_ATL@STL,S109_2026-07-11_MAIN,2026-07-11,Saturday,main_slate,15,STL,ATL,NL,NL,False,False,False
2026-07-11_SEA@TB,S109_2026-07-11_MAIN,2026-07-11,Saturday,main_slate,15,TB,SEA,AL,AL,False,False,False
2026-07-11_HOU@TEX,S109_2026-07-11_MAIN,2026-07-11,Saturday,main_slate,15,TEX,HOU,AL,AL,False,False,False
2026-07-11_NYY@WSH,S109_2026-07-11_MAIN,2026-07-11,Saturday,main_slate,15,WSH,NYY,NL,AL,True,False,False
2026-07-12_KC@BAL,S110_2026-07-12_MAIN,2026-07-12,Sunday,main_slate,15,BAL,KC,AL,AL,False,False,False
2026-07-12_ATH@CHW,S110_2026-07-12_MAIN,2026-07-12,Sunday,main_slate,15,CHW,ATH,AL,AL,False,False,False
2026-07-12_CHC@CIN,S110_2026-07-12_MAIN,2026-07-12,Sunday,main_slate,15,CIN,CHC,NL,NL,False,False,False
2026-07-12_PHI@DET,S110_2026-07-12_MAIN,2026-07-12,Sunday,main_slate,15,DET,PHI,AL,NL,True,False,False
2026-07-12_ARI@LAD,S110_2026-07-12_MAIN,2026-07-12,Sunday,main_slate,15,LAD,ARI,NL,NL,False,False,False
2026-07-12_CLE@MIA,S110_2026-07-12_MAIN,2026-07-12,Sunday,main_slate,15,MIA,CLE,NL,AL,True,False,False
2026-07-12_LAA@MIN,S110_2026-07-12_MAIN,2026-07-12,Sunday,main_slate,15,MIN,LAA,AL,AL,False,False,False
2026-07-12_BOS@NYM,S110_2026-07-12_MAIN,2026-07-12,Sunday,main_slate,15,NYM,BOS,NL,AL,True,False,False
2026-07-12_MIL@PIT,S110_2026-07-12_MAIN,2026-07-12,Sunday,main_slate,15,PIT,MIL,NL,NL,False,False,False
2026-07-12_TOR@SD,S110_2026-07-12_MAIN,2026-07-12,Sunday,main_slate,15,SD,TOR,NL,AL,True,False,False
2026-07-12_COL@SF,S110_2026-07-12_MAIN,2026-07-12,Sunday,main_slate,15,SF,COL,NL,NL,False,False,False
2026-07-12_ATL@STL,S110_2026-07-12_MAIN,2026-07-12,Sunday,main_slate,15,STL,ATL,NL,NL,False,False,False
2026-07-12_SEA@TB,S110_2026-07-12_MAIN,2026-07-12,Sunday,main_slate,15,TB,SEA,AL,AL,False,False,False
2026-07-12_HOU@TEX,S110_2026-07-12_MAIN,2026-07-12,Sunday,main_slate,15,TEX,HOU,AL,AL,False,False,False
2026-07-12_NYY@WSH,S110_2026-07-12_MAIN,2026-07-12,Sunday,main_slate,15,WSH,NYY,NL,AL,True,False,False
2026-07-16_NYM@PHI,S111_2026-07-16_SOLO,2026-07-16,Thursday,single_game_slate,1,PHI,NYM,NL,NL,False,False,False
2026-07-17_STL@ARI,S112_2026-07-17_MAIN,2026-07-17,Friday,main_slate,14,ARI,STL,NL,NL,False,False,False
2026-07-17_WSH@ATH,S112_2026-07-17_MAIN,2026-07-17,Friday,main_slate,14,ATH,WSH,AL,NL,True,False,False
2026-07-17_TEX@ATL,S112_2026-07-17_MAIN,2026-07-17,Friday,main_slate,14,ATL,TEX,NL,AL,True,False,False
2026-07-17_TB@BOS,S112_2026-07-17_MAIN,2026-07-17,Friday,main_slate,14,BOS,TB,AL,AL,False,False,False
2026-07-17_MIN@CHC,S112_2026-07-17_MAIN,2026-07-17,Friday,main_slate,14,CHC,MIN,NL,AL,True,False,False
2026-07-17_PIT@CLE,S112_2026-07-17_MAIN,2026-07-17,Friday,main_slate,14,CLE,PIT,AL,NL,True,False,False
2026-07-17_CIN@COL,S112_2026-07-17_MAIN,2026-07-17,Friday,main_slate,14,COL,CIN,NL,NL,False,False,False
2026-07-17_BAL@HOU,S112_2026-07-17_MAIN,2026-07-17,Friday,main_slate,14,HOU,BAL,AL,AL,False,False,False
2026-07-17_SD@KC,S112_2026-07-17_MAIN,2026-07-17,Friday,main_slate,14,KC,SD,AL,NL,True,False,False
2026-07-17_DET@LAA,S112_2026-07-17_MAIN,2026-07-17,Friday,main_slate,14,LAA,DET,AL,AL,False,False,False
2026-07-17_MIA@MIL,S112_2026-07-17_MAIN,2026-07-17,Friday,main_slate,14,MIL,MIA,NL,NL,False,False,False
2026-07-17_LAD@NYY,S112_2026-07-17_MAIN,2026-07-17,Friday,main_slate,14,NYY,LAD,AL,NL,True,False,False
2026-07-17_SF@SEA,S112_2026-07-17_MAIN,2026-07-17,Friday,main_slate,14,SEA,SF,AL,NL,True,False,False
2026-07-17_CHW@TOR,S112_2026-07-17_MAIN,2026-07-17,Friday,main_slate,14,TOR,CHW,AL,AL,False,False,False
2026-07-18_STL@ARI,S113_2026-07-18_MAIN,2026-07-18,Saturday,main_slate,15,ARI,STL,NL,NL,False,False,False
2026-07-18_WSH@ATH,S113_2026-07-18_MAIN,2026-07-18,Saturday,main_slate,15,ATH,WSH,AL,NL,True,False,False
2026-07-18_TEX@ATL,S113_2026-07-18_MAIN,2026-07-18,Saturday,main_slate,15,ATL,TEX,NL,AL,True,False,False
2026-07-18_TB@BOS,S113_2026-07-18_MAIN,2026-07-18,Saturday,main_slate,15,BOS,TB,AL,AL,False,False,False
2026-07-18_MIN@CHC,S113_2026-07-18_MAIN,2026-07-18,Saturday,main_slate,15,CHC,MIN,NL,AL,True,False,False
2026-07-18_PIT@CLE,S113_2026-07-18_MAIN,2026-07-18,Saturday,main_slate,15,CLE,PIT,AL,NL,True,False,False
2026-07-18_CIN@COL,S113_2026-07-18_MAIN,2026-07-18,Saturday,main_slate,15,COL,CIN,NL,NL,False,False,False
2026-07-18_BAL@HOU,S113_2026-07-18_MAIN,2026-07-18,Saturday,main_slate,15,HOU,BAL,AL,AL,False,False,False
2026-07-18_SD@KC,S113_2026-07-18_MAIN,2026-07-18,Saturday,main_slate,15,KC,SD,AL,NL,True,False,False
2026-07-18_DET@LAA,S113_2026-07-18_MAIN,2026-07-18,Saturday,main_slate,15,LAA,DET,AL,AL,False,False,False
2026-07-18_MIA@MIL,S113_2026-07-18_MAIN,2026-07-18,Saturday,main_slate,15,MIL,MIA,NL,NL,False,False,False
2026-07-18_LAD@NYY,S113_2026-07-18_MAIN,2026-07-18,Saturday,main_slate,15,NYY,LAD,AL,NL,True,False,False
2026-07-18_NYM@PHI,S113_2026-07-18_MAIN,2026-07-18,Saturday,main_slate,15,PHI,NYM,NL,NL,False,False,False
2026-07-18_SF@SEA,S113_2026-07-18_MAIN,2026-07-18,Saturday,main_slate,15,SEA,SF,AL,NL,True,False,False
2026-07-18_CHW@TOR,S113_2026-07-18_MAIN,2026-07-18,Saturday,main_slate,15,TOR,CHW,AL,AL,False,False,False
2026-07-19_STL@ARI,S114_2026-07-19_MAIN,2026-07-19,Sunday,main_slate,15,ARI,STL,NL,NL,False,False,False
2026-07-19_WSH@ATH,S114_2026-07-19_MAIN,2026-07-19,Sunday,main_slate,15,ATH,WSH,AL,NL,True,False,False
2026-07-19_TEX@ATL,S114_2026-07-19_MAIN,2026-07-19,Sunday,main_slate,15,ATL,TEX,NL,AL,True,False,False
2026-07-19_TB@BOS,S114_2026-07-19_MAIN,2026-07-19,Sunday,main_slate,15,BOS,TB,AL,AL,False,False,False
2026-07-19_MIN@CHC,S114_2026-07-19_MAIN,2026-07-19,Sunday,main_slate,15,CHC,MIN,NL,AL,True,False,False
2026-07-19_PIT@CLE,S114_2026-07-19_MAIN,2026-07-19,Sunday,main_slate,15,CLE,PIT,AL,NL,True,False,False
2026-07-19_CIN@COL,S114_2026-07-19_MAIN,2026-07-19,Sunday,main_slate,15,COL,CIN,NL,NL,False,False,False
2026-07-19_BAL@HOU,S114_2026-07-19_MAIN,2026-07-19,Sunday,main_slate,15,HOU,BAL,AL,AL,False,False,False
2026-07-19_SD@KC,S114_2026-07-19_MAIN,2026-07-19,Sunday,main_slate,15,KC,SD,AL,NL,True,False,False
2026-07-19_DET@LAA,S114_2026-07-19_MAIN,2026-07-19,Sunday,main_slate,15,LAA,DET,AL,AL,False,False,False
2026-07-19_MIA@MIL,S114_2026-07-19_MAIN,2026-07-19,Sunday,main_slate,15,MIL,MIA,NL,NL,False,False,False
2026-07-19_LAD@NYY,S114_2026-07-19_MAIN,2026-07-19,Sunday,main_slate,15,NYY,LAD,AL,NL,True,False,False
2026-07-19_NYM@PHI,S114_2026-07-19_MAIN,2026-07-19,Sunday,main_slate,15,PHI,NYM,NL,NL,False,False,False
2026-07-19_SF@SEA,S114_2026-07-19_MAIN,2026-07-19,Sunday,main_slate,15,SEA,SF,AL,NL,True,False,False
2026-07-19_CHW@TOR,S114_2026-07-19_MAIN,2026-07-19,Sunday,main_slate,15,TOR,CHW,AL,AL,False,False,False
2026-07-20_ATH@ARI,S115_2026-07-20_MAIN,2026-07-20,Monday,main_slate,15,ARI,ATH,NL,AL,True,False,False
2026-07-20_SD@ATL,S115_2026-07-20_MAIN,2026-07-20,Monday,main_slate,15,ATL,SD,NL,NL,False,False,False
2026-07-20_BAL@BOS,S115_2026-07-20_MAIN,2026-07-20,Monday,main_slate,15,BOS,BAL,AL,AL,False,False,False
2026-07-20_DET@CHC,S115_2026-07-20_MAIN,2026-07-20,Monday,main_slate,15,CHC,DET,NL,AL,True,False,False
2026-07-20_MIN@CLE,S115_2026-07-20_MAIN,2026-07-20,Monday,main_slate,15,CLE,MIN,AL,AL,False,False,False
2026-07-20_WSH@COL,S115_2026-07-20_MAIN,2026-07-20,Monday,main_slate,15,COL,WSH,NL,NL,False,False,False
2026-07-20_MIA@HOU,S115_2026-07-20_MAIN,2026-07-20,Monday,main_slate,15,HOU,MIA,AL,NL,True,False,False
2026-07-20_SF@KC,S115_2026-07-20_MAIN,2026-07-20,Monday,main_slate,15,KC,SF,AL,NL,True,False,False
2026-07-20_STL@LAA,S115_2026-07-20_MAIN,2026-07-20,Monday,main_slate,15,LAA,STL,AL,NL,True,False,False
2026-07-20_NYM@MIL,S115_2026-07-20_MAIN,2026-07-20,Monday,main_slate,15,MIL,NYM,NL,NL,False,False,False
2026-07-20_PIT@NYY,S115_2026-07-20_MAIN,2026-07-20,Monday,main_slate,15,NYY,PIT,AL,NL,True,False,False
2026-07-20_LAD@PHI,S115_2026-07-20_MAIN,2026-07-20,Monday,main_slate,15,PHI,LAD,NL,NL,False,False,False
2026-07-20_CIN@SEA,S115_2026-07-20_MAIN,2026-07-20,Monday,main_slate,15,SEA,CIN,AL,NL,True,False,False
2026-07-20_CHW@TEX,S115_2026-07-20_MAIN,2026-07-20,Monday,main_slate,15,TEX,CHW,AL,AL,False,False,False
2026-07-20_TB@TOR,S115_2026-07-20_MAIN,2026-07-20,Monday,main_slate,15,TOR,TB,AL,AL,False,False,False
2026-07-21_ATH@ARI,S116_2026-07-21_MAIN,2026-07-21,Tuesday,main_slate,15,ARI,ATH,NL,AL,True,False,False
2026-07-21_SD@ATL,S116_2026-07-21_MAIN,2026-07-21,Tuesday,main_slate,15,ATL,SD,NL,NL,False,False,False
2026-07-21_BAL@BOS,S116_2026-07-21_MAIN,2026-07-21,Tuesday,main_slate,15,BOS,BAL,AL,AL,False,False,False
2026-07-21_DET@CHC,S116_2026-07-21_MAIN,2026-07-21,Tuesday,main_slate,15,CHC,DET,NL,AL,True,False,False
2026-07-21_MIN@CLE,S116_2026-07-21_MAIN,2026-07-21,Tuesday,main_slate,15,CLE,MIN,AL,AL,False,False,False
2026-07-21_WSH@COL,S116_2026-07-21_MAIN,2026-07-21,Tuesday,main_slate,15,COL,WSH,NL,NL,False,False,False
2026-07-21_MIA@HOU,S116_2026-07-21_MAIN,2026-07-21,Tuesday,main_slate,15,HOU,MIA,AL,NL,True,False,False
2026-07-21_SF@KC,S116_2026-07-21_MAIN,2026-07-21,Tuesday,main_slate,15,KC,SF,AL,NL,True,False,False
2026-07-21_STL@LAA,S116_2026-07-21_MAIN,2026-07-21,Tuesday,main_slate,15,LAA,STL,AL,NL,True,False,False
2026-07-21_NYM@MIL,S116_2026-07-21_MAIN,2026-07-21,Tuesday,main_slate,15,MIL,NYM,NL,NL,False,False,False
2026-07-21_PIT@NYY,S116_2026-07-21_MAIN,2026-07-21,Tuesday,main_slate,15,NYY,PIT,AL,NL,True,False,False
2026-07-21_LAD@PHI,S116_2026-07-21_MAIN,2026-07-21,Tuesday,main_slate,15,PHI,LAD,NL,NL,False,False,False
2026-07-21_CIN@SEA,S116_2026-07-21_MAIN,2026-07-21,Tuesday,main_slate,15,SEA,CIN,AL,NL,True,False,False
2026-07-21_CHW@TEX,S116_2026-07-21_MAIN,2026-07-21,Tuesday,main_slate,15,TEX,CHW,AL,AL,False,False,False
2026-07-21_TB@TOR,S116_2026-07-21_MAIN,2026-07-21,Tuesday,main_slate,15,TOR,TB,AL,AL,False,False,False
2026-07-22_ATH@ARI,S117_2026-07-22_MAIN,2026-07-22,Wednesday,main_slate,15,ARI,ATH,NL,AL,True,False,False
2026-07-22_SD@ATL,S117_2026-07-22_MAIN,2026-07-22,Wednesday,main_slate,15,ATL,SD,NL,NL,False,False,False
2026-07-22_BAL@BOS,S117_2026-07-22_MAIN,2026-07-22,Wednesday,main_slate,15,BOS,BAL,AL,AL,False,False,False
2026-07-22_DET@CHC,S117_2026-07-22_MAIN,2026-07-22,Wednesday,main_slate,15,CHC,DET,NL,AL,True,False,False
2026-07-22_MIN@CLE,S117_2026-07-22_MAIN,2026-07-22,Wednesday,main_slate,15,CLE,MIN,AL,AL,False,False,False
2026-07-22_WSH@COL,S117_2026-07-22_MAIN,2026-07-22,Wednesday,main_slate,15,COL,WSH,NL,NL,False,False,False
2026-07-22_MIA@HOU,S117_2026-07-22_MAIN,2026-07-22,Wednesday,main_slate,15,HOU,MIA,AL,NL,True,False,False
2026-07-22_SF@KC,S117_2026-07-22_MAIN,2026-07-22,Wednesday,main_slate,15,KC,SF,AL,NL,True,False,False
2026-07-22_STL@LAA,S117_2026-07-22_MAIN,2026-07-22,Wednesday,main_slate,15,LAA,STL,AL,NL,True,False,False
2026-07-22_NYM@MIL,S117_2026-07-22_MAIN,2026-07-22,Wednesday,main_slate,15,MIL,NYM,NL,NL,False,False,False
2026-07-22_PIT@NYY,S117_2026-07-22_MAIN,2026-07-22,Wednesday,main_slate,15,NYY,PIT,AL,NL,True,False,False
2026-07-22_LAD@PHI,S117_2026-07-22_MAIN,2026-07-22,Wednesday,main_slate,15,PHI,LAD,NL,NL,False,False,False
2026-07-22_CIN@SEA,S117_2026-07-22_MAIN,2026-07-22,Wednesday,main_slate,15,SEA,CIN,AL,NL,True,False,False
2026-07-22_CHW@TEX,S117_2026-07-22_MAIN,2026-07-22,Wednesday,main_slate,15,TEX,CHW,AL,AL,False,False,False
2026-07-22_TB@TOR,S117_2026-07-22_MAIN,2026-07-22,Wednesday,main_slate,15,TOR,TB,AL,AL,False,False,False
2026-07-23_SD@ATL,S118_2026-07-23_SMALL,2026-07-23,Thursday,small_slate,4,ATL,SD,NL,NL,False,False,False
2026-07-23_MIN@CLE,S118_2026-07-23_SMALL,2026-07-23,Thursday,small_slate,4,CLE,MIN,AL,AL,False,False,False
2026-07-23_KC@DET,S118_2026-07-23_SMALL,2026-07-23,Thursday,small_slate,4,DET,KC,AL,AL,False,False,False
2026-07-23_TB@TOR,S118_2026-07-23_SMALL,2026-07-23,Thursday,small_slate,4,TOR,TB,AL,AL,False,False,False
2026-07-24_ATL@BAL,S119_2026-07-24_MAIN,2026-07-24,Friday,main_slate,15,BAL,ATL,AL,NL,True,False,False
2026-07-24_TOR@BOS,S119_2026-07-24_MAIN,2026-07-24,Friday,main_slate,15,BOS,TOR,AL,AL,False,False,False
2026-07-24_HOU@CHW,S119_2026-07-24_MAIN,2026-07-24,Friday,main_slate,15,CHW,HOU,AL,AL,False,False,False
2026-07-24_KC@DET,S119_2026-07-24_MAIN,2026-07-24,Friday,main_slate,15,DET,KC,AL,AL,False,False,False
2026-07-24_SD@MIA,S119_2026-07-24_MAIN,2026-07-24,Friday,main_slate,15,MIA,SD,NL,NL,False,False,False
2026-07-24_COL@MIL,S119_2026-07-24_MAIN,2026-07-24,Friday,main_slate,15,MIL,COL,NL,NL,False,False,False
2026-07-24_ATH@MIN,S119_2026-07-24_MAIN,2026-07-24,Friday,main_slate,15,MIN,ATH,AL,AL,False,False,False
2026-07-24_LAD@NYM,S119_2026-07-24_MAIN,2026-07-24,Friday,main_slate,15,NYM,LAD,NL,NL,False,False,False
2026-07-24_NYY@PHI,S119_2026-07-24_MAIN,2026-07-24,Friday,main_slate,15,PHI,NYY,NL,AL,True,False,False
2026-07-24_CHC@PIT,S119_2026-07-24_MAIN,2026-07-24,Friday,main_slate,15,PIT,CHC,NL,NL,False,False,False
2026-07-24_LAA@SF,S119_2026-07-24_MAIN,2026-07-24,Friday,main_slate,15,SF,LAA,NL,AL,True,False,False
2026-07-24_CIN@STL,S119_2026-07-24_MAIN,2026-07-24,Friday,main_slate,15,STL,CIN,NL,NL,False,False,False
2026-07-24_CLE@TB,S119_2026-07-24_MAIN,2026-07-24,Friday,main_slate,15,TB,CLE,AL,AL,False,False,False
2026-07-24_SEA@TEX,S119_2026-07-24_MAIN,2026-07-24,Friday,main_slate,15,TEX,SEA,AL,AL,False,False,False
2026-07-24_ARI@WSH,S119_2026-07-24_MAIN,2026-07-24,Friday,main_slate,15,WSH,ARI,NL,NL,False,False,False
2026-07-25_ATL@BAL,S120_2026-07-25_MAIN,2026-07-25,Saturday,main_slate,15,BAL,ATL,AL,NL,True,False,False
2026-07-25_TOR@BOS,S120_2026-07-25_MAIN,2026-07-25,Saturday,main_slate,15,BOS,TOR,AL,AL,False,False,False
2026-07-25_HOU@CHW,S120_2026-07-25_MAIN,2026-07-25,Saturday,main_slate,15,CHW,HOU,AL,AL,False,False,False
2026-07-25_KC@DET,S120_2026-07-25_MAIN,2026-07-25,Saturday,main_slate,15,DET,KC,AL,AL,False,False,False
2026-07-25_SD@MIA,S120_2026-07-25_MAIN,2026-07-25,Saturday,main_slate,15,MIA,SD,NL,NL,False,False,False
2026-07-25_COL@MIL,S120_2026-07-25_MAIN,2026-07-25,Saturday,main_slate,15,MIL,COL,NL,NL,False,False,False
2026-07-25_ATH@MIN,S120_2026-07-25_MAIN,2026-07-25,Saturday,main_slate,15,MIN,ATH,AL,AL,False,False,False
2026-07-25_LAD@NYM,S120_2026-07-25_MAIN,2026-07-25,Saturday,main_slate,15,NYM,LAD,NL,NL,False,False,False
2026-07-25_NYY@PHI,S120_2026-07-25_MAIN,2026-07-25,Saturday,main_slate,15,PHI,NYY,NL,AL,True,False,False
2026-07-25_CHC@PIT,S120_2026-07-25_MAIN,2026-07-25,Saturday,main_slate,15,PIT,CHC,NL,NL,False,False,False
2026-07-25_LAA@SF,S120_2026-07-25_MAIN,2026-07-25,Saturday,main_slate,15,SF,LAA,NL,AL,True,False,False
2026-07-25_CIN@STL,S120_2026-07-25_MAIN,2026-07-25,Saturday,main_slate,15,STL,CIN,NL,NL,False,False,False
2026-07-25_CLE@TB,S120_2026-07-25_MAIN,2026-07-25,Saturday,main_slate,15,TB,CLE,AL,AL,False,False,False
2026-07-25_SEA@TEX,S120_2026-07-25_MAIN,2026-07-25,Saturday,main_slate,15,TEX,SEA,AL,AL,False,False,False
2026-07-25_ARI@WSH,S120_2026-07-25_MAIN,2026-07-25,Saturday,main_slate,15,WSH,ARI,NL,NL,False,False,False
2026-07-26_ATL@BAL,S121_2026-07-26_MAIN,2026-07-26,Sunday,main_slate,15,BAL,ATL,AL,NL,True,False,False
2026-07-26_TOR@BOS,S121_2026-07-26_MAIN,2026-07-26,Sunday,main_slate,15,BOS,TOR,AL,AL,False,False,False
2026-07-26_HOU@CHW,S121_2026-07-26_MAIN,2026-07-26,Sunday,main_slate,15,CHW,HOU,AL,AL,False,False,False
2026-07-26_KC@DET,S121_2026-07-26_MAIN,2026-07-26,Sunday,main_slate,15,DET,KC,AL,AL,False,False,False
2026-07-26_SD@MIA,S121_2026-07-26_MAIN,2026-07-26,Sunday,main_slate,15,MIA,SD,NL,NL,False,False,False
2026-07-26_COL@MIL,S121_2026-07-26_MAIN,2026-07-26,Sunday,main_slate,15,MIL,COL,NL,NL,False,False,False
2026-07-26_ATH@MIN,S121_2026-07-26_MAIN,2026-07-26,Sunday,main_slate,15,MIN,ATH,AL,AL,False,False,False
2026-07-26_LAD@NYM,S121_2026-07-26_MAIN,2026-07-26,Sunday,main_slate,15,NYM,LAD,NL,NL,False,False,False
2026-07-26_NYY@PHI,S121_2026-07-26_MAIN,2026-07-26,Sunday,main_slate,15,PHI,NYY,NL,AL,True,False,False
2026-07-26_CHC@PIT,S121_2026-07-26_MAIN,2026-07-26,Sunday,main_slate,15,PIT,CHC,NL,NL,False,False,False
2026-07-26_LAA@SF,S121_2026-07-26_MAIN,2026-07-26,Sunday,main_slate,15,SF,LAA,NL,AL,True,False,False
2026-07-26_CIN@STL,S121_2026-07-26_MAIN,2026-07-26,Sunday,main_slate,15,STL,CIN,NL,NL,False,False,False
2026-07-26_CLE@TB,S121_2026-07-26_MAIN,2026-07-26,Sunday,main_slate,15,TB,CLE,AL,AL,False,False,False
2026-07-26_SEA@TEX,S121_2026-07-26_MAIN,2026-07-26,Sunday,main_slate,15,TEX,SEA,AL,AL,False,False,False
2026-07-26_ARI@WSH,S121_2026-07-26_MAIN,2026-07-26,Sunday,main_slate,15,WSH,ARI,NL,NL,False,False,False
2026-07-27_BOS@ATH,S122_2026-07-27_MAIN,2026-07-27,Monday,main_slate,12,ATH,BOS,AL,AL,False,False,False
2026-07-27_NYY@CHW,S122_2026-07-27_MAIN,2026-07-27,Monday,main_slate,12,CHW,NYY,AL,AL,False,False,False
2026-07-27_CLE@CIN,S122_2026-07-27_MAIN,2026-07-27,Monday,main_slate,12,CIN,CLE,NL,AL,True,False,False
2026-07-27_BAL@DET,S122_2026-07-27_MAIN,2026-07-27,Monday,main_slate,12,DET,BAL,AL,AL,False,False,False
2026-07-27_HOU@LAA,S122_2026-07-27_MAIN,2026-07-27,Monday,main_slate,12,LAA,HOU,AL,AL,False,False,False
2026-07-27_PHI@MIA,S122_2026-07-27_MAIN,2026-07-27,Monday,main_slate,12,MIA,PHI,NL,NL,False,False,False
2026-07-27_ATL@NYM,S122_2026-07-27_MAIN,2026-07-27,Monday,main_slate,12,NYM,ATL,NL,NL,False,False,False
2026-07-27_ARI@PIT,S122_2026-07-27_MAIN,2026-07-27,Monday,main_slate,12,PIT,ARI,NL,NL,False,False,False
2026-07-27_MIL@SF,S122_2026-07-27_MAIN,2026-07-27,Monday,main_slate,12,SF,MIL,NL,NL,False,False,False
2026-07-27_CHC@STL,S122_2026-07-27_MAIN,2026-07-27,Monday,main_slate,12,STL,CHC,NL,NL,False,False,False
2026-07-27_SEA@TEX,S122_2026-07-27_MAIN,2026-07-27,Monday,main_slate,12,TEX,SEA,AL,AL,False,False,False
2026-07-27_TOR@WSH,S122_2026-07-27_MAIN,2026-07-27,Monday,main_slate,12,WSH,TOR,NL,AL,True,False,False
2026-07-28_BOS@ATH,S123_2026-07-28_MAIN,2026-07-28,Tuesday,main_slate,15,ATH,BOS,AL,AL,False,False,False
2026-07-28_NYY@CHW,S123_2026-07-28_MAIN,2026-07-28,Tuesday,main_slate,15,CHW,NYY,AL,AL,False,False,False
2026-07-28_CLE@CIN,S123_2026-07-28_MAIN,2026-07-28,Tuesday,main_slate,15,CIN,CLE,NL,AL,True,False,False
2026-07-28_BAL@DET,S123_2026-07-28_MAIN,2026-07-28,Tuesday,main_slate,15,DET,BAL,AL,AL,False,False,False
2026-07-28_HOU@LAA,S123_2026-07-28_MAIN,2026-07-28,Tuesday,main_slate,15,LAA,HOU,AL,AL,False,False,False
2026-07-28_SEA@LAD,S123_2026-07-28_MAIN,2026-07-28,Tuesday,main_slate,15,LAD,SEA,NL,AL,True,False,False
2026-07-28_PHI@MIA,S123_2026-07-28_MAIN,2026-07-28,Tuesday,main_slate,15,MIA,PHI,NL,NL,False,False,False
2026-07-28_KC@MIN,S123_2026-07-28_MAIN,2026-07-28,Tuesday,main_slate,15,MIN,KC,AL,AL,False,False,False
2026-07-28_ATL@NYM,S123_2026-07-28_MAIN,2026-07-28,Tuesday,main_slate,15,NYM,ATL,NL,NL,False,False,False
2026-07-28_ARI@PIT,S123_2026-07-28_MAIN,2026-07-28,Tuesday,main_slate,15,PIT,ARI,NL,NL,False,False,False
2026-07-28_COL@SD,S123_2026-07-28_MAIN,2026-07-28,Tuesday,main_slate,15,SD,COL,NL,NL,False,False,False
2026-07-28_MIL@SF,S123_2026-07-28_MAIN,2026-07-28,Tuesday,main_slate,15,SF,MIL,NL,NL,False,False,False
2026-07-28_CHC@STL,S123_2026-07-28_MAIN,2026-07-28,Tuesday,main_slate,15,STL,CHC,NL,NL,False,False,False
2026-07-28_TEX@TB,S123_2026-07-28_MAIN,2026-07-28,Tuesday,main_slate,15,TB,TEX,AL,AL,False,False,False
2026-07-28_TOR@WSH,S123_2026-07-28_MAIN,2026-07-28,Tuesday,main_slate,15,WSH,TOR,NL,AL,True,False,False
2026-07-29_BOS@ATH,S124_2026-07-29_MAIN,2026-07-29,Wednesday,main_slate,15,ATH,BOS,AL,AL,False,False,False
2026-07-29_NYY@CHW,S124_2026-07-29_MAIN,2026-07-29,Wednesday,main_slate,15,CHW,NYY,AL,AL,False,False,False
2026-07-29_CLE@CIN,S124_2026-07-29_MAIN,2026-07-29,Wednesday,main_slate,15,CIN,CLE,NL,AL,True,False,False
2026-07-29_BAL@DET,S124_2026-07-29_MAIN,2026-07-29,Wednesday,main_slate,15,DET,BAL,AL,AL,False,False,False
2026-07-29_HOU@LAA,S124_2026-07-29_MAIN,2026-07-29,Wednesday,main_slate,15,LAA,HOU,AL,AL,False,False,False
2026-07-29_SEA@LAD,S124_2026-07-29_MAIN,2026-07-29,Wednesday,main_slate,15,LAD,SEA,NL,AL,True,False,False
2026-07-29_PHI@MIA,S124_2026-07-29_MAIN,2026-07-29,Wednesday,main_slate,15,MIA,PHI,NL,NL,False,False,False
2026-07-29_KC@MIN,S124_2026-07-29_MAIN,2026-07-29,Wednesday,main_slate,15,MIN,KC,AL,AL,False,False,False
2026-07-29_ATL@NYM,S124_2026-07-29_MAIN,2026-07-29,Wednesday,main_slate,15,NYM,ATL,NL,NL,False,False,False
2026-07-29_ARI@PIT,S124_2026-07-29_MAIN,2026-07-29,Wednesday,main_slate,15,PIT,ARI,NL,NL,False,False,False
2026-07-29_COL@SD,S124_2026-07-29_MAIN,2026-07-29,Wednesday,main_slate,15,SD,COL,NL,NL,False,False,False
2026-07-29_MIL@SF,S124_2026-07-29_MAIN,2026-07-29,Wednesday,main_slate,15,SF,MIL,NL,NL,False,False,False
2026-07-29_CHC@STL,S124_2026-07-29_MAIN,2026-07-29,Wednesday,main_slate,15,STL,CHC,NL,NL,False,False,False
2026-07-29_TEX@TB,S124_2026-07-29_MAIN,2026-07-29,Wednesday,main_slate,15,TB,TEX,AL,AL,False,False,False
2026-07-29_TOR@WSH,S124_2026-07-29_MAIN,2026-07-29,Wednesday,main_slate,15,WSH,TOR,NL,AL,True,False,False
2026-07-30_BOS@ATH,S125_2026-07-30_MAIN,2026-07-30,Thursday,main_slate,10,ATH,BOS,AL,AL,False,False,False
2026-07-30_WSH@ATL,S125_2026-07-30_MAIN,2026-07-30,Thursday,main_slate,10,ATL,WSH,NL,NL,False,False,False
2026-07-30_NYY@CHW,S125_2026-07-30_MAIN,2026-07-30,Thursday,main_slate,10,CHW,NYY,AL,AL,False,False,False
2026-07-30_PIT@CIN,S125_2026-07-30_MAIN,2026-07-30,Thursday,main_slate,10,CIN,PIT,NL,NL,False,False,False
2026-07-30_SEA@LAD,S125_2026-07-30_MAIN,2026-07-30,Thursday,main_slate,10,LAD,SEA,NL,AL,True,False,False
2026-07-30_KC@MIN,S125_2026-07-30_MAIN,2026-07-30,Thursday,main_slate,10,MIN,KC,AL,AL,False,False,False
2026-07-30_MIA@NYM,S125_2026-07-30_MAIN,2026-07-30,Thursday,main_slate,10,NYM,MIA,NL,NL,False,False,False
2026-07-30_SF@SD,S125_2026-07-30_MAIN,2026-07-30,Thursday,main_slate,10,SD,SF,NL,NL,False,False,False
2026-07-30_CHC@STL,S125_2026-07-30_MAIN,2026-07-30,Thursday,main_slate,10,STL,CHC,NL,NL,False,False,False
2026-07-30_TEX@TB,S125_2026-07-30_MAIN,2026-07-30,Thursday,main_slate,10,TB,TEX,AL,AL,False,False,False
2026-07-31_DET@ATH,S126_2026-07-31_MAIN,2026-07-31,Friday,main_slate,15,ATH,DET,AL,AL,False,False,False
2026-07-31_WSH@ATL,S126_2026-07-31_MAIN,2026-07-31,Friday,main_slate,15,ATL,WSH,NL,NL,False,False,False
2026-07-31_PHI@BAL,S126_2026-07-31_MAIN,2026-07-31,Friday,main_slate,15,BAL,PHI,AL,NL,True,False,False
2026-07-31_NYY@CHC,S126_2026-07-31_MAIN,2026-07-31,Friday,main_slate,15,CHC,NYY,NL,AL,True,False,False
2026-07-31_PIT@CIN,S126_2026-07-31_MAIN,2026-07-31,Friday,main_slate,15,CIN,PIT,NL,NL,False,False,False
2026-07-31_ARI@CLE,S126_2026-07-31_MAIN,2026-07-31,Friday,main_slate,15,CLE,ARI,AL,NL,True,False,False
2026-07-31_KC@COL,S126_2026-07-31_MAIN,2026-07-31,Friday,main_slate,15,COL,KC,NL,AL,True,False,False
2026-07-31_TEX@HOU,S126_2026-07-31_MAIN,2026-07-31,Friday,main_slate,15,HOU,TEX,AL,AL,False,False,False
2026-07-31_MIL@LAA,S126_2026-07-31_MAIN,2026-07-31,Friday,main_slate,15,LAA,MIL,AL,NL,True,False,False
2026-07-31_BOS@LAD,S126_2026-07-31_MAIN,2026-07-31,Friday,main_slate,15,LAD,BOS,NL,AL,True,False,False
2026-07-31_MIA@NYM,S126_2026-07-31_MAIN,2026-07-31,Friday,main_slate,15,NYM,MIA,NL,NL,False,False,False
2026-07-31_SF@SD,S126_2026-07-31_MAIN,2026-07-31,Friday,main_slate,15,SD,SF,NL,NL,False,False,False
2026-07-31_MIN@SEA,S126_2026-07-31_MAIN,2026-07-31,Friday,main_slate,15,SEA,MIN,AL,AL,False,False,False
2026-07-31_CHW@TB,S126_2026-07-31_MAIN,2026-07-31,Friday,main_slate,15,TB,CHW,AL,AL,False,False,False
2026-07-31_STL@TOR,S126_2026-07-31_MAIN,2026-07-31,Friday,main_slate,15,TOR,STL,AL,NL,True,False,False
2026-08-01_DET@ATH,S127_2026-08-01_MAIN,2026-08-01,Saturday,main_slate,15,ATH,DET,AL,AL,False,False,False
2026-08-01_WSH@ATL,S127_2026-08-01_MAIN,2026-08-01,Saturday,main_slate,15,ATL,WSH,NL,NL,False,False,False
2026-08-01_PHI@BAL,S127_2026-08-01_MAIN,2026-08-01,Saturday,main_slate,15,BAL,PHI,AL,NL,True,False,False
2026-08-01_NYY@CHC,S127_2026-08-01_MAIN,2026-08-01,Saturday,main_slate,15,CHC,NYY,NL,AL,True,False,False
2026-08-01_PIT@CIN,S127_2026-08-01_MAIN,2026-08-01,Saturday,main_slate,15,CIN,PIT,NL,NL,False,False,False
2026-08-01_ARI@CLE,S127_2026-08-01_MAIN,2026-08-01,Saturday,main_slate,15,CLE,ARI,AL,NL,True,False,False
2026-08-01_KC@COL,S127_2026-08-01_MAIN,2026-08-01,Saturday,main_slate,15,COL,KC,NL,AL,True,False,False
2026-08-01_TEX@HOU,S127_2026-08-01_MAIN,2026-08-01,Saturday,main_slate,15,HOU,TEX,AL,AL,False,False,False
2026-08-01_MIL@LAA,S127_2026-08-01_MAIN,2026-08-01,Saturday,main_slate,15,LAA,MIL,AL,NL,True,False,False
2026-08-01_BOS@LAD,S127_2026-08-01_MAIN,2026-08-01,Saturday,main_slate,15,LAD,BOS,NL,AL,True,False,False
2026-08-01_MIA@NYM,S127_2026-08-01_MAIN,2026-08-01,Saturday,main_slate,15,NYM,MIA,NL,NL,False,False,False
2026-08-01_SF@SD,S127_2026-08-01_MAIN,2026-08-01,Saturday,main_slate,15,SD,SF,NL,NL,False,False,False
2026-08-01_MIN@SEA,S127_2026-08-01_MAIN,2026-08-01,Saturday,main_slate,15,SEA,MIN,AL,AL,False,False,False
2026-08-01_CHW@TB,S127_2026-08-01_MAIN,2026-08-01,Saturday,main_slate,15,TB,CHW,AL,AL,False,False,False
2026-08-01_STL@TOR,S127_2026-08-01_MAIN,2026-08-01,Saturday,main_slate,15,TOR,STL,AL,NL,True,False,False
2026-08-02_DET@ATH,S128_2026-08-02_MAIN,2026-08-02,Sunday,main_slate,15,ATH,DET,AL,AL,False,False,False
2026-08-02_WSH@ATL,S128_2026-08-02_MAIN,2026-08-02,Sunday,main_slate,15,ATL,WSH,NL,NL,False,False,False
2026-08-02_PHI@BAL,S128_2026-08-02_MAIN,2026-08-02,Sunday,main_slate,15,BAL,PHI,AL,NL,True,False,False
2026-08-02_NYY@CHC,S128_2026-08-02_MAIN,2026-08-02,Sunday,main_slate,15,CHC,NYY,NL,AL,True,False,False
2026-08-02_PIT@CIN,S128_2026-08-02_MAIN,2026-08-02,Sunday,main_slate,15,CIN,PIT,NL,NL,False,False,False
2026-08-02_ARI@CLE,S128_2026-08-02_MAIN,2026-08-02,Sunday,main_slate,15,CLE,ARI,AL,NL,True,False,False
2026-08-02_KC@COL,S128_2026-08-02_MAIN,2026-08-02,Sunday,main_slate,15,COL,KC,NL,AL,True,False,False
2026-08-02_TEX@HOU,S128_2026-08-02_MAIN,2026-08-02,Sunday,main_slate,15,HOU,TEX,AL,AL,False,False,False
2026-08-02_MIL@LAA,S128_2026-08-02_MAIN,2026-08-02,Sunday,main_slate,15,LAA,MIL,AL,NL,True,False,False
2026-08-02_BOS@LAD,S128_2026-08-02_MAIN,2026-08-02,Sunday,main_slate,15,LAD,BOS,NL,AL,True,False,False
2026-08-02_MIA@NYM,S128_2026-08-02_MAIN,2026-08-02,Sunday,main_slate,15,NYM,MIA,NL,NL,False,False,False
2026-08-02_SF@SD,S128_2026-08-02_MAIN,2026-08-02,Sunday,main_slate,15,SD,SF,NL,NL,False,False,False
2026-08-02_MIN@SEA,S128_2026-08-02_MAIN,2026-08-02,Sunday,main_slate,15,SEA,MIN,AL,AL,False,False,False
2026-08-02_CHW@TB,S128_2026-08-02_MAIN,2026-08-02,Sunday,main_slate,15,TB,CHW,AL,AL,False,False,False
2026-08-02_STL@TOR,S128_2026-08-02_MAIN,2026-08-02,Sunday,main_slate,15,TOR,STL,AL,NL,True,False,False
2026-08-03_SD@ARI,S129_2026-08-03_MAIN,2026-08-03,Monday,main_slate,8,ARI,SD,NL,NL,False,False,False
2026-08-03_LAD@CHC,S129_2026-08-03_MAIN,2026-08-03,Monday,main_slate,8,CHC,LAD,NL,NL,False,False,False
2026-08-03_TB@COL,S129_2026-08-03_MAIN,2026-08-03,Monday,main_slate,8,COL,TB,NL,AL,True,False,False
2026-08-03_TOR@HOU,S129_2026-08-03_MAIN,2026-08-03,Monday,main_slate,8,HOU,TOR,AL,AL,False,False,False
2026-08-03_PIT@MIL,S129_2026-08-03_MAIN,2026-08-03,Monday,main_slate,8,MIL,PIT,NL,NL,False,False,False
2026-08-03_STL@NYY,S129_2026-08-03_MAIN,2026-08-03,Monday,main_slate,8,NYY,STL,AL,NL,True,False,False
2026-08-03_WSH@PHI,S129_2026-08-03_MAIN,2026-08-03,Monday,main_slate,8,PHI,WSH,NL,NL,False,False,False
2026-08-03_SF@TEX,S129_2026-08-03_MAIN,2026-08-03,Monday,main_slate,8,TEX,SF,AL,NL,True,False,False
2026-08-04_SD@ARI,S130_2026-08-04_MAIN,2026-08-04,Tuesday,main_slate,15,ARI,SD,NL,NL,False,False,False
2026-08-04_MIA@ATL,S130_2026-08-04_MAIN,2026-08-04,Tuesday,main_slate,15,ATL,MIA,NL,NL,False,False,False
2026-08-04_LAA@BAL,S130_2026-08-04_MAIN,2026-08-04,Tuesday,main_slate,15,BAL,LAA,AL,AL,False,False,False
2026-08-04_CHW@BOS,S130_2026-08-04_MAIN,2026-08-04,Tuesday,main_slate,15,BOS,CHW,AL,AL,False,False,False
2026-08-04_LAD@CHC,S130_2026-08-04_MAIN,2026-08-04,Tuesday,main_slate,15,CHC,LAD,NL,NL,False,False,False
2026-08-04_ATH@CIN,S130_2026-08-04_MAIN,2026-08-04,Tuesday,main_slate,15,CIN,ATH,NL,AL,True,False,False
2026-08-04_NYM@CLE,S130_2026-08-04_MAIN,2026-08-04,Tuesday,main_slate,15,CLE,NYM,AL,NL,True,False,False
2026-08-04_TB@COL,S130_2026-08-04_MAIN,2026-08-04,Tuesday,main_slate,15,COL,TB,NL,AL,True,False,False
2026-08-04_TOR@HOU,S130_2026-08-04_MAIN,2026-08-04,Tuesday,main_slate,15,HOU,TOR,AL,AL,False,False,False
2026-08-04_MIN@KC,S130_2026-08-04_MAIN,2026-08-04,Tuesday,main_slate,15,KC,MIN,AL,AL,False,False,False
2026-08-04_PIT@MIL,S130_2026-08-04_MAIN,2026-08-04,Tuesday,main_slate,15,MIL,PIT,NL,NL,False,False,False
2026-08-04_STL@NYY,S130_2026-08-04_MAIN,2026-08-04,Tuesday,main_slate,15,NYY,STL,AL,NL,True,False,False
2026-08-04_WSH@PHI,S130_2026-08-04_MAIN,2026-08-04,Tuesday,main_slate,15,PHI,WSH,NL,NL,False,False,False
2026-08-04_DET@SEA,S130_2026-08-04_MAIN,2026-08-04,Tuesday,main_slate,15,SEA,DET,AL,AL,False,False,False
2026-08-04_SF@TEX,S130_2026-08-04_MAIN,2026-08-04,Tuesday,main_slate,15,TEX,SF,AL,NL,True,False,False
2026-08-05_SD@ARI,S131_2026-08-05_MAIN,2026-08-05,Wednesday,main_slate,15,ARI,SD,NL,NL,False,False,False
2026-08-05_MIA@ATL,S131_2026-08-05_MAIN,2026-08-05,Wednesday,main_slate,15,ATL,MIA,NL,NL,False,False,False
2026-08-05_LAA@BAL,S131_2026-08-05_MAIN,2026-08-05,Wednesday,main_slate,15,BAL,LAA,AL,AL,False,False,False
2026-08-05_CHW@BOS,S131_2026-08-05_MAIN,2026-08-05,Wednesday,main_slate,15,BOS,CHW,AL,AL,False,False,False
2026-08-05_LAD@CHC,S131_2026-08-05_MAIN,2026-08-05,Wednesday,main_slate,15,CHC,LAD,NL,NL,False,False,False
2026-08-05_ATH@CIN,S131_2026-08-05_MAIN,2026-08-05,Wednesday,main_slate,15,CIN,ATH,NL,AL,True,False,False
2026-08-05_NYM@CLE,S131_2026-08-05_MAIN,2026-08-05,Wednesday,main_slate,15,CLE,NYM,AL,NL,True,False,False
2026-08-05_TB@COL,S131_2026-08-05_MAIN,2026-08-05,Wednesday,main_slate,15,COL,TB,NL,AL,True,False,False
2026-08-05_TOR@HOU,S131_2026-08-05_MAIN,2026-08-05,Wednesday,main_slate,15,HOU,TOR,AL,AL,False,False,False
2026-08-05_MIN@KC,S131_2026-08-05_MAIN,2026-08-05,Wednesday,main_slate,15,KC,MIN,AL,AL,False,False,False
2026-08-05_PIT@MIL,S131_2026-08-05_MAIN,2026-08-05,Wednesday,main_slate,15,MIL,PIT,NL,NL,False,False,False
2026-08-05_STL@NYY,S131_2026-08-05_MAIN,2026-08-05,Wednesday,main_slate,15,NYY,STL,AL,NL,True,False,False
2026-08-05_WSH@PHI,S131_2026-08-05_MAIN,2026-08-05,Wednesday,main_slate,15,PHI,WSH,NL,NL,False,False,False
2026-08-05_DET@SEA,S131_2026-08-05_MAIN,2026-08-05,Wednesday,main_slate,15,SEA,DET,AL,AL,False,False,False
2026-08-05_SF@TEX,S131_2026-08-05_MAIN,2026-08-05,Wednesday,main_slate,15,TEX,SF,AL,NL,True,False,False
2026-08-06_SD@ARI,S132_2026-08-06_MAIN,2026-08-06,Thursday,main_slate,10,ARI,SD,NL,NL,False,False,False
2026-08-06_MIA@ATL,S132_2026-08-06_MAIN,2026-08-06,Thursday,main_slate,10,ATL,MIA,NL,NL,False,False,False
2026-08-06_LAA@BAL,S132_2026-08-06_MAIN,2026-08-06,Thursday,main_slate,10,BAL,LAA,AL,AL,False,False,False
2026-08-06_CHW@BOS,S132_2026-08-06_MAIN,2026-08-06,Thursday,main_slate,10,BOS,CHW,AL,AL,False,False,False
2026-08-06_ATH@CIN,S132_2026-08-06_MAIN,2026-08-06,Thursday,main_slate,10,CIN,ATH,NL,AL,True,False,False
2026-08-06_NYM@CLE,S132_2026-08-06_MAIN,2026-08-06,Thursday,main_slate,10,CLE,NYM,AL,NL,True,False,False
2026-08-06_MIN@KC,S132_2026-08-06_MAIN,2026-08-06,Thursday,main_slate,10,KC,MIN,AL,AL,False,False,False
2026-08-06_PIT@MIL,S132_2026-08-06_MAIN,2026-08-06,Thursday,main_slate,10,MIL,PIT,NL,NL,False,False,False
2026-08-06_WSH@PHI,S132_2026-08-06_MAIN,2026-08-06,Thursday,main_slate,10,PHI,WSH,NL,NL,False,False,False
2026-08-06_DET@SEA,S132_2026-08-06_MAIN,2026-08-06,Thursday,main_slate,10,SEA,DET,AL,AL,False,False,False
2026-08-07_LAD@ARI,S133_2026-08-07_MAIN,2026-08-07,Friday,main_slate,15,ARI,LAD,NL,NL,False,False,False
2026-08-07_ATH@BOS,S133_2026-08-07_MAIN,2026-08-07,Friday,main_slate,15,BOS,ATH,AL,AL,False,False,False
2026-08-07_CLE@CHW,S133_2026-08-07_MAIN,2026-08-07,Friday,main_slate,15,CHW,CLE,AL,AL,False,False,False
2026-08-07_CHC@KC,S133_2026-08-07_MAIN,2026-08-07,Friday,main_slate,15,KC,CHC,AL,NL,True,False,False
2026-08-07_LAA@MIA,S133_2026-08-07_MAIN,2026-08-07,Friday,main_slate,15,MIA,LAA,NL,AL,True,False,False
2026-08-07_MIN@MIL,S133_2026-08-07_MAIN,2026-08-07,Friday,main_slate,15,MIL,MIN,NL,AL,True,False,False
2026-08-07_ATL@NYY,S133_2026-08-07_MAIN,2026-08-07,Friday,main_slate,15,NYY,ATL,AL,NL,True,False,False
2026-08-07_TOR@PHI,S133_2026-08-07_MAIN,2026-08-07,Friday,main_slate,15,PHI,TOR,NL,AL,True,False,False
2026-08-07_NYM@PIT,S133_2026-08-07_MAIN,2026-08-07,Friday,main_slate,15,PIT,NYM,NL,NL,False,False,False
2026-08-07_HOU@SD,S133_2026-08-07_MAIN,2026-08-07,Friday,main_slate,15,SD,HOU,NL,AL,True,False,False
2026-08-07_TB@SEA,S133_2026-08-07_MAIN,2026-08-07,Friday,main_slate,15,SEA,TB,AL,AL,False,False,False
2026-08-07_DET@SF,S133_2026-08-07_MAIN,2026-08-07,Friday,main_slate,15,SF,DET,NL,AL,True,False,False
2026-08-07_COL@STL,S133_2026-08-07_MAIN,2026-08-07,Friday,main_slate,15,STL,COL,NL,NL,False,False,False
2026-08-07_BAL@TEX,S133_2026-08-07_MAIN,2026-08-07,Friday,main_slate,15,TEX,BAL,AL,AL,False,False,False
2026-08-07_CIN@WSH,S133_2026-08-07_MAIN,2026-08-07,Friday,main_slate,15,WSH,CIN,NL,NL,False,False,False
2026-08-08_LAD@ARI,S134_2026-08-08_MAIN,2026-08-08,Saturday,main_slate,15,ARI,LAD,NL,NL,False,False,False
2026-08-08_ATH@BOS,S134_2026-08-08_MAIN,2026-08-08,Saturday,main_slate,15,BOS,ATH,AL,AL,False,False,False
2026-08-08_CLE@CHW,S134_2026-08-08_MAIN,2026-08-08,Saturday,main_slate,15,CHW,CLE,AL,AL,False,False,False
2026-08-08_CHC@KC,S134_2026-08-08_MAIN,2026-08-08,Saturday,main_slate,15,KC,CHC,AL,NL,True,False,False
2026-08-08_LAA@MIA,S134_2026-08-08_MAIN,2026-08-08,Saturday,main_slate,15,MIA,LAA,NL,AL,True,False,False
2026-08-08_MIN@MIL,S134_2026-08-08_MAIN,2026-08-08,Saturday,main_slate,15,MIL,MIN,NL,AL,True,False,False
2026-08-08_ATL@NYY,S134_2026-08-08_MAIN,2026-08-08,Saturday,main_slate,15,NYY,ATL,AL,NL,True,False,False
2026-08-08_TOR@PHI,S134_2026-08-08_MAIN,2026-08-08,Saturday,main_slate,15,PHI,TOR,NL,AL,True,False,False
2026-08-08_NYM@PIT,S134_2026-08-08_MAIN,2026-08-08,Saturday,main_slate,15,PIT,NYM,NL,NL,False,False,False
2026-08-08_HOU@SD,S134_2026-08-08_MAIN,2026-08-08,Saturday,main_slate,15,SD,HOU,NL,AL,True,False,False
2026-08-08_TB@SEA,S134_2026-08-08_MAIN,2026-08-08,Saturday,main_slate,15,SEA,TB,AL,AL,False,False,False
2026-08-08_DET@SF,S134_2026-08-08_MAIN,2026-08-08,Saturday,main_slate,15,SF,DET,NL,AL,True,False,False
2026-08-08_COL@STL,S134_2026-08-08_MAIN,2026-08-08,Saturday,main_slate,15,STL,COL,NL,NL,False,False,False
2026-08-08_BAL@TEX,S134_2026-08-08_MAIN,2026-08-08,Saturday,main_slate,15,TEX,BAL,AL,AL,False,False,False
2026-08-08_CIN@WSH,S134_2026-08-08_MAIN,2026-08-08,Saturday,main_slate,15,WSH,CIN,NL,NL,False,False,False
2026-08-09_LAD@ARI,S135_2026-08-09_MAIN,2026-08-09,Sunday,main_slate,15,ARI,LAD,NL,NL,False,False,False
2026-08-09_ATH@BOS,S135_2026-08-09_MAIN,2026-08-09,Sunday,main_slate,15,BOS,ATH,AL,AL,False,False,False
2026-08-09_CLE@CHW,S135_2026-08-09_MAIN,2026-08-09,Sunday,main_slate,15,CHW,CLE,AL,AL,False,False,False
2026-08-09_CHC@KC,S135_2026-08-09_MAIN,2026-08-09,Sunday,main_slate,15,KC,CHC,AL,NL,True,False,False
2026-08-09_LAA@MIA,S135_2026-08-09_MAIN,2026-08-09,Sunday,main_slate,15,MIA,LAA,NL,AL,True,False,False
2026-08-09_MIN@MIL,S135_2026-08-09_MAIN,2026-08-09,Sunday,main_slate,15,MIL,MIN,NL,AL,True,False,False
2026-08-09_ATL@NYY,S135_2026-08-09_MAIN,2026-08-09,Sunday,main_slate,15,NYY,ATL,AL,NL,True,False,False
2026-08-09_TOR@PHI,S135_2026-08-09_MAIN,2026-08-09,Sunday,main_slate,15,PHI,TOR,NL,AL,True,False,False
2026-08-09_NYM@PIT,S135_2026-08-09_MAIN,2026-08-09,Sunday,main_slate,15,PIT,NYM,NL,NL,False,False,False
2026-08-09_HOU@SD,S135_2026-08-09_MAIN,2026-08-09,Sunday,main_slate,15,SD,HOU,NL,AL,True,False,False
2026-08-09_TB@SEA,S135_2026-08-09_MAIN,2026-08-09,Sunday,main_slate,15,SEA,TB,AL,AL,False,False,False
2026-08-09_DET@SF,S135_2026-08-09_MAIN,2026-08-09,Sunday,main_slate,15,SF,DET,NL,AL,True,False,False
2026-08-09_COL@STL,S135_2026-08-09_MAIN,2026-08-09,Sunday,main_slate,15,STL,COL,NL,NL,False,False,False
2026-08-09_BAL@TEX,S135_2026-08-09_MAIN,2026-08-09,Sunday,main_slate,15,TEX,BAL,AL,AL,False,False,False
2026-08-09_CIN@WSH,S135_2026-08-09_MAIN,2026-08-09,Sunday,main_slate,15,WSH,CIN,NL,NL,False,False,False
2026-08-10_COL@ARI,S136_2026-08-10_MAIN,2026-08-10,Monday,main_slate,10,ARI,COL,NL,NL,False,False,False
2026-08-10_TB@ATH,S136_2026-08-10_MAIN,2026-08-10,Monday,main_slate,10,ATH,TB,AL,AL,False,False,False
2026-08-10_NYM@ATL,S136_2026-08-10_MAIN,2026-08-10,Monday,main_slate,10,ATL,NYM,NL,NL,False,False,False
2026-08-10_TEX@LAA,S136_2026-08-10_MAIN,2026-08-10,Monday,main_slate,10,LAA,TEX,AL,AL,False,False,False
2026-08-10_KC@LAD,S136_2026-08-10_MAIN,2026-08-10,Monday,main_slate,10,LAD,KC,NL,AL,True,False,False
2026-08-10_BAL@MIN,S136_2026-08-10_MAIN,2026-08-10,Monday,main_slate,10,MIN,BAL,AL,AL,False,False,False
2026-08-10_MIL@SD,S136_2026-08-10_MAIN,2026-08-10,Monday,main_slate,10,SD,MIL,NL,NL,False,False,False
2026-08-10_HOU@SF,S136_2026-08-10_MAIN,2026-08-10,Monday,main_slate,10,SF,HOU,NL,AL,True,False,False
2026-08-10_PHI@STL,S136_2026-08-10_MAIN,2026-08-10,Monday,main_slate,10,STL,PHI,NL,NL,False,False,False
2026-08-10_BOS@TOR,S136_2026-08-10_MAIN,2026-08-10,Monday,main_slate,10,TOR,BOS,AL,AL,False,False,False
2026-08-11_COL@ARI,S137_2026-08-11_MAIN,2026-08-11,Tuesday,main_slate,15,ARI,COL,NL,NL,False,False,False
2026-08-11_TB@ATH,S137_2026-08-11_MAIN,2026-08-11,Tuesday,main_slate,15,ATH,TB,AL,AL,False,False,False
2026-08-11_NYM@ATL,S137_2026-08-11_MAIN,2026-08-11,Tuesday,main_slate,15,ATL,NYM,NL,NL,False,False,False
2026-08-11_CIN@CHW,S137_2026-08-11_MAIN,2026-08-11,Tuesday,main_slate,15,CHW,CIN,AL,NL,True,False,False
2026-08-11_CLE@DET,S137_2026-08-11_MAIN,2026-08-11,Tuesday,main_slate,15,DET,CLE,AL,AL,False,False,False
2026-08-11_TEX@LAA,S137_2026-08-11_MAIN,2026-08-11,Tuesday,main_slate,15,LAA,TEX,AL,AL,False,False,False
2026-08-11_KC@LAD,S137_2026-08-11_MAIN,2026-08-11,Tuesday,main_slate,15,LAD,KC,NL,AL,True,False,False
2026-08-11_PIT@MIA,S137_2026-08-11_MAIN,2026-08-11,Tuesday,main_slate,15,MIA,PIT,NL,NL,False,False,False
2026-08-11_BAL@MIN,S137_2026-08-11_MAIN,2026-08-11,Tuesday,main_slate,15,MIN,BAL,AL,AL,False,False,False
2026-08-11_SEA@NYY,S137_2026-08-11_MAIN,2026-08-11,Tuesday,main_slate,15,NYY,SEA,AL,AL,False,False,False
2026-08-11_MIL@SD,S137_2026-08-11_MAIN,2026-08-11,Tuesday,main_slate,15,SD,MIL,NL,NL,False,False,False
2026-08-11_HOU@SF,S137_2026-08-11_MAIN,2026-08-11,Tuesday,main_slate,15,SF,HOU,NL,AL,True,False,False
2026-08-11_PHI@STL,S137_2026-08-11_MAIN,2026-08-11,Tuesday,main_slate,15,STL,PHI,NL,NL,False,False,False
2026-08-11_BOS@TOR,S137_2026-08-11_MAIN,2026-08-11,Tuesday,main_slate,15,TOR,BOS,AL,AL,False,False,False
2026-08-11_CHC@WSH,S137_2026-08-11_MAIN,2026-08-11,Tuesday,main_slate,15,WSH,CHC,NL,NL,False,False,False
2026-08-12_COL@ARI,S138_2026-08-12_MAIN,2026-08-12,Wednesday,main_slate,15,ARI,COL,NL,NL,False,False,False
2026-08-12_TB@ATH,S138_2026-08-12_MAIN,2026-08-12,Wednesday,main_slate,15,ATH,TB,AL,AL,False,False,False
2026-08-12_NYM@ATL,S138_2026-08-12_MAIN,2026-08-12,Wednesday,main_slate,15,ATL,NYM,NL,NL,False,False,False
2026-08-12_CIN@CHW,S138_2026-08-12_MAIN,2026-08-12,Wednesday,main_slate,15,CHW,CIN,AL,NL,True,False,False
2026-08-12_CLE@DET,S138_2026-08-12_MAIN,2026-08-12,Wednesday,main_slate,15,DET,CLE,AL,AL,False,False,False
2026-08-12_TEX@LAA,S138_2026-08-12_MAIN,2026-08-12,Wednesday,main_slate,15,LAA,TEX,AL,AL,False,False,False
2026-08-12_KC@LAD,S138_2026-08-12_MAIN,2026-08-12,Wednesday,main_slate,15,LAD,KC,NL,AL,True,False,False
2026-08-12_PIT@MIA,S138_2026-08-12_MAIN,2026-08-12,Wednesday,main_slate,15,MIA,PIT,NL,NL,False,False,False
2026-08-12_BAL@MIN,S138_2026-08-12_MAIN,2026-08-12,Wednesday,main_slate,15,MIN,BAL,AL,AL,False,False,False
2026-08-12_SEA@NYY,S138_2026-08-12_MAIN,2026-08-12,Wednesday,main_slate,15,NYY,SEA,AL,AL,False,False,False
2026-08-12_MIL@SD,S138_2026-08-12_MAIN,2026-08-12,Wednesday,main_slate,15,SD,MIL,NL,NL,False,False,False
2026-08-12_HOU@SF,S138_2026-08-12_MAIN,2026-08-12,Wednesday,main_slate,15,SF,HOU,NL,AL,True,False,False
2026-08-12_PHI@STL,S138_2026-08-12_MAIN,2026-08-12,Wednesday,main_slate,15,STL,PHI,NL,NL,False,False,False
2026-08-12_BOS@TOR,S138_2026-08-12_MAIN,2026-08-12,Wednesday,main_slate,15,TOR,BOS,AL,AL,False,False,False
2026-08-12_CHC@WSH,S138_2026-08-12_MAIN,2026-08-12,Wednesday,main_slate,15,WSH,CHC,NL,NL,False,False,False
2026-08-13_CIN@CHW,S139_2026-08-13_MAIN,2026-08-13,Thursday,main_slate,9,CHW,CIN,AL,NL,True,False,False
2026-08-13_CLE@DET,S139_2026-08-13_MAIN,2026-08-13,Thursday,main_slate,9,DET,CLE,AL,AL,False,False,False
2026-08-13_TEX@LAA,S139_2026-08-13_MAIN,2026-08-13,Thursday,main_slate,9,LAA,TEX,AL,AL,False,False,False
2026-08-13_MIL@LAD,S139_2026-08-13_MAIN,2026-08-13,Thursday,main_slate,9,LAD,MIL,NL,NL,False,False,False
2026-08-13_PIT@MIA,S139_2026-08-13_MAIN,2026-08-13,Thursday,main_slate,9,MIA,PIT,NL,NL,False,False,False
2026-08-13_PHI@MIN,S139_2026-08-13_MAIN,2026-08-13,Thursday,main_slate,9,MIN,PHI,AL,NL,True,True,False
2026-08-13_SEA@NYY,S139_2026-08-13_MAIN,2026-08-13,Thursday,main_slate,9,NYY,SEA,AL,AL,False,False,False
2026-08-13_BOS@TOR,S139_2026-08-13_MAIN,2026-08-13,Thursday,main_slate,9,TOR,BOS,AL,AL,False,False,False
2026-08-13_CHC@WSH,S139_2026-08-13_MAIN,2026-08-13,Thursday,main_slate,9,WSH,CHC,NL,NL,False,False,False
2026-08-14_TEX@ATH,S140_2026-08-14_MAIN,2026-08-14,Friday,main_slate,14,ATH,TEX,AL,AL,False,False,False
2026-08-14_ARI@ATL,S140_2026-08-14_MAIN,2026-08-14,Friday,main_slate,14,ATL,ARI,NL,NL,False,False,False
2026-08-14_STL@CHC,S140_2026-08-14_MAIN,2026-08-14,Friday,main_slate,14,CHC,STL,NL,NL,False,False,False
2026-08-14_MIA@CIN,S140_2026-08-14_MAIN,2026-08-14,Friday,main_slate,14,CIN,MIA,NL,NL,False,False,False
2026-08-14_SD@CLE,S140_2026-08-14_MAIN,2026-08-14,Friday,main_slate,14,CLE,SD,AL,NL,True,False,False
2026-08-14_CHW@DET,S140_2026-08-14_MAIN,2026-08-14,Friday,main_slate,14,DET,CHW,AL,AL,False,False,False
2026-08-14_SEA@HOU,S140_2026-08-14_MAIN,2026-08-14,Friday,main_slate,14,HOU,SEA,AL,AL,False,False,False
2026-08-14_KC@LAA,S140_2026-08-14_MAIN,2026-08-14,Friday,main_slate,14,LAA,KC,AL,AL,False,False,False
2026-08-14_MIL@LAD,S140_2026-08-14_MAIN,2026-08-14,Friday,main_slate,14,LAD,MIL,NL,NL,False,False,False
2026-08-14_WSH@NYM,S140_2026-08-14_MAIN,2026-08-14,Friday,main_slate,14,NYM,WSH,NL,NL,False,False,False
2026-08-14_BOS@PIT,S140_2026-08-14_MAIN,2026-08-14,Friday,main_slate,14,PIT,BOS,NL,AL,True,False,False
2026-08-14_COL@SF,S140_2026-08-14_MAIN,2026-08-14,Friday,main_slate,14,SF,COL,NL,NL,False,False,False
2026-08-14_BAL@TB,S140_2026-08-14_MAIN,2026-08-14,Friday,main_slate,14,TB,BAL,AL,AL,False,False,False
2026-08-14_NYY@TOR,S140_2026-08-14_MAIN,2026-08-14,Friday,main_slate,14,TOR,NYY,AL,AL,False,False,False
2026-08-15_TEX@ATH,S141_2026-08-15_MAIN,2026-08-15,Saturday,main_slate,15,ATH,TEX,AL,AL,False,False,False
2026-08-15_ARI@ATL,S141_2026-08-15_MAIN,2026-08-15,Saturday,main_slate,15,ATL,ARI,NL,NL,False,False,False
2026-08-15_STL@CHC,S141_2026-08-15_MAIN,2026-08-15,Saturday,main_slate,15,CHC,STL,NL,NL,False,False,False
2026-08-15_MIA@CIN,S141_2026-08-15_MAIN,2026-08-15,Saturday,main_slate,15,CIN,MIA,NL,NL,False,False,False
2026-08-15_SD@CLE,S141_2026-08-15_MAIN,2026-08-15,Saturday,main_slate,15,CLE,SD,AL,NL,True,False,False
2026-08-15_CHW@DET,S141_2026-08-15_MAIN,2026-08-15,Saturday,main_slate,15,DET,CHW,AL,AL,False,False,False
2026-08-15_SEA@HOU,S141_2026-08-15_MAIN,2026-08-15,Saturday,main_slate,15,HOU,SEA,AL,AL,False,False,False
2026-08-15_KC@LAA,S141_2026-08-15_MAIN,2026-08-15,Saturday,main_slate,15,LAA,KC,AL,AL,False,False,False
2026-08-15_MIL@LAD,S141_2026-08-15_MAIN,2026-08-15,Saturday,main_slate,15,LAD,MIL,NL,NL,False,False,False
2026-08-15_PHI@MIN,S141_2026-08-15_MAIN,2026-08-15,Saturday,main_slate,15,MIN,PHI,AL,NL,True,False,False
2026-08-15_WSH@NYM,S141_2026-08-15_MAIN,2026-08-15,Saturday,main_slate,15,NYM,WSH,NL,NL,False,False,False
2026-08-15_BOS@PIT,S141_2026-08-15_MAIN,2026-08-15,Saturday,main_slate,15,PIT,BOS,NL,AL,True,False,False
2026-08-15_COL@SF,S141_2026-08-15_MAIN,2026-08-15,Saturday,main_slate,15,SF,COL,NL,NL,False,False,False
2026-08-15_BAL@TB,S141_2026-08-15_MAIN,2026-08-15,Saturday,main_slate,15,TB,BAL,AL,AL,False,False,False
2026-08-15_NYY@TOR,S141_2026-08-15_MAIN,2026-08-15,Saturday,main_slate,15,TOR,NYY,AL,AL,False,False,False
2026-08-16_TEX@ATH,S142_2026-08-16_MAIN,2026-08-16,Sunday,main_slate,15,ATH,TEX,AL,AL,False,False,False
2026-08-16_ARI@ATL,S142_2026-08-16_MAIN,2026-08-16,Sunday,main_slate,15,ATL,ARI,NL,NL,False,False,False
2026-08-16_STL@CHC,S142_2026-08-16_MAIN,2026-08-16,Sunday,main_slate,15,CHC,STL,NL,NL,False,False,False
2026-08-16_MIA@CIN,S142_2026-08-16_MAIN,2026-08-16,Sunday,main_slate,15,CIN,MIA,NL,NL,False,False,False
2026-08-16_SD@CLE,S142_2026-08-16_MAIN,2026-08-16,Sunday,main_slate,15,CLE,SD,AL,NL,True,False,False
2026-08-16_CHW@DET,S142_2026-08-16_MAIN,2026-08-16,Sunday,main_slate,15,DET,CHW,AL,AL,False,False,False
2026-08-16_SEA@HOU,S142_2026-08-16_MAIN,2026-08-16,Sunday,main_slate,15,HOU,SEA,AL,AL,False,False,False
2026-08-16_KC@LAA,S142_2026-08-16_MAIN,2026-08-16,Sunday,main_slate,15,LAA,KC,AL,AL,False,False,False
2026-08-16_MIL@LAD,S142_2026-08-16_MAIN,2026-08-16,Sunday,main_slate,15,LAD,MIL,NL,NL,False,False,False
2026-08-16_PHI@MIN,S142_2026-08-16_MAIN,2026-08-16,Sunday,main_slate,15,MIN,PHI,AL,NL,True,False,False
2026-08-16_WSH@NYM,S142_2026-08-16_MAIN,2026-08-16,Sunday,main_slate,15,NYM,WSH,NL,NL,False,False,False
2026-08-16_BOS@PIT,S142_2026-08-16_MAIN,2026-08-16,Sunday,main_slate,15,PIT,BOS,NL,AL,True,False,False
2026-08-16_COL@SF,S142_2026-08-16_MAIN,2026-08-16,Sunday,main_slate,15,SF,COL,NL,NL,False,False,False
2026-08-16_BAL@TB,S142_2026-08-16_MAIN,2026-08-16,Sunday,main_slate,15,TB,BAL,AL,AL,False,False,False
2026-08-16_NYY@TOR,S142_2026-08-16_MAIN,2026-08-16,Sunday,main_slate,15,TOR,NYY,AL,AL,False,False,False
2026-08-17_ARI@BOS,S143_2026-08-17_MAIN,2026-08-17,Monday,main_slate,10,BOS,ARI,AL,NL,True,False,False
2026-08-17_CHW@CHC,S143_2026-08-17_MAIN,2026-08-17,Monday,main_slate,10,CHC,CHW,NL,AL,True,False,False
2026-08-17_STL@CIN,S143_2026-08-17_MAIN,2026-08-17,Monday,main_slate,10,CIN,STL,NL,NL,False,False,False
2026-08-17_LAD@COL,S143_2026-08-17_MAIN,2026-08-17,Monday,main_slate,10,COL,LAD,NL,NL,False,False,False
2026-08-17_ATH@KC,S143_2026-08-17_MAIN,2026-08-17,Monday,main_slate,10,KC,ATH,AL,AL,False,False,False
2026-08-17_ATL@MIN,S143_2026-08-17_MAIN,2026-08-17,Monday,main_slate,10,MIN,ATL,AL,NL,True,False,False
2026-08-17_SD@NYM,S143_2026-08-17_MAIN,2026-08-17,Monday,main_slate,10,NYM,SD,NL,NL,False,False,False
2026-08-17_MIA@PHI,S143_2026-08-17_MAIN,2026-08-17,Monday,main_slate,10,PHI,MIA,NL,NL,False,False,False
2026-08-17_DET@PIT,S143_2026-08-17_MAIN,2026-08-17,Monday,main_slate,10,PIT,DET,NL,AL,True,False,False
2026-08-17_BAL@TB,S143_2026-08-17_MAIN,2026-08-17,Monday,main_slate,10,TB,BAL,AL,AL,False,False,False
2026-08-18_NYY@BAL,S144_2026-08-18_MAIN,2026-08-18,Tuesday,main_slate,15,BAL,NYY,AL,AL,False,False,False
2026-08-18_ARI@BOS,S144_2026-08-18_MAIN,2026-08-18,Tuesday,main_slate,15,BOS,ARI,AL,NL,True,False,False
2026-08-18_CHW@CHC,S144_2026-08-18_MAIN,2026-08-18,Tuesday,main_slate,15,CHC,CHW,NL,AL,True,False,False
2026-08-18_STL@CIN,S144_2026-08-18_MAIN,2026-08-18,Tuesday,main_slate,15,CIN,STL,NL,NL,False,False,False
2026-08-18_SF@CLE,S144_2026-08-18_MAIN,2026-08-18,Tuesday,main_slate,15,CLE,SF,AL,NL,True,False,False
2026-08-18_LAD@COL,S144_2026-08-18_MAIN,2026-08-18,Tuesday,main_slate,15,COL,LAD,NL,NL,False,False,False
2026-08-18_LAA@HOU,S144_2026-08-18_MAIN,2026-08-18,Tuesday,main_slate,15,HOU,LAA,AL,AL,False,False,False
2026-08-18_ATH@KC,S144_2026-08-18_MAIN,2026-08-18,Tuesday,main_slate,15,KC,ATH,AL,AL,False,False,False
2026-08-18_SEA@MIL,S144_2026-08-18_MAIN,2026-08-18,Tuesday,main_slate,15,MIL,SEA,NL,AL,True,False,False
2026-08-18_ATL@MIN,S144_2026-08-18_MAIN,2026-08-18,Tuesday,main_slate,15,MIN,ATL,AL,NL,True,False,False
2026-08-18_SD@NYM,S144_2026-08-18_MAIN,2026-08-18,Tuesday,main_slate,15,NYM,SD,NL,NL,False,False,False
2026-08-18_MIA@PHI,S144_2026-08-18_MAIN,2026-08-18,Tuesday,main_slate,15,PHI,MIA,NL,NL,False,False,False
2026-08-18_DET@PIT,S144_2026-08-18_MAIN,2026-08-18,Tuesday,main_slate,15,PIT,DET,NL,AL,True,False,False
2026-08-18_TOR@TB,S144_2026-08-18_MAIN,2026-08-18,Tuesday,main_slate,15,TB,TOR,AL,AL,False,False,False
2026-08-18_WSH@TEX,S144_2026-08-18_MAIN,2026-08-18,Tuesday,main_slate,15,TEX,WSH,AL,NL,True,False,False
2026-08-19_NYY@BAL,S145_2026-08-19_MAIN,2026-08-19,Wednesday,main_slate,15,BAL,NYY,AL,AL,False,False,False
2026-08-19_ARI@BOS,S145_2026-08-19_MAIN,2026-08-19,Wednesday,main_slate,15,BOS,ARI,AL,NL,True,False,False
2026-08-19_CHW@CHC,S145_2026-08-19_MAIN,2026-08-19,Wednesday,main_slate,15,CHC,CHW,NL,AL,True,False,False
2026-08-19_STL@CIN,S145_2026-08-19_MAIN,2026-08-19,Wednesday,main_slate,15,CIN,STL,NL,NL,False,False,False
2026-08-19_SF@CLE,S145_2026-08-19_MAIN,2026-08-19,Wednesday,main_slate,15,CLE,SF,AL,NL,True,False,False
2026-08-19_LAD@COL,S145_2026-08-19_MAIN,2026-08-19,Wednesday,main_slate,15,COL,LAD,NL,NL,False,False,False
2026-08-19_LAA@HOU,S145_2026-08-19_MAIN,2026-08-19,Wednesday,main_slate,15,HOU,LAA,AL,AL,False,False,False
2026-08-19_ATH@KC,S145_2026-08-19_MAIN,2026-08-19,Wednesday,main_slate,15,KC,ATH,AL,AL,False,False,False
2026-08-19_SEA@MIL,S145_2026-08-19_MAIN,2026-08-19,Wednesday,main_slate,15,MIL,SEA,NL,AL,True,False,False
2026-08-19_ATL@MIN,S145_2026-08-19_MAIN,2026-08-19,Wednesday,main_slate,15,MIN,ATL,AL,NL,True,False,False
2026-08-19_SD@NYM,S145_2026-08-19_MAIN,2026-08-19,Wednesday,main_slate,15,NYM,SD,NL,NL,False,False,False
2026-08-19_MIA@PHI,S145_2026-08-19_MAIN,2026-08-19,Wednesday,main_slate,15,PHI,MIA,NL,NL,False,False,False
2026-08-19_DET@PIT,S145_2026-08-19_MAIN,2026-08-19,Wednesday,main_slate,15,PIT,DET,NL,AL,True,False,False
2026-08-19_TOR@TB,S145_2026-08-19_MAIN,2026-08-19,Wednesday,main_slate,15,TB,TOR,AL,AL,False,False,False
2026-08-19_WSH@TEX,S145_2026-08-19_MAIN,2026-08-19,Wednesday,main_slate,15,TEX,WSH,AL,NL,True,False,False
2026-08-20_NYY@BAL,S146_2026-08-20_MAIN,2026-08-20,Thursday,main_slate,8,BAL,NYY,AL,AL,False,False,False
2026-08-20_STL@CIN,S146_2026-08-20_MAIN,2026-08-20,Thursday,main_slate,8,CIN,STL,NL,NL,False,False,False
2026-08-20_SF@CLE,S146_2026-08-20_MAIN,2026-08-20,Thursday,main_slate,8,CLE,SF,AL,NL,True,False,False
2026-08-20_LAA@HOU,S146_2026-08-20_MAIN,2026-08-20,Thursday,main_slate,8,HOU,LAA,AL,AL,False,False,False
2026-08-20_ATH@KC,S146_2026-08-20_MAIN,2026-08-20,Thursday,main_slate,8,KC,ATH,AL,AL,False,False,False
2026-08-20_SEA@MIL,S146_2026-08-20_MAIN,2026-08-20,Thursday,main_slate,8,MIL,SEA,NL,AL,True,False,False
2026-08-20_TOR@TB,S146_2026-08-20_MAIN,2026-08-20,Thursday,main_slate,8,TB,TOR,AL,AL,False,False,False
2026-08-20_WSH@TEX,S146_2026-08-20_MAIN,2026-08-20,Thursday,main_slate,8,TEX,WSH,AL,NL,True,False,False
2026-08-21_CIN@ARI,S147_2026-08-21_MAIN,2026-08-21,Friday,main_slate,15,ARI,CIN,NL,NL,False,False,False
2026-08-21_TB@BAL,S147_2026-08-21_MAIN,2026-08-21,Friday,main_slate,15,BAL,TB,AL,AL,False,False,False
2026-08-21_SF@BOS,S147_2026-08-21_MAIN,2026-08-21,Friday,main_slate,15,BOS,SF,AL,NL,True,False,False
2026-08-21_NYM@CHW,S147_2026-08-21_MAIN,2026-08-21,Friday,main_slate,15,CHW,NYM,AL,NL,True,False,False
2026-08-21_CLE@COL,S147_2026-08-21_MAIN,2026-08-21,Friday,main_slate,15,COL,CLE,NL,AL,True,False,False
2026-08-21_ATH@HOU,S147_2026-08-21_MAIN,2026-08-21,Friday,main_slate,15,HOU,ATH,AL,AL,False,False,False
2026-08-21_DET@KC,S147_2026-08-21_MAIN,2026-08-21,Friday,main_slate,15,KC,DET,AL,AL,False,False,False
2026-08-21_PIT@LAD,S147_2026-08-21_MAIN,2026-08-21,Friday,main_slate,15,LAD,PIT,NL,NL,False,False,False
2026-08-21_WSH@MIA,S147_2026-08-21_MAIN,2026-08-21,Friday,main_slate,15,MIA,WSH,NL,NL,False,False,False
2026-08-21_ATL@MIL,S147_2026-08-21_MAIN,2026-08-21,Friday,main_slate,15,MIL,ATL,NL,NL,False,False,False
2026-08-21_TOR@NYY,S147_2026-08-21_MAIN,2026-08-21,Friday,main_slate,15,NYY,TOR,AL,AL,False,False,False
2026-08-21_STL@PHI,S147_2026-08-21_MAIN,2026-08-21,Friday,main_slate,15,PHI,STL,NL,NL,False,False,False
2026-08-21_MIN@SD,S147_2026-08-21_MAIN,2026-08-21,Friday,main_slate,15,SD,MIN,NL,AL,True,False,False
2026-08-21_CHC@SEA,S147_2026-08-21_MAIN,2026-08-21,Friday,main_slate,15,SEA,CHC,AL,NL,True,False,False
2026-08-21_LAA@TEX,S147_2026-08-21_MAIN,2026-08-21,Friday,main_slate,15,TEX,LAA,AL,AL,False,False,False
2026-08-22_CIN@ARI,S148_2026-08-22_MAIN,2026-08-22,Saturday,main_slate,15,ARI,CIN,NL,NL,False,False,False
2026-08-22_TB@BAL,S148_2026-08-22_MAIN,2026-08-22,Saturday,main_slate,15,BAL,TB,AL,AL,False,False,False
2026-08-22_SF@BOS,S148_2026-08-22_MAIN,2026-08-22,Saturday,main_slate,15,BOS,SF,AL,NL,True,False,False
2026-08-22_NYM@CHW,S148_2026-08-22_MAIN,2026-08-22,Saturday,main_slate,15,CHW,NYM,AL,NL,True,False,False
2026-08-22_CLE@COL,S148_2026-08-22_MAIN,2026-08-22,Saturday,main_slate,15,COL,CLE,NL,AL,True,False,False
2026-08-22_ATH@HOU,S148_2026-08-22_MAIN,2026-08-22,Saturday,main_slate,15,HOU,ATH,AL,AL,False,False,False
2026-08-22_DET@KC,S148_2026-08-22_MAIN,2026-08-22,Saturday,main_slate,15,KC,DET,AL,AL,False,False,False
2026-08-22_PIT@LAD,S148_2026-08-22_MAIN,2026-08-22,Saturday,main_slate,15,LAD,PIT,NL,NL,False,False,False
2026-08-22_WSH@MIA,S148_2026-08-22_MAIN,2026-08-22,Saturday,main_slate,15,MIA,WSH,NL,NL,False,False,False
2026-08-22_ATL@MIL,S148_2026-08-22_MAIN,2026-08-22,Saturday,main_slate,15,MIL,ATL,NL,NL,False,False,False
2026-08-22_TOR@NYY,S148_2026-08-22_MAIN,2026-08-22,Saturday,main_slate,15,NYY,TOR,AL,AL,False,False,False
2026-08-22_STL@PHI,S148_2026-08-22_MAIN,2026-08-22,Saturday,main_slate,15,PHI,STL,NL,NL,False,False,False
2026-08-22_MIN@SD,S148_2026-08-22_MAIN,2026-08-22,Saturday,main_slate,15,SD,MIN,NL,AL,True,False,False
2026-08-22_CHC@SEA,S148_2026-08-22_MAIN,2026-08-22,Saturday,main_slate,15,SEA,CHC,AL,NL,True,False,False
2026-08-22_LAA@TEX,S148_2026-08-22_MAIN,2026-08-22,Saturday,main_slate,15,TEX,LAA,AL,AL,False,False,False
2026-08-23_CIN@ARI,S149_2026-08-23_MAIN,2026-08-23,Sunday,main_slate,15,ARI,CIN,NL,NL,False,False,False
2026-08-23_TB@BAL,S149_2026-08-23_MAIN,2026-08-23,Sunday,main_slate,15,BAL,TB,AL,AL,False,False,False
2026-08-23_SF@BOS,S149_2026-08-23_MAIN,2026-08-23,Sunday,main_slate,15,BOS,SF,AL,NL,True,False,False
2026-08-23_NYM@CHW,S149_2026-08-23_MAIN,2026-08-23,Sunday,main_slate,15,CHW,NYM,AL,NL,True,False,False
2026-08-23_CLE@COL,S149_2026-08-23_MAIN,2026-08-23,Sunday,main_slate,15,COL,CLE,NL,AL,True,False,False
2026-08-23_ATH@HOU,S149_2026-08-23_MAIN,2026-08-23,Sunday,main_slate,15,HOU,ATH,AL,AL,False,False,False
2026-08-23_DET@KC,S149_2026-08-23_MAIN,2026-08-23,Sunday,main_slate,15,KC,DET,AL,AL,False,False,False
2026-08-23_PIT@LAD,S149_2026-08-23_MAIN,2026-08-23,Sunday,main_slate,15,LAD,PIT,NL,NL,False,False,False
2026-08-23_WSH@MIA,S149_2026-08-23_MAIN,2026-08-23,Sunday,main_slate,15,MIA,WSH,NL,NL,False,False,False
2026-08-23_ATL@MIL,S149_2026-08-23_MAIN,2026-08-23,Sunday,main_slate,15,MIL,ATL,NL,NL,False,True,False
2026-08-23_TOR@NYY,S149_2026-08-23_MAIN,2026-08-23,Sunday,main_slate,15,NYY,TOR,AL,AL,False,False,False
2026-08-23_STL@PHI,S149_2026-08-23_MAIN,2026-08-23,Sunday,main_slate,15,PHI,STL,NL,NL,False,False,False
2026-08-23_MIN@SD,S149_2026-08-23_MAIN,2026-08-23,Sunday,main_slate,15,SD,MIN,NL,AL,True,False,False
2026-08-23_CHC@SEA,S149_2026-08-23_MAIN,2026-08-23,Sunday,main_slate,15,SEA,CHC,AL,NL,True,False,False
2026-08-23_LAA@TEX,S149_2026-08-23_MAIN,2026-08-23,Sunday,main_slate,15,TEX,LAA,AL,AL,False,False,False
2026-08-24_CHC@ARI,S150_2026-08-24_MAIN,2026-08-24,Monday,main_slate,10,ARI,CHC,NL,NL,False,False,False
2026-08-24_MIN@ATH,S150_2026-08-24_MAIN,2026-08-24,Monday,main_slate,10,ATH,MIN,AL,AL,False,False,False
2026-08-24_TEX@CHW,S150_2026-08-24_MAIN,2026-08-24,Monday,main_slate,10,CHW,TEX,AL,AL,False,False,False
2026-08-24_TB@DET,S150_2026-08-24_MAIN,2026-08-24,Monday,main_slate,10,DET,TB,AL,AL,False,False,False
2026-08-24_CLE@LAA,S150_2026-08-24_MAIN,2026-08-24,Monday,main_slate,10,LAA,CLE,AL,AL,False,False,False
2026-08-24_BOS@MIA,S150_2026-08-24_MAIN,2026-08-24,Monday,main_slate,10,MIA,BOS,NL,AL,True,False,False
2026-08-24_PIT@SD,S150_2026-08-24_MAIN,2026-08-24,Monday,main_slate,10,SD,PIT,NL,NL,False,False,False
2026-08-24_PHI@SEA,S150_2026-08-24_MAIN,2026-08-24,Monday,main_slate,10,SEA,PHI,AL,NL,True,False,False
2026-08-24_CIN@SF,S150_2026-08-24_MAIN,2026-08-24,Monday,main_slate,10,SF,CIN,NL,NL,False,False,False
2026-08-24_COL@WSH,S150_2026-08-24_MAIN,2026-08-24,Monday,main_slate,10,WSH,COL,NL,NL,False,False,False
2026-08-25_CHC@ARI,S151_2026-08-25_MAIN,2026-08-25,Tuesday,main_slate,15,ARI,CHC,NL,NL,False,False,False
2026-08-25_MIN@ATH,S151_2026-08-25_MAIN,2026-08-25,Tuesday,main_slate,15,ATH,MIN,AL,AL,False,False,False
2026-08-25_LAD@ATL,S151_2026-08-25_MAIN,2026-08-25,Tuesday,main_slate,15,ATL,LAD,NL,NL,False,False,False
2026-08-25_TEX@CHW,S151_2026-08-25_MAIN,2026-08-25,Tuesday,main_slate,15,CHW,TEX,AL,AL,False,False,False
2026-08-25_TB@DET,S151_2026-08-25_MAIN,2026-08-25,Tuesday,main_slate,15,DET,TB,AL,AL,False,False,False
2026-08-25_CLE@LAA,S151_2026-08-25_MAIN,2026-08-25,Tuesday,main_slate,15,LAA,CLE,AL,AL,False,False,False
2026-08-25_BOS@MIA,S151_2026-08-25_MAIN,2026-08-25,Tuesday,main_slate,15,MIA,BOS,NL,AL,True,False,False
2026-08-25_MIL@NYM,S151_2026-08-25_MAIN,2026-08-25,Tuesday,main_slate,15,NYM,MIL,NL,NL,False,False,False
2026-08-25_HOU@NYY,S151_2026-08-25_MAIN,2026-08-25,Tuesday,main_slate,15,NYY,HOU,AL,AL,False,False,False
2026-08-25_PIT@SD,S151_2026-08-25_MAIN,2026-08-25,Tuesday,main_slate,15,SD,PIT,NL,NL,False,False,False
2026-08-25_PHI@SEA,S151_2026-08-25_MAIN,2026-08-25,Tuesday,main_slate,15,SEA,PHI,AL,NL,True,False,False
2026-08-25_CIN@SF,S151_2026-08-25_MAIN,2026-08-25,Tuesday,main_slate,15,SF,CIN,NL,NL,False,False,False
2026-08-25_BAL@STL,S151_2026-08-25_MAIN,2026-08-25,Tuesday,main_slate,15,STL,BAL,NL,AL,True,False,False
2026-08-25_KC@TOR,S151_2026-08-25_MAIN,2026-08-25,Tuesday,main_slate,15,TOR,KC,AL,AL,False,False,False
2026-08-25_COL@WSH,S151_2026-08-25_MAIN,2026-08-25,Tuesday,main_slate,15,WSH,COL,NL,NL,False,False,False
2026-08-26_CHC@ARI,S152_2026-08-26_MAIN,2026-08-26,Wednesday,main_slate,15,ARI,CHC,NL,NL,False,False,False
2026-08-26_MIN@ATH,S152_2026-08-26_MAIN,2026-08-26,Wednesday,main_slate,15,ATH,MIN,AL,AL,False,False,False
2026-08-26_LAD@ATL,S152_2026-08-26_MAIN,2026-08-26,Wednesday,main_slate,15,ATL,LAD,NL,NL,False,False,False
2026-08-26_TEX@CHW,S152_2026-08-26_MAIN,2026-08-26,Wednesday,main_slate,15,CHW,TEX,AL,AL,False,False,False
2026-08-26_TB@DET,S152_2026-08-26_MAIN,2026-08-26,Wednesday,main_slate,15,DET,TB,AL,AL,False,False,False
2026-08-26_CLE@LAA,S152_2026-08-26_MAIN,2026-08-26,Wednesday,main_slate,15,LAA,CLE,AL,AL,False,False,False
2026-08-26_BOS@MIA,S152_2026-08-26_MAIN,2026-08-26,Wednesday,main_slate,15,MIA,BOS,NL,AL,True,False,False
2026-08-26_MIL@NYM,S152_2026-08-26_MAIN,2026-08-26,Wednesday,main_slate,15,NYM,MIL,NL,NL,False,False,False
2026-08-26_HOU@NYY,S152_2026-08-26_MAIN,2026-08-26,Wednesday,main_slate,15,NYY,HOU,AL,AL,False,False,False
2026-08-26_PIT@SD,S152_2026-08-26_MAIN,2026-08-26,Wednesday,main_slate,15,SD,PIT,NL,NL,False,False,False
2026-08-26_PHI@SEA,S152_2026-08-26_MAIN,2026-08-26,Wednesday,main_slate,15,SEA,PHI,AL,NL,True,False,False
2026-08-26_CIN@SF,S152_2026-08-26_MAIN,2026-08-26,Wednesday,main_slate,15,SF,CIN,NL,NL,False,False,False
2026-08-26_BAL@STL,S152_2026-08-26_MAIN,2026-08-26,Wednesday,main_slate,15,STL,BAL,NL,AL,True,False,False
2026-08-26_KC@TOR,S152_2026-08-26_MAIN,2026-08-26,Wednesday,main_slate,15,TOR,KC,AL,AL,False,False,False
2026-08-26_COL@WSH,S152_2026-08-26_MAIN,2026-08-26,Wednesday,main_slate,15,WSH,COL,NL,NL,False,False,False
2026-08-27_LAD@ATL,S153_2026-08-27_MAIN,2026-08-27,Thursday,main_slate,7,ATL,LAD,NL,NL,False,False,False
2026-08-27_MIL@NYM,S153_2026-08-27_MAIN,2026-08-27,Thursday,main_slate,7,NYM,MIL,NL,NL,False,False,False
2026-08-27_HOU@NYY,S153_2026-08-27_MAIN,2026-08-27,Thursday,main_slate,7,NYY,HOU,AL,AL,False,False,False
2026-08-27_ARI@SF,S153_2026-08-27_MAIN,2026-08-27,Thursday,main_slate,7,SF,ARI,NL,NL,False,False,False
2026-08-27_BAL@STL,S153_2026-08-27_MAIN,2026-08-27,Thursday,main_slate,7,STL,BAL,NL,AL,True,False,False
2026-08-27_KC@TOR,S153_2026-08-27_MAIN,2026-08-27,Thursday,main_slate,7,TOR,KC,AL,AL,False,False,False
2026-08-27_COL@WSH,S153_2026-08-27_MAIN,2026-08-27,Thursday,main_slate,7,WSH,COL,NL,NL,False,False,False
2026-08-28_BAL@ATH,S154_2026-08-28_MAIN,2026-08-28,Friday,main_slate,15,ATH,BAL,AL,AL,False,False,False
2026-08-28_COL@ATL,S154_2026-08-28_MAIN,2026-08-28,Friday,main_slate,15,ATL,COL,NL,NL,False,False,False
2026-08-28_CIN@CHC,S154_2026-08-28_MAIN,2026-08-28,Friday,main_slate,15,CHC,CIN,NL,NL,False,False,False
2026-08-28_KC@CLE,S154_2026-08-28_MAIN,2026-08-28,Friday,main_slate,15,CLE,KC,AL,AL,False,False,False
2026-08-28_LAD@DET,S154_2026-08-28_MAIN,2026-08-28,Friday,main_slate,15,DET,LAD,AL,NL,True,False,False
2026-08-28_PHI@LAA,S154_2026-08-28_MAIN,2026-08-28,Friday,main_slate,15,LAA,PHI,AL,NL,True,False,False
2026-08-28_TEX@MIL,S154_2026-08-28_MAIN,2026-08-28,Friday,main_slate,15,MIL,TEX,NL,AL,True,False,False
2026-08-28_CHW@MIN,S154_2026-08-28_MAIN,2026-08-28,Friday,main_slate,15,MIN,CHW,AL,AL,False,False,False
2026-08-28_HOU@NYM,S154_2026-08-28_MAIN,2026-08-28,Friday,main_slate,15,NYM,HOU,NL,AL,True,False,False
2026-08-28_BOS@NYY,S154_2026-08-28_MAIN,2026-08-28,Friday,main_slate,15,NYY,BOS,AL,AL,False,False,False
2026-08-28_ARI@SF,S154_2026-08-28_MAIN,2026-08-28,Friday,main_slate,15,SF,ARI,NL,NL,False,False,False
2026-08-28_PIT@STL,S154_2026-08-28_MAIN,2026-08-28,Friday,main_slate,15,STL,PIT,NL,NL,False,False,False
2026-08-28_SD@TB,S154_2026-08-28_MAIN,2026-08-28,Friday,main_slate,15,TB,SD,AL,NL,True,False,False
2026-08-28_SEA@TOR,S154_2026-08-28_MAIN,2026-08-28,Friday,main_slate,15,TOR,SEA,AL,AL,False,False,False
2026-08-28_MIA@WSH,S154_2026-08-28_MAIN,2026-08-28,Friday,main_slate,15,WSH,MIA,NL,NL,False,False,False
2026-08-29_BAL@ATH,S155_2026-08-29_MAIN,2026-08-29,Saturday,main_slate,15,ATH,BAL,AL,AL,False,False,False
2026-08-29_COL@ATL,S155_2026-08-29_MAIN,2026-08-29,Saturday,main_slate,15,ATL,COL,NL,NL,False,False,False
2026-08-29_CIN@CHC,S155_2026-08-29_MAIN,2026-08-29,Saturday,main_slate,15,CHC,CIN,NL,NL,False,False,False
2026-08-29_KC@CLE,S155_2026-08-29_MAIN,2026-08-29,Saturday,main_slate,15,CLE,KC,AL,AL,False,False,False
2026-08-29_LAD@DET,S155_2026-08-29_MAIN,2026-08-29,Saturday,main_slate,15,DET,LAD,AL,NL,True,False,False
2026-08-29_PHI@LAA,S155_2026-08-29_MAIN,2026-08-29,Saturday,main_slate,15,LAA,PHI,AL,NL,True,False,False
2026-08-29_TEX@MIL,S155_2026-08-29_MAIN,2026-08-29,Saturday,main_slate,15,MIL,TEX,NL,AL,True,False,False
2026-08-29_CHW@MIN,S155_2026-08-29_MAIN,2026-08-29,Saturday,main_slate,15,MIN,CHW,AL,AL,False,False,False
2026-08-29_HOU@NYM,S155_2026-08-29_MAIN,2026-08-29,Saturday,main_slate,15,NYM,HOU,NL,AL,True,False,False
2026-08-29_BOS@NYY,S155_2026-08-29_MAIN,2026-08-29,Saturday,main_slate,15,NYY,BOS,AL,AL,False,False,False
2026-08-29_ARI@SF,S155_2026-08-29_MAIN,2026-08-29,Saturday,main_slate,15,SF,ARI,NL,NL,False,False,False
2026-08-29_PIT@STL,S155_2026-08-29_MAIN,2026-08-29,Saturday,main_slate,15,STL,PIT,NL,NL,False,False,False
2026-08-29_SD@TB,S155_2026-08-29_MAIN,2026-08-29,Saturday,main_slate,15,TB,SD,AL,NL,True,False,False
2026-08-29_SEA@TOR,S155_2026-08-29_MAIN,2026-08-29,Saturday,main_slate,15,TOR,SEA,AL,AL,False,False,False
2026-08-29_MIA@WSH,S155_2026-08-29_MAIN,2026-08-29,Saturday,main_slate,15,WSH,MIA,NL,NL,False,False,False
2026-08-30_BAL@ATH,S156_2026-08-30_MAIN,2026-08-30,Sunday,main_slate,15,ATH,BAL,AL,AL,False,False,False
2026-08-30_COL@ATL,S156_2026-08-30_MAIN,2026-08-30,Sunday,main_slate,15,ATL,COL,NL,NL,False,False,False
2026-08-30_CIN@CHC,S156_2026-08-30_MAIN,2026-08-30,Sunday,main_slate,15,CHC,CIN,NL,NL,False,False,False
2026-08-30_KC@CLE,S156_2026-08-30_MAIN,2026-08-30,Sunday,main_slate,15,CLE,KC,AL,AL,False,False,False
2026-08-30_LAD@DET,S156_2026-08-30_MAIN,2026-08-30,Sunday,main_slate,15,DET,LAD,AL,NL,True,False,False
2026-08-30_PHI@LAA,S156_2026-08-30_MAIN,2026-08-30,Sunday,main_slate,15,LAA,PHI,AL,NL,True,False,False
2026-08-30_TEX@MIL,S156_2026-08-30_MAIN,2026-08-30,Sunday,main_slate,15,MIL,TEX,NL,AL,True,False,False
2026-08-30_CHW@MIN,S156_2026-08-30_MAIN,2026-08-30,Sunday,main_slate,15,MIN,CHW,AL,AL,False,False,False
2026-08-30_HOU@NYM,S156_2026-08-30_MAIN,2026-08-30,Sunday,main_slate,15,NYM,HOU,NL,AL,True,False,False
2026-08-30_BOS@NYY,S156_2026-08-30_MAIN,2026-08-30,Sunday,main_slate,15,NYY,BOS,AL,AL,False,False,False
2026-08-30_ARI@SF,S156_2026-08-30_MAIN,2026-08-30,Sunday,main_slate,15,SF,ARI,NL,NL,False,False,False
2026-08-30_PIT@STL,S156_2026-08-30_MAIN,2026-08-30,Sunday,main_slate,15,STL,PIT,NL,NL,False,False,False
2026-08-30_SD@TB,S156_2026-08-30_MAIN,2026-08-30,Sunday,main_slate,15,TB,SD,AL,NL,True,False,False
2026-08-30_SEA@TOR,S156_2026-08-30_MAIN,2026-08-30,Sunday,main_slate,15,TOR,SEA,AL,AL,False,False,False
2026-08-30_MIA@WSH,S156_2026-08-30_MAIN,2026-08-30,Sunday,main_slate,15,WSH,MIA,NL,NL,False,False,False
2026-08-31_PHI@ARI,S157_2026-08-31_MAIN,2026-08-31,Monday,main_slate,11,ARI,PHI,NL,NL,False,False,False
2026-08-31_SEA@BOS,S157_2026-08-31_MAIN,2026-08-31,Monday,main_slate,11,BOS,SEA,AL,AL,False,False,False
2026-08-31_MIL@CHC,S157_2026-08-31_MAIN,2026-08-31,Monday,main_slate,11,CHC,MIL,NL,NL,False,False,False
2026-08-31_SD@CIN,S157_2026-08-31_MAIN,2026-08-31,Monday,main_slate,11,CIN,SD,NL,NL,False,False,False
2026-08-31_BAL@COL,S157_2026-08-31_MAIN,2026-08-31,Monday,main_slate,11,COL,BAL,NL,AL,True,False,False
2026-08-31_CHW@HOU,S157_2026-08-31_MAIN,2026-08-31,Monday,main_slate,11,HOU,CHW,AL,AL,False,False,False
2026-08-31_NYY@LAA,S157_2026-08-31_MAIN,2026-08-31,Monday,main_slate,11,LAA,NYY,AL,AL,False,False,False
2026-08-31_DET@MIN,S157_2026-08-31_MAIN,2026-08-31,Monday,main_slate,11,MIN,DET,AL,AL,False,False,False
2026-08-31_NYM@TB,S157_2026-08-31_MAIN,2026-08-31,Monday,main_slate,11,TB,NYM,AL,NL,True,False,False
2026-08-31_ATH@TEX,S157_2026-08-31_MAIN,2026-08-31,Monday,main_slate,11,TEX,ATH,AL,AL,False,False,False
2026-08-31_MIA@WSH,S157_2026-08-31_MAIN,2026-08-31,Monday,main_slate,11,WSH,MIA,NL,NL,False,False,False
2026-09-01_PHI@ARI,S158_2026-09-01_MAIN,2026-09-01,Tuesday,main_slate,15,ARI,PHI,NL,NL,False,False,False
2026-09-01_SEA@BOS,S158_2026-09-01_MAIN,2026-09-01,Tuesday,main_slate,15,BOS,SEA,AL,AL,False,False,False
2026-09-01_MIL@CHC,S158_2026-09-01_MAIN,2026-09-01,Tuesday,main_slate,15,CHC,MIL,NL,NL,False,False,False
2026-09-01_SD@CIN,S158_2026-09-01_MAIN,2026-09-01,Tuesday,main_slate,15,CIN,SD,NL,NL,False,False,False
2026-09-01_TOR@CLE,S158_2026-09-01_MAIN,2026-09-01,Tuesday,main_slate,15,CLE,TOR,AL,AL,False,False,False
2026-09-01_BAL@COL,S158_2026-09-01_MAIN,2026-09-01,Tuesday,main_slate,15,COL,BAL,NL,AL,True,False,False
2026-09-01_CHW@HOU,S158_2026-09-01_MAIN,2026-09-01,Tuesday,main_slate,15,HOU,CHW,AL,AL,False,False,False
2026-09-01_MIA@KC,S158_2026-09-01_MAIN,2026-09-01,Tuesday,main_slate,15,KC,MIA,AL,NL,True,False,False
2026-09-01_NYY@LAA,S158_2026-09-01_MAIN,2026-09-01,Tuesday,main_slate,15,LAA,NYY,AL,AL,False,False,False
2026-09-01_STL@LAD,S158_2026-09-01_MAIN,2026-09-01,Tuesday,main_slate,15,LAD,STL,NL,NL,False,False,False
2026-09-01_DET@MIN,S158_2026-09-01_MAIN,2026-09-01,Tuesday,main_slate,15,MIN,DET,AL,AL,False,False,False
2026-09-01_SF@PIT,S158_2026-09-01_MAIN,2026-09-01,Tuesday,main_slate,15,PIT,SF,NL,NL,False,False,False
2026-09-01_NYM@TB,S158_2026-09-01_MAIN,2026-09-01,Tuesday,main_slate,15,TB,NYM,AL,NL,True,False,False
2026-09-01_ATH@TEX,S158_2026-09-01_MAIN,2026-09-01,Tuesday,main_slate,15,TEX,ATH,AL,AL,False,False,False
2026-09-01_ATL@WSH,S158_2026-09-01_MAIN,2026-09-01,Tuesday,main_slate,15,WSH,ATL,NL,NL,False,False,False
2026-09-02_PHI@ARI,S159_2026-09-02_MAIN,2026-09-02,Wednesday,main_slate,15,ARI,PHI,NL,NL,False,False,False
2026-09-02_SEA@BOS,S159_2026-09-02_MAIN,2026-09-02,Wednesday,main_slate,15,BOS,SEA,AL,AL,False,False,False
2026-09-02_MIL@CHC,S159_2026-09-02_MAIN,2026-09-02,Wednesday,main_slate,15,CHC,MIL,NL,NL,False,False,False
2026-09-02_SD@CIN,S159_2026-09-02_MAIN,2026-09-02,Wednesday,main_slate,15,CIN,SD,NL,NL,False,False,False
2026-09-02_TOR@CLE,S159_2026-09-02_MAIN,2026-09-02,Wednesday,main_slate,15,CLE,TOR,AL,AL,False,False,False
2026-09-02_BAL@COL,S159_2026-09-02_MAIN,2026-09-02,Wednesday,main_slate,15,COL,BAL,NL,AL,True,False,False
2026-09-02_CHW@HOU,S159_2026-09-02_MAIN,2026-09-02,Wednesday,main_slate,15,HOU,CHW,AL,AL,False,False,False
2026-09-02_MIA@KC,S159_2026-09-02_MAIN,2026-09-02,Wednesday,main_slate,15,KC,MIA,AL,NL,True,False,False
2026-09-02_NYY@LAA,S159_2026-09-02_MAIN,2026-09-02,Wednesday,main_slate,15,LAA,NYY,AL,AL,False,False,False
2026-09-02_STL@LAD,S159_2026-09-02_MAIN,2026-09-02,Wednesday,main_slate,15,LAD,STL,NL,NL,False,False,False
2026-09-02_DET@MIN,S159_2026-09-02_MAIN,2026-09-02,Wednesday,main_slate,15,MIN,DET,AL,AL,False,False,False
2026-09-02_SF@PIT,S159_2026-09-02_MAIN,2026-09-02,Wednesday,main_slate,15,PIT,SF,NL,NL,False,False,False
2026-09-02_NYM@TB,S159_2026-09-02_MAIN,2026-09-02,Wednesday,main_slate,15,TB,NYM,AL,NL,True,False,False
2026-09-02_ATH@TEX,S159_2026-09-02_MAIN,2026-09-02,Wednesday,main_slate,15,TEX,ATH,AL,AL,False,False,False
2026-09-02_ATL@WSH,S159_2026-09-02_MAIN,2026-09-02,Wednesday,main_slate,15,WSH,ATL,NL,NL,False,False,False
2026-09-03_BOS@BAL,S160_2026-09-03_MAIN,2026-09-03,Thursday,main_slate,9,BAL,BOS,AL,AL,False,False,False
2026-09-03_MIL@CHC,S160_2026-09-03_MAIN,2026-09-03,Thursday,main_slate,9,CHC,MIL,NL,NL,False,False,False
2026-09-03_TOR@CLE,S160_2026-09-03_MAIN,2026-09-03,Thursday,main_slate,9,CLE,TOR,AL,AL,False,False,False
2026-09-03_CHW@HOU,S160_2026-09-03_MAIN,2026-09-03,Thursday,main_slate,9,HOU,CHW,AL,AL,False,False,False
2026-09-03_MIA@KC,S160_2026-09-03_MAIN,2026-09-03,Thursday,main_slate,9,KC,MIA,AL,NL,True,False,False
2026-09-03_STL@LAD,S160_2026-09-03_MAIN,2026-09-03,Thursday,main_slate,9,LAD,STL,NL,NL,False,False,False
2026-09-03_SF@PIT,S160_2026-09-03_MAIN,2026-09-03,Thursday,main_slate,9,PIT,SF,NL,NL,False,False,False
2026-09-03_ATH@SEA,S160_2026-09-03_MAIN,2026-09-03,Thursday,main_slate,9,SEA,ATH,AL,AL,False,False,False
2026-09-03_TB@TEX,S160_2026-09-03_MAIN,2026-09-03,Thursday,main_slate,9,TEX,TB,AL,AL,False,False,False
2026-09-04_BOS@BAL,S161_2026-09-04_MAIN,2026-09-04,Friday,main_slate,15,BAL,BOS,AL,AL,False,False,False
2026-09-04_MIN@CHW,S161_2026-09-04_MAIN,2026-09-04,Friday,main_slate,15,CHW,MIN,AL,AL,False,False,False
2026-09-04_MIL@CIN,S161_2026-09-04_MAIN,2026-09-04,Friday,main_slate,15,CIN,MIL,NL,NL,False,False,False
2026-09-04_DET@CLE,S161_2026-09-04_MAIN,2026-09-04,Friday,main_slate,15,CLE,DET,AL,AL,False,False,False
2026-09-04_STL@COL,S161_2026-09-04_MAIN,2026-09-04,Friday,main_slate,15,COL,STL,NL,NL,False,False,False
2026-09-04_ARI@HOU,S161_2026-09-04_MAIN,2026-09-04,Friday,main_slate,15,HOU,ARI,AL,NL,True,False,False
2026-09-04_TOR@KC,S161_2026-09-04_MAIN,2026-09-04,Friday,main_slate,15,KC,TOR,AL,AL,False,False,False
2026-09-04_WSH@LAD,S161_2026-09-04_MAIN,2026-09-04,Friday,main_slate,15,LAD,WSH,NL,NL,False,False,False
2026-09-04_CHC@MIA,S161_2026-09-04_MAIN,2026-09-04,Friday,main_slate,15,MIA,CHC,NL,NL,False,False,False
2026-09-04_SF@NYM,S161_2026-09-04_MAIN,2026-09-04,Friday,main_slate,15,NYM,SF,NL,NL,False,False,False
2026-09-04_ATL@PHI,S161_2026-09-04_MAIN,2026-09-04,Friday,main_slate,15,PHI,ATL,NL,NL,False,False,False
2026-09-04_LAA@PIT,S161_2026-09-04_MAIN,2026-09-04,Friday,main_slate,15,PIT,LAA,NL,AL,True,False,False
2026-09-04_NYY@SD,S161_2026-09-04_MAIN,2026-09-04,Friday,main_slate,15,SD,NYY,NL,AL,True,False,False
2026-09-04_ATH@SEA,S161_2026-09-04_MAIN,2026-09-04,Friday,main_slate,15,SEA,ATH,AL,AL,False,False,False
2026-09-04_TB@TEX,S161_2026-09-04_MAIN,2026-09-04,Friday,main_slate,15,TEX,TB,AL,AL,False,False,False
2026-09-05_BOS@BAL,S162_2026-09-05_MAIN,2026-09-05,Saturday,main_slate,15,BAL,BOS,AL,AL,False,False,False
2026-09-05_MIN@CHW,S162_2026-09-05_MAIN,2026-09-05,Saturday,main_slate,15,CHW,MIN,AL,AL,False,False,False
2026-09-05_MIL@CIN,S162_2026-09-05_MAIN,2026-09-05,Saturday,main_slate,15,CIN,MIL,NL,NL,False,False,False
2026-09-05_DET@CLE,S162_2026-09-05_MAIN,2026-09-05,Saturday,main_slate,15,CLE,DET,AL,AL,False,False,False
2026-09-05_STL@COL,S162_2026-09-05_MAIN,2026-09-05,Saturday,main_slate,15,COL,STL,NL,NL,False,False,False
2026-09-05_ARI@HOU,S162_2026-09-05_MAIN,2026-09-05,Saturday,main_slate,15,HOU,ARI,AL,NL,True,False,False
2026-09-05_TOR@KC,S162_2026-09-05_MAIN,2026-09-05,Saturday,main_slate,15,KC,TOR,AL,AL,False,False,False
2026-09-05_WSH@LAD,S162_2026-09-05_MAIN,2026-09-05,Saturday,main_slate,15,LAD,WSH,NL,NL,False,False,False
2026-09-05_CHC@MIA,S162_2026-09-05_MAIN,2026-09-05,Saturday,main_slate,15,MIA,CHC,NL,NL,False,False,False
2026-09-05_SF@NYM,S162_2026-09-05_MAIN,2026-09-05,Saturday,main_slate,15,NYM,SF,NL,NL,False,False,False
2026-09-05_ATL@PHI,S162_2026-09-05_MAIN,2026-09-05,Saturday,main_slate,15,PHI,ATL,NL,NL,False,False,False
2026-09-05_LAA@PIT,S162_2026-09-05_MAIN,2026-09-05,Saturday,main_slate,15,PIT,LAA,NL,AL,True,False,False
2026-09-05_NYY@SD,S162_2026-09-05_MAIN,2026-09-05,Saturday,main_slate,15,SD,NYY,NL,AL,True,False,False
2026-09-05_ATH@SEA,S162_2026-09-05_MAIN,2026-09-05,Saturday,main_slate,15,SEA,ATH,AL,AL,False,False,False
2026-09-05_TB@TEX,S162_2026-09-05_MAIN,2026-09-05,Saturday,main_slate,15,TEX,TB,AL,AL,False,False,False
2026-09-06_BOS@BAL,S163_2026-09-06_MAIN,2026-09-06,Sunday,main_slate,15,BAL,BOS,AL,AL,False,False,False
2026-09-06_MIN@CHW,S163_2026-09-06_MAIN,2026-09-06,Sunday,main_slate,15,CHW,MIN,AL,AL,False,False,False
2026-09-06_MIL@CIN,S163_2026-09-06_MAIN,2026-09-06,Sunday,main_slate,15,CIN,MIL,NL,NL,False,False,False
2026-09-06_DET@CLE,S163_2026-09-06_MAIN,2026-09-06,Sunday,main_slate,15,CLE,DET,AL,AL,False,False,False
2026-09-06_STL@COL,S163_2026-09-06_MAIN,2026-09-06,Sunday,main_slate,15,COL,STL,NL,NL,False,False,False
2026-09-06_ARI@HOU,S163_2026-09-06_MAIN,2026-09-06,Sunday,main_slate,15,HOU,ARI,AL,NL,True,False,False
2026-09-06_TOR@KC,S163_2026-09-06_MAIN,2026-09-06,Sunday,main_slate,15,KC,TOR,AL,AL,False,False,False
2026-09-06_WSH@LAD,S163_2026-09-06_MAIN,2026-09-06,Sunday,main_slate,15,LAD,WSH,NL,NL,False,False,False
2026-09-06_CHC@MIA,S163_2026-09-06_MAIN,2026-09-06,Sunday,main_slate,15,MIA,CHC,NL,NL,False,False,False
2026-09-06_SF@NYM,S163_2026-09-06_MAIN,2026-09-06,Sunday,main_slate,15,NYM,SF,NL,NL,False,False,False
2026-09-06_ATL@PHI,S163_2026-09-06_MAIN,2026-09-06,Sunday,main_slate,15,PHI,ATL,NL,NL,False,False,False
2026-09-06_LAA@PIT,S163_2026-09-06_MAIN,2026-09-06,Sunday,main_slate,15,PIT,LAA,NL,AL,True,False,False
2026-09-06_NYY@SD,S163_2026-09-06_MAIN,2026-09-06,Sunday,main_slate,15,SD,NYY,NL,AL,True,False,False
2026-09-06_ATH@SEA,S163_2026-09-06_MAIN,2026-09-06,Sunday,main_slate,15,SEA,ATH,AL,AL,False,False,False
2026-09-06_TB@TEX,S163_2026-09-06_MAIN,2026-09-06,Sunday,main_slate,15,TEX,TB,AL,AL,False,False,False
2026-09-07_TOR@ATH,S164_2026-09-07_MAIN,2026-09-07,Monday,main_slate,11,ATH,TOR,AL,AL,False,False,False
2026-09-07_CLE@BAL,S164_2026-09-07_MAIN,2026-09-07,Monday,main_slate,11,BAL,CLE,AL,AL,False,False,False
2026-09-07_LAA@BOS,S164_2026-09-07_MAIN,2026-09-07,Monday,main_slate,11,BOS,LAA,AL,AL,False,False,False
2026-09-07_MIN@DET,S164_2026-09-07_MAIN,2026-09-07,Monday,main_slate,11,DET,MIN,AL,AL,False,False,False
2026-09-07_ARI@KC,S164_2026-09-07_MAIN,2026-09-07,Monday,main_slate,11,KC,ARI,AL,NL,True,False,False
2026-09-07_CIN@LAD,S164_2026-09-07_MAIN,2026-09-07,Monday,main_slate,11,LAD,CIN,NL,NL,False,False,False
2026-09-07_NYM@MIA,S164_2026-09-07_MAIN,2026-09-07,Monday,main_slate,11,MIA,NYM,NL,NL,False,False,False
2026-09-07_CHC@MIL,S164_2026-09-07_MAIN,2026-09-07,Monday,main_slate,11,MIL,CHC,NL,NL,False,False,False
2026-09-07_ATL@PHI,S164_2026-09-07_MAIN,2026-09-07,Monday,main_slate,11,PHI,ATL,NL,NL,False,False,False
2026-09-07_WSH@SD,S164_2026-09-07_MAIN,2026-09-07,Monday,main_slate,11,SD,WSH,NL,NL,False,False,False
2026-09-07_STL@SF,S164_2026-09-07_MAIN,2026-09-07,Monday,main_slate,11,SF,STL,NL,NL,False,False,False
2026-09-08_TOR@ATH,S165_2026-09-08_MAIN,2026-09-08,Tuesday,main_slate,15,ATH,TOR,AL,AL,False,False,False
2026-09-08_TB@ATL,S165_2026-09-08_MAIN,2026-09-08,Tuesday,main_slate,15,ATL,TB,NL,AL,True,False,False
2026-09-08_CLE@BAL,S165_2026-09-08_MAIN,2026-09-08,Tuesday,main_slate,15,BAL,CLE,AL,AL,False,False,False
2026-09-08_LAA@BOS,S165_2026-09-08_MAIN,2026-09-08,Tuesday,main_slate,15,BOS,LAA,AL,AL,False,False,False
2026-09-08_PIT@CHW,S165_2026-09-08_MAIN,2026-09-08,Tuesday,main_slate,15,CHW,PIT,AL,NL,True,False,False
2026-09-08_MIN@DET,S165_2026-09-08_MAIN,2026-09-08,Tuesday,main_slate,15,DET,MIN,AL,AL,False,False,False
2026-09-08_ARI@KC,S165_2026-09-08_MAIN,2026-09-08,Tuesday,main_slate,15,KC,ARI,AL,NL,True,False,False
2026-09-08_CIN@LAD,S165_2026-09-08_MAIN,2026-09-08,Tuesday,main_slate,15,LAD,CIN,NL,NL,False,False,False
2026-09-08_NYM@MIA,S165_2026-09-08_MAIN,2026-09-08,Tuesday,main_slate,15,MIA,NYM,NL,NL,False,False,False
2026-09-08_CHC@MIL,S165_2026-09-08_MAIN,2026-09-08,Tuesday,main_slate,15,MIL,CHC,NL,NL,False,False,False
2026-09-08_COL@NYY,S165_2026-09-08_MAIN,2026-09-08,Tuesday,main_slate,15,NYY,COL,AL,NL,True,False,False
2026-09-08_HOU@PHI,S165_2026-09-08_MAIN,2026-09-08,Tuesday,main_slate,15,PHI,HOU,NL,AL,True,False,False
2026-09-08_WSH@SD,S165_2026-09-08_MAIN,2026-09-08,Tuesday,main_slate,15,SD,WSH,NL,NL,False,False,False
2026-09-08_TEX@SEA,S165_2026-09-08_MAIN,2026-09-08,Tuesday,main_slate,15,SEA,TEX,AL,AL,False,False,False
2026-09-08_STL@SF,S165_2026-09-08_MAIN,2026-09-08,Tuesday,main_slate,15,SF,STL,NL,NL,False,False,False
2026-09-09_TOR@ATH,S166_2026-09-09_MAIN,2026-09-09,Wednesday,main_slate,15,ATH,TOR,AL,AL,False,False,False
2026-09-09_TB@ATL,S166_2026-09-09_MAIN,2026-09-09,Wednesday,main_slate,15,ATL,TB,NL,AL,True,False,False
2026-09-09_CLE@BAL,S166_2026-09-09_MAIN,2026-09-09,Wednesday,main_slate,15,BAL,CLE,AL,AL,False,False,False
2026-09-09_LAA@BOS,S166_2026-09-09_MAIN,2026-09-09,Wednesday,main_slate,15,BOS,LAA,AL,AL,False,False,False
2026-09-09_PIT@CHW,S166_2026-09-09_MAIN,2026-09-09,Wednesday,main_slate,15,CHW,PIT,AL,NL,True,False,False
2026-09-09_MIN@DET,S166_2026-09-09_MAIN,2026-09-09,Wednesday,main_slate,15,DET,MIN,AL,AL,False,False,False
2026-09-09_ARI@KC,S166_2026-09-09_MAIN,2026-09-09,Wednesday,main_slate,15,KC,ARI,AL,NL,True,False,False
2026-09-09_CIN@LAD,S166_2026-09-09_MAIN,2026-09-09,Wednesday,main_slate,15,LAD,CIN,NL,NL,False,False,False
2026-09-09_NYM@MIA,S166_2026-09-09_MAIN,2026-09-09,Wednesday,main_slate,15,MIA,NYM,NL,NL,False,False,False
2026-09-09_CHC@MIL,S166_2026-09-09_MAIN,2026-09-09,Wednesday,main_slate,15,MIL,CHC,NL,NL,False,False,False
2026-09-09_COL@NYY,S166_2026-09-09_MAIN,2026-09-09,Wednesday,main_slate,15,NYY,COL,AL,NL,True,False,False
2026-09-09_HOU@PHI,S166_2026-09-09_MAIN,2026-09-09,Wednesday,main_slate,15,PHI,HOU,NL,AL,True,False,False
2026-09-09_WSH@SD,S166_2026-09-09_MAIN,2026-09-09,Wednesday,main_slate,15,SD,WSH,NL,NL,False,False,False
2026-09-09_TEX@SEA,S166_2026-09-09_MAIN,2026-09-09,Wednesday,main_slate,15,SEA,TEX,AL,AL,False,False,False
2026-09-09_STL@SF,S166_2026-09-09_MAIN,2026-09-09,Wednesday,main_slate,15,SF,STL,NL,NL,False,False,False
2026-09-10_TB@ATL,S167_2026-09-10_SMALL,2026-09-10,Thursday,small_slate,5,ATL,TB,NL,AL,True,False,False
2026-09-10_PIT@CHW,S167_2026-09-10_SMALL,2026-09-10,Thursday,small_slate,5,CHW,PIT,AL,NL,True,False,False
2026-09-10_COL@NYY,S167_2026-09-10_SMALL,2026-09-10,Thursday,small_slate,5,NYY,COL,AL,NL,True,False,False
2026-09-10_HOU@PHI,S167_2026-09-10_SMALL,2026-09-10,Thursday,small_slate,5,PHI,HOU,NL,AL,True,False,False
2026-09-10_TEX@SEA,S167_2026-09-10_SMALL,2026-09-10,Thursday,small_slate,5,SEA,TEX,AL,AL,False,False,False
2026-09-11_TEX@ARI,S168_2026-09-11_MAIN,2026-09-11,Friday,main_slate,15,ARI,TEX,NL,AL,True,False,False
2026-09-11_SEA@ATH,S168_2026-09-11_MAIN,2026-09-11,Friday,main_slate,15,ATH,SEA,AL,AL,False,False,False
2026-09-11_PHI@ATL,S168_2026-09-11_MAIN,2026-09-11,Friday,main_slate,15,ATL,PHI,NL,NL,False,False,False
2026-09-11_KC@BOS,S168_2026-09-11_MAIN,2026-09-11,Friday,main_slate,15,BOS,KC,AL,AL,False,False,False
2026-09-11_PIT@CHC,S168_2026-09-11_MAIN,2026-09-11,Friday,main_slate,15,CHC,PIT,NL,NL,False,False,False
2026-09-11_COL@DET,S168_2026-09-11_MAIN,2026-09-11,Friday,main_slate,15,DET,COL,AL,NL,True,False,False
2026-09-11_LAD@MIA,S168_2026-09-11_MAIN,2026-09-11,Friday,main_slate,15,MIA,LAD,NL,NL,False,False,False
2026-09-11_CIN@MIL,S168_2026-09-11_MAIN,2026-09-11,Friday,main_slate,15,MIL,CIN,NL,NL,False,False,False
2026-09-11_CLE@MIN,S168_2026-09-11_MAIN,2026-09-11,Friday,main_slate,15,MIN,CLE,AL,AL,False,False,False
2026-09-11_NYM@NYY,S168_2026-09-11_MAIN,2026-09-11,Friday,main_slate,15,NYY,NYM,AL,NL,True,False,False
2026-09-11_SD@SF,S168_2026-09-11_MAIN,2026-09-11,Friday,main_slate,15,SF,SD,NL,NL,False,False,False
2026-09-11_CHW@STL,S168_2026-09-11_MAIN,2026-09-11,Friday,main_slate,15,STL,CHW,NL,AL,True,False,False
2026-09-11_HOU@TB,S168_2026-09-11_MAIN,2026-09-11,Friday,main_slate,15,TB,HOU,AL,AL,False,False,False
2026-09-11_BAL@TOR,S168_2026-09-11_MAIN,2026-09-11,Friday,main_slate,15,TOR,BAL,AL,AL,False,False,False
2026-09-11_LAA@WSH,S168_2026-09-11_MAIN,2026-09-11,Friday,main_slate,15,WSH,LAA,NL,AL,True,False,False
2026-09-12_TEX@ARI,S169_2026-09-12_MAIN,2026-09-12,Saturday,main_slate,15,ARI,TEX,NL,AL,True,False,False
2026-09-12_SEA@ATH,S169_2026-09-12_MAIN,2026-09-12,Saturday,main_slate,15,ATH,SEA,AL,AL,False,False,False
2026-09-12_PHI@ATL,S169_2026-09-12_MAIN,2026-09-12,Saturday,main_slate,15,ATL,PHI,NL,NL,False,False,False
2026-09-12_KC@BOS,S169_2026-09-12_MAIN,2026-09-12,Saturday,main_slate,15,BOS,KC,AL,AL,False,False,False
2026-09-12_PIT@CHC,S169_2026-09-12_MAIN,2026-09-12,Saturday,main_slate,15,CHC,PIT,NL,NL,False,False,False
2026-09-12_COL@DET,S169_2026-09-12_MAIN,2026-09-12,Saturday,main_slate,15,DET,COL,AL,NL,True,False,False
2026-09-12_LAD@MIA,S169_2026-09-12_MAIN,2026-09-12,Saturday,main_slate,15,MIA,LAD,NL,NL,False,False,False
2026-09-12_CIN@MIL,S169_2026-09-12_MAIN,2026-09-12,Saturday,main_slate,15,MIL,CIN,NL,NL,False,False,False
2026-09-12_CLE@MIN,S169_2026-09-12_MAIN,2026-09-12,Saturday,main_slate,15,MIN,CLE,AL,AL,False,False,False
2026-09-12_NYM@NYY,S169_2026-09-12_MAIN,2026-09-12,Saturday,main_slate,15,NYY,NYM,AL,NL,True,False,False
2026-09-12_SD@SF,S169_2026-09-12_MAIN,2026-09-12,Saturday,main_slate,15,SF,SD,NL,NL,False,False,False
2026-09-12_CHW@STL,S169_2026-09-12_MAIN,2026-09-12,Saturday,main_slate,15,STL,CHW,NL,AL,True,False,False
2026-09-12_HOU@TB,S169_2026-09-12_MAIN,2026-09-12,Saturday,main_slate,15,TB,HOU,AL,AL,False,False,False
2026-09-12_BAL@TOR,S169_2026-09-12_MAIN,2026-09-12,Saturday,main_slate,15,TOR,BAL,AL,AL,False,False,False
2026-09-12_LAA@WSH,S169_2026-09-12_MAIN,2026-09-12,Saturday,main_slate,15,WSH,LAA,NL,AL,True,False,False
2026-09-13_TEX@ARI,S170_2026-09-13_MAIN,2026-09-13,Sunday,main_slate,15,ARI,TEX,NL,AL,True,False,False
2026-09-13_SEA@ATH,S170_2026-09-13_MAIN,2026-09-13,Sunday,main_slate,15,ATH,SEA,AL,AL,False,False,False
2026-09-13_PHI@ATL,S170_2026-09-13_MAIN,2026-09-13,Sunday,main_slate,15,ATL,PHI,NL,NL,False,False,False
2026-09-13_KC@BOS,S170_2026-09-13_MAIN,2026-09-13,Sunday,main_slate,15,BOS,KC,AL,AL,False,False,False
2026-09-13_PIT@CHC,S170_2026-09-13_MAIN,2026-09-13,Sunday,main_slate,15,CHC,PIT,NL,NL,False,False,False
2026-09-13_COL@DET,S170_2026-09-13_MAIN,2026-09-13,Sunday,main_slate,15,DET,COL,AL,NL,True,False,False
2026-09-13_LAD@MIA,S170_2026-09-13_MAIN,2026-09-13,Sunday,main_slate,15,MIA,LAD,NL,NL,False,False,False
2026-09-13_CIN@MIL,S170_2026-09-13_MAIN,2026-09-13,Sunday,main_slate,15,MIL,CIN,NL,NL,False,False,False
2026-09-13_CLE@MIN,S170_2026-09-13_MAIN,2026-09-13,Sunday,main_slate,15,MIN,CLE,AL,AL,False,False,False
2026-09-13_NYM@NYY,S170_2026-09-13_MAIN,2026-09-13,Sunday,main_slate,15,NYY,NYM,AL,NL,True,False,False
2026-09-13_SD@SF,S170_2026-09-13_MAIN,2026-09-13,Sunday,main_slate,15,SF,SD,NL,NL,False,False,False
2026-09-13_CHW@STL,S170_2026-09-13_MAIN,2026-09-13,Sunday,main_slate,15,STL,CHW,NL,AL,True,False,False
2026-09-13_HOU@TB,S170_2026-09-13_MAIN,2026-09-13,Sunday,main_slate,15,TB,HOU,AL,AL,False,False,False
2026-09-13_BAL@TOR,S170_2026-09-13_MAIN,2026-09-13,Sunday,main_slate,15,TOR,BAL,AL,AL,False,False,False
2026-09-13_LAA@WSH,S170_2026-09-13_MAIN,2026-09-13,Sunday,main_slate,15,WSH,LAA,NL,AL,True,False,False
2026-09-14_MIA@ARI,S171_2026-09-14_MAIN,2026-09-14,Monday,main_slate,10,ARI,MIA,NL,NL,False,False,False
2026-09-14_ATL@CHC,S171_2026-09-14_MAIN,2026-09-14,Monday,main_slate,10,CHC,ATL,NL,NL,False,False,False
2026-09-14_LAD@CIN,S171_2026-09-14_MAIN,2026-09-14,Monday,main_slate,10,CIN,LAD,NL,NL,False,False,False
2026-09-14_CHW@CLE,S171_2026-09-14_MAIN,2026-09-14,Monday,main_slate,10,CLE,CHW,AL,AL,False,False,False
2026-09-14_SD@COL,S171_2026-09-14_MAIN,2026-09-14,Monday,main_slate,10,COL,SD,NL,NL,False,False,False
2026-09-14_SEA@LAA,S171_2026-09-14_MAIN,2026-09-14,Monday,main_slate,10,LAA,SEA,AL,AL,False,False,False
2026-09-14_NYY@MIN,S171_2026-09-14_MAIN,2026-09-14,Monday,main_slate,10,MIN,NYY,AL,AL,False,False,False
2026-09-14_BAL@NYM,S171_2026-09-14_MAIN,2026-09-14,Monday,main_slate,10,NYM,BAL,NL,AL,True,False,False
2026-09-14_SF@STL,S171_2026-09-14_MAIN,2026-09-14,Monday,main_slate,10,STL,SF,NL,NL,False,False,False
2026-09-14_DET@TOR,S171_2026-09-14_MAIN,2026-09-14,Monday,main_slate,10,TOR,DET,AL,AL,False,False,False
2026-09-15_MIA@ARI,S172_2026-09-15_MAIN,2026-09-15,Tuesday,main_slate,15,ARI,MIA,NL,NL,False,False,False
2026-09-15_ATL@CHC,S172_2026-09-15_MAIN,2026-09-15,Tuesday,main_slate,15,CHC,ATL,NL,NL,False,False,False
2026-09-15_LAD@CIN,S172_2026-09-15_MAIN,2026-09-15,Tuesday,main_slate,15,CIN,LAD,NL,NL,False,False,False
2026-09-15_CHW@CLE,S172_2026-09-15_MAIN,2026-09-15,Tuesday,main_slate,15,CLE,CHW,AL,AL,False,False,False
2026-09-15_SD@COL,S172_2026-09-15_MAIN,2026-09-15,Tuesday,main_slate,15,COL,SD,NL,NL,False,False,False
2026-09-15_KC@HOU,S172_2026-09-15_MAIN,2026-09-15,Tuesday,main_slate,15,HOU,KC,AL,AL,False,False,False
2026-09-15_SEA@LAA,S172_2026-09-15_MAIN,2026-09-15,Tuesday,main_slate,15,LAA,SEA,AL,AL,False,False,False
2026-09-15_NYY@MIN,S172_2026-09-15_MAIN,2026-09-15,Tuesday,main_slate,15,MIN,NYY,AL,AL,False,False,False
2026-09-15_BAL@NYM,S172_2026-09-15_MAIN,2026-09-15,Tuesday,main_slate,15,NYM,BAL,NL,AL,True,False,False
2026-09-15_MIL@PIT,S172_2026-09-15_MAIN,2026-09-15,Tuesday,main_slate,15,PIT,MIL,NL,NL,False,False,False
2026-09-15_SF@STL,S172_2026-09-15_MAIN,2026-09-15,Tuesday,main_slate,15,STL,SF,NL,NL,False,False,False
2026-09-15_ATH@TB,S172_2026-09-15_MAIN,2026-09-15,Tuesday,main_slate,15,TB,ATH,AL,AL,False,False,False
2026-09-15_BOS@TEX,S172_2026-09-15_MAIN,2026-09-15,Tuesday,main_slate,15,TEX,BOS,AL,AL,False,False,False
2026-09-15_DET@TOR,S172_2026-09-15_MAIN,2026-09-15,Tuesday,main_slate,15,TOR,DET,AL,AL,False,False,False
2026-09-15_PHI@WSH,S172_2026-09-15_MAIN,2026-09-15,Tuesday,main_slate,15,WSH,PHI,NL,NL,False,False,False
2026-09-16_MIA@ARI,S173_2026-09-16_MAIN,2026-09-16,Wednesday,main_slate,15,ARI,MIA,NL,NL,False,False,False
2026-09-16_ATL@CHC,S173_2026-09-16_MAIN,2026-09-16,Wednesday,main_slate,15,CHC,ATL,NL,NL,False,False,False
2026-09-16_LAD@CIN,S173_2026-09-16_MAIN,2026-09-16,Wednesday,main_slate,15,CIN,LAD,NL,NL,False,False,False
2026-09-16_CHW@CLE,S173_2026-09-16_MAIN,2026-09-16,Wednesday,main_slate,15,CLE,CHW,AL,AL,False,False,False
2026-09-16_SD@COL,S173_2026-09-16_MAIN,2026-09-16,Wednesday,main_slate,15,COL,SD,NL,NL,False,False,False
2026-09-16_KC@HOU,S173_2026-09-16_MAIN,2026-09-16,Wednesday,main_slate,15,HOU,KC,AL,AL,False,False,False
2026-09-16_SEA@LAA,S173_2026-09-16_MAIN,2026-09-16,Wednesday,main_slate,15,LAA,SEA,AL,AL,False,False,False
2026-09-16_NYY@MIN,S173_2026-09-16_MAIN,2026-09-16,Wednesday,main_slate,15,MIN,NYY,AL,AL,False,False,False
2026-09-16_BAL@NYM,S173_2026-09-16_MAIN,2026-09-16,Wednesday,main_slate,15,NYM,BAL,NL,AL,True,False,False
2026-09-16_MIL@PIT,S173_2026-09-16_MAIN,2026-09-16,Wednesday,main_slate,15,PIT,MIL,NL,NL,False,False,False
2026-09-16_SF@STL,S173_2026-09-16_MAIN,2026-09-16,Wednesday,main_slate,15,STL,SF,NL,NL,False,False,False
2026-09-16_ATH@TB,S173_2026-09-16_MAIN,2026-09-16,Wednesday,main_slate,15,TB,ATH,AL,AL,False,False,False
2026-09-16_BOS@TEX,S173_2026-09-16_MAIN,2026-09-16,Wednesday,main_slate,15,TEX,BOS,AL,AL,False,False,False
2026-09-16_DET@TOR,S173_2026-09-16_MAIN,2026-09-16,Wednesday,main_slate,15,TOR,DET,AL,AL,False,False,False
2026-09-16_PHI@WSH,S173_2026-09-16_MAIN,2026-09-16,Wednesday,main_slate,15,WSH,PHI,NL,NL,False,False,False
2026-09-17_DET@CHW,S174_2026-09-17_MAIN,2026-09-17,Thursday,main_slate,9,CHW,DET,AL,AL,False,False,False
2026-09-17_LAD@CIN,S174_2026-09-17_MAIN,2026-09-17,Thursday,main_slate,9,CIN,LAD,NL,NL,False,False,False
2026-09-17_SD@COL,S174_2026-09-17_MAIN,2026-09-17,Thursday,main_slate,9,COL,SD,NL,NL,False,False,False
2026-09-17_KC@HOU,S174_2026-09-17_MAIN,2026-09-17,Thursday,main_slate,9,HOU,KC,AL,AL,False,False,False
2026-09-17_MIN@LAA,S174_2026-09-17_MAIN,2026-09-17,Thursday,main_slate,9,LAA,MIN,AL,AL,False,False,False
2026-09-17_PHI@NYM,S174_2026-09-17_MAIN,2026-09-17,Thursday,main_slate,9,NYM,PHI,NL,NL,False,False,False
2026-09-17_MIL@PIT,S174_2026-09-17_MAIN,2026-09-17,Thursday,main_slate,9,PIT,MIL,NL,NL,False,False,False
2026-09-17_ATH@TB,S174_2026-09-17_MAIN,2026-09-17,Thursday,main_slate,9,TB,ATH,AL,AL,False,False,False
2026-09-17_BOS@TEX,S174_2026-09-17_MAIN,2026-09-17,Thursday,main_slate,9,TEX,BOS,AL,AL,False,False,False
2026-09-18_NYY@ARI,S175_2026-09-18_MAIN,2026-09-18,Friday,main_slate,15,ARI,NYY,NL,AL,True,False,False
2026-09-18_MIL@BAL,S175_2026-09-18_MAIN,2026-09-18,Friday,main_slate,15,BAL,MIL,AL,NL,True,False,False
2026-09-18_DET@CHW,S175_2026-09-18_MAIN,2026-09-18,Friday,main_slate,15,CHW,DET,AL,AL,False,False,False
2026-09-18_CHC@CIN,S175_2026-09-18_MAIN,2026-09-18,Friday,main_slate,15,CIN,CHC,NL,NL,False,False,False
2026-09-18_ATH@CLE,S175_2026-09-18_MAIN,2026-09-18,Friday,main_slate,15,CLE,ATH,AL,AL,False,False,False
2026-09-18_SEA@COL,S175_2026-09-18_MAIN,2026-09-18,Friday,main_slate,15,COL,SEA,NL,AL,True,False,False
2026-09-18_ATL@HOU,S175_2026-09-18_MAIN,2026-09-18,Friday,main_slate,15,HOU,ATL,AL,NL,True,False,False
2026-09-18_MIN@LAA,S175_2026-09-18_MAIN,2026-09-18,Friday,main_slate,15,LAA,MIN,AL,AL,False,False,False
2026-09-18_SF@LAD,S175_2026-09-18_MAIN,2026-09-18,Friday,main_slate,15,LAD,SF,NL,NL,False,False,False
2026-09-18_PHI@NYM,S175_2026-09-18_MAIN,2026-09-18,Friday,main_slate,15,NYM,PHI,NL,NL,False,False,False
2026-09-18_KC@PIT,S175_2026-09-18_MAIN,2026-09-18,Friday,main_slate,15,PIT,KC,NL,AL,True,False,False
2026-09-18_MIA@SD,S175_2026-09-18_MAIN,2026-09-18,Friday,main_slate,15,SD,MIA,NL,NL,False,False,False
2026-09-18_WSH@STL,S175_2026-09-18_MAIN,2026-09-18,Friday,main_slate,15,STL,WSH,NL,NL,False,False,False
2026-09-18_BOS@TB,S175_2026-09-18_MAIN,2026-09-18,Friday,main_slate,15,TB,BOS,AL,AL,False,False,False
2026-09-18_TOR@TEX,S175_2026-09-18_MAIN,2026-09-18,Friday,main_slate,15,TEX,TOR,AL,AL,False,False,False
2026-09-19_NYY@ARI,S176_2026-09-19_MAIN,2026-09-19,Saturday,main_slate,15,ARI,NYY,NL,AL,True,False,False
2026-09-19_MIL@BAL,S176_2026-09-19_MAIN,2026-09-19,Saturday,main_slate,15,BAL,MIL,AL,NL,True,False,False
2026-09-19_DET@CHW,S176_2026-09-19_MAIN,2026-09-19,Saturday,main_slate,15,CHW,DET,AL,AL,False,False,False
2026-09-19_CHC@CIN,S176_2026-09-19_MAIN,2026-09-19,Saturday,main_slate,15,CIN,CHC,NL,NL,False,False,False
2026-09-19_ATH@CLE,S176_2026-09-19_MAIN,2026-09-19,Saturday,main_slate,15,CLE,ATH,AL,AL,False,False,False
2026-09-19_SEA@COL,S176_2026-09-19_MAIN,2026-09-19,Saturday,main_slate,15,COL,SEA,NL,AL,True,False,False
2026-09-19_ATL@HOU,S176_2026-09-19_MAIN,2026-09-19,Saturday,main_slate,15,HOU,ATL,AL,NL,True,False,False
2026-09-19_MIN@LAA,S176_2026-09-19_MAIN,2026-09-19,Saturday,main_slate,15,LAA,MIN,AL,AL,False,False,False
2026-09-19_SF@LAD,S176_2026-09-19_MAIN,2026-09-19,Saturday,main_slate,15,LAD,SF,NL,NL,False,False,False
2026-09-19_PHI@NYM,S176_2026-09-19_MAIN,2026-09-19,Saturday,main_slate,15,NYM,PHI,NL,NL,False,False,False
2026-09-19_KC@PIT,S176_2026-09-19_MAIN,2026-09-19,Saturday,main_slate,15,PIT,KC,NL,AL,True,False,False
2026-09-19_MIA@SD,S176_2026-09-19_MAIN,2026-09-19,Saturday,main_slate,15,SD,MIA,NL,NL,False,False,False
2026-09-19_WSH@STL,S176_2026-09-19_MAIN,2026-09-19,Saturday,main_slate,15,STL,WSH,NL,NL,False,False,False
2026-09-19_BOS@TB,S176_2026-09-19_MAIN,2026-09-19,Saturday,main_slate,15,TB,BOS,AL,AL,False,False,False
2026-09-19_TOR@TEX,S176_2026-09-19_MAIN,2026-09-19,Saturday,main_slate,15,TEX,TOR,AL,AL,False,False,False
2026-09-20_NYY@ARI,S177_2026-09-20_MAIN,2026-09-20,Sunday,main_slate,15,ARI,NYY,NL,AL,True,False,False
2026-09-20_MIL@BAL,S177_2026-09-20_MAIN,2026-09-20,Sunday,main_slate,15,BAL,MIL,AL,NL,True,False,False
2026-09-20_DET@CHW,S177_2026-09-20_MAIN,2026-09-20,Sunday,main_slate,15,CHW,DET,AL,AL,False,False,False
2026-09-20_CHC@CIN,S177_2026-09-20_MAIN,2026-09-20,Sunday,main_slate,15,CIN,CHC,NL,NL,False,False,False
2026-09-20_ATH@CLE,S177_2026-09-20_MAIN,2026-09-20,Sunday,main_slate,15,CLE,ATH,AL,AL,False,False,False
2026-09-20_SEA@COL,S177_2026-09-20_MAIN,2026-09-20,Sunday,main_slate,15,COL,SEA,NL,AL,True,False,False
2026-09-20_ATL@HOU,S177_2026-09-20_MAIN,2026-09-20,Sunday,main_slate,15,HOU,ATL,AL,NL,True,False,False
2026-09-20_MIN@LAA,S177_2026-09-20_MAIN,2026-09-20,Sunday,main_slate,15,LAA,MIN,AL,AL,False,False,False
2026-09-20_SF@LAD,S177_2026-09-20_MAIN,2026-09-20,Sunday,main_slate,15,LAD,SF,NL,NL,False,False,False
2026-09-20_PHI@NYM,S177_2026-09-20_MAIN,2026-09-20,Sunday,main_slate,15,NYM,PHI,NL,NL,False,False,False
2026-09-20_KC@PIT,S177_2026-09-20_MAIN,2026-09-20,Sunday,main_slate,15,PIT,KC,NL,AL,True,False,False
2026-09-20_MIA@SD,S177_2026-09-20_MAIN,2026-09-20,Sunday,main_slate,15,SD,MIA,NL,NL,False,False,False
2026-09-20_WSH@STL,S177_2026-09-20_MAIN,2026-09-20,Sunday,main_slate,15,STL,WSH,NL,NL,False,False,False
2026-09-20_BOS@TB,S177_2026-09-20_MAIN,2026-09-20,Sunday,main_slate,15,TB,BOS,AL,AL,False,False,False
2026-09-20_TOR@TEX,S177_2026-09-20_MAIN,2026-09-20,Sunday,main_slate,15,TEX,TOR,AL,AL,False,False,False
2026-09-21_TOR@BAL,S178_2026-09-21_SMALL,2026-09-21,Monday,small_slate,3,BAL,TOR,AL,AL,False,False,False
2026-09-21_WSH@DET,S178_2026-09-21_SMALL,2026-09-21,Monday,small_slate,3,DET,WSH,AL,NL,True,False,False
2026-09-21_MIN@SF,S178_2026-09-21_SMALL,2026-09-21,Monday,small_slate,3,SF,MIN,NL,AL,True,False,False
2026-09-22_LAA@ATH,S179_2026-09-22_MAIN,2026-09-22,Tuesday,main_slate,15,ATH,LAA,AL,AL,False,False,False
2026-09-22_CIN@ATL,S179_2026-09-22_MAIN,2026-09-22,Tuesday,main_slate,15,ATL,CIN,NL,NL,False,False,False
2026-09-22_TOR@BAL,S179_2026-09-22_MAIN,2026-09-22,Tuesday,main_slate,15,BAL,TOR,AL,AL,False,False,False
2026-09-22_CLE@BOS,S179_2026-09-22_MAIN,2026-09-22,Tuesday,main_slate,15,BOS,CLE,AL,AL,False,False,False
2026-09-22_MIA@CHC,S179_2026-09-22_MAIN,2026-09-22,Tuesday,main_slate,15,CHC,MIA,NL,NL,False,False,False
2026-09-22_ARI@COL,S179_2026-09-22_MAIN,2026-09-22,Tuesday,main_slate,15,COL,ARI,NL,NL,False,False,False
2026-09-22_WSH@DET,S179_2026-09-22_MAIN,2026-09-22,Tuesday,main_slate,15,DET,WSH,AL,NL,True,False,False
2026-09-22_CHW@KC,S179_2026-09-22_MAIN,2026-09-22,Tuesday,main_slate,15,KC,CHW,AL,AL,False,False,False
2026-09-22_SD@LAD,S179_2026-09-22_MAIN,2026-09-22,Tuesday,main_slate,15,LAD,SD,NL,NL,False,False,False
2026-09-22_TB@NYY,S179_2026-09-22_MAIN,2026-09-22,Tuesday,main_slate,15,NYY,TB,AL,AL,False,False,False
2026-09-22_MIL@PHI,S179_2026-09-22_MAIN,2026-09-22,Tuesday,main_slate,15,PHI,MIL,NL,NL,False,False,False
2026-09-22_STL@PIT,S179_2026-09-22_MAIN,2026-09-22,Tuesday,main_slate,15,PIT,STL,NL,NL,False,False,False
2026-09-22_HOU@SEA,S179_2026-09-22_MAIN,2026-09-22,Tuesday,main_slate,15,SEA,HOU,AL,AL,False,False,False
2026-09-22_MIN@SF,S179_2026-09-22_MAIN,2026-09-22,Tuesday,main_slate,15,SF,MIN,NL,AL,True,False,False
2026-09-22_NYM@TEX,S179_2026-09-22_MAIN,2026-09-22,Tuesday,main_slate,15,TEX,NYM,AL,NL,True,False,False
2026-09-23_LAA@ATH,S180_2026-09-23_MAIN,2026-09-23,Wednesday,main_slate,15,ATH,LAA,AL,AL,False,False,False
2026-09-23_CIN@ATL,S180_2026-09-23_MAIN,2026-09-23,Wednesday,main_slate,15,ATL,CIN,NL,NL,False,False,False
2026-09-23_TOR@BAL,S180_2026-09-23_MAIN,2026-09-23,Wednesday,main_slate,15,BAL,TOR,AL,AL,False,False,False
2026-09-23_CLE@BOS,S180_2026-09-23_MAIN,2026-09-23,Wednesday,main_slate,15,BOS,CLE,AL,AL,False,False,False
2026-09-23_MIA@CHC,S180_2026-09-23_MAIN,2026-09-23,Wednesday,main_slate,15,CHC,MIA,NL,NL,False,False,False
2026-09-23_ARI@COL,S180_2026-09-23_MAIN,2026-09-23,Wednesday,main_slate,15,COL,ARI,NL,NL,False,False,False
2026-09-23_WSH@DET,S180_2026-09-23_MAIN,2026-09-23,Wednesday,main_slate,15,DET,WSH,AL,NL,True,False,False
2026-09-23_CHW@KC,S180_2026-09-23_MAIN,2026-09-23,Wednesday,main_slate,15,KC,CHW,AL,AL,False,False,False
2026-09-23_SD@LAD,S180_2026-09-23_MAIN,2026-09-23,Wednesday,main_slate,15,LAD,SD,NL,NL,False,False,False
2026-09-23_TB@NYY,S180_2026-09-23_MAIN,2026-09-23,Wednesday,main_slate,15,NYY,TB,AL,AL,False,False,False
2026-09-23_MIL@PHI,S180_2026-09-23_MAIN,2026-09-23,Wednesday,main_slate,15,PHI,MIL,NL,NL,False,False,False
2026-09-23_STL@PIT,S180_2026-09-23_MAIN,2026-09-23,Wednesday,main_slate,15,PIT,STL,NL,NL,False,False,False
2026-09-23_HOU@SEA,S180_2026-09-23_MAIN,2026-09-23,Wednesday,main_slate,15,SEA,HOU,AL,AL,False,False,False
2026-09-23_MIN@SF,S180_2026-09-23_MAIN,2026-09-23,Wednesday,main_slate,15,SF,MIN,NL,AL,True,False,False
2026-09-23_NYM@TEX,S180_2026-09-23_MAIN,2026-09-23,Wednesday,main_slate,15,TEX,NYM,AL,NL,True,False,False
2026-09-24_HOU@ATH,S181_2026-09-24_MAIN,2026-09-24,Thursday,main_slate,12,ATH,HOU,AL,AL,False,False,False
2026-09-24_CIN@ATL,S181_2026-09-24_MAIN,2026-09-24,Thursday,main_slate,12,ATL,CIN,NL,NL,False,False,False
2026-09-24_CLE@BOS,S181_2026-09-24_MAIN,2026-09-24,Thursday,main_slate,12,BOS,CLE,AL,AL,False,False,False
2026-09-24_MIA@CHC,S181_2026-09-24_MAIN,2026-09-24,Thursday,main_slate,12,CHC,MIA,NL,NL,False,False,False
2026-09-24_ARI@COL,S181_2026-09-24_MAIN,2026-09-24,Thursday,main_slate,12,COL,ARI,NL,NL,False,False,False
2026-09-24_CHW@KC,S181_2026-09-24_MAIN,2026-09-24,Thursday,main_slate,12,KC,CHW,AL,AL,False,False,False
2026-09-24_SD@LAD,S181_2026-09-24_MAIN,2026-09-24,Thursday,main_slate,12,LAD,SD,NL,NL,False,False,False
2026-09-24_TB@NYY,S181_2026-09-24_MAIN,2026-09-24,Thursday,main_slate,12,NYY,TB,AL,AL,False,False,False
2026-09-24_MIL@PHI,S181_2026-09-24_MAIN,2026-09-24,Thursday,main_slate,12,PHI,MIL,NL,NL,False,False,False
2026-09-24_STL@PIT,S181_2026-09-24_MAIN,2026-09-24,Thursday,main_slate,12,PIT,STL,NL,NL,False,False,False
2026-09-24_LAA@SEA,S181_2026-09-24_MAIN,2026-09-24,Thursday,main_slate,12,SEA,LAA,AL,AL,False,False,False
2026-09-24_NYM@TEX,S181_2026-09-24_MAIN,2026-09-24,Thursday,main_slate,12,TEX,NYM,AL,NL,True,False,False
2026-09-25_HOU@ATH,S182_2026-09-25_MAIN,2026-09-25,Friday,main_slate,15,ATH,HOU,AL,AL,False,False,False
2026-09-25_CHC@BOS,S182_2026-09-25_MAIN,2026-09-25,Friday,main_slate,15,BOS,CHC,AL,NL,True,False,False
2026-09-25_COL@CHW,S182_2026-09-25_MAIN,2026-09-25,Friday,main_slate,15,CHW,COL,AL,NL,True,False,False
2026-09-25_PIT@DET,S182_2026-09-25_MAIN,2026-09-25,Friday,main_slate,15,DET,PIT,AL,NL,True,False,False
2026-09-25_CLE@KC,S182_2026-09-25_MAIN,2026-09-25,Friday,main_slate,15,KC,CLE,AL,AL,False,False,False
2026-09-25_ATL@MIA,S182_2026-09-25_MAIN,2026-09-25,Friday,main_slate,15,MIA,ATL,NL,NL,False,False,False
2026-09-25_STL@MIL,S182_2026-09-25_MAIN,2026-09-25,Friday,main_slate,15,MIL,STL,NL,NL,False,False,False
2026-09-25_TEX@MIN,S182_2026-09-25_MAIN,2026-09-25,Friday,main_slate,15,MIN,TEX,AL,AL,False,False,False
2026-09-25_BAL@NYY,S182_2026-09-25_MAIN,2026-09-25,Friday,main_slate,15,NYY,BAL,AL,AL,False,False,False
2026-09-25_TB@PHI,S182_2026-09-25_MAIN,2026-09-25,Friday,main_slate,15,PHI,TB,NL,AL,True,False,False
2026-09-25_ARI@SD,S182_2026-09-25_MAIN,2026-09-25,Friday,main_slate,15,SD,ARI,NL,NL,False,False,False
2026-09-25_LAA@SEA,S182_2026-09-25_MAIN,2026-09-25,Friday,main_slate,15,SEA,LAA,AL,AL,False,False,False
2026-09-25_LAD@SF,S182_2026-09-25_MAIN,2026-09-25,Friday,main_slate,15,SF,LAD,NL,NL,False,False,False
2026-09-25_CIN@TOR,S182_2026-09-25_MAIN,2026-09-25,Friday,main_slate,15,TOR,CIN,AL,NL,True,False,False
2026-09-25_NYM@WSH,S182_2026-09-25_MAIN,2026-09-25,Friday,main_slate,15,WSH,NYM,NL,NL,False,False,False
2026-09-26_HOU@ATH,S183_2026-09-26_MAIN,2026-09-26,Saturday,main_slate,15,ATH,HOU,AL,AL,False,False,False
2026-09-26_CHC@BOS,S183_2026-09-26_MAIN,2026-09-26,Saturday,main_slate,15,BOS,CHC,AL,NL,True,False,False
2026-09-26_COL@CHW,S183_2026-09-26_MAIN,2026-09-26,Saturday,main_slate,15,CHW,COL,AL,NL,True,False,False
2026-09-26_PIT@DET,S183_2026-09-26_MAIN,2026-09-26,Saturday,main_slate,15,DET,PIT,AL,NL,True,False,False
2026-09-26_CLE@KC,S183_2026-09-26_MAIN,2026-09-26,Saturday,main_slate,15,KC,CLE,AL,AL,False,False,False
2026-09-26_ATL@MIA,S183_2026-09-26_MAIN,2026-09-26,Saturday,main_slate,15,MIA,ATL,NL,NL,False,False,False
2026-09-26_STL@MIL,S183_2026-09-26_MAIN,2026-09-26,Saturday,main_slate,15,MIL,STL,NL,NL,False,False,False
2026-09-26_TEX@MIN,S183_2026-09-26_MAIN,2026-09-26,Saturday,main_slate,15,MIN,TEX,AL,AL,False,False,False
2026-09-26_BAL@NYY,S183_2026-09-26_MAIN,2026-09-26,Saturday,main_slate,15,NYY,BAL,AL,AL,False,False,False
2026-09-26_TB@PHI,S183_2026-09-26_MAIN,2026-09-26,Saturday,main_slate,15,PHI,TB,NL,AL,True,False,False
2026-09-26_ARI@SD,S183_2026-09-26_MAIN,2026-09-26,Saturday,main_slate,15,SD,ARI,NL,NL,False,False,False
2026-09-26_LAA@SEA,S183_2026-09-26_MAIN,2026-09-26,Saturday,main_slate,15,SEA,LAA,AL,AL,False,False,False
2026-09-26_LAD@SF,S183_2026-09-26_MAIN,2026-09-26,Saturday,main_slate,15,SF,LAD,NL,NL,False,False,False
2026-09-26_CIN@TOR,S183_2026-09-26_MAIN,2026-09-26,Saturday,main_slate,15,TOR,CIN,AL,NL,True,False,False
2026-09-26_NYM@WSH,S183_2026-09-26_MAIN,2026-09-26,Saturday,main_slate,15,WSH,NYM,NL,NL,False,False,False
2026-09-27_HOU@ATH,S184_2026-09-27_MAIN,2026-09-27,Sunday,main_slate,15,ATH,HOU,AL,AL,False,False,False
2026-09-27_CHC@BOS,S184_2026-09-27_MAIN,2026-09-27,Sunday,main_slate,15,BOS,CHC,AL,NL,True,False,False
2026-09-27_COL@CHW,S184_2026-09-27_MAIN,2026-09-27,Sunday,main_slate,15,CHW,COL,AL,NL,True,False,False
2026-09-27_PIT@DET,S184_2026-09-27_MAIN,2026-09-27,Sunday,main_slate,15,DET,PIT,AL,NL,True,False,False
2026-09-27_CLE@KC,S184_2026-09-27_MAIN,2026-09-27,Sunday,main_slate,15,KC,CLE,AL,AL,False,False,False
2026-09-27_ATL@MIA,S184_2026-09-27_MAIN,2026-09-27,Sunday,main_slate,15,MIA,ATL,NL,NL,False,False,False
2026-09-27_STL@MIL,S184_2026-09-27_MAIN,2026-09-27,Sunday,main_slate,15,MIL,STL,NL,NL,False,False,False
2026-09-27_TEX@MIN,S184_2026-09-27_MAIN,2026-09-27,Sunday,main_slate,15,MIN,TEX,AL,AL,False,False,False
2026-09-27_BAL@NYY,S184_2026-09-27_MAIN,2026-09-27,Sunday,main_slate,15,NYY,BAL,AL,AL,False,False,False
2026-09-27_TB@PHI,S184_2026-09-27_MAIN,2026-09-27,Sunday,main_slate,15,PHI,TB,NL,AL,True,False,False
2026-09-27_ARI@SD,S184_2026-09-27_MAIN,2026-09-27,Sunday,main_slate,15,SD,ARI,NL,NL,False,False,False
2026-09-27_LAA@SEA,S184_2026-09-27_MAIN,2026-09-27,Sunday,main_slate,15,SEA,LAA,AL,AL,False,False,False
2026-09-27_LAD@SF,S184_2026-09-27_MAIN,2026-09-27,Sunday,main_slate,15,SF,LAD,NL,NL,False,False,False
2026-09-27_CIN@TOR,S184_2026-09-27_MAIN,2026-09-27,Sunday,main_slate,15,TOR,CIN,AL,NL,True,False,False
2026-09-27_NYM@WSH,S184_2026-09-27_MAIN,2026-09-27,Sunday,main_slate,15,WSH,NYM,NL,NL,False,False,False
