Name,Team,BABIP,GB/FB,LD%,GB%,FB%,IFFB%,HR/FB,Balls,Strikes,Pitches,Pull%,Cent%,Oppo%,Soft%,Med%,Hard%,NameASCII,PlayerId,MLBAMID
"Edgar García","PHI",0.3225806451612903,0.611111111,0.194444444,0.305555555,0.5,0,0.277777777,115,127,242,0.38888889,0.33333333,0.27777778,0.05555556,0.30555556,0.63888889,"Edgar Garcia",19276,658305
"Zack Littell","MIN",0.30952380952380953,0.8,0.357142857,0.285714285,0.357142857,0.266666666,0.066666666,73,146,219,0.51162791,0.20930233,0.27906977,0.13953488,0.23255814,0.62790698,"Zack Littell",15823,641793
"Brad Wieck","- - -",0.2647058823529412,0.736842105,0.131578947,0.368421052,0.5,0.052631578,0.210526315,74,131,205,0.42105263,0.34210526,0.23684211,0.07894737,0.31578947,0.60526316,"Brad Wieck",16390,623364
"Tanner Anderson","OAK",0.3888888888888889,1.583333333,0.205128205,0.487179487,0.307692307,0,0.333333333,91,136,227,0.28205128,0.48717949,0.23076923,0.07692308,0.33333333,0.58974359,"Tanner Anderson",18029,664196
"Ty Buttrey","LAA",0.32051282051282054,0.911764705,0.197530864,0.382716049,0.419753086,0.029411764,0.088235294,218,367,585,0.39506173,0.25925926,0.34567901,0.09876543,0.32098765,0.58024691,"Ty Buttrey",14719,621142
"David Hernandez","CIN",0.5,0.5,0.282608695,0.239130434,0.478260869,0.09090909,0.227272727,115,231,346,0.42553191,0.27659574,0.29787234,0.06382979,0.36170213,0.57446809,"David Hernandez",4259,456696
"Craig Kimbrel","CHC",0.25,0.642857142,0.178571428,0.321428571,0.5,0,0.285714285,69,129,198,0.21428571,0.53571429,0.25,0.07142857,0.35714286,0.57142857,"Craig Kimbrel",6655,518886
"Pete Fairbanks","- - -",0.2962962962962963,1.714285714,0.296296296,0.444444444,0.259259259,0,0,71,123,194,0.48148148,0.2962963,0.22222222,0.18518519,0.25925926,0.55555556,"Pete Fairbanks",17998,664126
"Jake Jewell","LAA",0.36666666666666664,2.5,0.151515151,0.606060606,0.242424242,0.125,0.375,58,102,160,0.54545455,0.36363636,0.09090909,0.12121212,0.33333333,0.54545455,"Jake Jewell",16958,657228
"Tayron Guerrero","MIA",0.3125,0.826086956,0.192307692,0.365384615,0.442307692,0.173913043,0.173913043,155,246,401,0.40384615,0.32692308,0.26923077,0.19230769,0.26923077,0.53846154,"Tayron Guerrero",11691,594027
"Cody Allen","LAA",0.21739130434782608,0.15,0.178571428,0.107142857,0.714285714,0.1,0.25,102,127,229,0.39285714,0.32142857,0.28571429,0.14285714,0.32142857,0.53571429,"Cody Allen",12183,592102
"Mike Montgomery","- - -",0.5,2.214285714,0.375,0.430555555,0.194444444,0.071428571,0.285714285,135,222,357,0.47222222,0.34722222,0.18055556,0.16666667,0.30555556,0.52777778,"Mike Montgomery",4869,543557
"Jerad Eickhoff","PHI",0.2545454545454545,0.351351351,0.180327868,0.213114754,0.606557377,0.054054054,0.27027027,138,213,351,0.47692308,0.24615385,0.27692308,0.09230769,0.38461538,0.52307692,"Jerad Eickhoff",12664,595191
"Kirby Yates","SDP",0.3333333333333333,1.071428571,0.147058823,0.44117647,0.411764705,0.071428571,0.071428571,192,373,565,0.47058824,0.27941176,0.25,0.17647059,0.30882353,0.51470588,"Kirby Yates",9073,489446
"A.J. Minter","ATL",0.3333333333333333,0.411764705,0.333333333,0.194444444,0.472222222,0,0.058823529,79,138,217,0.32432432,0.43243243,0.24324324,0.16216216,0.32432432,0.51351351,"A.J. Minter",18655,621345
"Drew Smyly","- - -",0.24285714285714285,0.642857142,0.148148148,0.333333333,0.518518518,0.047619047,0.285714285,192,284,476,0.47560976,0.29268293,0.23170732,0.12195122,0.36585366,0.51219512,"Drew Smyly",11760,592767
"Cole Irvin","PHI",0.4146341463414634,1.142857142,0.302325581,0.372093023,0.325581395,0,0.142857142,71,143,214,0.39534884,0.44186047,0.1627907,0.13953488,0.34883721,0.51162791,"Cole Irvin",19244,608344
"Andrew Heaney","LAA",0.39622641509433965,0.954545454,0.258620689,0.362068965,0.379310344,0.09090909,0.272727272,132,226,358,0.30508475,0.40677966,0.28813559,0.16949153,0.3220339,0.50847458,"Andrew Heaney",15423,571760
"Matt Harvey","LAA",0.3170731707317073,1.291666666,0.367816091,0.356321839,0.275862068,0.125,0.208333333,200,282,482,0.52873563,0.27586207,0.1954023,0.10344828,0.3908046,0.50574713,"Matt Harvey",11713,518774
"Taylor Guerrieri","TEX",0.42857142857142855,1.444444444,0.266666666,0.433333333,0.3,0.111111111,0.222222222,96,150,246,0.3,0.43333333,0.26666667,0.16666667,0.33333333,0.5,"Taylor Guerrieri",13616,605260
"Adam Cimber","CLE",0.3170731707317073,1,0.227272727,0.386363636,0.386363636,0.058823529,0.176470588,70,136,206,0.31818182,0.45454545,0.22727273,0.22727273,0.27272727,0.5,"Adam Cimber",15288,643256
"Stefan Crichton","ARI",0.16666666666666666,0.692307692,0.153846153,0.346153846,0.5,0,0.153846153,66,110,176,0.42307692,0.23076923,0.34615385,0.19230769,0.30769231,0.5,"Stefan Crichton",16058,592233
"José Quijada","MIA",0.24,0.5625,0.21875,0.28125,0.5,0.0625,0.4375,112,176,288,0.34375,0.375,0.28125,0.15625,0.34375,0.5,"Jose Quijada",19200,650671
"Jhoulys Chacín","- - -",0.2808219178082192,1.142857142,0.225806451,0.412903225,0.361290322,0.160714285,0.196428571,396,532,928,0.54140127,0.2611465,0.19745223,0.13375796,0.36942675,0.49681529,"Jhoulys Chacin",2608,468504
"Ryan Helsley","STL",0.24,0.518518518,0.196078431,0.274509803,0.529411764,0.074074074,0.111111111,108,191,299,0.39622642,0.26415094,0.33962264,0.11320755,0.39622642,0.49056604,"Ryan Helsley",18138,664854
"Juan Nicasio","PHI",0.3469387755102041,1.266666666,0.306122448,0.387755102,0.306122448,0,0.133333333,131,206,337,0.39215686,0.2745098,0.33333333,0.1372549,0.37254902,0.49019608,"Juan Nicasio",7731,504379
"Dillon Peters","LAA",0.23880597014925373,1.071428571,0.159420289,0.434782608,0.405797101,0.107142857,0.107142857,141,229,370,0.3,0.45714286,0.24285714,0.18571429,0.32857143,0.48571429,"Dillon Peters",18790,596071
"Shane Greene","- - -",0.3387096774193548,2.333333333,0.21875,0.546875,0.234375,0.133333333,0.266666666,137,254,391,0.51515152,0.3030303,0.18181818,0.10606061,0.40909091,0.48484848,"Shane Greene",10756,572888
"Josh Staumont","KCR",0.28125,0.866666666,0.151515151,0.393939393,0.454545454,0,0.066666666,61,86,147,0.36363636,0.3030303,0.33333333,0.15151515,0.36363636,0.48484848,"Josh Staumont",18335,622251
"Adam Ottavino","NYY",0.2807017543859649,0.75,0.169491525,0.355932203,0.474576271,0.071428571,0.107142857,161,228,389,0.28333333,0.41666667,0.3,0.13333333,0.38333333,0.48333333,"Adam Ottavino",1247,493603
"Andrés Muñoz","SDP",0.2857142857142857,1,0.357142857,0.321428571,0.321428571,0.111111111,0.111111111,62,135,197,0.17241379,0.27586207,0.55172414,0.24137931,0.27586207,0.48275862,"Andres Munoz",20373,662253
"Jay Jackson","MIL",0.2916666666666667,0.583333333,0.296296296,0.259259259,0.444444444,0.083333333,0.25,89,124,213,0.40740741,0.40740741,0.18518519,0.03703704,0.48148148,0.48148148,"Jay Jackson",7432,543351
"Steven Brault","PIT",0.3194444444444444,1.037037037,0.214285714,0.4,0.385714285,0.037037037,0.111111111,155,290,445,0.29333333,0.34666667,0.36,0.2,0.32,0.48,"Steven Brault",15291,643230
"Trevor Cahill","LAA",0.3111111111111111,1.211538461,0.212328767,0.431506849,0.356164383,0.038461538,0.211538461,293,471,764,0.52054795,0.28082192,0.19863014,0.1369863,0.38356164,0.47945205,"Trevor Cahill",6249,502239
"Touki Toussaint","ATL",0.4523809523809524,1.055555555,0.195652173,0.413043478,0.391304347,0.055555555,0.222222222,127,161,288,0.34782609,0.32608696,0.32608696,0.15217391,0.36956522,0.47826087,"Touki Toussaint",16929,657053
"Ariel Jurado","TEX",0.29381443298969073,1.069444444,0.247474747,0.388888888,0.363636363,0.111111111,0.097222222,350,597,947,0.41791045,0.33333333,0.24875622,0.17910448,0.34328358,0.47761194,"Ariel Jurado",17030,642558
"Edwin Díaz","NYM",0.3076923076923077,0.56,0.113636363,0.318181818,0.568181818,0.04,0.2,174,294,468,0.29545455,0.34090909,0.36363636,0.22727273,0.29545455,0.47727273,"Edwin Diaz",14710,621242
"Daniel Mengden","OAK",0.3592233009708738,0.902439024,0.264150943,0.349056603,0.386792452,0.146341463,0.097560975,252,363,615,0.43925234,0.3271028,0.23364486,0.1588785,0.36448598,0.47663551,"Daniel Mengden",16980,596043
"Brendan McKay","TBR",0.2619047619047619,1.25,0.142857142,0.476190476,0.38095238,0.125,0,55,127,182,0.28571429,0.42857143,0.28571429,0.0952381,0.42857143,0.47619048,"Brendan McKay",20186,656713
"Shawn Kelley","TEX",0.3783783783783784,0.617647058,0.294871794,0.269230769,0.435897435,0.088235294,0.176470588,128,246,374,0.5625,0.275,0.1625,0.175,0.35,0.475,"Shawn Kelley",7773,518875
"Yency Almonte","COL",0.39473684210526316,1.076923076,0.325,0.35,0.325,0.076923076,0.153846153,93,126,219,0.3,0.475,0.225,0.125,0.4,0.475,"Yency Almonte",15068,622075
"Jon Duplantier","ARI",0.375,1,0.25,0.375,0.375,0.066666666,0,126,189,315,0.3,0.35,0.35,0.05,0.475,0.475,"Jon Duplantier",19546,641541
"Tony Gonsolin","LAD",0.21818181818181817,0.807692307,0.160714285,0.375,0.464285714,0.115384615,0.076923076,153,216,369,0.47368421,0.33333333,0.19298246,0.14035088,0.38596491,0.47368421,"Tony Gonsolin",19388,664062
"Ryne Harper","MIN",0.34782608695652173,1.666666666,0.222222222,0.486111111,0.291666666,0.095238095,0.142857142,144,293,437,0.51388889,0.30555556,0.18055556,0.11111111,0.41666667,0.47222222,"Ryne Harper",12680,607560
"Jordan Yamamoto","MIA",0.1566265060240964,1.028571428,0.202247191,0.404494382,0.393258426,0.057142857,0.171428571,257,395,652,0.48314607,0.26966292,0.24719101,0.17977528,0.34831461,0.47191011,"Jordan Yamamoto",17585,657141
"Robert Dugger","MIA",0.3137254901960784,1.222222222,0.245283018,0.415094339,0.339622641,0.111111111,0.111111111,130,152,282,0.47169811,0.37735849,0.1509434,0.13207547,0.39622642,0.47169811,"Robert Dugger",19191,667498
"Luis Perdomo","SDP",0.32142857142857145,1.481481481,0.220930232,0.465116279,0.313953488,0,0.111111111,140,269,409,0.36781609,0.34482759,0.28735632,0.11494253,0.4137931,0.47126437,"Luis Perdomo",14682,606131
"Glenn Sparkman","KCR",0.2767857142857143,0.805825242,0.225,0.345833333,0.429166666,0.029126213,0.174757281,467,762,1229,0.34710744,0.38842975,0.26446281,0.11157025,0.41735537,0.47107438,"Glenn Sparkman",15200,642098
"Shelby Miller","TEX",0.27419354838709675,1.037037037,0.140625,0.4375,0.421875,0,0.111111111,142,229,371,0.40625,0.28125,0.3125,0.09375,0.4375,0.46875,"Shelby Miller",10197,571946
"Edwin Jackson","- - -",0.3333333333333333,1,0.210084033,0.394957983,0.394957983,0.127659574,0.191489361,255,384,639,0.43333333,0.38333333,0.18333333,0.13333333,0.4,0.46666667,"Edwin Jackson",1841,429719
"Cal Quantrill","SDP",0.3125,1,0.236180904,0.381909547,0.381909547,0.026315789,0.131578947,446,702,1148,0.40594059,0.28217822,0.31188119,0.12376238,0.41089109,0.46534653,"Cal Quantrill",19312,615698
"Shane Bieber","CLE",0.2875,1.222222222,0.215686274,0.431372549,0.352941176,0.066666666,0.2,542,1060,1602,0.39922481,0.34883721,0.25193798,0.10077519,0.43410853,0.46511628,"Shane Bieber",19427,669456
"Parker Markel","- - -",0.36,0.4,0.25,0.214285714,0.535714285,0.066666666,0.2,97,125,222,0.35714286,0.32142857,0.32142857,0.17857143,0.35714286,0.46428571,"Parker Markel",12106,571917
"Drew VerHagen","DET",0.3670886075949367,1.461538461,0.219512195,0.463414634,0.31707317,0.038461538,0.115384615,157,263,420,0.47560976,0.2804878,0.24390244,0.12195122,0.41463415,0.46341463,"Drew VerHagen",13424,572403
"Adrian Sampson","TEX",0.3136094674556213,1.261538461,0.164772727,0.46590909,0.369318181,0.107692307,0.123076923,319,588,907,0.42372881,0.35028249,0.2259887,0.16949153,0.36723164,0.46327684,"Adrian Sampson",13339,592716
"Peter Lambert","COL",0.362962962962963,1.43902439,0.3006993,0.412587412,0.286713286,0.048780487,0.195121951,296,434,730,0.47552448,0.30769231,0.21678322,0.14685315,0.39160839,0.46153846,"Peter Lambert",17969,663567
"Jordan Zimmermann","DET",0.3645833333333333,1.433333333,0.266331658,0.432160804,0.301507537,0.083333333,0.2,354,609,963,0.45098039,0.28921569,0.25980392,0.12745098,0.41176471,0.46078431,"Jordan Zimmermann",4505,519455
"Dan Straily","BAL",0.2714285714285714,0.666666666,0.210526315,0.315789473,0.47368421,0.055555555,0.166666666,193,281,474,0.46052632,0.35526316,0.18421053,0.11842105,0.42105263,0.46052632,"Dan Straily",9460,573185
"Tyler Beede","SFG",0.296969696969697,1.293103448,0.231213872,0.433526011,0.335260115,0.017241379,0.155172413,375,562,937,0.4137931,0.31609195,0.27011494,0.11494253,0.42528736,0.45977011,"Tyler Beede",16981,595881
"Mike Wright Jr.","- - -",0.3888888888888889,1.076923076,0.27027027,0.378378378,0.351351351,0.076923076,0.076923076,102,131,233,0.43243243,0.32432432,0.24324324,0.13513514,0.40540541,0.45945946,"Mike Wright Jr.",12586,605541
"Chad Green","NYY",0.38571428571428573,0.65625,0.283783783,0.283783783,0.432432432,0.15625,0.125,217,447,664,0.27027027,0.39189189,0.33783784,0.12162162,0.41891892,0.45945946,"Chad Green",15552,643338
"Gerardo Reyes","SDP",0.29411764705882354,0.833333333,0.108108108,0.405405405,0.486486486,0.111111111,0.166666666,86,144,230,0.40540541,0.32432432,0.27027027,0.18918919,0.35135135,0.45945946,"Gerardo Reyes",16306,622103
"Austin Adams","- - -",0.2608695652173913,1.222222222,0.166666666,0.458333333,0.375,0,0.111111111,75,137,212,0.375,0.33333333,0.29166667,0,0.54166667,0.45833333,"Austin Adams",13801,613534
"Adalberto Mejía","- - -",0.3235294117647059,0.733333333,0.257142857,0.314285714,0.428571428,0.2,0.066666666,84,139,223,0.48571429,0.14285714,0.37142857,0.14285714,0.4,0.45714286,"Adalberto Mejia",13188,606167
"Kenley Jansen","LAD",0.2413793103448276,1.0625,0.258426966,0.382022471,0.359550561,0.125,0.15625,177,393,570,0.54347826,0.2826087,0.17391304,0.13043478,0.41304348,0.45652174,"Kenley Jansen",3096,445276
"Drew Pomeranz","- - -",0.3108108108108108,0.9,0.278481012,0.341772151,0.379746835,0.066666666,0.166666666,195,368,563,0.21518987,0.41772152,0.36708861,0.16455696,0.37974684,0.4556962,"Drew Pomeranz",11426,519141
"Elieser Hernández","MIA",0.26732673267326734,0.692307692,0.185185185,0.333333333,0.481481481,0.057692307,0.211538461,243,433,676,0.44642857,0.27678571,0.27678571,0.15178571,0.39285714,0.45535714,"Elieser Hernandez",16933,622694
"Andrew Miller","STL",0.3137254901960784,1.15,0.188679245,0.433962264,0.37735849,0.2,0.2,171,285,456,0.36363636,0.29090909,0.34545455,0.18181818,0.36363636,0.45454545,"Andrew Miller",6785,453192
"Kolby Allard","TEX",0.35555555555555557,1.833333333,0.227272727,0.5,0.272727272,0.166666666,0,91,162,253,0.40909091,0.22727273,0.36363636,0.18181818,0.36363636,0.45454545,"Kolby Allard",18694,663465
"Corbin Burnes","MIL",0.43103448275862066,1.764705882,0.265625,0.46875,0.265625,0.058823529,0.470588235,171,226,397,0.48484848,0.34848485,0.16666667,0.21212121,0.33333333,0.45454545,"Corbin Burnes",19361,669203
"Blaine Hardy","DET",0.14285714285714285,0.789473684,0.170731707,0.365853658,0.463414634,0.157894736,0.368421052,91,145,236,0.52380952,0.23809524,0.23809524,0.23809524,0.30952381,0.45238095,"Blaine Hardy",6499,543278
"Yoan López","ARI",0.19402985074626866,1.777777777,0.315068493,0.438356164,0.246575342,0.166666666,0.333333333,126,204,330,0.38356164,0.4109589,0.20547945,0.12328767,0.42465753,0.45205479,"Yoan Lopez",17181,661255
"Joakim Soria","OAK",0.2727272727272727,1.029411764,0.258064516,0.376344086,0.365591397,0.029411764,0.147058823,161,346,507,0.32258065,0.33333333,0.34408602,0.1827957,0.3655914,0.4516129,"Joakim Soria",6941,465657
"David McKay","- - -",0.3548387096774194,0.266666666,0.387096774,0.129032258,0.483870967,0,0,84,146,230,0.25806452,0.29032258,0.4516129,0.06451613,0.48387097,0.4516129,"David McKay",19814,641853
"Ronald Bolaños","SDP",0.27586206896551724,1.666666666,0.483870967,0.322580645,0.193548387,0.166666666,0.333333333,92,115,207,0.5483871,0.22580645,0.22580645,0.06451613,0.48387097,0.4516129,"Ronald Bolanos",20041,671790
"Pedro Payano","TEX",0.28205128205128205,1.23076923,0.256410256,0.41025641,0.333333333,0.076923076,0.076923076,89,135,224,0.4,0.35,0.25,0.15,0.4,0.45,"Pedro Payano",18313,622797
"Vince Velasquez","PHI",0.31386861313868614,0.879310344,0.243055555,0.354166666,0.402777777,0.068965517,0.172413793,351,592,943,0.40136054,0.29931973,0.29931973,0.10204082,0.44897959,0.44897959,"Vince Velasquez",11189,592826
"Dominic Leone","STL",0.30434782608695654,0.541666666,0.244897959,0.265306122,0.489795918,0.125,0.125,143,203,346,0.36734694,0.36734694,0.26530612,0.06122449,0.48979592,0.44897959,"Dominic Leone",13763,608678
"Jimmy Nelson","MIL",0.4642857142857143,0.888888888,0.413793103,0.275862068,0.310344827,0.111111111,0.111111111,92,113,205,0.4137931,0.37931034,0.20689655,0.13793103,0.4137931,0.44827586,"Jimmy Nelson",10547,519076
"Anthony DeSclafani","CIN",0.27232142857142855,0.710526315,0.170212765,0.344680851,0.485106382,0.096491228,0.149122807,545,870,1415,0.40248963,0.39004149,0.20746888,0.13278008,0.41908714,0.44813278,"Anthony DeSclafani",13050,543101
"Miles Mikolas","STL",0.32684824902723736,1.348314606,0.217228464,0.449438202,0.333333333,0.056179775,0.123595505,502,898,1400,0.36567164,0.36567164,0.26865672,0.13432836,0.41791045,0.44776119,"Miles Mikolas",9803,571945
"Matt Magill","- - -",0.3225806451612903,1.238095238,0.265625,0.40625,0.328125,0,0.142857142,140,235,375,0.38461538,0.38461538,0.23076923,0.13846154,0.41538462,0.44615385,"Matt Magill",3950,543483
"Jared Hughes","- - -",0.19444444444444445,4.09090909,0.222222222,0.625,0.152777777,0.09090909,0.181818181,142,211,353,0.55405405,0.35135135,0.09459459,0.16216216,0.39189189,0.44594595,"Jared Hughes",9325,453172
"Josh Tomlin","ATL",0.2631578947368421,0.925,0.237623762,0.366336633,0.396039603,0.025,0.15,170,309,479,0.51485149,0.2970297,0.18811881,0.10891089,0.44554455,0.44554455,"Josh Tomlin",9388,458708
"Dakota Hudson","STL",0.2857142857142857,1.96875,0.251968503,0.496062992,0.251968503,0.078125,0.171875,641,860,1501,0.37890625,0.359375,0.26171875,0.125,0.4296875,0.4453125,"Dakota Hudson",19206,641712
"José Ureña","MIA",0.3333333333333333,1.468085106,0.153284671,0.503649635,0.343065693,0.063829787,0.170212765,263,397,660,0.40145985,0.38686131,0.21167883,0.13138686,0.42335766,0.44525547,"Jose Urena",11589,570632
"Nick Vincent","- - -",0.3181818181818182,0.7,0.244444444,0.311111111,0.444444444,0.1,0.05,107,168,275,0.33333333,0.4,0.26666667,0.26666667,0.28888889,0.44444444,"Nick Vincent",7555,543883
"Luke Bard","LAA",0.32,0.625,0.277777777,0.277777777,0.444444444,0.125,0.166666666,130,190,320,0.35185185,0.35185185,0.2962963,0.16666667,0.38888889,0.44444444,"Luke Bard",14288,572703
"Tyler Kinley","MIA",0.28846153846153844,1.263157894,0.203703703,0.444444444,0.351851851,0.052631578,0.105263157,140,223,363,0.57407407,0.2037037,0.22222222,0.14814815,0.40740741,0.44444444,"Tyler Kinley",18297,641755
"Nick Margevicius","SDP",0.40298507462686567,1.076923076,0.25,0.388888888,0.361111111,0.076923076,0.192307692,104,202,306,0.45833333,0.34722222,0.19444444,0.18055556,0.375,0.44444444,"Nick Margevicius",20395,676606
"Jakob Junis","KCR",0.3602941176470588,1.580246913,0.261484098,0.452296819,0.286219081,0.037037037,0.160493827,599,1009,1608,0.45422535,0.3556338,0.19014085,0.1056338,0.45070423,0.44366197,"Jakob Junis",13619,596001
"Chris Archer","PIT",0.2857142857142857,0.851851851,0.253731343,0.343283582,0.402985074,0.129629629,0.222222222,397,594,991,0.42028986,0.27536232,0.30434783,0.15217391,0.4057971,0.44202899,"Chris Archer",6345,502042
"Merrill Kelly","ARI",0.3137254901960784,1.25609756,0.288461538,0.396153846,0.315384615,0.048780487,0.109756097,524,863,1387,0.4486692,0.34220532,0.20912548,0.13307985,0.42585551,0.44106464,"Merrill Kelly",11156,518876
"Brad Peacock","HOU",0.30434782608695654,0.564516129,0.224,0.28,0.496,0.032258064,0.177419354,287,462,749,0.456,0.312,0.232,0.08,0.48,0.44,"Brad Peacock",5401,502748
"Clayton Kershaw","LAD",0.24509803921568626,1.515151515,0.194174757,0.485436893,0.320388349,0.121212121,0.151515151,161,406,567,0.34579439,0.42990654,0.22429907,0.13084112,0.42990654,0.43925234,"Clayton Kershaw",2036,477132
"Jonathan Loáisiga","NYY",0.41025641025641024,1,0.268292682,0.365853658,0.365853658,0.066666666,0.133333333,86,152,238,0.34146341,0.36585366,0.29268293,0.14634146,0.41463415,0.43902439,"Jonathan Loaisiga",19753,642528
"Geoff Hartlieb","PIT",0.42,1.666666666,0.298245614,0.438596491,0.263157894,0,0.466666666,104,183,287,0.49122807,0.22807018,0.28070175,0.10526316,0.45614035,0.43859649,"Geoff Hartlieb",19558,664129
"Keone Kela","PIT",0.22580645161290322,0.642857142,0.28125,0.28125,0.4375,0,0.071428571,84,120,204,0.40625,0.375,0.21875,0.0625,0.5,0.4375,"Keone Kela",14696,605309
"Cy Sneed","HOU",0.3870967741935484,4.75,0.233333333,0.633333333,0.133333333,0.25,0.25,49,109,158,0.375,0.40625,0.21875,0.15625,0.40625,0.4375,"Cy Sneed",16106,605482
"T.J. Zeuch","TOR",0.375,1.666666666,0.25,0.46875,0.28125,0,0,98,126,224,0.25,0.46875,0.28125,0.125,0.4375,0.4375,"T.J. Zeuch",19269,643615
"Collin McHugh","HOU",0.2073170731707317,1.344827586,0.209302325,0.453488372,0.337209302,0,0.206896551,252,407,659,0.44827586,0.29885057,0.25287356,0.13793103,0.42528736,0.43678161,"Collin McHugh",7531,543521
"Spencer Turnbull","DET",0.3547008547008547,1.454545454,0.2125,0.466666666,0.320833333,0.051948051,0.09090909,535,848,1383,0.38174274,0.3153527,0.30290456,0.13692946,0.42738589,0.43568465,"Spencer Turnbull",16207,605513
"Matt Andriese","ARI",0.2716049382716049,1.535714285,0.154761904,0.511904761,0.333333333,0.142857142,0.142857142,189,314,503,0.34117647,0.37647059,0.28235294,0.14117647,0.42352941,0.43529412,"Matt Andriese",12022,542882
"Jon Gray","COL",0.3333333333333333,1.92,0.262626262,0.484848484,0.252525252,0.08,0.16,472,730,1202,0.375,0.385,0.24,0.115,0.45,0.435,"Jon Gray",14916,592351
"Ryne Stanek","- - -",0.2236842105263158,0.512195121,0.215189873,0.265822784,0.518987341,0.073170731,0.170731707,205,328,533,0.46987952,0.28915663,0.24096386,0.19277108,0.37349398,0.43373494,"Ryne Stanek",15947,592773
"Nick Wittgren","CLE",0.2727272727272727,1.647058823,0.25,0.466666666,0.283333333,0.058823529,0.294117647,128,243,371,0.35,0.46666667,0.18333333,0.13333333,0.43333333,0.43333333,"Nick Wittgren",15594,621295
"Jesse Chavez","TEX",0.3010752688172043,1.151515151,0.260416666,0.395833333,0.34375,0.151515151,0.121212121,200,341,541,0.43298969,0.28865979,0.27835052,0.15463918,0.41237113,0.43298969,"Jesse Chavez",5448,445926
"Justin Verlander","HOU",0.22272727272727272,0.741071428,0.173728813,0.351694915,0.474576271,0.142857142,0.151785714,601,1265,1866,0.46186441,0.37288136,0.16525424,0.1440678,0.42372881,0.43220339,"Justin Verlander",8700,434378
"Dallas Keuchel","ATL",0.24489795918367346,6.6,0.208333333,0.6875,0.104166666,0,0.4,121,212,333,0.52941176,0.35294118,0.11764706,0.15686275,0.41176471,0.43137255,"Dallas Keuchel",9434,572971
"Matt Wisler","- - -",0.2826086956521739,0.904761904,0.215686274,0.372549019,0.411764705,0.047619047,0.238095238,124,228,352,0.58823529,0.15686275,0.25490196,0.1372549,0.43137255,0.43137255,"Matt Wisler",12804,605538
"Caleb Ferguson","LAD",0.2127659574468085,0.9,0.24,0.36,0.4,0.1,0.2,119,196,315,0.2745098,0.41176471,0.31372549,0.15686275,0.41176471,0.43137255,"Caleb Ferguson",19349,657571
"T.J. McFarland","ARI",0.32989690721649484,3.263157894,0.173469387,0.632653061,0.193877551,0,0.157894736,171,317,488,0.38,0.4,0.22,0.18,0.39,0.43,"T.J. McFarland",3237,519008
"Joe Kelly","LAD",0.33962264150943394,3.181818181,0.178571428,0.625,0.196428571,0.09090909,0.272727272,146,239,385,0.33928571,0.41071429,0.25,0.23214286,0.33928571,0.42857143,"Joe Kelly",9761,523260
"Aaron Civale","CLE",0.2903225806451613,0.769230769,0.258064516,0.322580645,0.419354838,0.153846153,0.038461538,148,236,384,0.33333333,0.25396825,0.41269841,0.12698413,0.44444444,0.42857143,"Aaron Civale",19479,650644
"Jorge López","KCR",0.3728813559322034,1.23076923,0.240837696,0.418848167,0.340314136,0.03076923,0.23076923,396,649,1045,0.38020833,0.31770833,0.30208333,0.13020833,0.44270833,0.42708333,"Jorge Lopez",14527,605347
"Chad Bettis","COL",0.3333333333333333,2.684210526,0.204545454,0.579545454,0.21590909,0.105263157,0.263157894,166,272,438,0.41573034,0.41573034,0.16853933,0.16853933,0.40449438,0.42696629,"Chad Bettis",10587,518452
"Wei-Yin Chen","MIA",0.32,0.805555555,0.207317073,0.353658536,0.43902439,0.027777777,0.194444444,139,287,426,0.25609756,0.46341463,0.2804878,0.15853659,0.41463415,0.42682927,"Wei-Yin Chen",13071,612672
"Tyler Duffey","MIN",0.22535211267605634,0.931034482,0.232876712,0.369863013,0.397260273,0.068965517,0.137931034,143,293,436,0.42666667,0.37333333,0.2,0.13333333,0.44,0.42666667,"Tyler Duffey",13758,608648
"Logan Webb","SFG",0.30303030303030304,2.615384615,0.298507462,0.507462686,0.19402985,0,0.153846153,150,242,392,0.30882353,0.42647059,0.26470588,0.14705882,0.42647059,0.42647059,"Logan Webb",17995,657277
"Austin Brice","MIA",0.27450980392156865,1.5,0.259259259,0.444444444,0.296296296,0,0.1875,124,192,316,0.42592593,0.27777778,0.2962963,0.14814815,0.42592593,0.42592593,"Austin Brice",17237,592169
"Adam Wainwright","STL",0.3167420814479638,1.696969696,0.236051502,0.480686695,0.283261802,0.06060606,0.212121212,606,827,1433,0.52765957,0.29787234,0.17446809,0.13617021,0.43829787,0.42553191,"Adam Wainwright",2233,425794
"Jack Flaherty","STL",0.23481781376518218,1.102040816,0.204633204,0.416988416,0.378378378,0.112244897,0.142857142,581,979,1560,0.39463602,0.35632184,0.24904215,0.19157088,0.38314176,0.42528736,"Jack Flaherty",17479,656427
"Archie Bradley","ARI",0.4084507042253521,1.523809523,0.253521126,0.450704225,0.295774647,0.142857142,0.095238095,214,365,579,0.36986301,0.28767123,0.34246575,0.1369863,0.43835616,0.42465753,"Archie Bradley",12918,605151
"Chris Devenski","HOU",0.33695652173913043,0.720930232,0.237113402,0.319587628,0.443298969,0.069767441,0.162790697,226,392,618,0.37373737,0.37373737,0.25252525,0.21212121,0.36363636,0.42424242,"Chris Devenski",12763,606965
"Félix Hernández","SEA",0.3372093023255814,2.041666666,0.206521739,0.532608695,0.260869565,0.041666666,0.25,209,308,517,0.45652174,0.42391304,0.11956522,0.17391304,0.40217391,0.42391304,"Felix Hernandez",4772,433587
"Trevor Bauer","- - -",0.2834008097165992,0.803571428,0.234848484,0.34090909,0.424242424,0.125,0.178571428,646,1049,1695,0.42696629,0.35955056,0.21348315,0.15730337,0.41947566,0.42322097,"Trevor Bauer",12703,545333
"Tommy Milone","SEA",0.2716049382716049,0.897435897,0.159090909,0.397727272,0.443181818,0.051282051,0.23076923,179,339,518,0.47777778,0.32222222,0.2,0.14444444,0.43333333,0.42222222,"Tommy Milone",7608,543548
"Félix Peña","LAA",0.2966101694915254,0.830188679,0.236220472,0.346456692,0.417322834,0.075471698,0.188679245,327,473,800,0.40625,0.3359375,0.2578125,0.1484375,0.4296875,0.421875,"Felix Pena",13403,570240
"Rafael Montero","TEX",0.13513513513513514,1.75,0.131578947,0.552631578,0.315789473,0.083333333,0.083333333,78,143,221,0.44736842,0.34210526,0.21052632,0.15789474,0.42105263,0.42105263,"Rafael Montero",12760,606160
"Justin Anderson","LAA",0.3018867924528302,0.952380952,0.267857142,0.357142857,0.375,0.142857142,0.19047619,183,259,442,0.45614035,0.28070175,0.26315789,0.14035088,0.43859649,0.42105263,"Justin Anderson",16201,605121
"Julio Urías","LAD",0.25757575757575757,0.724137931,0.23076923,0.323076923,0.446153846,0.068965517,0.103448275,168,319,487,0.30434783,0.39130435,0.30434783,0.17391304,0.4057971,0.42028986,"Julio Urias",14765,628711
"Joe Biagini","- - -",0.323943661971831,1.24,0.3,0.3875,0.3125,0.12,0.4,200,280,480,0.4691358,0.27160494,0.25925926,0.12345679,0.45679012,0.41975309,"Joe Biagini",13194,607352
"Carlos Carrasco","CLE",0.3229166666666667,0.904761904,0.215686274,0.372549019,0.411764705,0.119047619,0.214285714,201,396,597,0.42857143,0.34285714,0.22857143,0.15238095,0.42857143,0.41904762,"Carlos Carrasco",6632,471911
"Jeff Brigham","MIA",0.25,0.545454545,0.19047619,0.285714285,0.523809523,0.045454545,0.136363636,110,187,297,0.20930233,0.30232558,0.48837209,0.13953488,0.44186047,0.41860465,"Jeff Brigham",16631,656257
"Sean Doolittle","WSN",0.2830188679245283,0.305555555,0.129629629,0.203703703,0.666666666,0.138888888,0.055555555,81,241,322,0.18181818,0.34545455,0.47272727,0.21818182,0.36363636,0.41818182,"Sean Doolittle",1581,448281
"Robbie Ray","ARI",0.2828282828282828,1.620689655,0.224489795,0.479591836,0.295918367,0.068965517,0.137931034,243,441,684,0.37864078,0.34951456,0.27184466,0.17475728,0.40776699,0.41747573,"Robbie Ray",11486,592662
"Alex Colomé","CHW",0.2318840579710145,1.178571428,0.14084507,0.464788732,0.394366197,0,0.107142857,161,269,430,0.41666667,0.40277778,0.18055556,0.08333333,0.5,0.41666667,"Alex Colome",6661,517008
"Kevin Ginkel","ARI",0.2727272727272727,0.8,0.25,0.333333333,0.416666666,0.2,0.2,66,110,176,0.41666667,0.33333333,0.25,0.16666667,0.41666667,0.41666667,"Kevin Ginkel",19876,656464
"Randy Dobnak","MIN",0.20833333333333334,3.111111111,0.229166666,0.583333333,0.1875,0.111111111,0,65,137,202,0.54166667,0.22916667,0.22916667,0.16666667,0.41666667,0.41666667,"Randy Dobnak",23798,677976
"Sonny Gray","CIN",0.25824175824175827,1.93877551,0.229946524,0.50802139,0.262032085,0.122448979,0.163265306,528,823,1351,0.47894737,0.32631579,0.19473684,0.17368421,0.41052632,0.41578947,"Sonny Gray",12768,543243
"Luis García","LAA",0.2916666666666667,1.458333333,0.202702702,0.472972972,0.324324324,0,0.208333333,191,283,474,0.33766234,0.4025974,0.25974026,0.15584416,0.42857143,0.41558442,"Luis Garcia",6984,472610
"Sean Newcomb","ATL",0.3333333333333333,1.421052631,0.115384615,0.519230769,0.365384615,0.052631578,0.105263157,125,228,353,0.24528302,0.54716981,0.20754717,0.09433962,0.49056604,0.41509434,"Sean Newcomb",16943,656794
"Jordan Lyles","- - -",0.31788079470198677,0.76,0.185185185,0.351851851,0.462962962,0.08,0.173333333,436,667,1103,0.32317073,0.36585366,0.31097561,0.15243902,0.43292683,0.41463415,"Jordan Lyles",7593,543475
"Colin Poche","TBR",0.21052631578947367,0.269230769,0.153846153,0.179487179,0.666666666,0.153846153,0.115384615,117,198,315,0.17073171,0.31707317,0.51219512,0.2195122,0.36585366,0.41463415,"Colin Poche",19403,621363
"Jake Arrieta","PHI",0.33163265306122447,1.415384615,0.248803827,0.440191387,0.311004784,0.015384615,0.215384615,425,643,1068,0.4,0.38571429,0.21428571,0.12380952,0.46190476,0.41428571,"Jake Arrieta",4153,453562
"Nathan Eovaldi","BOS",0.2625,0.818181818,0.130434782,0.391304347,0.478260869,0.045454545,0.272727272,223,379,602,0.38043478,0.32608696,0.29347826,0.09782609,0.48913043,0.41304348,"Nathan Eovaldi",9132,543135
"Heath Hembree","BOS",0.23809523809523808,0.333333333,0.130434782,0.217391304,0.652173913,0.133333333,0.133333333,116,181,297,0.39130435,0.2826087,0.32608696,0.15217391,0.43478261,0.41304348,"Heath Hembree",11632,592390
"Chris Paddack","SDP",0.2328042328042328,1.024390243,0.157360406,0.426395939,0.416243654,0.085365853,0.146341463,369,810,1179,0.40298507,0.29850746,0.29850746,0.17910448,0.4079602,0.41293532,"Chris Paddack",20099,663978
"Zach Eflin","PHI",0.27488151658767773,0.988505747,0.21719457,0.389140271,0.393665158,0.091954022,0.195402298,462,761,1223,0.4122807,0.31578947,0.27192982,0.12280702,0.46491228,0.4122807,"Zach Eflin",13774,621107
"Taylor Clarke","ARI",0.24,1.074074074,0.164179104,0.43283582,0.402985074,0.111111111,0.203703703,314,489,803,0.41176471,0.35294118,0.23529412,0.14705882,0.44117647,0.41176471,"Taylor Clarke",17611,664199
"Zac Gallen","- - -",0.26804123711340205,1.303030303,0.25490196,0.421568627,0.323529411,0,0.151515151,251,454,705,0.44117647,0.2745098,0.28431373,0.19607843,0.39215686,0.41176471,"Zac Gallen",19291,668678
"Homer Bailey","- - -",0.2489451476793249,1.38095238,0.183673469,0.473469387,0.342857142,0.083333333,0.142857142,530,947,1477,0.4233871,0.33064516,0.24596774,0.12903226,0.45967742,0.41129032,"Homer Bailey",8362,456701
"Jake Odorizzi","MIN",0.3711340206185567,0.681318681,0.207253886,0.321243523,0.47150259,0.098901098,0.087912087,474,878,1352,0.34158416,0.32673267,0.33168317,0.13861386,0.45049505,0.41089109,"Jake Odorizzi",6397,543606
"Aaron Nola","PHI",0.3165137614678899,1.727272727,0.203539823,0.504424778,0.292035398,0.045454545,0.166666666,543,961,1504,0.44541485,0.35371179,0.20087336,0.13537118,0.45414847,0.41048035,"Aaron Nola",16149,605400
"Kyle Barraclough","- - -",0.25,1.142857142,0.189189189,0.432432432,0.378378378,0,0.214285714,110,155,265,0.33333333,0.28205128,0.38461538,0.15384615,0.43589744,0.41025641,"Kyle Barraclough",13713,607457
"David Hess","BAL",0.29473684210526313,1.028571428,0.275510204,0.367346938,0.357142857,0.142857142,0.142857142,240,338,578,0.34,0.4,0.26,0.14,0.45,0.41,"David Hess",16130,605276
"Tyson Ross","DET",0.25862068965517243,2.769230769,0.183333333,0.6,0.216666666,0.076923076,0.23076923,89,175,264,0.62295082,0.18032787,0.19672131,0.14754098,0.44262295,0.40983607,"Tyson Ross",7872,475115
"Brandon Woodruff","MIL",0.35294117647058826,1.355555555,0.263888888,0.423611111,0.3125,0.022222222,0.177777777,344,635,979,0.36111111,0.36805556,0.27083333,0.1875,0.40277778,0.40972222,"Brandon Woodruff",16162,605540
"Buck Farmer","DET",0.3170731707317073,1.32,0.275,0.4125,0.3125,0.08,0.04,185,278,463,0.3253012,0.44578313,0.22891566,0.1686747,0.42168675,0.40963855,"Buck Farmer",14814,571656
"Felipe Vázquez","PIT",0.38095238095238093,0.416666666,0.19047619,0.238095238,0.571428571,0.083333333,0.083333333,57,145,202,0.09090909,0.31818182,0.59090909,0.27272727,0.31818182,0.40909091,"Felipe Vazquez",12076,553878
"Adrian Houser","MIL",0.35714285714285715,1.14893617,0.229007633,0.41221374,0.358778625,0.021276595,0.127659574,337,511,848,0.37878788,0.34090909,0.28030303,0.1969697,0.39393939,0.40909091,"Adrian Houser",12718,605288
"Shaun Anderson","SFG",0.30612244897959184,1.55,0.31081081,0.418918918,0.27027027,0.1,0.175,271,438,709,0.46753247,0.33116883,0.2012987,0.16233766,0.42857143,0.40909091,"Shaun Anderson",19453,641312
"Scott Barlow","KCR",0.39705882352941174,1.318181818,0.260869565,0.420289855,0.318840579,0.09090909,0.136363636,183,325,508,0.3943662,0.35211268,0.25352113,0.15492958,0.43661972,0.4084507,"Scott Barlow",14993,605130
"Germán Márquez","COL",0.2938775510204082,1.5,0.23828125,0.45703125,0.3046875,0.051282051,0.192307692,454,855,1309,0.31923077,0.41153846,0.26923077,0.11538462,0.47692308,0.40769231,"German Marquez",15038,608566
"Derek Law","TOR",0.30120481927710846,1.25,0.258823529,0.411764705,0.329411764,0.071428571,0.107142857,231,334,565,0.43023256,0.37209302,0.19767442,0.23255814,0.36046512,0.40697674,"Derek Law",13133,571882
"Wily Peralta","KCR",0.2830188679245283,0.777777777,0.186440677,0.355932203,0.457627118,0.222222222,0.222222222,130,183,313,0.42372881,0.28813559,0.28813559,0.13559322,0.45762712,0.40677966,"Wily Peralta",7738,503449
"Mike Leake","- - -",0.3194029850746269,1.948979591,0.181303116,0.541076487,0.277620396,0.061224489,0.193877551,536,1115,1651,0.45480226,0.33898305,0.20621469,0.15819209,0.43502825,0.40677966,"Mike Leake",10130,502190
"Diego Castillo","TBR",0.36666666666666664,1.526315789,0.25,0.453125,0.296875,0.157894736,0.210526315,154,264,418,0.46875,0.296875,0.234375,0.09375,0.5,0.40625,"Diego Castillo",17496,650895
"Frankie Montas","OAK",0.31343283582089554,1.078431372,0.231884057,0.398550724,0.369565217,0.156862745,0.078431372,292,530,822,0.42028986,0.28985507,0.28985507,0.11594203,0.47826087,0.4057971,"Frankie Montas",14309,593423
"Marco Gonzales","SEA",0.313953488372093,1.4,0.191011235,0.471910112,0.337078651,0.116666666,0.133333333,278,571,849,0.41111111,0.38888889,0.2,0.17222222,0.42222222,0.40555556,"Marco Gonzales",15467,594835
"Walker Buehler","LAD",0.28451882845188287,1.3875,0.220408163,0.453061224,0.326530612,0.0625,0.1,473,1013,1486,0.34817814,0.4048583,0.24696356,0.15789474,0.43724696,0.4048583,"Walker Buehler",19374,621111
"Jeff Samardzija","SFG",0.248,0.616,0.237735849,0.290566037,0.471698113,0.056,0.136,601,1009,1610,0.44194757,0.31086142,0.24719101,0.11985019,0.47565543,0.40449438,"Jeff Samardzija",3254,502188
"Jimmy Yacabonis","BAL",0.27906976744186046,0.541666666,0.212765957,0.276595744,0.510638297,0.083333333,0.166666666,120,149,269,0.34042553,0.53191489,0.12765957,0.08510638,0.5106383,0.40425532,"Jimmy Yacabonis",15157,642231
"Jason Vargas","- - -",0.3020833333333333,1.272727272,0.21875,0.4375,0.34375,0.181818181,0.09090909,211,333,544,0.61616162,0.25252525,0.13131313,0.11111111,0.48484848,0.4040404,"Jason Vargas",8044,450306
"Emilio Pagán","TBR",0.1956521739130435,0.464285714,0.211538461,0.25,0.538461538,0.142857142,0.214285714,128,261,389,0.48076923,0.26923077,0.25,0.19230769,0.40384615,0.40384615,"Emilio Pagan",14771,641941
"Tim Melville","COL",0.2641509433962264,0.8,0.210526315,0.350877192,0.438596491,0.08,0.16,123,203,326,0.43859649,0.31578947,0.24561404,0.14035088,0.45614035,0.40350877,"Tim Melville",9149,543532
"José Suarez","LAA",0.25925925925925924,0.483870967,0.192982456,0.263157894,0.543859649,0.129032258,0.096774193,153,231,384,0.35087719,0.29824561,0.35087719,0.14035088,0.45614035,0.40350877,"Jose Suarez",19911,660761
"Jeremy Jeffress","MIL",0.32857142857142857,2.352941176,0.208333333,0.555555555,0.236111111,0,0.117647058,123,246,369,0.31944444,0.44444444,0.23611111,0.15277778,0.44444444,0.40277778,"Jeremy Jeffress",9490,502026
"Cam Bedrosian","LAA",0.21518987341772153,1.76,0.158536585,0.536585365,0.304878048,0.08,0.12,217,328,545,0.45121951,0.29268293,0.25609756,0.13414634,0.46341463,0.40243902,"Cam Bedrosian",13360,592135
"Nick Kingham","- - -",0.3764705882352941,1.228571428,0.133333333,0.477777777,0.388888888,0.028571428,0.2,185,317,502,0.4673913,0.25,0.2826087,0.18478261,0.41304348,0.40217391,"Nick Kingham",11694,592468
"Carlos Estévez","COL",0.30927835051546393,0.902439024,0.227722772,0.366336633,0.405940594,0.048780487,0.121951219,199,332,531,0.3627451,0.35294118,0.28431373,0.16666667,0.43137255,0.40196078,"Carlos Estevez",14542,608032
"Nick Pivetta","PHI",0.28346456692913385,1.288888888,0.237037037,0.429629629,0.333333333,0.066666666,0.222222222,320,482,802,0.37226277,0.34306569,0.28467153,0.20437956,0.39416058,0.40145985,"Nick Pivetta",15454,601713
"Trevor Richards","- - -",0.2865853658536585,0.816901408,0.23668639,0.343195266,0.420118343,0.112676056,0.112676056,375,600,975,0.35465116,0.36627907,0.27906977,0.14534884,0.45348837,0.40116279,"Trevor Richards",19309,670950
"Mike Fiers","OAK",0.2706766917293233,1.077669902,0.216117216,0.406593406,0.377289377,0.126213592,0.106796116,467,898,1365,0.41516245,0.30685921,0.27797834,0.15162455,0.44765343,0.40072202,"Mike Fiers",7754,571666
"Brandon Workman","BOS",0.22033898305084745,2.357142857,0.216666666,0.55,0.233333333,0,0.071428571,231,325,556,0.46666667,0.3,0.23333333,0.15,0.45,0.4,"Brandon Workman",11428,519443
"Ross Stripling","LAD",0.3023255813953488,2.28125,0.204545454,0.553030303,0.242424242,0.09375,0.1875,259,498,757,0.43703704,0.34074074,0.22222222,0.16296296,0.43703704,0.4,"Ross Stripling",13273,548389
"Zack Godley","- - -",0.32167832167832167,1.245283018,0.206666666,0.44,0.353333333,0.056603773,0.132075471,296,524,820,0.44666667,0.30666667,0.24666667,0.18,0.42,0.4,"Zack Godley",14862,643327
"Kevin McCarthy","KCR",0.30120481927710846,2,0.214285714,0.523809523,0.261904761,0.09090909,0.09090909,146,221,367,0.41176471,0.38823529,0.2,0.21176471,0.38823529,0.4,"Kevin McCarthy",15240,641838
"Raisel Iglesias","CIN",0.27941176470588236,0.733333333,0.287671232,0.301369863,0.410958904,0.033333333,0.233333333,164,308,472,0.42666667,0.28,0.29333333,0.18666667,0.41333333,0.4,"Raisel Iglesias",17130,628452
"Griffin Canning","LAA",0.22321428571428573,0.979166666,0.181034482,0.405172413,0.413793103,0.041666666,0.166666666,306,467,773,0.30833333,0.45833333,0.23333333,0.19166667,0.40833333,0.4,"Griffin Canning",19867,656288
"Erick Fedde","WSN",0.3464566929133858,1.96875,0.27480916,0.48091603,0.244274809,0.09375,0.1875,258,380,638,0.39097744,0.33082707,0.27819549,0.19548872,0.40601504,0.39849624,"Erick Fedde",17425,607200
"Eric Lauer","SDP",0.36065573770491804,1.375,0.246031746,0.436507936,0.317460317,0.05,0.15,221,375,596,0.390625,0.3359375,0.2734375,0.1796875,0.421875,0.3984375,"Eric Lauer",19316,641778
"Daniel Hudson","- - -",0.22105263157894736,0.88095238,0.168421052,0.389473684,0.442105263,0.095238095,0.071428571,198,346,544,0.37755102,0.32653061,0.29591837,0.19387755,0.40816327,0.39795918,"Daniel Hudson",7146,543339
"Domingo Germán","NYY",0.2696078431372549,0.727272727,0.233183856,0.322869955,0.443946188,0.121212121,0.202020202,441,831,1272,0.4375,0.29464286,0.26785714,0.20089286,0.40178571,0.39732143,"Domingo German",17149,593334
"Robbie Erlin","SDP",0.4225352112676056,1.55,0.28169014,0.436619718,0.28169014,0.1,0.1,142,259,401,0.34246575,0.47945205,0.17808219,0.19178082,0.4109589,0.39726027,"Robbie Erlin",10354,572362
"Casey Sadler","- - -",0.2463768115942029,1.681818181,0.144927536,0.536231884,0.318840579,0.09090909,0.181818181,139,218,357,0.52054795,0.36986301,0.10958904,0.15068493,0.45205479,0.39726027,"Casey Sadler",11209,594987
"Nestor Cortes","NYY",0.4032258064516129,1.12,0.220588235,0.411764705,0.367647058,0.12,0.24,143,277,420,0.35294118,0.36764706,0.27941176,0.20588235,0.39705882,0.39705882,"Nestor Cortes",17874,641482
"Brandon Kintzler","CHC",0.1935483870967742,1.55,0.177419354,0.5,0.322580645,0.15,0.05,124,203,327,0.3968254,0.28571429,0.31746032,0.12698413,0.47619048,0.3968254,"Brandon Kintzler",9939,445213
"Kevin Gausman","- - -",0.3389830508474576,1.358974358,0.245901639,0.434426229,0.319672131,0.025641025,0.205128205,295,523,818,0.36507937,0.38888889,0.24603175,0.11111111,0.49206349,0.3968254,"Kevin Gausman",14107,592332
"Jaime Barria","LAA",0.2909090909090909,0.956521739,0.210526315,0.385964912,0.403508771,0.04347826,0.130434782,298,429,727,0.42241379,0.34482759,0.23275862,0.10344828,0.5,0.39655172,"Jaime Barria",18356,642545
"Sean Reid-Foley","TOR",0.32608695652173914,0.652173913,0.208333333,0.3125,0.479166666,0,0.086956521,119,197,316,0.35416667,0.41666667,0.22916667,0.14583333,0.45833333,0.39583333,"Sean Reid-Foley",17034,656887
"Wilmer Font","- - -",0.3076923076923077,0.888888888,0.209302325,0.372093023,0.418604651,0.027777777,0.222222222,241,409,650,0.44186047,0.31395349,0.24418605,0.12790698,0.47674419,0.39534884,"Wilmer Font",5257,521655
"Anthony Swarzak","- - -",0.3684210526315789,1.1875,0.186046511,0.441860465,0.372093023,0.125,0.3125,143,213,356,0.51162791,0.27906977,0.20930233,0.09302326,0.51162791,0.39534884,"Anthony Swarzak",7466,461872
"Alec Mills","CHC",0.3902439024390244,1.384615384,0.279069767,0.418604651,0.302325581,0.076923076,0.153846153,99,160,259,0.39534884,0.41860465,0.18604651,0.13953488,0.46511628,0.39534884,"Alec Mills",13834,621219
"Michel Baez","SDP",0.2,0.823529411,0.279069767,0.325581395,0.395348837,0.117647058,0.176470588,110,143,253,0.41860465,0.27906977,0.30232558,0.23255814,0.37209302,0.39534884,"Michel Baez",20100,673258
"Yefry Ramírez","- - -",0.4,1.363636363,0.1875,0.46875,0.34375,0,0.272727272,95,134,229,0.51515152,0.3030303,0.18181818,0.18181818,0.42424242,0.39393939,"Yefry Ramirez",15655,606162
"Julio Teheran","ATL",0.25,0.769230769,0.190954773,0.351758793,0.457286432,0.098901098,0.098901098,546,745,1291,0.39800995,0.34328358,0.25870647,0.17412935,0.43283582,0.39303483,"Julio Teheran",6797,527054
"Jake McGee","COL",0.24528301886792453,0.8,0.181818181,0.363636363,0.454545454,0.12,0.12,99,175,274,0.5,0.23214286,0.26785714,0.23214286,0.375,0.39285714,"Jake McGee",7550,459429
"Sean Manaea","OAK",0.25925925925925924,4,0.23076923,0.615384615,0.153846153,0.5,0.25,54,102,156,0.35714286,0.46428571,0.17857143,0.14285714,0.46428571,0.39285714,"Sean Manaea",15873,640455
"Chad Sobotka","ATL",0.4444444444444444,2.142857142,0.214285714,0.535714285,0.25,0,0.142857142,76,134,210,0.35714286,0.39285714,0.25,0.14285714,0.46428571,0.39285714,"Chad Sobotka",17470,656977
"Sandy Alcantara","MIA",0.27044025157232704,1.0703125,0.19939577,0.41389728,0.386706948,0.078125,0.125,634,1065,1699,0.39520958,0.36526946,0.23952096,0.15868263,0.4491018,0.39221557,"Sandy Alcantara",18684,645261
"Noé Ramirez","LAA",0.22727272727272727,0.647058823,0.188405797,0.318840579,0.492753623,0.176470588,0.088235294,124,241,365,0.46376812,0.30434783,0.23188406,0.17391304,0.43478261,0.39130435,"Noe Ramirez",12800,598287
"Blake Snell","TBR",0.46511627906976744,1.8,0.377777777,0.4,0.222222222,0.3,0.3,110,195,305,0.43478261,0.30434783,0.26086957,0.15217391,0.45652174,0.39130435,"Blake Snell",13543,605483
"Brian Johnson","BOS",0.26666666666666666,0.727272727,0.155555555,0.355555555,0.488888888,0.09090909,0.045454545,97,144,241,0.43478261,0.41304348,0.15217391,0.04347826,0.56521739,0.39130435,"Brian Johnson",14272,598271
"Alex McRae","PIT",0.34146341463414637,1.052631578,0.152173913,0.434782608,0.413043478,0.052631578,0.263157894,93,147,240,0.39130435,0.30434783,0.30434783,0.13043478,0.47826087,0.39130435,"Alex McRae",16317,656725
"Elvis Luciano","TOR",0.27906976744186046,1.25,0.217391304,0.434782608,0.347826086,0,0.1875,143,163,306,0.39130435,0.43478261,0.17391304,0.02173913,0.58695652,0.39130435,"Elvis Luciano",20632,672773
"José Berríos","MIN",0.2978723404255319,0.94214876,0.186851211,0.394463667,0.418685121,0.140495867,0.099173553,506,1080,1586,0.37755102,0.32312925,0.29931973,0.18027211,0.42857143,0.39115646,"Jose Berrios",14168,621244
"Pablo López","MIA",0.34545454545454546,1.464285714,0.197674418,0.476744186,0.325581395,0.125,0.160714285,343,580,923,0.40804598,0.28735632,0.3045977,0.16091954,0.44827586,0.3908046,"Pablo Lopez",17085,641154
"Nick Anderson","- - -",0.4,0.625,0.38095238,0.238095238,0.38095238,0.083333333,0.166666666,173,351,524,0.359375,0.3125,0.328125,0.1875,0.421875,0.390625,"Nick Anderson",18337,623433
"Sam Gaviglio","TOR",0.3050847457627119,1.040816326,0.180327868,0.418032786,0.401639344,0.081632653,0.102040816,222,387,609,0.47154472,0.26829268,0.2601626,0.13821138,0.47154472,0.3902439,"Sam Gaviglio",12778,543208
"Daniel Stumpf","DET",0.3076923076923077,1.066666666,0.225,0.4,0.375,0.066666666,0.133333333,75,149,224,0.31707317,0.34146341,0.34146341,0.09756098,0.51219512,0.3902439,"Daniel Stumpf",13780,621385
"Dereck Rodríguez","SFG",0.25190839694656486,1.076923076,0.217391304,0.405797101,0.376811594,0.038461538,0.192307692,314,479,793,0.35460993,0.36170213,0.28368794,0.16312057,0.44680851,0.39007092,"Dereck Rodriguez",14509,605446
"Jairo Díaz","COL",0.26666666666666666,2.15,0.171052631,0.565789473,0.263157894,0.15,0.1,160,265,425,0.37662338,0.32467532,0.2987013,0.14285714,0.46753247,0.38961039,"Jairo Diaz",12774,545064
"Max Scherzer","WSN",0.34759358288770054,0.9375,0.217171717,0.378787878,0.404040404,0.075,0.1375,444,891,1335,0.43939394,0.3030303,0.25757576,0.14141414,0.46969697,0.38888889,"Max Scherzer",3137,453286
"Ryan Brasier","BOS",0.25757575757575757,0.628571428,0.197183098,0.309859154,0.492957746,0.085714285,0.171428571,170,274,444,0.5,0.375,0.125,0.22222222,0.38888889,0.38888889,"Ryan Brasier",5615,518489
"Mike Foltynewicz","ATL",0.23376623376623376,0.688311688,0.197530864,0.327160493,0.475308641,0.077922077,0.142857142,321,546,867,0.41212121,0.37575758,0.21212121,0.15757576,0.45454545,0.38787879,"Mike Foltynewicz",10811,592314
"Liam Hendriks","OAK",0.3723404255319149,0.704545454,0.226804123,0.319587628,0.453608247,0.068181818,0.09090909,224,427,651,0.2755102,0.42857143,0.29591837,0.15306122,0.45918367,0.3877551,"Liam Hendriks",3548,521230
"Adam Warren","SDP",0.2,2.142857142,0.29032258,0.483870967,0.225806451,0,0.142857142,97,123,220,0.58064516,0.19354839,0.22580645,0.09677419,0.51612903,0.38709677,"Adam Warren",9029,476589
"Yimi García","LAD",0.12727272727272726,0.472222222,0.13114754,0.278688524,0.590163934,0.111111111,0.194444444,135,238,373,0.33870968,0.32258065,0.33870968,0.16129032,0.4516129,0.38709677,"Yimi Garcia",12095,554340
"Matt Strahm","SDP",0.32954545454545453,1.085714285,0.215053763,0.40860215,0.376344086,0.085714285,0.142857142,157,342,499,0.39784946,0.38709677,0.21505376,0.20430108,0.40860215,0.38709677,"Matt Strahm",13799,621381
"Tanner Scott","BAL",0.2413793103448276,1.857142857,0.354838709,0.419354838,0.225806451,0,0.285714285,88,136,224,0.35483871,0.38709677,0.25806452,0.09677419,0.51612903,0.38709677,"Tanner Scott",17586,656945
"Aaron Brooks","- - -",0.3,1.433333333,0.184357541,0.480446927,0.33519553,0.05,0.183333333,395,614,1009,0.40331492,0.35359116,0.24309392,0.13812155,0.47513812,0.38674033,"Aaron Brooks",12272,605156
"Tyler Skaggs","LAA",0.2545454545454545,0.576923076,0.267857142,0.267857142,0.464285714,0.038461538,0.076923076,100,205,305,0.40350877,0.33333333,0.26315789,0.14035088,0.47368421,0.38596491,"Tyler Skaggs",10190,572140
"Asher Wojciechowski","BAL",0.2616822429906542,0.759259259,0.181034482,0.353448275,0.465517241,0.055555555,0.185185185,258,442,700,0.54700855,0.28205128,0.17094017,0.14529915,0.47008547,0.38461538,"Asher Wojciechowski",10836,592879
"Chris Martin","- - -",0.25,2.176470588,0.169230769,0.569230769,0.261538461,0,0.294117647,126,288,414,0.44615385,0.27692308,0.27692308,0.21538462,0.4,0.38461538,"Chris Martin",11847,455119
"Daniel Ponce de Leon","STL",0.28205128205128205,0.842105263,0.102564102,0.41025641,0.487179487,0.105263157,0,152,237,389,0.25641026,0.51282051,0.23076923,0.25641026,0.35897436,0.38461538,"Daniel Ponce de Leon",16110,594965
"Ross Detwiler","CHW",0.25,2,0.13559322,0.576271186,0.288135593,0,0.235294117,83,161,244,0.48333333,0.33333333,0.18333333,0.15,0.46666667,0.38333333,"Ross Detwiler",2859,446321
"John Brebbia","STL",0.2982456140350877,0.46875,0.216666666,0.25,0.533333333,0.09375,0.09375,157,281,438,0.35,0.33333333,0.31666667,0.16666667,0.45,0.38333333,"John Brebbia",12777,605154
"Josh A. Smith","BOS",0.30952380952380953,1.428571428,0.260869565,0.434782608,0.304347826,0,0.357142857,110,151,261,0.55319149,0.27659574,0.17021277,0.19148936,0.42553191,0.38297872,"Josh A. Smith",10946,595001
"Michael Wacha","STL",0.2907801418439716,1.367346938,0.22147651,0.449664429,0.32885906,0.040816326,0.163265306,345,539,884,0.56375839,0.24161074,0.19463087,0.10738255,0.51006711,0.38255034,"Michael Wacha",14078,608379
"Blake Parker","- - -",0.3013698630136986,1.038461538,0.283783783,0.364864864,0.351351351,0.038461538,0.115384615,173,287,460,0.34210526,0.38157895,0.27631579,0.18421053,0.43421053,0.38157895,"Blake Parker",5224,453284
"Dan Otero","CLE",0.2926829268292683,1.133333333,0.238095238,0.404761904,0.357142857,0,0.066666666,54,102,156,0.30952381,0.35714286,0.33333333,0.07142857,0.54761905,0.38095238,"Dan Otero",7385,519096
"Yusmeiro Petit","OAK",0.22340425531914893,0.725,0.28125,0.302083333,0.416666666,0.075,0.15,176,344,520,0.4,0.45,0.15,0.14,0.48,0.38,"Yusmeiro Petit",4020,433589
"Hector Velázquez","BOS",0.25675675675675674,0.605263157,0.227848101,0.29113924,0.481012658,0.052631578,0.131578947,207,275,482,0.40506329,0.3164557,0.27848101,0.24050633,0.37974684,0.37974684,"Hector Velazquez",19341,584171
"Lance Lynn","TEX",0.33226837060702874,1.120689655,0.219047619,0.412698412,0.368253968,0.077586206,0.051724137,694,1173,1867,0.37304075,0.36363636,0.26332288,0.15047022,0.47021944,0.37931034,"Lance Lynn",2520,458681
"Will Smith","SFG",0.35714285714285715,1.222222222,0.310344827,0.379310344,0.310344827,0.111111111,0.111111111,86,208,294,0.34482759,0.44827586,0.20689655,0.24137931,0.37931034,0.37931034,"Will Smith",8048,519293
"Michael Soroka","ATL",0.3053097345132743,1.737704918,0.270742358,0.462882096,0.266375545,0.147540983,0.147540983,369,686,1055,0.41702128,0.32340426,0.25957447,0.15744681,0.46382979,0.3787234,"Michael Soroka",18383,647336
"Aaron Sanchez","- - -",0.3247422680412371,1.397058823,0.208737864,0.461165048,0.330097087,0.073529411,0.19117647,451,739,1190,0.40776699,0.36893204,0.22330097,0.12621359,0.49514563,0.37864078,"Aaron Sanchez",11490,592717
"Luis Castillo","CIN",0.27555555555555555,1.671428571,0.197424892,0.502145922,0.300429184,0.057142857,0.185714285,663,999,1662,0.36554622,0.40756303,0.22689076,0.1512605,0.47058824,0.37815126,"Luis Castillo",15689,622491
"James Paxton","NYY",0.375,1.333333333,0.263157894,0.421052631,0.315789473,0.066666666,0.066666666,218,390,608,0.40816327,0.32653061,0.26530612,0.12244898,0.5,0.37755102,"James Paxton",11828,572020
"Pedro Strop","CHC",0.2549019607843137,1.588235294,0.16981132,0.509433962,0.320754716,0.058823529,0.117647058,141,234,375,0.39622642,0.39622642,0.20754717,0.13207547,0.49056604,0.37735849,"Pedro Strop",4070,467008
"Yusei Kikuchi","SEA",0.2755102040816326,1.097560975,0.18095238,0.428571428,0.39047619,0.097560975,0.195121951,178,329,507,0.33962264,0.28301887,0.37735849,0.16981132,0.45283019,0.37735849,"Yusei Kikuchi",20633,579328
"Antonio Senzatela","COL",0.3480392156862745,1.754385964,0.259433962,0.471698113,0.268867924,0.017543859,0.192982456,458,636,1094,0.38604651,0.37209302,0.24186047,0.15348837,0.46976744,0.37674419,"Antonio Senzatela",15488,622608
"Madison Bumgarner","SFG",0.256198347107438,0.903846153,0.181818181,0.388429752,0.429752066,0.057692307,0.076923076,235,480,715,0.368,0.384,0.248,0.216,0.408,0.376,"Madison Bumgarner",5524,518516
"Corey Kluber","CLE",0.3333333333333333,0.772727272,0.170212765,0.361702127,0.468085106,0.045454545,0.136363636,106,182,288,0.39583333,0.3125,0.29166667,0.20833333,0.41666667,0.375,"Corey Kluber",2429,446372
"Tony Watson","SFG",0.3888888888888889,4.857142857,0.254545454,0.618181818,0.127272727,0,0.285714285,91,169,260,0.32142857,0.48214286,0.19642857,0.21428571,0.41071429,0.375,"Tony Watson",3132,453265
"Brad Brach","- - -",0.43548387096774194,1.142857142,0.285714285,0.38095238,0.333333333,0.238095238,0.095238095,137,186,323,0.375,0.34375,0.28125,0.21875,0.40625,0.375,"Brad Brach",6627,542960
"Blake Treinen","OAK",0.2891566265060241,1.064516129,0.255813953,0.38372093,0.360465116,0.161290322,0.161290322,194,318,512,0.51136364,0.26136364,0.22727273,0.25,0.375,0.375,"Blake Treinen",12572,595014
"Joe Musgrove","PIT",0.3048780487804878,1.519480519,0.227091633,0.466135458,0.306772908,0.038961038,0.142857142,394,855,1249,0.45703125,0.3359375,0.20703125,0.16796875,0.45703125,0.375,"Joe Musgrove",12970,605397
"Nick Goody","CLE",0.2631578947368421,0.5,0.325,0.225,0.45,0.166666666,0.111111111,102,162,264,0.35,0.2,0.45,0.275,0.35,0.375,"Nick Goody",13685,580792
"Zack Wheeler","NYM",0.336322869955157,0.721153846,0.225108225,0.324675324,0.45021645,0.096153846,0.115384615,502,904,1406,0.34893617,0.32765957,0.32340426,0.16170213,0.46382979,0.37446809,"Zack Wheeler",10310,554430
"Trent Thornton","TOR",0.2882882882882883,0.865168539,0.284482758,0.331896551,0.383620689,0.08988764,0.146067415,571,885,1456,0.46808511,0.3106383,0.2212766,0.18297872,0.44255319,0.37446809,"Trent Thornton",17948,663423
"Gabriel Ynoa","BAL",0.2529411764705882,0.766666666,0.14516129,0.370967741,0.483870967,0.033333333,0.188888888,343,586,929,0.45989305,0.29411765,0.2459893,0.11764706,0.50802139,0.37433155,"Gabriel Ynoa",12938,593679
"Richard Rodríguez","PIT",0.32,0.568181818,0.168674698,0.301204819,0.530120481,0.09090909,0.181818181,166,323,489,0.37349398,0.28915663,0.3373494,0.15662651,0.46987952,0.37349398,"Richard Rodriguez",13549,593144
"CC Sabathia","NYY",0.18333333333333332,1.166666666,0.2,0.43076923,0.369230769,0.208333333,0.291666666,120,240,360,0.52238806,0.31343284,0.1641791,0.20895522,0.41791045,0.37313433,"CC Sabathia",404,282332
"Anthony Bass","SEA",0.19298245614035087,2.133333333,0.20338983,0.542372881,0.254237288,0.066666666,0.133333333,131,210,341,0.55932203,0.27118644,0.16949153,0.22033898,0.40677966,0.37288136,"Anthony Bass",7982,542914
"John Gant","STL",0.25,1.1,0.288135593,0.372881355,0.33898305,0.2,0.15,153,243,396,0.37288136,0.40677966,0.22033898,0.15254237,0.47457627,0.37288136,"John Gant",13684,607231
"Tanner Roark","- - -",0.3377777777777778,0.702970297,0.277310924,0.298319327,0.424369747,0.108910891,0.148514851,610,875,1485,0.37238494,0.33054393,0.29707113,0.16736402,0.46025105,0.37238494,"Tanner Roark",8753,543699
"Luke Weaver","ARI",0.29347826086956524,1.25,0.225806451,0.430107526,0.344086021,0.09375,0.0625,213,377,590,0.43617021,0.27659574,0.28723404,0.13829787,0.4893617,0.37234043,"Luke Weaver",16918,596133
"Mike Minor","TEX",0.3,1.2,0.185185185,0.444444444,0.37037037,0.12,0.14,259,529,788,0.37226277,0.42335766,0.20437956,0.19708029,0.43065693,0.37226277,"Mike Minor",10021,501985
"Hansel Robles","LAA",0.30952380952380953,1.117647058,0.162790697,0.441860465,0.395348837,0.088235294,0.058823529,180,353,533,0.3372093,0.48837209,0.1744186,0.09302326,0.53488372,0.37209302,"Hansel Robles",11801,570663
"Andrew Chafin","ARI",0.3493975903614458,2.2,0.238095238,0.523809523,0.238095238,0.3,0.15,178,345,523,0.3255814,0.39534884,0.27906977,0.18604651,0.44186047,0.37209302,"Andrew Chafin",12988,605177
"Miguel Castro","BAL",0.28,1.133333333,0.179487179,0.435897435,0.384615384,0.133333333,0.1,190,247,437,0.35897436,0.47435897,0.16666667,0.24358974,0.38461538,0.37179487,"Miguel Castro",15684,612434
"Neil Ramírez","- - -",0.2903225806451613,0.315789473,0.285714285,0.171428571,0.542857142,0.263157894,0.210526315,75,134,209,0.25714286,0.45714286,0.28571429,0.28571429,0.34285714,0.37142857,"Neil Ramirez",7677,519166
"Alex Young","ARI",0.1791044776119403,0.78125,0.173913043,0.36231884,0.463768115,0.0625,0.09375,152,238,390,0.47142857,0.32857143,0.2,0.14285714,0.48571429,0.37142857,"Alex Young",18333,622065
"Adam Conley","MIA",0.3977272727272727,1.95,0.305882352,0.458823529,0.235294117,0,0.05,159,277,436,0.31460674,0.38202247,0.30337079,0.12359551,0.50561798,0.37078652,"Adam Conley",14457,543045
"Mike Dunn","COL",0.2,0.6,0.04,0.36,0.6,0.133333333,0.133333333,65,106,171,0.25925926,0.51851852,0.22222222,0.22222222,0.40740741,0.37037037,"Mike Dunn",9948,445197
"Aroldis Chapman","NYY",0.2857142857142857,1.142857142,0.423076923,0.307692307,0.269230769,0.142857142,0,96,154,250,0.40740741,0.37037037,0.22222222,0.11111111,0.51851852,0.37037037,"Aroldis Chapman",10233,547973
"Javy Guerra","- - -",0.28735632183908044,0.972972972,0.197802197,0.395604395,0.406593406,0.081081081,0.135135135,151,316,467,0.32608696,0.36956522,0.30434783,0.11956522,0.51086957,0.36956522,"Javy Guerra",7407,457915
"Dylan Covey","CHW",0.4186046511627907,0.967741935,0.314606741,0.337078651,0.348314606,0.096774193,0.193548387,184,289,473,0.44565217,0.2826087,0.27173913,0.09782609,0.5326087,0.36956522,"Dylan Covey",14825,592229
"Matthew Boyd","DET",0.27906976744186046,1.354838709,0.17977528,0.471910112,0.348314606,0.129032258,0.225806451,186,390,576,0.45652174,0.2826087,0.26086957,0.23913043,0.39130435,0.36956522,"Matthew Boyd",15440,571510
"Joe Jiménez","DET",0.36666666666666664,0.916666666,0.269841269,0.349206349,0.38095238,0.125,0.208333333,165,306,471,0.41538462,0.4,0.18461538,0.12307692,0.50769231,0.36923077,"Joe Jimenez",15761,641729
"Charlie Morton","TBR",0.32727272727272727,1.289473684,0.24347826,0.426086956,0.330434782,0.105263157,0.144736842,571,1098,1669,0.38528139,0.31168831,0.3030303,0.12554113,0.50649351,0.36796537,"Charlie Morton",4676,450203
"Clay Buchholz","TOR",0.32323232323232326,1.175,0.171428571,0.447619047,0.38095238,0.1,0.2,192,353,545,0.38679245,0.3490566,0.26415094,0.26415094,0.36792453,0.36792453,"Clay Buchholz",3543,453329
"Wade LeBlanc","SEA",0.2948717948717949,0.731707317,0.183908045,0.344827586,0.471264367,0.146341463,0.219512195,149,284,433,0.51724138,0.25287356,0.22988506,0.16091954,0.47126437,0.36781609,"Wade LeBlanc",5221,453281
"Josh James","HOU",0.2777777777777778,0.888888888,0.15,0.4,0.45,0.185185185,0.222222222,208,329,537,0.35,0.4,0.25,0.2,0.43333333,0.36666667,"Josh James",16794,657624
"Tanner Rainey","WSN",0.3783783783783784,2.222222222,0.292682926,0.487804878,0.219512195,0.111111111,0.444444444,155,207,362,0.53658537,0.26829268,0.19512195,0.19512195,0.43902439,0.36585366,"Tanner Rainey",17610,663432
"Jeremy Hellickson","WSN",0.3157894736842105,0.655172413,0.238095238,0.301587301,0.46031746,0.103448275,0.206896551,120,184,304,0.33333333,0.38095238,0.28571429,0.22222222,0.41269841,0.36507937,"Jeremy Hellickson",4371,476451
"Ryan Buchter","OAK",0.2898550724637681,0.59375,0.291666666,0.263888888,0.444444444,0.09375,0.15625,173,302,475,0.40540541,0.2972973,0.2972973,0.13513514,0.5,0.36486486,"Ryan Buchter",9456,488748
"Connor Sadzeck","SEA",0.15,1,0.09090909,0.454545454,0.454545454,0.2,0.2,85,127,212,0.31818182,0.45454545,0.22727273,0.18181818,0.45454545,0.36363636,"Connor Sadzeck",13483,592712
"Trevor Gott","SFG",0.2727272727272727,1.9375,0.145454545,0.563636363,0.29090909,0.125,0,116,229,345,0.25454545,0.47272727,0.27272727,0.25454545,0.38181818,0.36363636,"Trevor Gott",15046,641627
"Tyler Mahle","CIN",0.30538922155688625,1.19402985,0.187845303,0.44198895,0.370165745,0.074626865,0.223880597,384,652,1036,0.41758242,0.34065934,0.24175824,0.14835165,0.48901099,0.36263736,"Tyler Mahle",16358,641816
"Ryan Pressly","HOU",0.17857142857142858,2.461538461,0.224137931,0.551724137,0.224137931,0.153846153,0.153846153,135,282,417,0.53448276,0.22413793,0.24137931,0.29310345,0.34482759,0.36206897,"Ryan Pressly",7005,519151
"Reyes Moronta","SFG",0.29310344827586204,1.045454545,0.224137931,0.396551724,0.379310344,0,0,163,221,384,0.39655172,0.32758621,0.27586207,0.20689655,0.43103448,0.36206897,"Reyes Moronta",14966,606625
"Kyle Gibson","MIN",0.33613445378151263,1.949152542,0.283950617,0.473251028,0.242798353,0.20338983,0.186440677,548,846,1394,0.437751,0.35341365,0.20883534,0.20481928,0.43373494,0.36144578,"Kyle Gibson",10123,502043
"Clay Holmes","PIT",0.32786885245901637,4.1,0.15,0.683333333,0.166666666,0,0.1,185,205,390,0.45901639,0.3442623,0.19672131,0.19672131,0.44262295,0.36065574,"Clay Holmes",13649,605280
"Justin Shafer","TOR",0.30434782608695654,0.407407407,0.224489795,0.224489795,0.551020408,0.037037037,0.148148148,142,209,351,0.32,0.26,0.42,0.24,0.4,0.36,"Justin Shafer",16132,596101
"Chi Chi González","COL",0.2619047619047619,1.6,0.261363636,0.454545454,0.284090909,0.08,0.2,242,327,569,0.42696629,0.37078652,0.20224719,0.19101124,0.4494382,0.35955056,"Chi Chi Gonzalez",14663,592346
"Zach Duke","CIN",0.2777777777777778,1.071428571,0.256410256,0.384615384,0.358974358,0.071428571,0.214285714,112,142,254,0.33333333,0.30769231,0.35897436,0.15384615,0.48717949,0.35897436,"Zach Duke",3840,435043
"Robert Stephenson","CIN",0.2698412698412698,0.65625,0.196969696,0.318181818,0.484848484,0.125,0.125,186,281,467,0.41791045,0.40298507,0.17910448,0.19402985,0.44776119,0.35820896,"Robert Stephenson",13594,596112
"Lou Trivino","OAK",0.2967032967032967,1.235294117,0.173913043,0.456521739,0.369565217,0.088235294,0.117647058,181,310,491,0.44210526,0.30526316,0.25263158,0.17894737,0.46315789,0.35789474,"Lou Trivino",15043,642152
"Gerrit Cole","HOU",0.26737967914438504,0.838709677,0.153465346,0.386138613,0.460396039,0.075268817,0.182795698,589,1192,1781,0.35294118,0.37254902,0.2745098,0.17156863,0.47058824,0.35784314,"Gerrit Cole",13125,543037
"Masahiro Tanaka","NYY",0.3115942028985507,1.573033707,0.207612456,0.484429065,0.307958477,0.11235955,0.168539325,491,933,1424,0.48797251,0.29896907,0.21305842,0.15463918,0.48797251,0.35738832,"Masahiro Tanaka",15764,547888
"Ken Giles","TOR",0.23076923076923078,0.629629629,0.2,0.309090909,0.49090909,0.111111111,0.148148148,125,256,381,0.32142857,0.41071429,0.26785714,0.21428571,0.42857143,0.35714286,"Ken Giles",12910,571704
"Darwinzon Hernández","BOS",0.2857142857142857,1.2,0.214285714,0.428571428,0.357142857,0.2,0,113,164,277,0.28571429,0.42857143,0.28571429,0.35714286,0.28571429,0.35714286,"Darwinzon Hernandez",19848,650382
"Jon Lester","CHC",0.384,2,0.291338582,0.472440944,0.236220472,0.033333333,0.133333333,250,431,681,0.3255814,0.3875969,0.28682171,0.10852713,0.53488372,0.35658915,"Jon Lester",4930,452657
"Chris Stratton","- - -",0.3541666666666667,1.769230769,0.28,0.46,0.26,0.076923076,0.192307692,255,375,630,0.35643564,0.33663366,0.30693069,0.16831683,0.47524752,0.35643564,"Chris Stratton",13761,608717
"Jeurys Familia","NYM",0.37142857142857144,1.727272727,0.142857142,0.542857142,0.314285714,0,0.136363636,182,250,432,0.39726027,0.39726027,0.20547945,0.15068493,0.49315068,0.35616438,"Jeurys Familia",5114,544727
"Brad Keller","KCR",0.29831932773109243,1.642857142,0.238683127,0.473251028,0.288065843,0.057142857,0.1,552,855,1407,0.38367347,0.33061224,0.28571429,0.12653061,0.51836735,0.35510204,"Brad Keller",15734,641745
"Chris Bassitt","OAK",0.23655913978494625,0.755813953,0.233502538,0.329949238,0.436548223,0.116279069,0.162790697,471,841,1312,0.345,0.32,0.335,0.155,0.49,0.355,"Chris Bassitt",12304,605135
"Jose Quintana","CHC",0.3008130081300813,2.185185185,0.27118644,0.5,0.228813559,0.074074074,0.037037037,199,391,590,0.36290323,0.37903226,0.25806452,0.19354839,0.4516129,0.35483871,"Jose Quintana",11423,500779
"Jefry Rodriguez","CLE",0.2413793103448276,0.962962962,0.14516129,0.419354838,0.43548387,0.037037037,0.148148148,140,213,353,0.40322581,0.30645161,0.29032258,0.17741935,0.46774194,0.35483871,"Jefry Rodriguez",17018,622446
"Yoshihisa Hirano","ARI",0.3103448275862069,1.47368421,0.20338983,0.474576271,0.322033898,0.157894736,0.210526315,146,254,400,0.33870968,0.32258065,0.33870968,0.24193548,0.40322581,0.35483871,"Yoshihisa Hirano",19756,673633
"Seth Lugo","NYM",0.21333333333333335,1,0.189873417,0.405063291,0.405063291,0.09375,0.125,206,357,563,0.46835443,0.30379747,0.2278481,0.12658228,0.51898734,0.35443038,"Seth Lugo",12447,607625
"Iván Nova","CHW",0.3051948051948052,1.25,0.214953271,0.436137071,0.348909657,0.098214285,0.151785714,600,967,1567,0.42769231,0.32307692,0.24923077,0.15076923,0.49538462,0.35384615,"Ivan Nova",1994,467100
"Shawn Armstrong","- - -",0.24242424242424243,0.545454545,0.23880597,0.268656716,0.492537313,0.06060606,0.06060606,160,264,424,0.32352941,0.41176471,0.26470588,0.14705882,0.5,0.35294118,"Shawn Armstrong",12857,542888
"Zach Davies","MIL",0.25882352941176473,0.884615384,0.246153846,0.353846153,0.4,0.067307692,0.115384615,550,810,1360,0.3670412,0.37078652,0.26217228,0.17228464,0.47565543,0.35205993,"Zach Davies",13183,605200
"Rick Porcello","BOS",0.31386861313868614,0.681818181,0.215547703,0.318021201,0.466431095,0.106060606,0.098484848,526,1012,1538,0.43554007,0.33449477,0.22996516,0.18466899,0.46341463,0.35191638,"Rick Porcello",2717,519144
"Pedro Báez","LAD",0.21348314606741572,0.666666666,0.15730337,0.337078651,0.505617977,0.177777777,0.044444444,182,339,521,0.42857143,0.31868132,0.25274725,0.1978022,0.45054945,0.35164835,"Pedro Baez",5420,520980
"Jake Newberry","KCR",0.3611111111111111,0.65,0.175,0.325,0.5,0.1,0.2,92,123,215,0.4,0.3,0.3,0.175,0.475,0.35,"Jake Newberry",15136,623470
"Marcus Walden","BOS",0.25,2.647058823,0.243902439,0.548780487,0.207317073,0.058823529,0.176470588,184,324,508,0.44578313,0.34939759,0.20481928,0.08433735,0.56626506,0.34939759,"Marcus Walden",8004,519393
"Ryan Weber","BOS",0.3384615384615385,1.318181818,0.260869565,0.420289855,0.318840579,0.09090909,0.181818181,130,232,362,0.43478261,0.31884058,0.24637681,0.17391304,0.47826087,0.34782609,"Ryan Weber",10160,543901
"Chaz Roe","TBR",0.34615384615384615,2.833333333,0.115384615,0.653846153,0.23076923,0,0.166666666,91,136,227,0.46153846,0.38461538,0.15384615,0.15384615,0.5,0.34615385,"Chaz Roe",9866,475054
"Amir Garrett","CIN",0.34,2.454545454,0.25490196,0.529411764,0.215686274,0,0.181818181,186,276,462,0.46153846,0.40384615,0.13461538,0.21153846,0.44230769,0.34615385,"Amir Garrett",14375,607237
"Brett Martin","TEX",0.3333333333333333,1.904761904,0.207792207,0.519480519,0.272727272,0.142857142,0.142857142,145,273,418,0.44871795,0.37179487,0.17948718,0.19230769,0.46153846,0.34615385,"Brett Martin",17369,656685
"Jacob Webb","ATL",0.2692307692307692,0.615384615,0.192307692,0.307692307,0.5,0.153846153,0,68,131,199,0.19230769,0.61538462,0.19230769,0.11538462,0.53846154,0.34615385,"Jacob Webb",19274,657097
"Adam Plutko","CLE",0.2808988764044944,0.75609756,0.234042553,0.329787234,0.436170212,0.073170731,0.121951219,316,586,902,0.40425532,0.30319149,0.29255319,0.17021277,0.48404255,0.34574468,"Adam Plutko",15846,592644
"José Leclerc","TEX",0.35064935064935066,1.346153846,0.207792207,0.454545454,0.337662337,0.23076923,0.153846153,227,326,553,0.50617284,0.25925926,0.2345679,0.20987654,0.44444444,0.34567901,"Jose Leclerc",14524,600917
"Josh Hader","MIL",0.16666666666666666,0.357142857,0.344827586,0.172413793,0.48275862,0,0.357142857,85,197,282,0.31034483,0.37931034,0.31034483,0.10344828,0.55172414,0.34482759,"Josh Hader",14212,623352
"Zack Greinke","- - -",0.2579505300353357,2.188405797,0.238754325,0.522491349,0.238754325,0.057971014,0.144927536,572,973,1545,0.40955631,0.37201365,0.21843003,0.16723549,0.48805461,0.3447099,"Zack Greinke",1943,425844
"Joe Ross","WSN",0.3707865168539326,0.969696969,0.285714285,0.351648351,0.362637362,0.06060606,0.121212121,260,332,592,0.3655914,0.37634409,0.25806452,0.1827957,0.47311828,0.34408602,"Joe Ross",12972,605452
"Reynaldo López","CHW",0.32706766917293234,0.713178294,0.216312056,0.326241134,0.457446808,0.186046511,0.124031007,626,991,1617,0.36879433,0.32269504,0.30851064,0.19148936,0.46453901,0.34397163,"Reynaldo Lopez",16400,625643
"Hector Noesí","MIA",0.26666666666666666,0.470588235,0.193548387,0.258064516,0.548387096,0.058823529,0.117647058,86,141,227,0.3125,0.34375,0.34375,0.0625,0.59375,0.34375,"Hector Noesi",3292,456051
"Luke Jackson","ATL",0.2033898305084746,2.117647058,0.14516129,0.580645161,0.274193548,0.058823529,0.294117647,170,300,470,0.25,0.40625,0.34375,0.109375,0.546875,0.34375,"Luke Jackson",11752,592426
"Junior Guerra","MIL",0.20833333333333334,1.205882352,0.226804123,0.422680412,0.350515463,0.117647058,0.088235294,290,406,696,0.38383838,0.34343434,0.27272727,0.18181818,0.47474747,0.34343434,"Junior Guerra",5702,448855
"Mike Morin","- - -",0.2571428571428571,1.16,0.217391304,0.420289855,0.36231884,0.04,0,114,204,318,0.3,0.41428571,0.28571429,0.17142857,0.48571429,0.34285714,"Mike Morin",13442,573046
"Zach Plesac","CLE",0.2323943661971831,0.912280701,0.263513513,0.351351351,0.385135135,0.087719298,0.122807017,305,503,808,0.41610738,0.30201342,0.28187919,0.1409396,0.51677852,0.34228188,"Zach Plesac",19979,668676
"Brian Flynn","KCR",0.3684210526315789,1.75,0.405405405,0.378378378,0.216216216,0,0,81,119,200,0.42105263,0.47368421,0.10526316,0.18421053,0.47368421,0.34210526,"Brian Flynn",12027,543169
"Daniel Norris","DET",0.2972972972972973,0.878787878,0.215189873,0.367088607,0.417721518,0.121212121,0.151515151,154,287,441,0.41772152,0.34177215,0.24050633,0.18987342,0.46835443,0.34177215,"Daniel Norris",13475,596057
"Michael Pineda","MIN",0.296875,1.042857142,0.262886597,0.376288659,0.360824742,0.042857142,0.1,298,649,947,0.41708543,0.36683417,0.2160804,0.10050251,0.55778894,0.34170854,"Michael Pineda",5372,501381
"Kyle Hendricks","CHC",0.2905982905982906,0.793814432,0.262711864,0.326271186,0.411016949,0.072164948,0.072164948,440,872,1312,0.37916667,0.37083333,0.25,0.1625,0.49583333,0.34166667,"Kyle Hendricks",12049,543294
"Jalen Beeks","TBR",0.36363636363636365,2.09090909,0.235955056,0.516853932,0.247191011,0,0.136363636,223,315,538,0.45054945,0.34065934,0.20879121,0.16483516,0.49450549,0.34065934,"Jalen Beeks",17192,656222
"Branden Kline","BAL",0.18604651162790697,1.166666666,0.170212765,0.44680851,0.382978723,0.055555555,0.277777777,122,166,288,0.34042553,0.34042553,0.31914894,0.17021277,0.4893617,0.34042553,"Branden Kline",14101,571858
"Phil Maton","- - -",0.34782608695652173,1.818181818,0.326086956,0.434782608,0.239130434,0.09090909,0.09090909,80,162,242,0.5106383,0.25531915,0.23404255,0.14893617,0.5106383,0.34042553,"Phil Maton",18064,664208
"Yu Darvish","CHC",0.28444444444444444,1.392405063,0.222222222,0.452674897,0.32510288,0.050632911,0.240506329,496,998,1494,0.47131148,0.31557377,0.21311475,0.12704918,0.53278689,0.34016393,"Yu Darvish",13074,506433
"Thomas Eshelman","BAL",0.21739130434782608,0.888888888,0.32,0.32,0.36,0.055555555,0.222222222,104,163,267,0.5,0.38,0.12,0.14,0.52,0.34,"Thomas Eshelman",18361,664045
"Jesus Tinoco","COL",0.2391304347826087,1.75,0.16981132,0.528301886,0.301886792,0,0.4375,124,137,261,0.58490566,0.22641509,0.18867925,0.18867925,0.47169811,0.33962264,"Jesus Tinoco",16300,622786
"Trevor Williams","PIT",0.3465346534653465,0.91025641,0.293838862,0.33649289,0.369668246,0.076923076,0.128205128,357,623,980,0.4245283,0.3490566,0.22641509,0.12264151,0.53773585,0.33962264,"Trevor Williams",16977,592866
"Robert Gsellman","NYM",0.36363636363636365,0.923076923,0.242424242,0.363636363,0.393939393,0.076923076,0.076923076,167,256,423,0.29411765,0.35294118,0.35294118,0.19117647,0.47058824,0.33823529,"Robert Gsellman",13696,607229
"Giovanny Gallegos","STL",0.19402985074626866,0.567567567,0.183098591,0.295774647,0.52112676,0.162162162,0.108108108,172,348,520,0.4084507,0.33802817,0.25352113,0.16901408,0.49295775,0.33802817,"Giovanny Gallegos",14986,606149
"Andrew Cashner","- - -",0.25943396226415094,1.5,0.174528301,0.495283018,0.330188679,0.042857142,0.057142857,462,736,1198,0.35185185,0.375,0.27314815,0.15740741,0.50462963,0.33796296,"Andrew Cashner",8782,488768
"Nick Ramirez","DET",0.2716049382716049,2.3,0.175,0.575,0.25,0.15,0.1,186,286,472,0.37349398,0.37349398,0.25301205,0.24096386,0.42168675,0.3373494,"Nick Ramirez",12575,598286
"Yonny Chirinos","TBR",0.21818181818181817,1.189655172,0.244047619,0.410714285,0.345238095,0.137931034,0.120689655,362,582,944,0.40116279,0.40116279,0.19767442,0.1627907,0.5,0.3372093,"Yonny Chirinos",16401,630023
"Dinelson Lamet","SDP",0.32608695652173914,1.125,0.298969072,0.37113402,0.329896907,0.125,0.1875,224,421,645,0.34693878,0.3877551,0.26530612,0.19387755,0.46938776,0.33673469,"Dinelson Lamet",17186,659275
"Max Fried","ATL",0.29896907216494845,2.476190476,0.239583333,0.541666666,0.21875,0.095238095,0.19047619,217,392,609,0.32673267,0.38613861,0.28712871,0.14851485,0.51485149,0.33663366,"Max Fried",13743,608331
"Wade Miley","HOU",0.21495327102803738,2.107142857,0.230088495,0.522123893,0.24778761,0.035714285,0.25,287,413,700,0.36283186,0.38938053,0.24778761,0.16814159,0.49557522,0.33628319,"Wade Miley",8779,489119
"Héctor Rondón","HOU",0.21739130434782608,1.137931034,0.173333333,0.44,0.386666666,0.034482758,0.206896551,162,269,431,0.34666667,0.44,0.21333333,0.26666667,0.4,0.33333333,"Hector Rondon",2391,444468
"Mark Melancon","- - -",0.375,3.916666666,0.180555555,0.652777777,0.166666666,0.083333333,0,160,262,422,0.38888889,0.34722222,0.26388889,0.20833333,0.45833333,0.33333333,"Mark Melancon",4264,453343
"Trevor May","MIN",0.21951219512195122,1,0.209302325,0.395348837,0.395348837,0.117647058,0.147058823,189,362,551,0.52873563,0.28735632,0.18390805,0.2183908,0.44827586,0.33333333,"Trevor May",6398,543507
"Greg Holland","ARI",0.24324324324324326,2,0.153846153,0.564102564,0.282051282,0.09090909,0.181818181,125,173,298,0.51282051,0.38461538,0.1025641,0.1025641,0.56410256,0.33333333,"Greg Holland",7196,518813
"Tony Sipp","WSN",0.2682926829268293,1.125,0.19047619,0.428571428,0.38095238,0.0625,0.0625,68,125,193,0.47619048,0.35714286,0.16666667,0.11904762,0.54761905,0.33333333,"Tony Sipp",8280,448609
"David Hale","NYY",0.2982456140350877,1.263157894,0.245614035,0.421052631,0.333333333,0.105263157,0,99,162,261,0.31578947,0.36842105,0.31578947,0.21052632,0.45614035,0.33333333,"David Hale",9756,571735
"Jameson Taillon","PIT",0.2413793103448276,2.636363636,0.322033898,0.491525423,0.186440677,0.181818181,0.181818181,107,204,311,0.4,0.35,0.25,0.18333333,0.48333333,0.33333333,"Jameson Taillon",11674,592791
"Carlos Martinez","STL",0.32075471698113206,2,0.207547169,0.528301886,0.264150943,0,0.071428571,117,208,325,0.46296296,0.2962963,0.24074074,0.12962963,0.53703704,0.33333333,"Carlos Martinez",11682,593372
"Noah Syndergaard","NYM",0.3041825095057034,1.15625,0.247272727,0.403636363,0.349090909,0.09375,0.135416666,465,960,1425,0.40217391,0.33333333,0.26449275,0.17028986,0.49637681,0.33333333,"Noah Syndergaard",11762,592789
"Taylor Cole","LAA",0.3384615384615385,4.625,0.318181818,0.56060606,0.121212121,0,0.125,158,251,409,0.45454545,0.37878788,0.16666667,0.27272727,0.39393939,0.33333333,"Taylor Cole",11964,518566
"DJ Johnson","COL",0.4,1.75,0.266666666,0.466666666,0.266666666,0,0,79,133,212,0.4,0.36666667,0.23333333,0.23333333,0.43333333,0.33333333,"DJ Johnson",12578,597113
"Ryan Yarbrough","TBR",0.2653061224489796,1.305555555,0.178217821,0.465346534,0.356435643,0.111111111,0.111111111,198,339,537,0.35294118,0.39215686,0.25490196,0.16666667,0.5,0.33333333,"Ryan Yarbrough",16502,642232
"Brock Stewart","- - -",0.3191489361702128,0.607142857,0.166666666,0.314814814,0.518518518,0.035714285,0.25,96,164,260,0.40740741,0.31481481,0.27777778,0.22222222,0.44444444,0.33333333,"Brock Stewart",16727,592779
"Jeff Hoffman","COL",0.28421052631578947,0.790697674,0.214285714,0.346938775,0.43877551,0.069767441,0.162790697,262,446,708,0.39215686,0.33333333,0.2745098,0.18627451,0.48039216,0.33333333,"Jeff Hoffman",17432,656546
"Kenta Maeda","LAD",0.28431372549019607,1.484848484,0.233644859,0.457943925,0.308411214,0.03030303,0.166666666,466,774,1240,0.4,0.34883721,0.25116279,0.16744186,0.50232558,0.33023256,"Kenta Maeda",18498,628317
"Will Harris","HOU",0.26744186046511625,3.928571428,0.206896551,0.632183908,0.16091954,0.071428571,0.142857142,180,325,505,0.39772727,0.375,0.22727273,0.19318182,0.47727273,0.32954545,"Will Harris",3192,501789
"Freddy Peralta","MIL",0.32894736842105265,0.617647058,0.285714285,0.272727272,0.441558441,0.117647058,0.088235294,250,410,660,0.3164557,0.32911392,0.35443038,0.17721519,0.49367089,0.32911392,"Freddy Peralta",18679,642547
"Tyler Webb","STL",0.1891891891891892,1.068965517,0.210526315,0.407894736,0.381578947,0.068965517,0.068965517,195,296,491,0.38157895,0.35526316,0.26315789,0.14473684,0.52631579,0.32894737,"Tyler Webb",14974,643778
"Kelvin Herrera","CHW",0.3384615384615385,1,0.21875,0.390625,0.390625,0.16,0.08,141,218,359,0.40298507,0.23880597,0.35820896,0.19402985,0.47761194,0.32835821,"Kelvin Herrera",6033,516969
"Tommy Kahnle","NYY",0.29508196721311475,1.666666666,0.272727272,0.454545454,0.272727272,0.055555555,0.333333333,170,345,515,0.46268657,0.32835821,0.20895522,0.19402985,0.47761194,0.32835821,"Tommy Kahnle",11384,592454
"Mitch Keller","PIT",0.5,1.09090909,0.292307692,0.369230769,0.338461538,0.09090909,0.136363636,151,277,428,0.37313433,0.28358209,0.34328358,0.17910448,0.49253731,0.32835821,"Mitch Keller",17594,656605
"Scott Oberg","COL",0.29310344827586204,2.066666666,0.220338983,0.525423728,0.254237288,0.066666666,0.2,168,272,440,0.40983607,0.37704918,0.21311475,0.21311475,0.45901639,0.32786885,"Scott Oberg",13911,623184
"Wade Davis","COL",0.3620689655172414,0.956521739,0.224137931,0.379310344,0.396551724,0.173913043,0,167,212,379,0.43103448,0.29310345,0.27586207,0.15517241,0.51724138,0.32758621,"Wade Davis",7441,451584
"Michael Lorenzen","CIN",0.23863636363636365,1.555555555,0.224719101,0.471910112,0.303370786,0.037037037,0.148148148,208,359,567,0.39130435,0.30434783,0.30434783,0.14130435,0.5326087,0.32608696,"Michael Lorenzen",14843,547179
"Tyler Chatwood","CHC",0.3953488372093023,2.928571428,0.382022471,0.460674157,0.15730337,0.071428571,0.214285714,227,356,583,0.33707865,0.35955056,0.30337079,0.2247191,0.4494382,0.3258427,"Tyler Chatwood",4338,543022
"Marcus Stroman","- - -",0.34385964912280703,2.225352112,0.207612456,0.546712802,0.24567474,0.14084507,0.154929577,611,972,1583,0.42711864,0.28474576,0.28813559,0.19661017,0.4779661,0.32542373,"Marcus Stroman",13431,573186
"Roberto Osuna","HOU",0.1875,1.06060606,0.170731707,0.426829268,0.402439024,0.151515151,0.09090909,179,342,521,0.40963855,0.42168675,0.1686747,0.27710843,0.39759036,0.3253012,"Roberto Osuna",13764,532077
"Dario Agrazal","PIT",0.24778761061946902,0.649122807,0.216666666,0.308333333,0.475,0.052631578,0.122807017,225,380,605,0.38333333,0.34166667,0.275,0.18333333,0.49166667,0.325,"Dario Agrazal",15821,642607
"Jimmy Cordero","- - -",0.19444444444444445,3.166666666,0.324324324,0.513513513,0.162162162,0,0.166666666,96,152,248,0.51351351,0.27027027,0.21621622,0.21621622,0.45945946,0.32432432,"Jimmy Cordero",15690,622772
"Martín Pérez","MIN",0.2803738317757009,2.148148148,0.205607476,0.542056074,0.252336448,0.148148148,0.037037037,156,374,530,0.34259259,0.40740741,0.25,0.22222222,0.4537037,0.32407407,"Martin Perez",6902,527048
"Stephen Strasburg","WSN",0.24553571428571427,1.466666666,0.202586206,0.474137931,0.323275862,0.066666666,0.146666666,588,998,1586,0.36595745,0.34893617,0.28510638,0.21702128,0.45957447,0.32340426,"Stephen Strasburg",10131,544931
"Steven Matz","NYM",0.30851063829787234,1.74074074,0.244897959,0.479591836,0.275510204,0,0.185185185,198,336,534,0.31313131,0.29292929,0.39393939,0.19191919,0.48484848,0.32323232,"Steven Matz",13361,571927
"Mike Clevinger","CLE",0.29559748427672955,1.31372549,0.271604938,0.413580246,0.314814814,0.117647058,0.098039215,425,694,1119,0.42073171,0.32926829,0.25,0.18902439,0.48780488,0.32317073,"Mike Clevinger",12808,605182
"Cole Hamels","CHC",0.3111111111111111,1.592592592,0.222222222,0.477777777,0.3,0.185185185,0.111111111,164,308,472,0.41935484,0.33333333,0.24731183,0.12903226,0.5483871,0.32258065,"Cole Hamels",4972,430935
"José Urquidy","HOU",0.20754716981132076,0.74074074,0.129629629,0.37037037,0.5,0.111111111,0.111111111,134,223,357,0.46428571,0.30357143,0.23214286,0.21428571,0.46428571,0.32142857,"Jose Urquidy",18413,664353
"Caleb Smith","MIA",0.25,0.864864864,0.265957446,0.340425531,0.393617021,0.108108108,0.108108108,198,382,580,0.4,0.3,0.3,0.18,0.5,0.32,"Caleb Smith",14875,592761
"Ranger Suarez","PHI",0.24489795918367346,3.625,0.229166666,0.604166666,0.166666666,0,0.125,79,160,239,0.5,0.28,0.22,0.2,0.48,0.32,"Ranger Suarez",17277,624133
"Framber Valdez","HOU",0.2653061224489796,3,0.183673469,0.612244897,0.204081632,0.1,0.1,149,212,361,0.46,0.28,0.26,0.2,0.48,0.32,"Framber Valdez",17295,664285
"Héctor Neris","PHI",0.19402985074626866,1.44,0.14084507,0.507042253,0.352112676,0.04,0.2,203,325,528,0.45833333,0.30555556,0.23611111,0.16666667,0.51388889,0.31944444,"Hector Neris",11804,593576
"Tim Mayza","TOR",0.23529411764705882,3.285714285,0.166666666,0.638888888,0.194444444,0.071428571,0.285714285,187,257,444,0.44444444,0.33333333,0.22222222,0.15277778,0.52777778,0.31944444,"Tim Mayza",15042,641835
"J.A. Happ","NYY",0.2631578947368421,2,0.19327731,0.537815126,0.268907563,0.09375,0.1875,227,412,639,0.37815126,0.39495798,0.22689076,0.24369748,0.43697479,0.31932773,"J.A. Happ",7410,457918
"Oliver Drake","TBR",0.20588235294117646,3.461538461,0.147058823,0.661764705,0.19117647,0.076923076,0.076923076,120,290,410,0.46376812,0.34782609,0.1884058,0.13043478,0.55072464,0.31884058,"Oliver Drake",8823,543118
"Jarlín García","MIA",0.2878787878787879,2.916666666,0.265625,0.546875,0.1875,0.083333333,0,103,183,286,0.3030303,0.43939394,0.25757576,0.21212121,0.46969697,0.31818182,"Jarlin Garcia",18282,606424
"Austin Voth","WSN",0.3064516129032258,1.19047619,0.269841269,0.396825396,0.333333333,0.19047619,0.047619047,130,201,331,0.42857143,0.28571429,0.28571429,0.20634921,0.47619048,0.31746032,"Austin Voth",15047,608723
"Derek Holland","- - -",0.23076923076923078,3.6,0.092105263,0.710526315,0.197368421,0.066666666,0.066666666,165,267,432,0.40506329,0.41772152,0.17721519,0.24050633,0.44303797,0.3164557,"Derek Holland",4141,502706
"Eduardo Rodriguez","BOS",0.3148148148148148,1.90625,0.191304347,0.530434782,0.278260869,0.125,0.28125,271,468,739,0.41880342,0.35042735,0.23076923,0.26495726,0.41880342,0.31623932,"Eduardo Rodriguez",13164,593958
"Dustin May","LAD",0.4594594594594595,1,0.405405405,0.297297297,0.297297297,0.09090909,0.09090909,86,148,234,0.26315789,0.47368421,0.26315789,0.13157895,0.55263158,0.31578947,"Dustin May",19716,669160
"Victor Alcántara","DET",0.24528301886792453,1.5,0.166666666,0.5,0.333333333,0.111111111,0.055555555,87,133,220,0.48148148,0.27777778,0.24074074,0.16666667,0.51851852,0.31481481,"Victor Alcantara",15028,622505
"Hunter Wood","- - -",0.26865671641791045,0.724137931,0.242424242,0.318181818,0.439393939,0.068965517,0.034482758,119,207,326,0.37313433,0.35820896,0.26865672,0.17910448,0.50746269,0.31343284,"Hunter Wood",15091,621056
"Danny Duffy","KCR",0.31645569620253167,0.684210526,0.228915662,0.313253012,0.457831325,0.052631578,0.105263157,205,302,507,0.34939759,0.42168675,0.22891566,0.1686747,0.51807229,0.31325301,"Danny Duffy",3542,518633
"Adam Morgan","PHI",0.21875,0.6875,0.15625,0.34375,0.5,0.25,0,60,134,194,0.375,0.34375,0.28125,0.28125,0.40625,0.3125,"Adam Morgan",12580,605388
"Andrew Kittredge","TBR",0.37777777777777777,1,0.291666666,0.354166666,0.354166666,0,0.176470588,96,190,286,0.39583333,0.3125,0.29166667,0.125,0.5625,0.3125,"Andrew Kittredge",12828,552640
"Bryse Wilson","ATL",0.3103448275862069,0.529411764,0.161290322,0.29032258,0.548387096,0.117647058,0.176470588,63,119,182,0.34375,0.40625,0.25,0.15625,0.53125,0.3125,"Bryse Wilson",19990,669060
"Aníbal Sánchez","WSN",0.2775330396475771,1.44,0.221276595,0.459574468,0.319148936,0.053333333,0.146666666,490,779,1269,0.46218487,0.33193277,0.20588235,0.19747899,0.49159664,0.31092437,"Anibal Sanchez",3284,434671
"Jacob Waguespack","TOR",0.23958333333333334,1.076923076,0.19,0.42,0.39,0.076923076,0.102564102,225,396,621,0.43,0.31,0.26,0.19,0.5,0.31,"Jacob Waguespack",18318,621097
"Jerry Blevins","ATL",0.24390243902439024,0.55,0.243902439,0.268292682,0.487804878,0.1,0.05,95,178,273,0.4047619,0.35714286,0.23809524,0.35714286,0.33333333,0.30952381,"Jerry Blevins",7841,460283
"Matt Barnes","BOS",0.3333333333333333,1.692307692,0.166666666,0.523809523,0.309523809,0,0.23076923,232,325,557,0.47619048,0.26190476,0.26190476,0.11904762,0.57142857,0.30952381,"Matt Barnes",12863,598264
"Wei-Chung Wang","- - -",0.24390243902439024,0.736842105,0.214285714,0.333333333,0.452380952,0.157894736,0.052631578,80,141,221,0.45238095,0.28571429,0.26190476,0.21428571,0.47619048,0.30952381,"Wei-Chung Wang",14382,623913
"Bryan Shaw","COL",0.23157894736842105,1.74074074,0.229166666,0.489583333,0.28125,0.074074074,0.074074074,204,304,508,0.34020619,0.42268041,0.2371134,0.13402062,0.55670103,0.30927835,"Bryan Shaw",8110,543766
"Jace Fry","CHW",0.2909090909090909,4.25,0.222222222,0.629629629,0.148148148,0.125,0,200,254,454,0.50909091,0.29090909,0.2,0.16363636,0.52727273,0.30909091,"Jace Fry",16159,605240
"Josh Osich","CHW",0.18421052631578946,1.24137931,0.1875,0.45,0.3625,0.068965517,0.172413793,150,291,441,0.4691358,0.25925926,0.27160494,0.22222222,0.4691358,0.30864198,"Josh Osich",11528,592612
"Brad Boxberger","KCR",0.2894736842105263,1.153846153,0.263157894,0.394736842,0.342105263,0,0.076923076,81,161,242,0.48717949,0.23076923,0.28205128,0.17948718,0.51282051,0.30769231,"Brad Boxberger",10133,502202
"Cory Gearrin","- - -",0.3050847457627119,1.578947368,0.209677419,0.483870967,0.306451612,0,0.157894736,138,209,347,0.40322581,0.40322581,0.19354839,0.14516129,0.5483871,0.30645161,"Cory Gearrin",7947,518715
"Erik Swanson","SEA",0.25,0.969696969,0.235294117,0.376470588,0.388235294,0.09090909,0.272727272,167,293,460,0.41176471,0.29411765,0.29411765,0.09411765,0.6,0.30588235,"Erik Swanson",16587,657024
"Brad Hand","CLE",0.3055555555555556,0.714285714,0.314285714,0.285714285,0.4,0.071428571,0,92,173,265,0.33333333,0.36111111,0.30555556,0.19444444,0.5,0.30555556,"Brad Hand",9111,543272
"Tyler Olson","CLE",0.3333333333333333,1.153846153,0.222222222,0.416666666,0.361111111,0.076923076,0,88,146,234,0.36111111,0.38888889,0.25,0.27777778,0.41666667,0.30555556,"Tyler Olson",14741,621397
"Fernando Rodney","- - -",0.36363636363636365,1.454545454,0.217391304,0.463768115,0.318840579,0.09090909,0.136363636,158,277,435,0.28985507,0.30434783,0.4057971,0.15942029,0.53623188,0.30434783,"Fernando Rodney",494,407845
"Zack Britton","NYY",0.2727272727272727,13,0.151515151,0.787878787,0.06060606,0,0,106,182,288,0.48484848,0.39393939,0.12121212,0.3030303,0.39393939,0.3030303,"Zack Britton",3240,502154
"Wander Suero","WSN",0.375,1.826086956,0.315789473,0.442105263,0.242105263,0.04347826,0,221,381,602,0.375,0.33333333,0.29166667,0.1875,0.51041667,0.30208333,"Wander Suero",15855,593833
"Mychal Givens","BAL",0.30357142857142855,1.25,0.285714285,0.396825396,0.317460317,0.05,0.35,167,273,440,0.36507937,0.3968254,0.23809524,0.11111111,0.58730159,0.3015873,"Mychal Givens",10430,571710
"Craig Stammen","SDP",0.22935779816513763,1.45,0.132743362,0.513274336,0.3539823,0.075,0.1,188,347,535,0.39823009,0.37168142,0.2300885,0.17699115,0.52212389,0.30088496,"Craig Stammen",7274,489334
"Jose Alvarez","PHI",0.25287356321839083,2.217391304,0.168539325,0.573033707,0.258426966,0.04347826,0.173913043,157,319,476,0.35555556,0.34444444,0.3,0.14444444,0.55555556,0.3,"Jose Alvarez",5358,501625
"David Phelps","- - -",0.3333333333333333,0.642857142,0.233333333,0.3,0.466666666,0.071428571,0.214285714,82,128,210,0.33333333,0.43333333,0.23333333,0.13333333,0.56666667,0.3,"David Phelps",6316,475479
"Kyle Ryan","CHC",0.3,2.5,0.2,0.571428571,0.228571428,0.0625,0,147,242,389,0.44285714,0.31428571,0.24285714,0.2,0.5,0.3,"Kyle Ryan",11753,594986
"Paul Fry","BAL",0.25675675675675674,1.346153846,0.207792207,0.454545454,0.337662337,0,0.23076923,181,285,466,0.3125,0.3625,0.325,0.1625,0.5375,0.3,"Paul Fry",15832,643316
"Matt Albers","MIL",0.2641509433962264,0.8,0.210526315,0.350877192,0.438596491,0.12,0.16,136,192,328,0.42105263,0.33333333,0.24561404,0.15789474,0.54385965,0.29824561,"Matt Albers",4300,458006
"Roenis Elías","- - -",0.38095238095238093,0.65,0.266666666,0.288888888,0.444444444,0.15,0.25,100,172,272,0.34042553,0.34042553,0.31914894,0.10638298,0.59574468,0.29787234,"Roenis Elias",12673,606273
"Chase Anderson","MIL",0.22093023255813954,0.705882352,0.18079096,0.33898305,0.480225988,0.117647058,0.070588235,387,670,1057,0.38764045,0.37640449,0.23595506,0.19662921,0.50561798,0.29775281,"Chase Anderson",6895,502624
"Hyun Jin Ryu","LAD",0.224,2.09090909,0.203125,0.5390625,0.2578125,0.06060606,0.181818181,221,468,689,0.34351145,0.3740458,0.28244275,0.16793893,0.53435115,0.29770992,"Hyun Jin Ryu",14444,547943
"Brett Anderson","OAK",0.22580645161290322,3.586206896,0.130718954,0.679738562,0.189542483,0.068965517,0.103448275,250,448,698,0.48734177,0.36075949,0.15189873,0.2278481,0.47468354,0.29746835,"Brett Anderson",8223,474463
"Jeffrey Springs","TEX",0.43243243243243246,0.411764705,0.351351351,0.189189189,0.459459459,0,0,88,139,227,0.10810811,0.43243243,0.45945946,0.16216216,0.54054054,0.2972973,"Jeffrey Springs",17677,605488
"Kyle Freeland","COL",0.36065573770491804,1.285714285,0.238095238,0.428571428,0.333333333,0.047619047,0.142857142,106,239,345,0.34375,0.40625,0.25,0.21875,0.484375,0.296875,"Kyle Freeland",16256,607536
"José Alvarado","TBR",0.25925925925925924,2.333333333,0.166666666,0.583333333,0.25,0,0,73,104,177,0.40740741,0.37037037,0.22222222,0.22222222,0.48148148,0.2962963,"Jose Alvarado",17780,621237
"Dylan Floro","LAD",0.42857142857142855,1.142857142,0.285714285,0.38095238,0.333333333,0,0.142857142,113,176,289,0.34090909,0.22727273,0.43181818,0.09090909,0.61363636,0.29545455,"Dylan Floro",13394,571670
"Patrick Corbin","WSN",0.3157894736842105,1.48,0.184210526,0.486842105,0.328947368,0.08,0.08,228,393,621,0.26923077,0.44871795,0.28205128,0.17948718,0.52564103,0.29487179,"Patrick Corbin",9323,571578
"Marco Estrada","OAK",0.0967741935483871,0.25,0.117647058,0.176470588,0.705882352,0.375,0.125,55,107,162,0.29411765,0.32352941,0.38235294,0.41176471,0.29411765,0.29411765,"Marco Estrada",1118,462136
"Juan Minaya","CHW",0.35294117647058826,0.35,0.205882352,0.205882352,0.588235294,0.15,0,79,123,202,0.32352941,0.38235294,0.29411765,0.17647059,0.52941176,0.29411765,"Juan Minaya",10341,573668
"Emmanuel Clase","TEX",0.2727272727272727,2.375,0.205882352,0.558823529,0.235294117,0,0.125,54,119,173,0.41176471,0.38235294,0.20588235,0.20588235,0.5,0.29411765,"Emmanuel Clase",21032,661403
"Evan Phillips","BAL",0.3870967741935484,1.125,0.433333333,0.3,0.266666666,0.125,0,104,124,228,0.29032258,0.35483871,0.35483871,0.12903226,0.58064516,0.29032258,"Evan Phillips",17734,623465
"Corbin Martin","HOU",0.3103448275862069,1.083333333,0.193548387,0.419354838,0.387096774,0.166666666,0.166666666,88,112,200,0.32258065,0.32258065,0.35483871,0.19354839,0.51612903,0.29032258,"Corbin Martin",19884,656686
"Jacob Barnes","- - -",0.28888888888888886,2.888888888,0.222222222,0.577777777,0.2,0.111111111,0,128,162,290,0.51111111,0.28888889,0.2,0.22222222,0.48888889,0.28888889,"Jacob Barnes",12323,606930
"Gio Gonzalez","MIL",0.17647058823529413,1.5,0.215686274,0.470588235,0.31372549,0.1875,0.0625,115,173,288,0.46153846,0.36538462,0.17307692,0.19230769,0.51923077,0.28846154,"Gio Gonzalez",7448,461829
"Dylan Bundy","BAL",0.30165289256198347,1.141304347,0.215139442,0.418326693,0.366533864,0.086956521,0.130434782,453,856,1309,0.40944882,0.35433071,0.23622047,0.16535433,0.54724409,0.28740157,"Dylan Bundy",12917,605164
"Ian Kennedy","KCR",0.3,0.885714285,0.204819277,0.373493975,0.421686746,0.142857142,0.114285714,197,390,587,0.38095238,0.30952381,0.30952381,0.17857143,0.53571429,0.28571429,"Ian Kennedy",6986,453178
"Travis Lakins","BOS",0.32142857142857145,2.666666666,0.214285714,0.571428571,0.214285714,0,0,81,105,186,0.53571429,0.35714286,0.10714286,0.07142857,0.64285714,0.28571429,"Travis Lakins",18600,664042
"Lucas Giolito","CHW",0.21761658031088082,0.6875,0.201970443,0.325123152,0.472906403,0.166666666,0.114583333,447,904,1351,0.42156863,0.26470588,0.31372549,0.2254902,0.49019608,0.28431373,"Lucas Giolito",15474,608337
"Wandy Peralta","- - -",0.23636363636363636,1.823529411,0.142857142,0.553571428,0.303571428,0,0.294117647,129,206,335,0.48333333,0.26666667,0.25,0.2,0.51666667,0.28333333,"Wandy Peralta",14295,593974
"Jonathan Holder","NYY",0.3409090909090909,1.176470588,0.195652173,0.434782608,0.369565217,0.117647058,0.117647058,108,188,296,0.5,0.2826087,0.2173913,0.23913043,0.47826087,0.2826087,"Jonathan Holder",16588,656547
"Wes Parsons","- - -",0.22857142857142856,1.5,0.210526315,0.47368421,0.315789473,0,0.333333333,108,137,245,0.38461538,0.41025641,0.20512821,0.20512821,0.51282051,0.28205128,"Wes Parsons",14764,641149
"Kyle Crick","PIT",0.25925925925925924,1.45,0.125,0.517857142,0.357142857,0.05,0.15,145,248,393,0.36842105,0.36842105,0.26315789,0.26315789,0.45614035,0.28070175,"Kyle Crick",13182,605195
"Brandon Brennan","SEA",0.2765957446808511,1.533333333,0.24,0.46,0.3,0,0.2,130,168,298,0.44,0.26,0.3,0.14,0.58,0.28,"Brandon Brennan",13527,592165
"Matt Bowman","CIN",0.3488372093023256,1.909090909,0.238095238,0.5,0.261904761,0.09090909,0,93,156,249,0.30232558,0.51162791,0.18604651,0.13953488,0.58139535,0.27906977,"Matt Bowman",13528,621199
"Chris Sale","BOS",0.35,1.555555555,0.245901639,0.459016393,0.295081967,0.055555555,0.055555555,132,229,361,0.40983607,0.32786885,0.26229508,0.2295082,0.49180328,0.27868852,"Chris Sale",10603,519242
"Michael Feliz","PIT",0.22058823529411764,0.862068965,0.25,0.347222222,0.402777777,0.068965517,0.137931034,187,309,496,0.34722222,0.40277778,0.25,0.16666667,0.55555556,0.27777778,"Michael Feliz",11903,593140
"Justin Wilson","NYM",0.3448275862068966,2,0.192307692,0.538461538,0.269230769,0,0,107,155,262,0.24137931,0.48275862,0.27586207,0.31034483,0.4137931,0.27586207,"Justin Wilson",4301,458677
"Trey Wingenter","SDP",0.21052631578947367,0.833333333,0.24137931,0.344827586,0.413793103,0.041666666,0.041666666,159,272,431,0.37931034,0.32758621,0.29310345,0.13793103,0.5862069,0.27586207,"Trey Wingenter",17793,622259
"Dylan Cease","CHW",0.32,1.368421052,0.174311926,0.47706422,0.348623853,0.157894736,0.236842105,275,415,690,0.44036697,0.29357798,0.26605505,0.18348624,0.5412844,0.27522936,"Dylan Cease",18525,656302
"Chance Adams","NYY",0.32432432432432434,0.933333333,0.275,0.35,0.375,0.066666666,0.2,89,135,224,0.425,0.35,0.225,0.25,0.475,0.275,"Chance Adams",18135,664856
"Thomas Pannone","TOR",0.24193548387096775,0.962962962,0.196969696,0.393939393,0.409090909,0.074074074,0.148148148,133,237,370,0.31818182,0.34848485,0.33333333,0.12121212,0.60606061,0.27272727,"Thomas Pannone",17281,623381
"David Price","BOS",0.3389830508474576,2.333333333,0.322033898,0.474576271,0.20338983,0.166666666,0,103,204,307,0.47457627,0.30508475,0.22033898,0.25423729,0.47457627,0.27118644,"David Price",3184,456034
"Luis Cessa","NYY",0.33695652173913043,1.3125,0.229166666,0.4375,0.333333333,0.0625,0.125,206,344,550,0.39583333,0.35416667,0.25,0.14583333,0.58333333,0.27083333,"Luis Cessa",13345,570666
"Steve Cishek","CHC",0.2542372881355932,0.785714285,0.180327868,0.360655737,0.459016393,0.071428571,0.142857142,191,284,475,0.26984127,0.34920635,0.38095238,0.23809524,0.49206349,0.26984127,"Steve Cishek",6483,518553
"Matt Grace","WSN",0.4166666666666667,3,0.278688524,0.540983606,0.180327868,0,0.272727272,94,230,324,0.41269841,0.42857143,0.15873016,0.19047619,0.53968254,0.26984127,"Matt Grace",11449,594840
"Matt Shoemaker","TOR",0.24,1.3,0.115384615,0.5,0.384615384,0.1,0.1,73,107,180,0.57692308,0.23076923,0.19230769,0.15384615,0.57692308,0.26923077,"Matt Shoemaker",4776,533167
"José Ruiz","CHW",0.35714285714285715,1.357142857,0.195121951,0.463414634,0.341463414,0.285714285,0,86,159,245,0.34146341,0.36585366,0.29268293,0.24390244,0.48780488,0.26829268,"Jose Ruiz",14552,614179
"Sergio Romo","- - -",0.2857142857142857,0.771428571,0.205128205,0.346153846,0.448717948,0.114285714,0.057142857,183,307,490,0.37974684,0.39240506,0.2278481,0.2278481,0.50632911,0.26582278,"Sergio Romo",9817,489265
"Alex Claudio","MIL",0.23157894736842105,2.08,0.189473684,0.547368421,0.263157894,0.2,0.16,164,325,489,0.44897959,0.32653061,0.2244898,0.25510204,0.47959184,0.26530612,"Alex Claudio",12890,592222
"Aaron Bummer","CHW",0.22058823529411764,3.142857142,0.147058823,0.647058823,0.205882352,0,0.071428571,132,247,379,0.4057971,0.30434783,0.28985507,0.26086957,0.47826087,0.26086957,"Aaron Bummer",16258,607481
"Tyler Clippard","CLE",0.13513513513513514,0.522727272,0.106666666,0.306666666,0.586666666,0.181818181,0.068181818,158,318,476,0.38961039,0.31168831,0.2987013,0.2987013,0.44155844,0.25974026,"Tyler Clippard",5640,461325
"Andrew Suárez","SFG",0.32558139534883723,2.3,0.232558139,0.53488372,0.232558139,0.2,0,65,137,202,0.27906977,0.37209302,0.34883721,0.18604651,0.55813953,0.25581395,"Andrew Suarez",18300,605498
"Francisco Liriano","PIT",0.24489795918367346,1.277777777,0.18,0.46,0.36,0.222222222,0.111111111,130,199,329,0.2745098,0.47058824,0.25490196,0.33333333,0.41176471,0.25490196,"Francisco Liriano",3201,434538
"Jacob deGrom","NYM",0.28431372549019607,1.420289855,0.200956937,0.468899521,0.33014354,0.144927536,0.130434782,523,971,1494,0.44131455,0.35680751,0.20187793,0.24882629,0.49765258,0.25352113,"Jacob deGrom",10954,594798
"Austin Pruitt","TBR",0.25757575757575757,1.894736842,0.179104477,0.537313432,0.283582089,0.052631578,0.105263157,156,258,414,0.44117647,0.33823529,0.22058824,0.23529412,0.51470588,0.25,"Austin Pruitt",15290,643493
"Joey Lucchesi","SDP",0.26732673267326734,2.333333333,0.108910891,0.623762376,0.267326732,0.148148148,0.148148148,233,399,632,0.33333333,0.47619048,0.19047619,0.32380952,0.42857143,0.24761905,"Joey Lucchesi",19320,664192
"J.B. Wendelken","OAK",0.175,0.944444444,0.125,0.425,0.45,0,0.055555555,88,128,216,0.46341463,0.29268293,0.24390244,0.09756098,0.65853659,0.24390244,"J.B. Wendelken",14506,605525
"Colten Brewer","BOS",0.31666666666666665,2.692307692,0.213114754,0.573770491,0.213114754,0.076923076,0.153846153,142,269,411,0.51612903,0.29032258,0.19354839,0.22580645,0.53225806,0.24193548,"Colten Brewer",12997,605155
"Tyler Glasnow","TBR",0.23333333333333334,1.944444444,0.13114754,0.573770491,0.295081967,0,0.055555555,144,248,392,0.36065574,0.42622951,0.21311475,0.26229508,0.50819672,0.2295082,"Tyler Glasnow",14374,607192
"Tyler Alexander","DET",0.2727272727272727,1.8,0.2,0.514285714,0.285714285,0,0.2,72,113,185,0.48571429,0.34285714,0.17142857,0.11428571,0.65714286,0.22857143,"Tyler Alexander",17735,641302
"Lucas Sims","CIN",0.1951219512195122,0.285714285,0.181818181,0.181818181,0.636363636,0.107142857,0.107142857,127,197,324,0.43181818,0.34090909,0.22727273,0.18181818,0.59090909,0.22727273,"Lucas Sims",13470,608371
"Gregory Soto","DET",0.36363636363636365,1.9375,0.129629629,0.574074074,0.296296296,0.125,0,106,200,306,0.30909091,0.45454545,0.23636364,0.29090909,0.49090909,0.21818182,"Gregory Soto",19677,642397
"John Means","BAL",0.22115384615384615,0.641509433,0.171428571,0.323809523,0.504761904,0.075471698,0.056603773,221,420,641,0.31132075,0.33018868,0.35849057,0.16981132,0.61320755,0.21698113,"John Means",16269,607644
"Oliver Pérez","CLE",0.25862068965517243,1.777777777,0.180327868,0.524590163,0.295081967,0.166666666,0.166666666,117,252,369,0.45901639,0.2295082,0.31147541,0.27868852,0.50819672,0.21311475,"Oliver Perez",1514,424144
"José Cisnero","DET",0.36585365853658536,0.8,0.162790697,0.372093023,0.465116279,0.1,0.1,120,195,315,0.30232558,0.37209302,0.3255814,0.13953488,0.65116279,0.20930233,"Jose Cisnero",6399,542585
"Josh Taylor","BOS",0.27906976744186046,2.555555555,0.272727272,0.522727272,0.204545454,0.111111111,0.222222222,105,191,296,0.44444444,0.4,0.15555556,0.22222222,0.57777778,0.2,"Josh Taylor",17359,657031
"Evan Marshall","CHW",0.26785714285714285,1.444444444,0.2,0.472727272,0.327272727,0.111111111,0,117,198,315,0.42857143,0.32142857,0.25,0.25,0.55357143,0.19642857,"Evan Marshall",12297,605359
"Richard Bleier","BAL",0.25925925925925924,4.583333333,0.182926829,0.670731707,0.146341463,0.083333333,0.083333333,95,238,333,0.31707317,0.41463415,0.26829268,0.17073171,0.63414634,0.19512195,"Richard Bleier",7803,542947
"Sam Dyson","- - -",0.265625,1.842105263,0.169230769,0.538461538,0.292307692,0.052631578,0.157894736,116,232,348,0.34328358,0.40298507,0.25373134,0.17910448,0.62686567,0.19402985,"Sam Dyson",11710,473879
"Luis Avilán","NYM",0.12903225806451613,1.9,0.09375,0.59375,0.3125,0,0.1,105,160,265,0.59375,0.25,0.15625,0.1875,0.625,0.1875,"Luis Avilan",2882,501593
"Tim Hill","KCR",0.22916666666666666,2.545454545,0.1875,0.583333333,0.229166666,0.272727272,0,100,171,271,0.3125,0.4375,0.25,0.3125,0.5,0.1875,"Tim Hill",16814,657612
"Manny Banuelos","CHW",0.3902439024390244,0.933333333,0.292682926,0.341463414,0.365853658,0.066666666,0.133333333,102,150,252,0.27906977,0.34883721,0.37209302,0.20930233,0.60465116,0.18604651,"Manny Banuelos",5365,544365
"Adam Kolarek","- - -",0.21518987341772153,12,0.177215189,0.75949367,0.063291139,0,0.4,112,258,370,0.35802469,0.30864198,0.33333333,0.25925926,0.55555556,0.18518519,"Adam Kolarek",10843,592473
"Rich Hill","LAD",0.24324324324324326,2.555555555,0.111111111,0.638888888,0.25,0.111111111,0.111111111,79,141,220,0.44736842,0.26315789,0.28947368,0.21052632,0.60526316,0.18421053,"Rich Hill",4806,448179
"Stephen Tarpley","NYY",0.3333333333333333,1,0.272727272,0.363636363,0.363636363,0.25,0.125,75,118,193,0.59090909,0.31818182,0.09090909,0.40909091,0.40909091,0.18181818,"Stephen Tarpley",15859,605501
"Rowan Wick","CHC",0.3076923076923077,2.1,0.205128205,0.538461538,0.256410256,0.2,0,87,175,262,0.41025641,0.35897436,0.23076923,0.25641026,0.56410256,0.17948718,"Rowan Wick",14646,592858
"Taylor Rogers","MIN",0.425,2,0.195121951,0.536585365,0.268292682,0,0.09090909,85,195,280,0.24390244,0.43902439,0.31707317,0.19512195,0.63414634,0.17073171,"Taylor Rogers",13449,573124
"Jake Faria","- - -",0.375,2,0.272727272,0.484848484,0.242424242,0.375,0.125,99,134,233,0.39393939,0.18181818,0.42424242,0.27272727,0.57575758,0.15151515,"Jake Faria",13699,607188
"Jake Diekman","- - -",0.2923076923076923,1.55,0.215384615,0.476923076,0.307692307,0.3,0,180,265,445,0.41538462,0.36923077,0.21538462,0.27692308,0.58461538,0.13846154,"Jake Diekman",5003,518617