Name,Team,BABIP,GB/FB,LD%,GB%,FB%,IFFB%,HR/FB,Balls,Strikes,Pitches,Pull%,Cent%,Oppo%,Soft%,Med%,Hard%,NameASCII,PlayerId,MLBAMID
"Rogelio Armenteros","HOU",0.23076923076923078,2,0.222222222,0.518518518,0.259259259,0.142857142,0.142857142,77,116,193,0.62962963,0.25925926,0.11111111,0.22222222,0.18518519,0.59259259,"Rogelio Armenteros",17679,660494
"Mick Abel","- - -",0.3148148148148148,1.136363636,0.145454545,0.454545454,0.4,0,0.045454545,99,195,294,0.41818182,0.41818182,0.16363636,0.07272727,0.36363636,0.56363636,"Mick Abel",27756,690953
"Chad Sobotka","ATL",0.25,0.76,0.228070175,0.333333333,0.438596491,0.08,0.2,167,247,414,0.26315789,0.47368421,0.26315789,0.10526316,0.33333333,0.56140351,"Chad Sobotka",17470,656977
"Zack Burdi","- - -",0.42857142857142855,0.833333333,0.195121951,0.365853658,0.43902439,0.111111111,0.333333333,89,154,243,0.43902439,0.3902439,0.17073171,0.14634146,0.29268293,0.56097561,"Zack Burdi",19159,641420
"Joe Palumbo","TEX",0.3684210526315789,1.307692307,0.285714285,0.404761904,0.309523809,0.076923076,0.384615384,108,161,269,0.41860465,0.37209302,0.20930233,0.04651163,0.39534884,0.55813953,"Joe Palumbo",17035,643478
"Cody Allen","LAA",0.2857142857142857,0.434782608,0.131578947,0.263157894,0.605263157,0.130434782,0.173913043,106,156,262,0.21052632,0.52631579,0.26315789,0.13157895,0.31578947,0.55263158,"Cody Allen",12183,592102
"Eric Stout","- - -",0.425,1.066666666,0.261904761,0.38095238,0.357142857,0,0.133333333,117,171,288,0.47619048,0.26190476,0.26190476,0.04761905,0.4047619,0.54761905,"Eric Stout",16873,657770
"Karl Kauffmann","COL",0.38333333333333336,0.84,0.269841269,0.333333333,0.396825396,0.04,0.12,113,171,284,0.44444444,0.33333333,0.22222222,0.0952381,0.36507937,0.53968254,"Karl Kauffmann",27488,666154
"Daniel Stumpf","DET",0.375,0.842105263,0.31372549,0.31372549,0.372549019,0.105263157,0.157894736,129,173,302,0.47058824,0.25490196,0.2745098,0.1372549,0.33333333,0.52941176,"Daniel Stumpf",13780,621385
"Eric Skoglund","KCR",0.30434782608695654,0.866666666,0.232876712,0.356164383,0.410958904,0.133333333,0.133333333,128,201,329,0.46575342,0.34246575,0.19178082,0.1369863,0.34246575,0.52054795,"Eric Skoglund",16155,607215
"Randy Rosario","- - -",0.42857142857142855,4.2,0.297297297,0.567567567,0.135135135,0,0.4,76,127,203,0.45945946,0.37837838,0.16216216,0.05405405,0.43243243,0.51351351,"Randy Rosario",14508,600968
"Matt Swarmer","CHC",0.22727272727272727,0.818181818,0.215686274,0.352941176,0.431372549,0.181818181,0.318181818,121,196,317,0.50980392,0.29411765,0.19607843,0.1372549,0.35294118,0.50980392,"Matt Swarmer",19705,664161
"Will Harris","- - -",0.25252525252525254,1.194444444,0.254716981,0.405660377,0.339622641,0.083333333,0.194444444,274,421,695,0.40566038,0.28301887,0.31132075,0.1509434,0.33962264,0.50943396,"Will Harris",3192,501789
"Ryan Hendrix","CIN",0.40384615384615385,1.222222222,0.298245614,0.385964912,0.315789473,0.111111111,0.277777777,176,208,384,0.36842105,0.33333333,0.29824561,0.0877193,0.40350877,0.50877193,"Ryan Hendrix",19535,641682
"Edinson Volquez","TEX",0.39473684210526316,1.333333333,0.3,0.4,0.3,0.166666666,0.166666666,95,152,247,0.25,0.475,0.275,0.1,0.4,0.5,"Edinson Volquez",3990,450172
"Jerry Blevins","ATL",0.25,0.777777777,0.272727272,0.318181818,0.409090909,0.111111111,0.222222222,122,171,293,0.54545455,0.31818182,0.13636364,0.06818182,0.43181818,0.5,"Jerry Blevins",7841,460283
"Ryan Buchter","- - -",0.32894736842105265,0.4,0.3,0.2,0.5,0.125,0.15,229,321,550,0.47560976,0.35365854,0.17073171,0.13414634,0.36585366,0.5,"Ryan Buchter",9456,488748
"Zac Reininger","DET",0.3548387096774194,1.173913043,0.285714285,0.385714285,0.328571428,0.04347826,0.347826086,111,209,320,0.4,0.34285714,0.25714286,0.07142857,0.42857143,0.5,"Zac Reininger",15285,643617
"Chandler Shepherd","BAL",0.3235294117647059,0.764705882,0.210526315,0.342105263,0.447368421,0,0.235294117,71,131,202,0.44736842,0.34210526,0.21052632,0.05263158,0.44736842,0.5,"Chandler Shepherd",16166,605469
"Norge Ruiz","OAK",0.34375,0.5,0.25,0.25,0.5,0.055555555,0.222222222,92,148,240,0.33333333,0.27777778,0.38888889,0.11111111,0.38888889,0.5,"Norge Ruiz",19580,650204
"Corbin Martin","- - -",0.3418803418803419,0.736842105,0.2265625,0.328125,0.4453125,0.035087719,0.263157894,292,471,763,0.33333333,0.36363636,0.3030303,0.06818182,0.43939394,0.49242424,"Corbin Martin",19884,656686
"Brian Flynn","KCR",0.38596491228070173,1.315789473,0.2,0.454545454,0.345454545,0.105263157,0.105263157,128,182,310,0.3220339,0.3559322,0.3220339,0.13559322,0.37288136,0.49152542,"Brian Flynn",12027,543169
"Adalberto Mejía","- - -",0.32142857142857145,0.518518518,0.293103448,0.24137931,0.465517241,0.037037037,0.111111111,164,242,406,0.38983051,0.42372881,0.18644068,0.13559322,0.37288136,0.49152542,"Adalberto Mejia",13188,606167
"Gunnar Hoglund","ATH",0.3191489361702128,1.263157894,0.188679245,0.452830188,0.358490566,0,0.315789473,97,149,246,0.39622642,0.41509434,0.18867925,0.01886792,0.49056604,0.49056604,"Gunnar Hoglund",31318,680684
"Carson Whisenhunt","SFG",0.25,0.818181818,0.166666666,0.375,0.458333333,0.09090909,0.227272727,122,167,289,0.30612245,0.46938776,0.2244898,0.10204082,0.40816327,0.48979592,"Carson Whisenhunt",31676,687931
"Trey Wingenter","- - -",0.32989690721649484,1.189189189,0.205882352,0.431372549,0.362745098,0.135135135,0.162162162,291,483,774,0.39805825,0.38834951,0.21359223,0.15533981,0.3592233,0.48543689,"Trey Wingenter",17793,622259
"José Castillo","- - -",0.3333333333333333,1.578947368,0.196721311,0.491803278,0.311475409,0.052631578,0.105263157,118,208,326,0.43548387,0.33870968,0.22580645,0.0483871,0.46774194,0.48387097,"Jose Castillo",17169,620454
"Ray Black","- - -",0.20833333333333334,0.5,0.222222222,0.259259259,0.518518518,0,0.214285714,71,133,204,0.2962963,0.44444444,0.25925926,0.07407407,0.44444444,0.48148148,"Ray Black",14244,605143
"Ramón Rosso","PHI",0.21739130434782608,0.888888888,0.32,0.32,0.36,0,0.222222222,71,129,200,0.32,0.52,0.16,0.04,0.48,0.48,"Ramon Rosso",20368,665759
"Jordan Balazovic","MIN",0.27906976744186046,1.4,0.217391304,0.456521739,0.326086956,0.133333333,0.2,78,151,229,0.39130435,0.30434783,0.30434783,0.13043478,0.39130435,0.47826087,"Jordan Balazovic",21866,666364
"Sean Nolin","- - -",0.3709677419354839,0.92,0.238095238,0.365079365,0.396825396,0.08,0.12,135,230,365,0.46153846,0.32307692,0.21538462,0.07692308,0.44615385,0.47692308,"Sean Nolin",11341,543594
"Jaden Hill","COL",0.25862068965517243,1.476190476,0.147540983,0.508196721,0.344262295,0.047619047,0.142857142,108,214,322,0.3442623,0.40983607,0.24590164,0.16393443,0.36065574,0.47540984,"Jaden Hill",30250,677955
"Jake Faria","- - -",0.36046511627906974,0.731707317,0.219780219,0.329670329,0.45054945,0.073170731,0.170731707,203,334,537,0.37634409,0.34408602,0.27956989,0.10752688,0.41935484,0.47311828,"Jake Faria",13699,607188
"Edwin Jackson","- - -",0.391304347826087,1.295454545,0.198412698,0.452380952,0.349206349,0.022727272,0.318181818,263,405,668,0.48062016,0.35658915,0.1627907,0.13178295,0.39534884,0.47286822,"Edwin Jackson",1841,429719
"Mike Shawaryn","BOS",0.4857142857142857,1.23076923,0.194444444,0.444444444,0.361111111,0.076923076,0.076923076,100,154,254,0.33333333,0.38888889,0.27777778,0.16666667,0.36111111,0.47222222,"Mike Shawaryn",19495,642067
"Hector Noesí","MIA",0.3125,0.708333333,0.211538461,0.326923076,0.461538461,0.125,0.208333333,99,171,270,0.26415094,0.43396226,0.30188679,0.16981132,0.35849057,0.47169811,"Hector Noesi",3292,456051
"Matt Grace","- - -",0.31521739130434784,1.323529411,0.193877551,0.459183673,0.346938775,0,0.235294117,160,243,403,0.4,0.32,0.28,0.05,0.48,0.47,"Matt Grace",11449,594840
"Austin Cox","- - -",0.3404255319148936,0.945945945,0.272727272,0.353535353,0.373737373,0.108108108,0.162162162,223,378,601,0.39,0.4,0.21,0.13,0.4,0.47,"Austin Cox",24604,680735
"Brady Lail","- - -",0.2222222222222222,0.555555555,0.125,0.3125,0.5625,0.222222222,0.277777777,75,125,200,0.4375,0.28125,0.28125,0.21875,0.3125,0.46875,"Brady Lail",14707,621078
"Rex Brothers","CHC",0.31343283582089554,0.722222222,0.173333333,0.346666666,0.48,0.027777777,0.222222222,246,348,594,0.48,0.30666667,0.21333333,0.10666667,0.42666667,0.46666667,"Rex Brothers",9794,571521
"Derek Holland","- - -",0.3238993710691824,0.679487179,0.244956772,0.305475504,0.449567723,0.089743589,0.23076923,803,1377,2180,0.42655367,0.31920904,0.25423729,0.12146893,0.41242938,0.46610169,"Derek Holland",4141,502706
"Ryan Castellani","- - -",0.25,1,0.232558139,0.38372093,0.38372093,0.151515151,0.181818181,204,297,501,0.37209302,0.3372093,0.29069767,0.15116279,0.38372093,0.46511628,"Ryan Castellani",16377,624418
"Amos Willingham","WSN",0.38,0.655172413,0.142857142,0.339285714,0.517857142,0.068965517,0.206896551,98,193,291,0.41071429,0.26785714,0.32142857,0.14285714,0.39285714,0.46428571,"Amos Willingham",26128,686294
"Dereck Rodríguez","- - -",0.3013698630136986,1.192771084,0.208695652,0.430434782,0.360869565,0.096385542,0.192771084,385,659,1044,0.4893617,0.29361702,0.21702128,0.12340426,0.41276596,0.46382979,"Dereck Rodriguez",14509,605446
"Jordan Yamamoto","- - -",0.3202614379084967,0.736111111,0.228395061,0.327160493,0.444444444,0.069444444,0.125,352,609,961,0.42592593,0.36419753,0.20987654,0.17283951,0.36419753,0.46296296,"Jordan Yamamoto",17585,657141
"Mike Kickham","- - -",0.45454545454545453,1.285714285,0.179487179,0.461538461,0.358974358,0,0.428571428,76,160,236,0.48717949,0.23076923,0.28205128,0.02564103,0.51282051,0.46153846,"Mike Kickham",11618,592464
"Jeff Criswell","COL",0.34782608695652173,1.222222222,0.23076923,0.423076923,0.346153846,0.111111111,0.333333333,77,125,202,0.34615385,0.46153846,0.19230769,0.15384615,0.38461538,0.46153846,"Jeff Criswell",27608,676105
"Marco Estrada","OAK",0.2826086956521739,0.322580645,0.163265306,0.204081632,0.632653061,0.193548387,0.129032258,100,148,248,0.48,0.34,0.18,0.18,0.36,0.46,"Marco Estrada",1118,462136
"Payton Tolle","BOS",0.30303030303030304,0.625,0.297297297,0.27027027,0.432432432,0.0625,0.25,89,155,244,0.32432432,0.27027027,0.40540541,0.16216216,0.37837838,0.45945946,"Payton Tolle",35466,801139
"Taylor Williams","- - -",0.41379310344827586,1.8125,0.25,0.483333333,0.266666666,0,0.1875,167,259,426,0.44262295,0.27868852,0.27868852,0.13114754,0.40983607,0.45901639,"Taylor Williams",14899,592865
"Ryan Carpenter","DET",0.3211009174311927,0.847826086,0.273504273,0.333333333,0.393162393,0.02173913,0.195652173,184,352,536,0.3559322,0.28813559,0.3559322,0.12711864,0.41525424,0.45762712,"Ryan Carpenter",12699,543001
"Joe Jacques","- - -",0.3448275862068966,2.714285714,0.118644067,0.644067796,0.237288135,0,0.071428571,131,179,310,0.3559322,0.37288136,0.27118644,0.13559322,0.40677966,0.45762712,"Joe Jacques",25178,682175
"Anthony Molina","COL",0.3446327683615819,1.109375,0.258241758,0.39010989,0.351648351,0.046875,0.109375,303,554,857,0.27173913,0.43478261,0.29347826,0.13043478,0.41304348,0.45652174,"Anthony Molina",26952,683627
"Thomas Pannone","- - -",0.31543624161073824,0.626666666,0.212903225,0.303225806,0.483870967,0.066666666,0.12,336,587,923,0.41772152,0.34177215,0.24050633,0.14556962,0.39873418,0.4556962,"Thomas Pannone",17281,623381
"Wei-Yin Chen","MIA",0.366412213740458,1.0625,0.277372262,0.372262773,0.350364963,0.083333333,0.166666666,249,484,733,0.43884892,0.30215827,0.25899281,0.12230216,0.42446043,0.45323741,"Wei-Yin Chen",13071,612672
"Grant Taylor","CHW",0.5,1.7,0.307692307,0.435897435,0.256410256,0.1,0,80,185,265,0.2,0.45,0.35,0.1,0.45,0.45,"Grant Taylor",33927,691799
"Scott McGough","- - -",0.3149171270718232,1.197183098,0.212121212,0.429292929,0.358585858,0.098591549,0.239436619,394,737,1131,0.42424242,0.32828283,0.24747475,0.10606061,0.44444444,0.44949495,"Scott McGough",12056,543518
"Vinny Nittoli","- - -",0.2222222222222222,0.666666666,0.078947368,0.368421052,0.552631578,0.047619047,0.095238095,68,125,193,0.44736842,0.28947368,0.26315789,0.05263158,0.5,0.44736842,"Vinny Nittoli",16754,657697
"Seunghwan Oh","COL",0.36363636363636365,0.8125,0.236842105,0.342105263,0.421052631,0.0625,0.3125,82,157,239,0.42105263,0.34210526,0.23684211,0.13157895,0.42105263,0.44736842,"Seunghwan Oh",18719,493200
"Ariel Jurado","- - -",0.3459715639810427,1.95,0.206278026,0.524663677,0.269058295,0.05,0.25,405,740,1145,0.42477876,0.38495575,0.19026549,0.11061947,0.44247788,0.44690265,"Ariel Jurado",17030,642558
"Kervin Castro","- - -",0.2727272727272727,1,0.130434782,0.434782608,0.434782608,0.1,0.15,93,173,266,0.23404255,0.55319149,0.21276596,0.12765957,0.42553191,0.44680851,"Kervin Castro",21656,665645
"Aaron Fletcher","- - -",0.3023255813953488,0.944444444,0.255319148,0.361702127,0.382978723,0,0.222222222,87,150,237,0.44680851,0.36170213,0.19148936,0.06382979,0.4893617,0.44680851,"Aaron Fletcher",22052,667465
"Elvis Alvarado","ATH",0.23529411764705882,0.931034482,0.2,0.385714285,0.414285714,0.172413793,0.068965517,161,257,418,0.32857143,0.41428571,0.25714286,0.15714286,0.4,0.44285714,"Elvis Alvarado",21662,665660
"Ken Giles","- - -",0.3620689655172414,1.227272727,0.196721311,0.44262295,0.360655737,0.09090909,0.136363636,172,326,498,0.40983607,0.36065574,0.2295082,0.16393443,0.39344262,0.44262295,"Ken Giles",12910,571704
"Brian Johnson","BOS",0.3977272727272727,1.205882352,0.175824175,0.45054945,0.373626373,0.029411764,0.147058823,229,313,542,0.50537634,0.31182796,0.1827957,0.19354839,0.3655914,0.44086022,"Brian Johnson",14272,598271
"Robert Stock","- - -",0.37037037037037035,1.45,0.155172413,0.5,0.344827586,0.05,0.25,141,195,336,0.3220339,0.42372881,0.25423729,0.03389831,0.52542373,0.44067797,"Robert Stock",6576,476594
"Elvis Luciano","TOR",0.3448275862068966,0.769230769,0.220338983,0.33898305,0.440677966,0.038461538,0.038461538,119,214,333,0.42372881,0.37288136,0.20338983,0.13559322,0.42372881,0.44067797,"Elvis Luciano",20632,672773
"Oliver Drake","TBR",0.22727272727272727,0.714285714,0.189189189,0.337837837,0.472972972,0.171428571,0.257142857,231,373,604,0.46666667,0.24,0.29333333,0.17333333,0.38666667,0.44,"Oliver Drake",8823,543118
"Humberto Mejía","- - -",0.35185185185185186,0.708333333,0.267857142,0.303571428,0.428571428,0.041666666,0.125,113,196,309,0.42105263,0.36842105,0.21052632,0.10526316,0.45614035,0.43859649,"Humberto Mejia",20739,650668
"Sean Reid-Foley","- - -",0.2765957446808511,1.345454545,0.116438356,0.506849315,0.376712328,0.072727272,0.09090909,370,593,963,0.34246575,0.4109589,0.24657534,0.13013699,0.43150685,0.43835616,"Sean Reid-Foley",17034,656887
"Homer Bailey","- - -",0.34156378600823045,1.214285714,0.256,0.408,0.336,0.154761904,0.119047619,493,923,1416,0.3625498,0.35458167,0.28286853,0.16334661,0.39840637,0.43824701,"Homer Bailey",8362,456701
"Andrew Albers","MIN",0.25,0.476190476,0.354166666,0.208333333,0.4375,0.19047619,0.38095238,104,151,255,0.29166667,0.33333333,0.375,0.27083333,0.29166667,0.4375,"Andrew Albers",7853,452027
"Jesse Biddle","- - -",0.35526315789473684,1.5,0.22077922,0.467532467,0.311688311,0.041666666,0.166666666,224,301,525,0.5125,0.35,0.1375,0.1,0.4625,0.4375,"Jesse Biddle",11437,592145
"Andrew Suárez","- - -",0.2857142857142857,1.107142857,0.180555555,0.430555555,0.388888888,0.089285714,0.196428571,296,466,762,0.43055556,0.31944444,0.25,0.11805556,0.44444444,0.4375,"Andrew Suarez",18300,605498
"Brandon Hughes","- - -",0.24193548387096775,0.513513513,0.216783216,0.265734265,0.517482517,0.094594594,0.27027027,357,577,934,0.43055556,0.31944444,0.25,0.11111111,0.45138889,0.4375,"Brandon Hughes",23460,676714
"Sam Aldegheri","LAA",0.3582089552238806,0.54054054,0.197183098,0.28169014,0.52112676,0.081081081,0.108108108,153,226,379,0.47887324,0.28169014,0.23943662,0.12676056,0.43661972,0.43661972,"Sam Aldegheri",26443,691951
"Kyle Keller","- - -",0.2,0.684210526,0.179487179,0.333333333,0.487179487,0.210526315,0.210526315,208,339,547,0.37179487,0.43589744,0.19230769,0.17948718,0.38461538,0.43589744,"Kyle Keller",18890,664918
"Blake Walston","ARI",0.25,0.722222222,0.205128205,0.333333333,0.461538461,0.055555555,0.166666666,110,170,280,0.38461538,0.41025641,0.20512821,0.17948718,0.38461538,0.43589744,"Blake Walston",26270,686796
"Pierson Ohl","MIN",0.4444444444444444,0.866666666,0.263157894,0.342105263,0.394736842,0.066666666,0.2,91,169,260,0.43589744,0.38461538,0.17948718,0.12820513,0.43589744,0.43589744,"Pierson Ohl",30179,701487
"Tyler Skaggs","LAA",0.3067484662576687,1.283018867,0.279761904,0.404761904,0.31547619,0.188679245,0.132075471,406,673,1079,0.41764706,0.35882353,0.22352941,0.2,0.36470588,0.43529412,"Tyler Skaggs",10190,572140
"Josh Osich","- - -",0.30718954248366015,1.381818181,0.224852071,0.449704142,0.325443786,0.054545454,0.309090909,350,590,940,0.50588235,0.31764706,0.17647059,0.15882353,0.40588235,0.43529412,"Josh Osich",11528,592612
"Zac Lowther","BAL",0.3,0.942857142,0.2,0.388235294,0.411764705,0.057142857,0.142857142,197,313,510,0.35294118,0.41176471,0.23529412,0.11764706,0.44705882,0.43529412,"Zac Lowther",20243,675912
"Dylan Dodd","ATL",0.2976190476190476,0.881578947,0.192090395,0.378531073,0.429378531,0.039473684,0.118421052,242,565,807,0.48587571,0.29943503,0.21468927,0.10734463,0.45762712,0.43502825,"Dylan Dodd",29928,689266
"Buddy Boshers","TOR",0.3448275862068966,1.555555555,0.178571428,0.5,0.321428571,0.111111111,0.111111111,64,121,185,0.56666667,0.13333333,0.3,0.13333333,0.43333333,0.43333333,"Buddy Boshers",8490,542953
"Chasen Bradford","SEA",0.25925925925925924,1.6,0.133333333,0.533333333,0.333333333,0.4,0.3,54,103,157,0.53333333,0.23333333,0.23333333,0.26666667,0.3,0.43333333,"Chasen Bradford",12452,607473
"Andrew Miller","STL",0.3356164383561644,1.120689655,0.211538461,0.416666666,0.371794871,0.034482758,0.189655172,365,609,974,0.46496815,0.30573248,0.22929936,0.14012739,0.42675159,0.43312102,"Andrew Miller",6785,453192
"Yerry Rodríguez","- - -",0.3968253968253968,0.677419354,0.223880597,0.313432835,0.462686567,0.096774193,0.129032258,151,256,407,0.28358209,0.44776119,0.26865672,0.14925373,0.41791045,0.43283582,"Yerry Rodriguez",21955,666720
"David Hess","- - -",0.28342245989304815,0.616822429,0.183962264,0.311320754,0.504716981,0.074766355,0.261682242,390,704,1094,0.35348837,0.35348837,0.29302326,0.10697674,0.46046512,0.43255814,"David Hess",16130,605276
"Miguel Del Pozo","- - -",0.38235294117647056,1.272727272,0.305555555,0.388888888,0.305555555,0.181818181,0.272727272,89,122,211,0.51351351,0.32432432,0.16216216,0.21621622,0.35135135,0.43243243,"Miguel Del Pozo",18792,600887
"Kohei Arihara","TEX",0.35185185185185186,1.166666666,0.208695652,0.426086956,0.365217391,0.023809523,0.238095238,218,360,578,0.44067797,0.34745763,0.21186441,0.12711864,0.44067797,0.43220339,"Kohei Arihara",27505,685503
"Stefan Crichton","ARI",0.3227848101265823,1.977272727,0.196319018,0.533742331,0.26993865,0.159090909,0.09090909,298,543,841,0.5,0.2654321,0.2345679,0.2037037,0.36419753,0.43209877,"Stefan Crichton",16058,592233
"Jake Jewell","- - -",0.23809523809523808,2.333333333,0.166666666,0.583333333,0.25,0.055555555,0.5,117,258,375,0.58333333,0.26388889,0.15277778,0.19444444,0.375,0.43055556,"Jake Jewell",16958,657228
"Alex McRae","- - -",0.28846153846153844,1,0.285714285,0.357142857,0.357142857,0.2,0.2,138,211,349,0.44642857,0.39285714,0.16071429,0.23214286,0.33928571,0.42857143,"Alex McRae",16317,656725
"Trevor Hildenberger","- - -",0.4782608695652174,1.125,0.306122448,0.367346938,0.326530612,0.125,0.1875,89,168,257,0.48979592,0.34693878,0.16326531,0.12244898,0.44897959,0.42857143,"Trevor Hildenberger",17002,657610
"Mike Montgomery","- - -",0.29333333333333333,1.791044776,0.204255319,0.510638297,0.285106382,0.014925373,0.223880597,506,793,1299,0.43933054,0.35983264,0.20083682,0.12133891,0.45188285,0.42677824,"Mike Montgomery",4869,543557
"Wade Davis","- - -",0.33112582781456956,0.924242424,0.216049382,0.376543209,0.407407407,0.045454545,0.166666666,375,580,955,0.36419753,0.35802469,0.27777778,0.16666667,0.40740741,0.42592593,"Wade Davis",7441,451584
"J.B. Bukauskas","- - -",0.2692307692307692,2.5,0.222222222,0.555555555,0.222222222,0,0.166666666,98,185,283,0.44444444,0.33333333,0.22222222,0.09259259,0.48148148,0.42592593,"J.B. Bukauskas",20491,656266
"Tommy Doyle","COL",0.2830188679245283,1.466666666,0.314814814,0.407407407,0.277777777,0,0.066666666,94,136,230,0.46296296,0.27777778,0.25925926,0.11111111,0.46296296,0.42592593,"Tommy Doyle",21281,656382
"Kai-Wei Teng","SFG",0.4117647058823529,1.1,0.207547169,0.415094339,0.37735849,0.05,0.15,177,239,416,0.35185185,0.38888889,0.25925926,0.16666667,0.40740741,0.42592593,"Kai-Wei Teng",24282,678906
"Yilber Díaz","ARI",0.29411764705882354,1.352941176,0.259259259,0.425925925,0.314814814,0.058823529,0.176470588,105,155,260,0.37037037,0.35185185,0.27777778,0.07407407,0.5,0.42592593,"Yilber Diaz",29271,700270
"Branden Kline","BAL",0.3373493975903614,1.068965517,0.302325581,0.360465116,0.337209302,0.206896551,0.137931034,180,288,468,0.36781609,0.37931034,0.25287356,0.24137931,0.33333333,0.42528736,"Branden Kline",14101,571858
"Chi Chi González","- - -",0.2976190476190476,1.023076923,0.252840909,0.377840909,0.369318181,0.115384615,0.184615384,604,1108,1712,0.4,0.33333333,0.26666667,0.14722222,0.42777778,0.425,"Chi Chi Gonzalez",14663,592346
"Bradley Blalock","- - -",0.3088235294117647,1.092592592,0.226027397,0.404109589,0.369863013,0,0.185185185,253,424,677,0.40410959,0.43835616,0.15753425,0.09589041,0.47945205,0.42465753,"Bradley Blalock",26419,687134
"JD Hammer","PHI",0.2857142857142857,1.391304347,0.166666666,0.484848484,0.348484848,0.217391304,0.130434782,178,261,439,0.40909091,0.31818182,0.27272727,0.15151515,0.42424242,0.42424242,"JD Hammer",19548,670456
"Heath Fillmyer","KCR",0.2682926829268293,1.055555555,0.177777777,0.422222222,0.4,0.166666666,0.222222222,105,139,244,0.46666667,0.33333333,0.2,0.13333333,0.44444444,0.42222222,"Heath Fillmyer",17466,641571
"Yoan López","- - -",0.291005291005291,1.388059701,0.187817258,0.472081218,0.340101522,0.089552238,0.149253731,353,620,973,0.41708543,0.3718593,0.21105528,0.09045226,0.48743719,0.42211055,"Yoan Lopez",17181,661255
"Robbie Erlin","- - -",0.3090909090909091,0.927536231,0.231213872,0.369942196,0.39884393,0.086956521,0.115942028,349,572,921,0.48554913,0.26589595,0.24855491,0.17919075,0.39884393,0.42196532,"Robbie Erlin",10354,572362
"Stephen Tarpley","- - -",0.42105263157894735,0.958333333,0.253968253,0.365079365,0.38095238,0.083333333,0.291666666,194,244,438,0.328125,0.28125,0.390625,0.1875,0.390625,0.421875,"Stephen Tarpley",15859,605501
"Cole Winn","TEX",0.1836734693877551,1.184210526,0.178217821,0.445544554,0.376237623,0.052631578,0.105263157,193,379,572,0.38235294,0.38235294,0.23529412,0.10784314,0.47058824,0.42156863,"Cole Winn",22113,668390
"Ryder Ryan","- - -",0.23684210526315788,1.071428571,0.216216216,0.405405405,0.378378378,0.214285714,0.071428571,52,131,183,0.60526316,0.31578947,0.07894737,0.18421053,0.39473684,0.42105263,"Ryder Ryan",19891,656924
"Anthony Misiewicz","- - -",0.32978723404255317,0.876543209,0.232323232,0.358585858,0.409090909,0.086419753,0.148148148,419,759,1178,0.445,0.305,0.25,0.1,0.48,0.42,"Anthony Misiewicz",18152,664948
"T.J. Zeuch","- - -",0.2892561983471074,1.675,0.183206106,0.511450381,0.305343511,0.025,0.25,234,388,622,0.51908397,0.3129771,0.16793893,0.13740458,0.44274809,0.41984733,"T.J. Zeuch",19269,643615
"Greg Holland","- - -",0.2784090909090909,1.01369863,0.196721311,0.404371584,0.398907103,0.04109589,0.136986301,410,721,1131,0.44623656,0.3172043,0.23655914,0.11827957,0.46236559,0.41935484,"Greg Holland",7196,518813
"Jordan Holloway","MIA",0.23333333333333334,1.363636363,0.161290322,0.483870967,0.354838709,0.181818181,0.09090909,171,242,413,0.35483871,0.35483871,0.29032258,0.14516129,0.43548387,0.41935484,"Jordan Holloway",20631,656548
"Trevor McDonald","SFG",0.16666666666666666,2.111111111,0.096774193,0.612903225,0.29032258,0.111111111,0.111111111,38,109,147,0.32258065,0.38709677,0.29032258,0.12903226,0.4516129,0.41935484,"Trevor McDonald",26448,686790
"Drew Rom","STL",0.39603960396039606,0.955555555,0.161904761,0.409523809,0.428571428,0.044444444,0.088888888,214,363,577,0.4,0.35238095,0.24761905,0.12380952,0.45714286,0.41904762,"Drew Rom",24602,680723
"Victor Vodnik","COL",0.33163265306122447,1.982142857,0.169154228,0.552238805,0.278606965,0.071428571,0.125,510,814,1324,0.29064039,0.38423645,0.32512315,0.13793103,0.44334975,0.41871921,"Victor Vodnik",24614,680767
"Adam Warren","SDP",0.2765957446808511,0.875,0.150943396,0.396226415,0.452830188,0,0.333333333,137,194,331,0.38181818,0.32727273,0.29090909,0.16363636,0.41818182,0.41818182,"Adam Warren",9029,476589
"Andre Jackson","- - -",0.2711864406779661,0.814814814,0.216,0.352,0.432,0.129629629,0.166666666,270,499,769,0.43307087,0.27559055,0.29133858,0.11811024,0.46456693,0.41732283,"Andre Jackson",21298,656578
"Josh Simpson","MIA",0.43478260869565216,2.6,0.25,0.541666666,0.208333333,0,0.2,121,200,321,0.39583333,0.375,0.22916667,0.125,0.45833333,0.41666667,"Josh Simpson",25957,681006
"Hunter Bigge","- - -",0.25,0.894736842,0.25,0.354166666,0.395833333,0.105263157,0.210526315,107,172,279,0.3125,0.52083333,0.16666667,0.125,0.45833333,0.41666667,"Hunter Bigge",26259,685801
"Mike Leake","- - -",0.2677966101694915,0.952755905,0.207667731,0.386581469,0.405750798,0.102362204,0.173228346,419,905,1324,0.39116719,0.38485804,0.22397476,0.12618297,0.45741325,0.41640379,"Mike Leake",10130,502190
"Zach Neal","OAK",0.3333333333333333,1,0.384615384,0.307692307,0.307692307,0.125,0.3125,105,185,290,0.47169811,0.24528302,0.28301887,0.18867925,0.39622642,0.41509434,"Zach Neal",11294,594943
"Madison Bumgarner","- - -",0.2950570342205323,0.806779661,0.224727272,0.346181818,0.429090909,0.105084745,0.133898305,2453,4753,7206,0.47954056,0.30509691,0.21536253,0.13567839,0.44938981,0.4149318,"Madison Bumgarner",5524,518516
"Victor Alcántara","DET",0.3,1.777777777,0.127906976,0.558139534,0.313953488,0.148148148,0.259259259,151,314,465,0.50574713,0.29885057,0.1954023,0.1954023,0.3908046,0.4137931,"Victor Alcantara",15028,622505
"Jon Duplantier","ARI",0.3448275862068966,1.387096774,0.168539325,0.483146067,0.348314606,0.064516129,0.161290322,198,316,514,0.45652174,0.36956522,0.17391304,0.16304348,0.42391304,0.41304348,"Jon Duplantier",19546,641541
"Emmanuel Ramirez","MIA",0.28125,0.75,0.176470588,0.352941176,0.470588235,0.125,0.125,83,142,225,0.44117647,0.41176471,0.14705882,0.11764706,0.47058824,0.41176471,"Emmanuel Ramirez",17304,642629
"Clayton Richard","TOR",0.3140495867768595,1.777777777,0.21875,0.5,0.28125,0.138888888,0.222222222,231,362,593,0.43410853,0.34108527,0.2248062,0.17054264,0.41860465,0.41085271,"Clayton Richard",3551,453385
"Angel Chivilli","COL",0.3419354838709677,1.795918367,0.184523809,0.523809523,0.291666666,0.061224489,0.265306122,291,562,853,0.48214286,0.29761905,0.2202381,0.14285714,0.44642857,0.41071429,"Angel Chivilli",26790,683409
"Troy Melton","DET",0.20754716981132076,0.6,0.127272727,0.327272727,0.545454545,0.1,0.1,105,200,305,0.39285714,0.30357143,0.30357143,0.14285714,0.44642857,0.41071429,"Troy Melton",31807,675512
"Justin Garza","- - -",0.3258426966292135,0.736842105,0.29032258,0.301075268,0.40860215,0.078947368,0.157894736,203,335,538,0.38947368,0.36842105,0.24210526,0.10526316,0.48421053,0.41052632,"Justin Garza",19784,621057
"John Curtiss","- - -",0.28378378378378377,0.956521739,0.22077922,0.38095238,0.398268398,0.086956521,0.130434782,420,740,1160,0.38888889,0.34188034,0.26923077,0.09401709,0.4957265,0.41025641,"John Curtiss",16128,595928
"Bryce Jarvis","ARI",0.24277456647398843,1.126760563,0.174863387,0.437158469,0.387978142,0.056338028,0.14084507,384,642,1026,0.44262295,0.31693989,0.24043716,0.12021858,0.46994536,0.40983607,"Bryce Jarvis",27477,686826
"Luke Weaver","- - -",0.31024531024531027,0.779874213,0.219310344,0.342068965,0.438620689,0.072327044,0.128930817,1525,2865,4390,0.36152797,0.33969986,0.29877217,0.09549795,0.4952251,0.40927694,"Luke Weaver",16918,596133
"Jesse Hahn","- - -",0.30952380952380953,2,0.162790697,0.558139534,0.279069767,0.166666666,0.166666666,108,170,278,0.34090909,0.5,0.15909091,0.18181818,0.40909091,0.40909091,"Jesse Hahn",13287,534910
"Brendon Little","- - -",0.2847682119205298,3.151515151,0.127388535,0.662420382,0.210191082,0.06060606,0.242424242,466,581,1047,0.49056604,0.32075472,0.18867925,0.20125786,0.38993711,0.40880503,"Brendon Little",21574,663893
"Adam Morgan","- - -",0.3132530120481928,1.147058823,0.215053763,0.419354838,0.365591397,0.058823529,0.294117647,192,353,545,0.4516129,0.31182796,0.23655914,0.1827957,0.40860215,0.40860215,"Adam Morgan",12580,605388
"Masahiro Tanaka","NYY",0.29819277108433734,1.434782608,0.188405797,0.478260869,0.333333333,0.130434782,0.139130434,530,1172,1702,0.47413793,0.29885057,0.22701149,0.17241379,0.41954023,0.40804598,"Masahiro Tanaka",15764,547888
"Andrew Cashner","- - -",0.2978723404255319,1.352272727,0.172,0.476,0.352,0.068181818,0.170454545,519,794,1313,0.368,0.36,0.272,0.128,0.464,0.408,"Andrew Cashner",8782,488768
"Brett Anderson","- - -",0.2918238993710692,2.037558685,0.207107843,0.531862745,0.261029411,0.056338028,0.145539906,1428,2318,3746,0.40556901,0.38619855,0.20823245,0.12106538,0.47094431,0.40799031,"Brett Anderson",8223,474463
"Dan Straily","BAL",0.367816091954023,0.472727272,0.213592233,0.252427184,0.533980582,0.145454545,0.29090909,189,303,492,0.37864078,0.34951456,0.27184466,0.19417476,0.39805825,0.40776699,"Dan Straily",9460,573185
"Dovydas Neverauskas","PIT",0.38,1.647058823,0.166666666,0.518518518,0.314814814,0.117647058,0.235294117,138,185,323,0.40740741,0.33333333,0.25925926,0.18518519,0.40740741,0.40740741,"Dovydas Neverauskas",11604,596720
"Félix Peña","LAA",0.27071823204419887,1.703703703,0.223404255,0.489361702,0.287234042,0.074074074,0.148148148,398,701,1099,0.5026455,0.32275132,0.17460317,0.13756614,0.45502646,0.40740741,"Felix Pena",13403,570240
"Richard Lovelady","- - -",0.2994350282485876,1.375,0.182795698,0.473118279,0.344086021,0.09375,0.1875,344,635,979,0.32275132,0.43386243,0.24338624,0.10582011,0.48677249,0.40740741,"Richard Lovelady",19337,663992
"Charlie Barnes","MIN",0.3269230769230769,1.024390243,0.209523809,0.4,0.39047619,0.048780487,0.097560975,202,321,523,0.4537037,0.34259259,0.2037037,0.10185185,0.49074074,0.40740741,"Charlie Barnes",19865,656212
"Brendan White","DET",0.3291139240506329,2.35,0.1625,0.5875,0.25,0.05,0.1,152,310,462,0.54320988,0.19753086,0.25925926,0.11111111,0.48148148,0.40740741,"Brendan White",26024,686839
"Sal Romano","- - -",0.32098765432098764,1.275862068,0.232558139,0.430232558,0.337209302,0.034482758,0.172413793,172,268,440,0.24418605,0.45348837,0.30232558,0.11627907,0.47674419,0.40697674,"Sal Romano",13690,607219
"Nick Anderson","- - -",0.3212669683257919,0.714285714,0.182978723,0.340425531,0.476595744,0.133928571,0.133928571,497,1053,1550,0.41101695,0.30932203,0.27966102,0.11864407,0.47457627,0.40677966,"Nick Anderson",18337,623433
"Kyle Dowdy","- - -",0.3392857142857143,1.857142857,0.322033898,0.440677966,0.237288135,0.071428571,0.214285714,137,194,331,0.3559322,0.33898305,0.30508475,0.11864407,0.47457627,0.40677966,"Kyle Dowdy",19285,664871
"Clay Buchholz","TOR",0.313953488372093,1.28125,0.197802197,0.45054945,0.351648351,0.0625,0.15625,137,279,416,0.45054945,0.31868132,0.23076923,0.20879121,0.38461538,0.40659341,"Clay Buchholz",3543,453329
"Jefry Rodriguez","- - -",0.3247863247863248,1.567567567,0.221311475,0.475409836,0.303278688,0.081081081,0.162162162,271,412,683,0.41463415,0.42276423,0.16260163,0.16260163,0.43089431,0.40650407,"Jefry Rodriguez",17018,622446
"Lewis Thorpe","MIN",0.35294117647058826,1.071428571,0.275,0.375,0.35,0.160714285,0.125,298,532,830,0.41875,0.3375,0.24375,0.2,0.39375,0.40625,"Lewis Thorpe",15906,626929
"Travis Bergen","- - -",0.26229508196721313,0.59375,0.203125,0.296875,0.5,0.09375,0.09375,205,264,469,0.421875,0.3125,0.265625,0.203125,0.390625,0.40625,"Travis Bergen",18581,664157
"Shawn Kelley","TEX",0.23809523809523808,0.6875,0.217391304,0.318840579,0.463768115,0.125,0.1875,122,280,402,0.36231884,0.44927536,0.1884058,0.17391304,0.42028986,0.4057971,"Shawn Kelley",7773,518875
"Tyler Thornburg","- - -",0.32894736842105265,0.409090909,0.215189873,0.227848101,0.556962025,0.136363636,0.068181818,193,321,514,0.39240506,0.37974684,0.2278481,0.11392405,0.48101266,0.40506329,"Tyler Thornburg",10688,592804
"Joe Harvey","- - -",0.375,1.75,0.214285714,0.5,0.285714285,0.083333333,0.166666666,108,152,260,0.38095238,0.38095238,0.23809524,0.14285714,0.45238095,0.4047619,"Joe Harvey",16459,642840
"Mason Barnett","ATH",0.358974358974359,0.375,0.214285714,0.214285714,0.571428571,0.083333333,0.125,91,164,255,0.33333333,0.33333333,0.33333333,0.14285714,0.45238095,0.4047619,"Mason Barnett",31741,686930
"Tim Melville","COL",0.2619047619047619,2.09090909,0.209302325,0.53488372,0.255813953,0,0.454545454,86,152,238,0.4893617,0.29787234,0.21276596,0.12765957,0.46808511,0.40425532,"Tim Melville",9149,543532
"Adrian Sampson","- - -",0.31666666666666665,0.925133689,0.198218262,0.385300668,0.416481069,0.096256684,0.176470588,803,1448,2251,0.42384106,0.35761589,0.21854305,0.15673289,0.4392936,0.40397351,"Adrian Sampson",13339,592716
"Cam Bedrosian","- - -",0.29577464788732394,0.93548387,0.2,0.386666666,0.413333333,0.14516129,0.14516129,308,564,872,0.25165563,0.35761589,0.39072848,0.21854305,0.37748344,0.40397351,"Cam Bedrosian",13360,592135
"Jerad Eickhoff","- - -",0.25517241379310346,1.068965517,0.215686274,0.405228758,0.379084967,0.120689655,0.189655172,302,524,826,0.43589744,0.3525641,0.21153846,0.20512821,0.39102564,0.40384615,"Jerad Eickhoff",12664,595191
"Pedro Báez","- - -",0.21367521367521367,0.789473684,0.170731707,0.365853658,0.463414634,0.175438596,0.122807017,314,513,827,0.48387097,0.33064516,0.18548387,0.16129032,0.43548387,0.40322581,"Pedro Baez",5420,520980
"Nick Tropeano","- - -",0.3333333333333333,0.84,0.292307692,0.323076923,0.384615384,0.12,0.2,146,234,380,0.52238806,0.25373134,0.2238806,0.10447761,0.49253731,0.40298507,"Nick Tropeano",12385,607374
"Brad Wieck","- - -",0.2647058823529412,0.514285714,0.263888888,0.25,0.486111111,0.057142857,0.114285714,224,380,604,0.31944444,0.375,0.30555556,0.125,0.47222222,0.40277778,"Brad Wieck",16390,623364
"Alex Young","- - -",0.27977315689981097,1.491803278,0.185714285,0.4875,0.326785714,0.076502732,0.19125683,1046,1853,2899,0.50177305,0.31382979,0.18439716,0.11524823,0.4822695,0.40248227,"Alex Young",18333,622065
"Roberto Osuna","HOU",0.2682926829268293,1,0.264367816,0.367816091,0.367816091,0.125,0.15625,144,316,460,0.37931034,0.27586207,0.34482759,0.13793103,0.45977011,0.40229885,"Roberto Osuna",13764,532077
"Kyle Nicolas","PIT",0.34104046242774566,1.423728813,0.196629213,0.471910112,0.331460674,0.084745762,0.101694915,391,626,1017,0.41340782,0.33519553,0.25139665,0.10614525,0.49162011,0.40223464,"Kyle Nicolas",27775,693312
"Brendan McKay","TBR",0.3617021276595745,0.666666666,0.25,0.3,0.45,0.066666666,0.177777777,242,454,696,0.31372549,0.35294118,0.33333333,0.14705882,0.45098039,0.40196078,"Brendan McKay",20186,656713
"Lake Bachar","MIA",0.2815533980582524,0.465517241,0.227272727,0.245454545,0.527272727,0.086206896,0.155172413,222,424,646,0.32142857,0.40178571,0.27678571,0.15178571,0.44642857,0.40178571,"Lake Bachar",19222,669199
"Kyle Barraclough","- - -",0.3063063063063063,0.606557377,0.190082644,0.305785123,0.504132231,0.114754098,0.180327868,326,521,847,0.36065574,0.36885246,0.2704918,0.16393443,0.43442623,0.40163934,"Kyle Barraclough",13713,607457
"Jacob Waguespack","- - -",0.3465909090909091,1.058823529,0.251336898,0.385026737,0.363636363,0.132352941,0.161764705,394,655,1049,0.4171123,0.34759358,0.23529412,0.1657754,0.43315508,0.40106952,"Jacob Waguespack",18318,621097
"Montana DuRapau","PIT",0.41379310344827586,1.2,0.266666666,0.4,0.333333333,0.1,0.1,63,119,182,0.4,0.36666667,0.23333333,0.23333333,0.36666667,0.4,"Montana DuRapau",16768,657566
"Thomas Szapucki","- - -",0.3448275862068966,0.866666666,0.2,0.371428571,0.428571428,0.066666666,0.4,96,141,237,0.57142857,0.25714286,0.17142857,0.08571429,0.51428571,0.4,"Thomas Szapucki",21065,663378
"Ray Kerr","- - -",0.36082474226804123,0.85,0.288461538,0.326923076,0.384615384,0.075,0.2,213,351,564,0.38095238,0.36190476,0.25714286,0.20952381,0.39047619,0.4,"Ray Kerr",23809,678061
"Amir Garrett","- - -",0.3025830258302583,1.175925925,0.172535211,0.447183098,0.38028169,0.083333333,0.157407407,788,1215,2003,0.42013889,0.32986111,0.25,0.14236111,0.45833333,0.39930556,"Amir Garrett",14375,607237
"Archie Bradley","- - -",0.32727272727272727,1.946666666,0.216312056,0.517730496,0.265957446,0.106666666,0.106666666,551,1002,1553,0.38869258,0.31095406,0.30035336,0.15547703,0.44522968,0.39929329,"Archie Bradley",12918,605151
"Ryan Borucki","- - -",0.32894736842105265,1.404761904,0.172131147,0.483606557,0.344262295,0.071428571,0.238095238,510,865,1375,0.47983871,0.31451613,0.20564516,0.12096774,0.47983871,0.39919355,"Ryan Borucki",16350,621366
"Blake Parker","- - -",0.2662337662337662,0.887323943,0.19760479,0.377245508,0.4251497,0.14084507,0.197183098,381,627,1008,0.45238095,0.32142857,0.22619048,0.16071429,0.44047619,0.39880952,"Blake Parker",5224,453284
"Nick Wittgren","- - -",0.27388535031847133,1.073170731,0.215384615,0.406153846,0.378461538,0.081300813,0.138211382,664,1200,1864,0.32326284,0.35347432,0.32326284,0.13897281,0.46223565,0.39879154,"Nick Wittgren",15594,621295
"Edgar García","- - -",0.29347826086956524,0.729166666,0.186274509,0.343137254,0.470588235,0.083333333,0.229166666,296,427,723,0.39805825,0.34951456,0.25242718,0.15533981,0.44660194,0.39805825,"Edgar Garcia",19276,658305
"Yoshihisa Hirano","- - -",0.35,1.131578947,0.213592233,0.417475728,0.368932038,0.105263157,0.078947368,249,419,668,0.52427184,0.25242718,0.22330097,0.13592233,0.46601942,0.39805825,"Yoshihisa Hirano",19756,673633
"AJ Smith-Shawver","ATL",0.2736842105263158,1,0.195876288,0.402061855,0.402061855,0.128205128,0.076923076,219,336,555,0.43877551,0.31632653,0.24489796,0.16326531,0.43877551,0.39795918,"AJ Smith-Shawver",29960,700363
"Brandon Workman","- - -",0.3312883435582822,1.591836734,0.225609756,0.475609756,0.298780487,0.020408163,0.061224489,492,724,1216,0.48192771,0.31325301,0.20481928,0.14457831,0.45783133,0.39759036,"Brandon Workman",11428,519443
"Jordan Zimmermann","- - -",0.31155778894472363,1.146666666,0.214634146,0.419512195,0.365853658,0.093333333,0.106666666,332,654,986,0.46376812,0.29468599,0.24154589,0.14009662,0.46376812,0.39613527,"Jordan Zimmermann",4505,519455
"Max Lazar","PHI",0.23157894736842105,0.88372093,0.198019801,0.376237623,0.425742574,0.093023255,0.139534883,167,297,464,0.33663366,0.35643564,0.30693069,0.11881188,0.48514851,0.3960396,"Max Lazar",23426,676661
"Sammy Peralta","- - -",0.32653061224489793,1.142857142,0.25,0.4,0.35,0.114285714,0.085714285,169,330,499,0.45544554,0.23762376,0.30693069,0.13861386,0.46534653,0.3960396,"Sammy Peralta",25589,671111
"Chris Devenski","- - -",0.3088235294117647,0.818181818,0.178082191,0.369863013,0.452054794,0.181818181,0.159090909,589,1034,1623,0.4334471,0.35153584,0.21501706,0.19453925,0.40955631,0.39590444,"Chris Devenski",12763,606965
"Jonathan Heasley","- - -",0.28110599078341014,0.989583333,0.169565217,0.413043478,0.417391304,0.104166666,0.135416666,414,723,1137,0.47391304,0.32608696,0.2,0.16086957,0.44347826,0.39565217,"Jonathan Heasley",22224,669169
"Logan Allen","- - -",0.3127147766323024,1.44680851,0.243421052,0.447368421,0.309210526,0.053191489,0.159574468,658,981,1639,0.41503268,0.3627451,0.22222222,0.12091503,0.48366013,0.39542484,"Logan Allen",18555,663531
"Wander Suero","- - -",0.2864321608040201,0.727272727,0.200934579,0.336448598,0.462616822,0.121212121,0.161616161,485,915,1400,0.38604651,0.32093023,0.29302326,0.15348837,0.45116279,0.39534884,"Wander Suero",15855,593833
"Bubba Chandler","PIT",0.3333333333333333,1.5,0.302325581,0.418604651,0.279069767,0.166666666,0.083333333,66,144,210,0.30232558,0.37209302,0.3255814,0.13953488,0.46511628,0.39534884,"Bubba Chandler",29868,696149
"McCade Brown","COL",0.25,0.894736842,0.162790697,0.395348837,0.441860465,0.052631578,0.157894736,84,155,239,0.41860465,0.48837209,0.09302326,0.13953488,0.46511628,0.39534884,"McCade Brown",30004,685326
"Vince Velasquez","- - -",0.2767527675276753,0.678832116,0.202772963,0.322357019,0.474870017,0.109489051,0.160583941,1311,2349,3660,0.4,0.35213675,0.24786325,0.14529915,0.45982906,0.39487179,"Vince Velasquez",11189,592826
"Ronald Bolaños","- - -",0.2777777777777778,1.2,0.12,0.48,0.4,0.066666666,0.133333333,190,267,457,0.44736842,0.30263158,0.25,0.14473684,0.46052632,0.39473684,"Ronald Bolanos",20041,671790
"Joey Gerber","- - -",0.24324324324324326,1.384615384,0.184210526,0.47368421,0.342105263,0.076923076,0.076923076,54,107,161,0.39473684,0.34210526,0.26315789,0.10526316,0.5,0.39473684,"Joey Gerber",24591,680702
"Tanner Gordon","COL",0.3872832369942196,1.224137931,0.291208791,0.39010989,0.318681318,0.120689655,0.206896551,300,618,918,0.44324324,0.28648649,0.27027027,0.14054054,0.46486486,0.39459459,"Tanner Gordon",27669,685299
"Jimmy Yacabonis","- - -",0.3939393939393939,0.981818181,0.232394366,0.38028169,0.387323943,0.163636363,0.181818181,308,491,799,0.46478873,0.38028169,0.15492958,0.18309859,0.42253521,0.3943662,"Jimmy Yacabonis",15157,642231
"Ljay Newsome","SEA",0.30158730158730157,1,0.23076923,0.384615384,0.384615384,0.08,0.12,98,236,334,0.37878788,0.37878788,0.24242424,0.15151515,0.45454545,0.39393939,"Ljay Newsome",19942,664714
"Michael Mercado","PHI",0.27586206896551724,1.071428571,0.121212121,0.454545454,0.424242424,0.071428571,0.285714285,72,127,199,0.54545455,0.42424242,0.03030303,0.03030303,0.57575758,0.39393939,"Michael Mercado",23223,675650
"Antonio Senzatela","COL",0.33575883575883575,1.653979238,0.22446916,0.483316481,0.292214357,0.051903114,0.141868512,1734,3033,4767,0.3559322,0.35992024,0.28414756,0.12362911,0.48255234,0.39381854,"Antonio Senzatela",15488,622608
"Jeff Samardzija","SFG",0.23745819397993312,1.041666666,0.207119741,0.404530744,0.388349514,0.133333333,0.133333333,546,1003,1549,0.40952381,0.40952381,0.18095238,0.18095238,0.42539683,0.39365079,"Jeff Samardzija",3254,502188
"Josh James","HOU",0.3023255813953488,0.617021276,0.191489361,0.308510638,0.5,0.042553191,0.170212765,341,499,840,0.34042553,0.30851064,0.35106383,0.18085106,0.42553191,0.39361702,"Josh James",16794,657624
"Drey Jameson","ARI",0.3258426966292135,1.2,0.180851063,0.44680851,0.372340425,0.057142857,0.142857142,204,353,557,0.36170213,0.38297872,0.25531915,0.17021277,0.43617021,0.39361702,"Drey Jameson",26260,686753
"Cade Horton","CHC",0.2185430463576159,0.763157894,0.13548387,0.374193548,0.49032258,0.092105263,0.065789473,280,583,863,0.4516129,0.30967742,0.23870968,0.12903226,0.47741935,0.39354839,"Cade Horton",31872,690990
"Gregory Soto","- - -",0.3255131964809384,1.16796875,0.208273894,0.426533523,0.365192582,0.046875,0.10546875,1727,2858,4585,0.348378,0.35543018,0.29619182,0.12411848,0.48236953,0.39351199,"Gregory Soto",19677,642397
"Seth Halvorsen","COL",0.3448275862068966,1.944444444,0.116666666,0.583333333,0.3,0.222222222,0.166666666,146,249,395,0.3442623,0.3442623,0.31147541,0.14754098,0.45901639,0.39344262,"Seth Halvorsen",33294,678020
"Félix Hernández","SEA",0.291044776119403,1.122807017,0.153846153,0.447552447,0.398601398,0.105263157,0.192982456,240,458,698,0.55862069,0.30344828,0.13793103,0.11724138,0.48965517,0.39310345,"Felix Hernandez",4772,433587
"Sean Burke","CHW",0.29245283018867924,0.801980198,0.18018018,0.364864864,0.454954954,0.07920792,0.118811881,427,757,1184,0.42410714,0.34821429,0.22767857,0.15625,0.45089286,0.39285714,"Sean Burke",29878,680732
"Tanner Roark","- - -",0.32448377581120946,1.142857142,0.245810055,0.402234636,0.351955307,0.063492063,0.182539682,735,1261,1996,0.40331492,0.35359116,0.24309392,0.12707182,0.48066298,0.39226519,"Tanner Roark",8753,543699
"Jason Vargas","- - -",0.26843657817109146,0.832258064,0.183908045,0.370689655,0.445402298,0.148387096,0.116129032,780,1189,1969,0.43977591,0.34733894,0.21288515,0.20168067,0.40616246,0.39215686,"Jason Vargas",8044,450306
"Luke Farrell","- - -",0.29347826086956524,0.785714285,0.21875,0.34375,0.4375,0.119047619,0.119047619,259,391,650,0.41237113,0.27835052,0.30927835,0.15463918,0.45360825,0.39175258,"Luke Farrell",15101,608652
"Sam Howard","- - -",0.2962962962962963,0.571428571,0.254237288,0.27118644,0.474576271,0.178571428,0.214285714,368,558,926,0.425,0.3,0.275,0.26666667,0.34166667,0.39166667,"Sam Howard",16265,607572
"Oliver Pérez","- - -",0.35555555555555557,0.891891891,0.222222222,0.366666666,0.411111111,0.027027027,0.081081081,184,353,537,0.34782609,0.39130435,0.26086957,0.10869565,0.5,0.39130435,"Oliver Perez",1514,424144
"Dillon Peters","- - -",0.31893687707641194,1.09090909,0.211838006,0.411214953,0.37694704,0.082644628,0.173553719,625,1101,1726,0.45962733,0.33850932,0.20186335,0.14285714,0.46583851,0.39130435,"Dillon Peters",18790,596071
"Luis Peralta","COL",0.2619047619047619,0.636363636,0.217391304,0.304347826,0.478260869,0,0.181818181,130,187,317,0.30434783,0.34782609,0.34782609,0.10869565,0.5,0.39130435,"Luis Peralta",24203,678821
"Eric Lauer","- - -",0.27663088356729976,0.683134582,0.222659323,0.315499606,0.46184107,0.091993185,0.139693356,2750,4998,7748,0.38401862,0.36539953,0.25058185,0.1458495,0.46314973,0.39100078,"Eric Lauer",19316,641778
"Valente Bellozo","MIA",0.23577235772357724,0.510204081,0.142857142,0.289575289,0.567567567,0.156462585,0.108843537,445,797,1242,0.36015326,0.35632184,0.2835249,0.16475096,0.44444444,0.3908046,"Valente Bellozo",23899,678368
"Ryne Nelson","ARI",0.2995720399429387,0.930693069,0.204081632,0.383673469,0.412244897,0.112211221,0.115511551,1259,2558,3817,0.37414966,0.37823129,0.24761905,0.12108844,0.48843537,0.39047619,"Ryne Nelson",26253,669194
"Chris Archer","- - -",0.29381443298969073,1.106666666,0.217821782,0.410891089,0.371287128,0.04,0.153333333,844,1475,2319,0.37317073,0.36829268,0.25853659,0.15365854,0.45609756,0.3902439,"Chris Archer",6345,502042
"Parker Markel","- - -",0.3157894736842105,1.538461538,0.195121951,0.487804878,0.31707317,0.076923076,0.23076923,127,165,292,0.31707317,0.43902439,0.24390244,0.12195122,0.48780488,0.3902439,"Parker Markel",12106,571917
"Mason Englert","- - -",0.27014218009478674,1.082352941,0.199095022,0.416289592,0.384615384,0.082352941,0.152941176,375,743,1118,0.47085202,0.37219731,0.15695067,0.12107623,0.48878924,0.39013453,"Mason Englert",22288,669438
"Ty Blach","- - -",0.37707948243992606,1.175257731,0.254416961,0.402826855,0.342756183,0.067010309,0.159793814,928,1747,2675,0.3479021,0.36188811,0.29020979,0.12412587,0.48601399,0.38986014,"Ty Blach",14361,621389
"Kent Emanuel","- - -",0.21153846153846154,1.5,0.152542372,0.508474576,0.33898305,0.05,0.35,96,174,270,0.42372881,0.37288136,0.20338983,0.13559322,0.47457627,0.38983051,"Kent Emanuel",15849,592288
"Eury Pérez","MIA",0.26905829596412556,0.56302521,0.208510638,0.285106382,0.506382978,0.12605042,0.109243697,479,936,1415,0.52118644,0.27118644,0.20762712,0.16101695,0.44915254,0.38983051,"Eury Perez",27768,691587
"Braxton Garrett","MIA",0.3210227272727273,1.449152542,0.213605442,0.465306122,0.321088435,0.06779661,0.148305084,1361,2638,3999,0.48985115,0.32476319,0.18538566,0.135318,0.47496617,0.38971583,"Braxton Garrett",21844,666129
"Ryne Stanek","- - -",0.26515151515151514,0.819672131,0.194192377,0.362976406,0.442831215,0.13114754,0.098360655,1381,2310,3691,0.32246377,0.40217391,0.27536232,0.14130435,0.4692029,0.38949275,"Ryne Stanek",15947,592773
"Kyle Freeland","COL",0.31263957123715946,1.145518044,0.21104452,0.421232876,0.367722602,0.093131548,0.138533178,4014,7281,11295,0.45207803,0.34690416,0.20101781,0.13994911,0.47073791,0.38931298,"Kyle Freeland",16256,607536
"Nick Vincent","- - -",0.30434782608695654,0.892857142,0.278911564,0.340136054,0.38095238,0.107142857,0.196428571,253,532,785,0.29530201,0.40268456,0.30201342,0.10067114,0.51006711,0.38926174,"Nick Vincent",7555,543883
"Garrett Richards","- - -",0.3341708542713568,1.11038961,0.224343675,0.408114558,0.367541766,0.123376623,0.136363636,766,1474,2240,0.43914081,0.33412888,0.22673031,0.150358,0.46062053,0.38902148,"Garrett Richards",9784,572070
"Wei-Chung Wang","- - -",0.2549019607843137,0.8,0.150943396,0.37735849,0.471698113,0.08,0.12,119,177,296,0.48148148,0.27777778,0.24074074,0.18518519,0.42592593,0.38888889,"Wei-Chung Wang",14382,623913
"Josh Rogers","- - -",0.2808988764044944,0.612244897,0.197969543,0.304568527,0.497461928,0.091836734,0.204081632,345,564,909,0.43434343,0.33333333,0.23232323,0.12626263,0.48484848,0.38888889,"Josh Rogers",18510,642028
"Conner Menez","- - -",0.27692307692307694,1.291666666,0.214285714,0.442857142,0.342857142,0.125,0.291666666,185,310,495,0.51388889,0.26388889,0.22222222,0.15277778,0.45833333,0.38888889,"Conner Menez",19199,669214
"Jake McGee","- - -",0.2695035460992908,0.567741935,0.181818181,0.296296296,0.521885521,0.122580645,0.122580645,522,1163,1685,0.31229236,0.34219269,0.34551495,0.13953488,0.4717608,0.38870432,"Jake McGee",7550,459429
"Kevin Herget","- - -",0.2376237623762376,0.860465116,0.22330097,0.3592233,0.417475728,0.186046511,0.046511627,168,333,501,0.3592233,0.34951456,0.29126214,0.12621359,0.48543689,0.38834951,"Kevin Herget",15369,643361
"Hunter Harvey","- - -",0.28688524590163933,1.029126213,0.180392156,0.415686274,0.403921568,0.058252427,0.106796116,573,1134,1707,0.37254902,0.28235294,0.34509804,0.12941176,0.48235294,0.38823529,"Hunter Harvey",15507,640451
"Tyler Beede","- - -",0.33663366336633666,1.561224489,0.203174603,0.485714285,0.311111111,0.091836734,0.173469387,686,1128,1814,0.409375,0.371875,0.21875,0.1375,0.475,0.3875,"Tyler Beede",16981,595881
"Connor Seabold","- - -",0.36764705882352944,0.808510638,0.209302325,0.353488372,0.437209302,0.042553191,0.138297872,367,701,1068,0.38709677,0.359447,0.25345622,0.14746544,0.46543779,0.38709677,"Connor Seabold",19695,657756
"Bryce Elder","ATL",0.3189102564102564,2.089285714,0.199074074,0.541666666,0.259259259,0.083333333,0.160714285,1294,2280,3574,0.52380952,0.30261137,0.17357911,0.12749616,0.48540707,0.38709677,"Bryce Elder",27779,693821
"Logan Evans","SEA",0.2905982905982906,1.186046511,0.241935483,0.411290322,0.346774193,0.093023255,0.162790697,263,427,690,0.45967742,0.33870968,0.2016129,0.15322581,0.45967742,0.38709677,"Logan Evans",33699,688138
"Will Smith","- - -",0.265625,0.705179282,0.214678899,0.324770642,0.460550458,0.107569721,0.151394422,1245,2152,3397,0.42909091,0.32727273,0.24363636,0.17153285,0.44160584,0.38686131,"Will Smith",8048,519293
"Shintaro Fujinami","- - -",0.33070866141732286,1.019607843,0.219696969,0.393939393,0.386363636,0.137254901,0.098039215,336,488,824,0.43939394,0.31060606,0.25,0.16666667,0.4469697,0.38636364,"Shintaro Fujinami",31839,660261
"Tyson Ross","DET",0.3584905660377358,1.333333333,0.263157894,0.421052631,0.315789473,0.055555555,0.222222222,131,196,327,0.28070175,0.36842105,0.35087719,0.24561404,0.36842105,0.38596491,"Tyson Ross",7872,475115
"Peyton Battenfield","CLE",0.32727272727272727,1.04347826,0.175438596,0.421052631,0.403508771,0.04347826,0.086956521,109,198,307,0.42105263,0.38596491,0.19298246,0.03508772,0.57894737,0.38596491,"Peyton Battenfield",25777,685410
"Zack Godley","- - -",0.30434782608695654,1.097222222,0.221649484,0.407216494,0.37113402,0.111111111,0.194444444,429,640,1069,0.44162437,0.33502538,0.22335025,0.1319797,0.4822335,0.3857868,"Zack Godley",14862,643327
"Nick Kingham","- - -",0.3804347826086957,0.969696969,0.29347826,0.347826086,0.358695652,0.151515151,0.121212121,198,328,526,0.36458333,0.38541667,0.25,0.1875,0.42708333,0.38541667,"Nick Kingham",11694,592468
"Griffin Canning","- - -",0.3028083028083028,1.073529411,0.187788018,0.420506912,0.391705069,0.064705882,0.158823529,1759,3209,4968,0.40137615,0.36123853,0.23738532,0.12958716,0.48509174,0.3853211,"Griffin Canning",19867,656288
"Richard Rodríguez","- - -",0.2457627118644068,1,0.172131147,0.413934426,0.413934426,0.07920792,0.08910891,475,861,1336,0.39754098,0.31147541,0.29098361,0.15163934,0.46311475,0.3852459,"Richard Rodriguez",13549,593144
"Trevor Richards","- - -",0.30269413629160064,0.724832214,0.217656012,0.328767123,0.453576864,0.110738255,0.130872483,1616,2763,4379,0.39104478,0.3238806,0.28507463,0.15522388,0.45970149,0.38507463,"Trevor Richards",19309,670950
"Hansel Robles","- - -",0.2939068100358423,1.046296296,0.221830985,0.397887323,0.38028169,0.083333333,0.111111111,601,1134,1735,0.38487973,0.36082474,0.25429553,0.15120275,0.46391753,0.38487973,"Hansel Robles",11801,570663
"Jhoulys Chacín","- - -",0.3201219512195122,1.0546875,0.235465116,0.39244186,0.372093023,0.125,0.1875,717,1314,2031,0.45868946,0.33333333,0.20797721,0.18518519,0.43019943,0.38461538,"Jhoulys Chacin",2608,468504
"Corey Oswalt","NYM",0.2708333333333333,0.782608695,0.196078431,0.352941176,0.450980392,0,0.173913043,108,192,300,0.40384615,0.19230769,0.40384615,0.07692308,0.53846154,0.38461538,"Corey Oswalt",13677,621261
"Kohl Stewart","- - -",0.34210526315789475,2.15,0.192307692,0.551282051,0.256410256,0.1,0.1,147,216,363,0.41025641,0.29487179,0.29487179,0.17948718,0.43589744,0.38461538,"Kohl Stewart",15502,640464
"Brett Martin","TEX",0.3232876712328767,1.979381443,0.229333333,0.512,0.258666666,0.092783505,0.12371134,627,1231,1858,0.41114058,0.35013263,0.23872679,0.13262599,0.48275862,0.38461538,"Brett Martin",17369,656685
"Cody Ponce","PIT",0.39080459770114945,1.629629629,0.219780219,0.483516483,0.296703296,0.074074074,0.148148148,198,366,564,0.37362637,0.40659341,0.21978022,0.16483516,0.45054945,0.38461538,"Cody Ponce",17920,664074
"Anthony Maldonado","- - -",0.375,0.59090909,0.285714285,0.265306122,0.448979591,0.136363636,0.181818181,106,165,271,0.51923077,0.28846154,0.19230769,0.15384615,0.46153846,0.38461538,"Anthony Maldonado",26034,687424
"Nick Mears","- - -",0.2974137931034483,0.895238095,0.17768595,0.388429752,0.433884297,0.066666666,0.095238095,565,1047,1612,0.32644628,0.34710744,0.32644628,0.11983471,0.49586777,0.38429752,"Nick Mears",25376,683232
"Luke Bard","- - -",0.20833333333333334,0.884615384,0.209677419,0.370967741,0.419354838,0.115384615,0.096153846,244,455,699,0.384,0.368,0.248,0.216,0.4,0.384,"Luke Bard",14288,572703
"Zac Gallen","- - -",0.2822273073989321,1.011049723,0.202337472,0.401022644,0.396639883,0.068139963,0.11786372,3069,5394,8463,0.40145455,0.33454545,0.264,0.12654545,0.48945455,0.384,"Zac Gallen",19291,668678
"Ross Detwiler","- - -",0.30718954248366015,1,0.183183183,0.408408408,0.408408408,0.110294117,0.220588235,695,1204,1899,0.53571429,0.29464286,0.16964286,0.1577381,0.45833333,0.38392857,"Ross Detwiler",2859,446321
"James Norwood","- - -",0.3728813559322034,1.142857142,0.25,0.4,0.35,0.142857142,0.047619047,169,263,432,0.38333333,0.3,0.31666667,0.21666667,0.4,0.38333333,"James Norwood",16440,656803
"Keaton Winn","SFG",0.2774566473988439,1.767857142,0.129213483,0.556179775,0.314606741,0.053571428,0.160714285,277,608,885,0.48333333,0.34444444,0.17222222,0.1,0.51666667,0.38333333,"Keaton Winn",23499,676775
"Darius Vines","ATL",0.25,0.733333333,0.133333333,0.366666666,0.5,0.1,0.133333333,135,194,329,0.4,0.35,0.25,0.11666667,0.5,0.38333333,"Darius Vines",25928,670241
"Anthony Swarzak","- - -",0.25757575757575757,1.25,0.217391304,0.434782608,0.347826086,0.166666666,0.1875,281,439,720,0.39007092,0.30496454,0.30496454,0.16312057,0.45390071,0.38297872,"Anthony Swarzak",7466,461872
"Mike Foltynewicz","- - -",0.2739018087855297,1.168918918,0.21707317,0.421951219,0.360975609,0.135135135,0.209459459,757,1485,2242,0.49521531,0.31578947,0.18899522,0.18660287,0.43062201,0.38277512,"Mike Foltynewicz",10811,592314
"Taylor Cole","LAA",0.38636363636363635,1.461538461,0.280898876,0.426966292,0.292134831,0.038461538,0.038461538,204,311,515,0.46067416,0.2247191,0.31460674,0.16853933,0.4494382,0.38202247,"Taylor Cole",11964,518566
"Zach Agnos","COL",0.21153846153846154,0.958333333,0.129629629,0.425925925,0.444444444,0,0.125,103,155,258,0.4,0.36363636,0.23636364,0.18181818,0.43636364,0.38181818,"Zach Agnos",31552,688642
"Dinelson Lamet","- - -",0.3188405797101449,0.924369747,0.196491228,0.385964912,0.417543859,0.117647058,0.12605042,805,1351,2156,0.36769759,0.37457045,0.25773196,0.17869416,0.43986254,0.3814433,"Dinelson Lamet",17186,659275
"Michael Rucker","CHC",0.3258426966292135,1.188405797,0.201058201,0.433862433,0.365079365,0.130434782,0.159420289,478,734,1212,0.38095238,0.37566138,0.24338624,0.14285714,0.47619048,0.38095238,"Michael Rucker",19454,621074
"Kevin McCarthy","KCR",0.3409090909090909,3.478260869,0.219696969,0.606060606,0.174242424,0.086956521,0.086956521,184,418,602,0.46268657,0.35074627,0.18656716,0.17910448,0.44029851,0.38059701,"Kevin McCarthy",15240,641838
"Gordon Graceffo","STL",0.35555555555555557,1.5,0.285714285,0.428571428,0.285714285,0.038461538,0.076923076,185,319,504,0.45652174,0.35869565,0.18478261,0.05434783,0.56521739,0.38043478,"Gordon Graceffo",29519,700669
"Javy Guerra","- - -",0.2929936305732484,0.5875,0.211180124,0.291925465,0.496894409,0.0875,0.0875,251,583,834,0.32515337,0.34969325,0.32515337,0.16564417,0.45398773,0.3803681,"Javy Guerra",7407,457915
"Justin Wrobleski","LAD",0.3197969543147208,1.051948051,0.233009708,0.393203883,0.373786407,0.116883116,0.142857142,422,790,1212,0.32211538,0.38461538,0.29326923,0.15384615,0.46634615,0.37980769,"Justin Wrobleski",31204,680736
"Tayron Guerrero","MIA",0.2631578947368421,1.344827586,0.139240506,0.493670886,0.367088607,0.034482758,0.103448275,191,304,495,0.36708861,0.39240506,0.24050633,0.13924051,0.48101266,0.37974684,"Tayron Guerrero",11691,594027
"Cody Reed","- - -",0.2727272727272727,1.6875,0.245614035,0.47368421,0.280701754,0,0.1875,121,186,307,0.4137931,0.36206897,0.22413793,0.12068966,0.5,0.37931034,"Cody Reed",15232,642003
"Michael Pineda","- - -",0.28346456692913385,0.945454545,0.198501872,0.389513108,0.411985018,0.068181818,0.136363636,941,1946,2887,0.41821561,0.33457249,0.2472119,0.13568773,0.48513011,0.37918216,"Michael Pineda",5372,501381
"Wilmer Font","- - -",0.313953488372093,0.857142857,0.205555555,0.366666666,0.427777777,0.181818181,0.129870129,390,744,1134,0.4010989,0.36813187,0.23076923,0.15934066,0.46153846,0.37912088,"Wilmer Font",5257,521655
"Kyle Ryan","CHC",0.31724137931034485,2.1,0.178807947,0.55629139,0.264900662,0.1,0.225,357,570,927,0.37254902,0.36601307,0.26143791,0.16339869,0.45751634,0.37908497,"Kyle Ryan",11753,594986
"Drew Steckenrider","- - -",0.25874125874125875,0.718309859,0.197368421,0.335526315,0.467105263,0.225352112,0.14084507,275,522,797,0.38562092,0.34640523,0.26797386,0.18954248,0.43137255,0.37908497,"Drew Steckenrider",18806,608716
"Zack Thompson","STL",0.3160377358490566,1.234567901,0.199115044,0.442477876,0.358407079,0.074074074,0.185185185,492,925,1417,0.40088106,0.32599119,0.27312775,0.14537445,0.47577093,0.37885463,"Zack Thompson",25918,668868
"José Alvarado","- - -",0.3546099290780142,1.518796992,0.23690205,0.460136674,0.302961275,0.090225563,0.135338345,1438,2160,3598,0.40136054,0.34240363,0.25623583,0.12018141,0.50113379,0.37868481,"Jose Alvarado",17780,621237
"Nick Vespi","BAL",0.2857142857142857,1.6,0.242718446,0.466019417,0.291262135,0.066666666,0.166666666,166,339,505,0.52427184,0.33009709,0.14563107,0.18446602,0.4368932,0.37864078,"Nick Vespi",21093,663989
"Justus Sheffield","SEA",0.36027713625866054,1.703125,0.218961625,0.492099322,0.288939051,0.0546875,0.1328125,934,1470,2404,0.47438753,0.31403118,0.21158129,0.10690423,0.51447661,0.37861915,"Justus Sheffield",17285,656954
"CC Sabathia","NYY",0.31896551724137934,0.950980392,0.200803212,0.389558232,0.409638554,0.098039215,0.196078431,504,865,1369,0.4501992,0.3187251,0.2310757,0.18326693,0.43824701,0.37848606,"CC Sabathia",404,282332
"Tyler Phillips","- - -",0.3131868131868132,1.402985074,0.165803108,0.487046632,0.347150259,0.134328358,0.164179104,273,562,835,0.48186528,0.37305699,0.14507772,0.19689119,0.42487047,0.37823834,"Tyler Phillips",20629,663969
"Kyle Leahy","STL",0.2644628099173554,1.031914893,0.217213114,0.397540983,0.385245901,0.138297872,0.042553191,381,809,1190,0.32113821,0.40243902,0.27642276,0.14634146,0.47560976,0.37804878,"Kyle Leahy",24763,681517
"Shane Baz","TBR",0.27680798004987534,1.296774193,0.162352941,0.472941176,0.364705882,0.103225806,0.161290322,787,1546,2333,0.41784038,0.34976526,0.23239437,0.12206573,0.5,0.37793427,"Shane Baz",22264,669358
"Jeanmar Gómez","TEX",0.45454545454545453,4.5,0.266666666,0.6,0.133333333,0,0.166666666,72,133,205,0.46666667,0.28888889,0.24444444,0.06666667,0.55555556,0.37777778,"Jeanmar Gomez",9033,491646
"Caleb Kilian","CHC",0.3409090909090909,2,0.162790697,0.558139534,0.279069767,0.083333333,0.083333333,129,162,291,0.46666667,0.31111111,0.22222222,0.13333333,0.48888889,0.37777778,"Caleb Kilian",26213,668873
"Taylor Widener","ARI",0.28313253012048195,0.828947368,0.191860465,0.366279069,0.441860465,0.078947368,0.118421052,378,675,1053,0.37142857,0.36571429,0.26285714,0.14285714,0.48,0.37714286,"Taylor Widener",19266,642203
"Cam Booser","- - -",0.26785714285714285,0.515151515,0.166666666,0.283333333,0.55,0.075757575,0.151515151,245,476,721,0.49180328,0.29508197,0.21311475,0.13934426,0.48360656,0.37704918,"Cam Booser",16061,592155
"Francisco Pérez","- - -",0.2711864406779661,0.75,0.196721311,0.344262295,0.459016393,0.178571428,0.071428571,164,246,410,0.31147541,0.39344262,0.29508197,0.14754098,0.47540984,0.37704918,"Francisco Perez",21018,660906
"Adam Conley","- - -",0.29411764705882354,0.757575757,0.188811188,0.349650349,0.461538461,0.136363636,0.166666666,305,531,836,0.32876712,0.38356164,0.28767123,0.17123288,0.45205479,0.37671233,"Adam Conley",14457,543045
"David Hernandez","CIN",0.3333333333333333,0.821428571,0.32,0.306666666,0.373333333,0.178571428,0.071428571,154,293,447,0.32467532,0.42857143,0.24675325,0.16883117,0.45454545,0.37662338,"David Hernandez",4259,456696
"Ethan Roberts","CHC",0.352112676056338,0.54054054,0.259740259,0.259740259,0.48051948,0.108108108,0.162162162,163,267,430,0.33766234,0.45454545,0.20779221,0.12987013,0.49350649,0.37662338,"Ethan Roberts",24930,681799
"Mason Fluharty","TOR",0.2191780821917808,1,0.105263157,0.447368421,0.447368421,0.029411764,0.117647058,179,272,451,0.50649351,0.28571429,0.20779221,0.15584416,0.46753247,0.37662338,"Mason Fluharty",31553,689254
"Daniel Ponce de Leon","STL",0.2469879518072289,0.868421052,0.193181818,0.375,0.431818181,0.118421052,0.157894736,444,695,1139,0.34831461,0.33146067,0.32022472,0.14606742,0.47752809,0.37640449,"Daniel Ponce de Leon",16110,594965
"Joe Biagini","- - -",0.32231404958677684,2.25,0.266129032,0.508064516,0.225806451,0.107142857,0.142857142,279,454,733,0.424,0.328,0.248,0.136,0.488,0.376,"Joe Biagini",13194,607352
"Yoshinobu Yamamoto","LAD",0.2848297213622291,1.518181818,0.178041543,0.495548961,0.326409495,0.109090909,0.136363636,770,1412,2182,0.42307692,0.32248521,0.25443787,0.13609467,0.48816568,0.37573964,"Yoshinobu Yamamoto",33825,808967
"Daniel Norris","- - -",0.3027823240589198,1.272321428,0.2046875,0.4453125,0.35,0.0625,0.165178571,1364,2303,3667,0.38948995,0.36939722,0.24111283,0.12210201,0.50231839,0.3755796,"Daniel Norris",13475,596057
"Trevor Cahill","- - -",0.27692307692307694,1.607142857,0.197802197,0.494505494,0.307692307,0.035714285,0.202380952,633,1007,1640,0.50902527,0.32129964,0.16967509,0.18411552,0.44043321,0.37545126,"Trevor Cahill",6249,502239
"Kevin Gausman","- - -",0.31723675385647215,1.059964726,0.235101506,0.393582187,0.371316306,0.116402116,0.112874779,2998,6173,9171,0.3855577,0.32882012,0.28562218,0.15473888,0.47001934,0.37524178,"Kevin Gausman",14107,592332
"Connor Sadzeck","- - -",0.3111111111111111,1.111111111,0.208333333,0.416666666,0.375,0.277777777,0.166666666,93,148,241,0.27083333,0.5,0.22916667,0.22916667,0.39583333,0.375,"Connor Sadzeck",13483,592712
"Tyler Bashlor","- - -",0.2549019607843137,0.75,0.109090909,0.381818181,0.509090909,0.035714285,0.178571428,110,184,294,0.44642857,0.33928571,0.21428571,0.10714286,0.51785714,0.375,"Tyler Bashlor",15203,641341
"Tanner Anderson","- - -",0.3125,2.545454545,0.1875,0.583333333,0.229166666,0.363636363,0,83,141,224,0.35416667,0.3125,0.33333333,0.29166667,0.33333333,0.375,"Tanner Anderson",18029,664196
"Hector Velázquez","BOS",0.37209302325581395,1.464285714,0.206896551,0.471264367,0.32183908,0.285714285,0.071428571,183,316,499,0.39772727,0.29545455,0.30681818,0.22727273,0.39772727,0.375,"Hector Velazquez",19341,584171
"Justin Hagenman","NYM",0.22580645161290322,0.928571428,0.15625,0.40625,0.4375,0.142857142,0.071428571,76,123,199,0.53125,0.34375,0.125,0.09375,0.53125,0.375,"Justin Hagenman",21546,663795
"Anthony Veneziano","- - -",0.36507936507936506,0.958333333,0.253968253,0.365079365,0.38095238,0.041666666,0.041666666,148,238,386,0.390625,0.328125,0.28125,0.109375,0.515625,0.375,"Anthony Veneziano",27453,685107
"Mason Black","SFG",0.373134328358209,0.90625,0.152777777,0.402777777,0.444444444,0.125,0.15625,139,263,402,0.40277778,0.41666667,0.18055556,0.16666667,0.45833333,0.375,"Mason Black",30171,696131
"Nolan McLean","NYM",0.2692307692307692,2.4,0.089285714,0.642857142,0.267857142,0.066666666,0.266666666,110,213,323,0.32142857,0.39285714,0.28571429,0.125,0.5,0.375,"Nolan McLean",33703,690997
"Shinnosuke Ogasawara","WSN",0.3283582089552239,0.966666666,0.180555555,0.402777777,0.416666666,0.033333333,0.166666666,131,245,376,0.45833333,0.33333333,0.20833333,0.09722222,0.52777778,0.375,"Shinnosuke Ogasawara",35324,829272
"Cole Hamels","- - -",0.31528662420382164,1.366972477,0.19375,0.465625,0.340625,0.073394495,0.128440366,730,1244,1974,0.43558282,0.36503067,0.1993865,0.13803681,0.48773006,0.37423313,"Cole Hamels",4972,430935
"T.J. McFarland","- - -",0.31873479318734793,2.585106382,0.197619047,0.578571428,0.223809523,0.063829787,0.14893617,754,1150,1904,0.45882353,0.33176471,0.20941176,0.12705882,0.49882353,0.37411765,"T.J. McFarland",3237,519008
"Wily Peralta","- - -",0.3125,1.888888888,0.206779661,0.518644067,0.274576271,0.061728395,0.12345679,652,925,1577,0.44781145,0.31649832,0.23569024,0.14141414,0.48484848,0.37373737,"Wily Peralta",7738,503449
"Easton Lucas","- - -",0.32978723404255317,0.818181818,0.191919191,0.363636363,0.444444444,0.09090909,0.113636363,198,352,550,0.50505051,0.26262626,0.23232323,0.11111111,0.51515152,0.37373737,"Easton Lucas",26058,687922
"Angel Zerpa","KCR",0.31378299120234604,1.627272727,0.183615819,0.505649717,0.310734463,0.063636363,0.163636363,706,1227,1933,0.3816156,0.33983287,0.27855153,0.11977716,0.50696379,0.37325905,"Angel Zerpa",22717,672582
"Ryan Sherriff","- - -",0.3050847457627119,1.35,0.20338983,0.457627118,0.33898305,0.05,0,115,182,297,0.42372881,0.28813559,0.28813559,0.16949153,0.45762712,0.37288136,"Ryan Sherriff",12249,595411
"James Paxton","- - -",0.2859060402684564,0.79494382,0.1870229,0.36005089,0.452926208,0.129213483,0.140449438,1840,3246,5086,0.36649874,0.33879093,0.29471033,0.16372796,0.46347607,0.37279597,"James Paxton",11828,572020
"Devin Smeltzer","- - -",0.2620320855614973,0.910714285,0.181122448,0.390306122,0.428571428,0.101190476,0.136904761,658,1275,1933,0.45843829,0.31738035,0.22418136,0.13853904,0.48866499,0.37279597,"Devin Smeltzer",19487,656970
"Ty Buttrey","LAA",0.32903225806451614,1.952380952,0.229813664,0.50931677,0.260869565,0.166666666,0.142857142,305,576,881,0.37267081,0.27329193,0.35403727,0.1552795,0.47204969,0.37267081,"Ty Buttrey",14719,621142
"Fraser Ellard","CHW",0.14583333333333334,0.88,0.078431372,0.431372549,0.490196078,0.16,0.12,174,247,421,0.41176471,0.2745098,0.31372549,0.19607843,0.43137255,0.37254902,"Fraser Ellard",29530,686642
"Yusei Kikuchi","- - -",0.31524303916941954,1.141304347,0.208128628,0.422063421,0.369807949,0.077294685,0.166666666,4889,8485,13374,0.42091272,0.32786885,0.25121843,0.1369074,0.49136021,0.37173239,"Yusei Kikuchi",20633,579328
"Ben Heller","- - -",0.3333333333333333,1.222222222,0.142857142,0.471428571,0.385714285,0.111111111,0.148148148,165,273,438,0.3,0.4,0.3,0.14285714,0.48571429,0.37142857,"Ben Heller",15100,621294
"Adam Plutko","- - -",0.27124183006535946,0.613496932,0.207831325,0.301204819,0.490963855,0.159509202,0.171779141,672,1128,1800,0.35329341,0.35928144,0.28742515,0.17664671,0.45209581,0.37125749,"Adam Plutko",15846,592644
"Tyler Alexander","- - -",0.3074295473953886,0.77037037,0.220863895,0.339038304,0.440097799,0.088888888,0.124074074,2160,4210,6370,0.3807599,0.35489086,0.26434923,0.15117219,0.4777688,0.37105901,"Tyler Alexander",17735,641302
"Tyler Gilbert","- - -",0.250936329588015,0.755905511,0.200716845,0.344086021,0.455197132,0.094488188,0.133858267,549,966,1515,0.40989399,0.3180212,0.27208481,0.13427562,0.49469965,0.37102473,"Tyler Gilbert",17964,656457
"Tyler Zuber","- - -",0.2289156626506024,0.921052631,0.17977528,0.393258426,0.426966292,0.105263157,0.157894736,271,393,664,0.35955056,0.34831461,0.29213483,0.21348315,0.41573034,0.37078652,"Tyler Zuber",20379,676604
"Louis Varland","- - -",0.3143712574850299,1.54054054,0.198863636,0.485795454,0.315340909,0.063063063,0.198198198,686,1333,2019,0.41292135,0.35955056,0.22752809,0.12640449,0.50280899,0.37078652,"Louis Varland",27691,686973
"Mitchell Parker","WSN",0.2834008097165992,0.892744479,0.222797927,0.36658031,0.410621761,0.085173501,0.113564668,1302,2545,3847,0.42599743,0.32561133,0.24839125,0.12998713,0.4993565,0.37065637,"Mitchell Parker",27636,680730
"Hayden Birdsong","SFG",0.25625,0.794871794,0.166666666,0.369047619,0.464285714,0.115384615,0.128205128,442,704,1146,0.40588235,0.35882353,0.23529412,0.14705882,0.48235294,0.37058824,"Hayden Birdsong",31635,806185
"Michel Baez","SDP",0.35185185185185186,1.411764705,0.226415094,0.452830188,0.320754716,0.176470588,0,126,227,353,0.33333333,0.40740741,0.25925926,0.18518519,0.44444444,0.37037037,"Michel Baez",20100,673258
"Jeff Hoffman","- - -",0.26481481481481484,0.833992094,0.190226876,0.368237347,0.441535776,0.14229249,0.150197628,1312,2290,3602,0.41868512,0.33044983,0.25086505,0.17301038,0.4567474,0.37024221,"Jeff Hoffman",17432,656546
"Sam Clay","- - -",0.35051546391752575,2.857142857,0.19,0.6,0.21,0.047619047,0.142857142,202,294,496,0.39,0.33,0.28,0.11,0.52,0.37,"Sam Clay",16279,621348
"Kirby Snead","- - -",0.3356643356643357,0.931034482,0.222222222,0.375,0.402777777,0.034482758,0.051724137,334,491,825,0.26712329,0.4109589,0.32191781,0.10273973,0.52739726,0.36986301,"Kirby Snead",19179,669912
"Cody Bolton","- - -",0.34285714285714286,0.857142857,0.277777777,0.333333333,0.388888888,0.107142857,0.107142857,175,278,453,0.34246575,0.35616438,0.30136986,0.1369863,0.49315068,0.36986301,"Cody Bolton",23265,675989
"Richard Fitts","BOS",0.2743362831858407,0.94117647,0.168067226,0.403361344,0.428571428,0.039215686,0.137254901,160,383,543,0.3697479,0.31092437,0.31932773,0.14285714,0.48739496,0.3697479,"Richard Fitts",30160,690916
"Germán Márquez","COL",0.2974261201143947,1.50872093,0.208982584,0.475710357,0.315307057,0.093023255,0.162790697,1828,3683,5511,0.42663043,0.33695652,0.23641304,0.14583333,0.48460145,0.36956522,"German Marquez",15038,608566
"Jackson Tetreault","WSN",0.30952380952380953,1.75,0.282608695,0.456521739,0.260869565,0.166666666,0.333333333,95,130,225,0.39130435,0.32608696,0.2826087,0.08695652,0.54347826,0.36956522,"Jackson Tetreault",20565,676194
"Cody Stashak","MIN",0.2761904761904762,0.415384615,0.171171171,0.243243243,0.585585585,0.138461538,0.092307692,189,453,642,0.37837838,0.37837838,0.24324324,0.18018018,0.45045045,0.36936937,"Cody Stashak",18088,664054
"Chance Adams","- - -",0.45,0.533333333,0.292307692,0.246153846,0.461538461,0.033333333,0.166666666,154,237,391,0.33846154,0.36923077,0.29230769,0.12307692,0.50769231,0.36923077,"Chance Adams",18135,664856
"Justin Bruihl","- - -",0.3333333333333333,1.145454545,0.197278911,0.428571428,0.374149659,0.09090909,0.145454545,270,466,736,0.45637584,0.30201342,0.24161074,0.09395973,0.53691275,0.36912752,"Justin Bruihl",23779,677865
"Roddery Muñoz","- - -",0.24817518248175183,0.838709677,0.234899328,0.348993288,0.416107382,0.080645161,0.193548387,323,554,877,0.37583893,0.37583893,0.24832215,0.15436242,0.47651007,0.36912752,"Roddery Munoz",25311,682610
"Ian Kennedy","- - -",0.31230283911671924,0.787671232,0.216216216,0.345345345,0.438438438,0.123287671,0.130136986,618,1189,1807,0.36011905,0.30952381,0.33035714,0.1547619,0.47619048,0.36904762,"Ian Kennedy",6986,453178
"Corey Knebel","- - -",0.30612244897959184,0.975609756,0.213592233,0.388349514,0.398058252,0.097560975,0.146341463,286,441,727,0.34951456,0.34951456,0.30097087,0.13592233,0.49514563,0.36893204,"Corey Knebel",15010,608349
"Daniel Lynch IV","KCR",0.3030998851894374,0.965240641,0.196721311,0.394535519,0.408743169,0.077540106,0.128342245,1873,3137,5010,0.39825898,0.3656148,0.23612622,0.14145811,0.48966268,0.36887922,"Daniel Lynch IV",21537,663738
"J.A. Happ","- - -",0.2925,0.773087071,0.210340775,0.344300822,0.445358401,0.081794195,0.160949868,1803,2941,4744,0.35813953,0.38139535,0.26046512,0.14767442,0.48372093,0.36860465,"J.A. Happ",7410,457918
"Jimmy Nelson","- - -",0.25925925925925924,0.689655172,0.140350877,0.350877192,0.508771929,0.103448275,0.103448275,195,285,480,0.36842105,0.36842105,0.26315789,0.14035088,0.49122807,0.36842105,"Jimmy Nelson",10547,519076
"Parker Mushinski","HOU",0.28846153846153844,1.588235294,0.228070175,0.47368421,0.298245614,0.058823529,0.294117647,122,202,324,0.56140351,0.29824561,0.14035088,0.10526316,0.52631579,0.36842105,"Parker Mushinski",21324,656786
"Caden Dana","LAA",0.2463768115942029,1.275862068,0.131578947,0.486842105,0.381578947,0.034482758,0.24137931,142,237,379,0.44736842,0.28947368,0.26315789,0.13157895,0.5,0.36842105,"Caden Dana",31508,702674
"Connelly Early","BOS",0.3684210526315789,1.2,0.131578947,0.47368421,0.394736842,0.2,0,87,152,239,0.5,0.36842105,0.13157895,0.23684211,0.39473684,0.36842105,"Connelly Early",33666,813349
"Ian Gibaut","- - -",0.3024193548387097,0.828828828,0.20703125,0.359375,0.43359375,0.126126126,0.09009009,543,955,1498,0.32945736,0.37984496,0.29069767,0.15116279,0.48062016,0.36821705,"Ian Gibaut",17871,664139
"Manny Banuelos","- - -",0.29411764705882354,1.073529411,0.216666666,0.405555555,0.377777777,0.058823529,0.176470588,459,662,1121,0.42857143,0.3956044,0.17582418,0.14285714,0.48901099,0.36813187,"Manny Banuelos",5365,544365
"Spencer Howard","- - -",0.38016528925619836,1.092783505,0.219230769,0.407692307,0.373076923,0.082474226,0.195876288,486,916,1402,0.35249042,0.33716475,0.31034483,0.1532567,0.4789272,0.36781609,"Spencer Howard",23252,675921
"Zach Logue","- - -",0.3235294117647059,0.724137931,0.184782608,0.342391304,0.472826086,0.149425287,0.172413793,354,611,965,0.43783784,0.2972973,0.26486486,0.18918919,0.44324324,0.36756757,"Zach Logue",20231,656657
"Cody Morris","CLE",0.3125,1.428571428,0.306122448,0.408163265,0.285714285,0,0.071428571,121,202,323,0.3877551,0.40816327,0.20408163,0.14285714,0.48979592,0.36734694,"Cody Morris",25388,663752
"Chase Anderson","- - -",0.30064308681672025,0.826388888,0.20182094,0.361153262,0.437025796,0.100694444,0.166666666,1341,2298,3639,0.37014925,0.36119403,0.26865672,0.18059701,0.45223881,0.36716418,"Chase Anderson",6895,502624
"Matt Gage","- - -",0.36363636363636365,1.44,0.217948717,0.461538461,0.32051282,0.12,0.08,175,291,466,0.48101266,0.2278481,0.29113924,0.16455696,0.46835443,0.36708861,"Matt Gage",17381,657424
"Landon Knack","LAD",0.23943661971830985,0.670886075,0.164556962,0.335443037,0.5,0.139240506,0.202531645,325,549,874,0.44936709,0.32911392,0.22151899,0.13924051,0.49367089,0.36708861,"Landon Knack",27487,689017
"Zach Davies","- - -",0.31201764057331866,1.309904153,0.225080385,0.439442658,0.335476956,0.076677316,0.15654952,2054,3290,5344,0.43396226,0.33438155,0.23165618,0.14570231,0.48742138,0.36687631,"Zach Davies",13183,605200
"Kyle Hart","- - -",0.3211009174311927,0.629032258,0.144067796,0.330508474,0.525423728,0.048387096,0.177419354,252,411,663,0.41666667,0.33333333,0.25,0.175,0.45833333,0.36666667,"Kyle Hart",19646,606996
"Freddy Tarnok","- - -",0.07692307692307693,0.5625,0.166666666,0.3,0.533333333,0.1875,0.25,101,136,237,0.36666667,0.43333333,0.2,0.23333333,0.4,0.36666667,"Freddy Tarnok",23324,676206
"Luis Curvelo","TEX",0.2962962962962963,1.083333333,0.166666666,0.433333333,0.4,0.25,0.25,63,104,167,0.4,0.33333333,0.26666667,0.3,0.33333333,0.36666667,"Luis Curvelo",24710,681168
"Robert Dugger","- - -",0.3146853146853147,0.861538461,0.203947368,0.368421052,0.427631578,0.061538461,0.153846153,275,529,804,0.41176471,0.33986928,0.24836601,0.10457516,0.52941176,0.36601307,"Robert Dugger",19191,667498
"Will Warren","NYY",0.32432432432432434,1.069767441,0.242553191,0.391489361,0.365957446,0.03488372,0.15116279,510,958,1468,0.36595745,0.3787234,0.25531915,0.11489362,0.51914894,0.36595745,"Will Warren",30182,701542
"Roansy Contreras","- - -",0.30256410256410254,0.963855421,0.199017199,0.393120393,0.407862407,0.108433734,0.120481927,835,1511,2346,0.44878049,0.33170732,0.2195122,0.14878049,0.48536585,0.36585366,"Roansy Contreras",22810,672710
"Ky Bush","CHW",0.28205128205128205,0.65,0.175,0.325,0.5,0.05,0.1,105,137,242,0.41463415,0.26829268,0.31707317,0.07317073,0.56097561,0.36585366,"Ky Bush",29823,681066
"Garrett Cleavinger","- - -",0.2537878787878788,0.95614035,0.189090909,0.396363636,0.414545454,0.096491228,0.131578947,641,1175,1816,0.42293907,0.31541219,0.26164875,0.15412186,0.48028674,0.3655914,"Garrett Cleavinger",17897,664076
"Taj Bradley","- - -",0.2801556420233463,0.995535714,0.182815356,0.407678244,0.409506398,0.147321428,0.160714285,1078,2017,3095,0.42727273,0.32727273,0.24545455,0.16,0.47454545,0.36545455,"Taj Bradley",22543,671737
"Mike Wright Jr.","- - -",0.3469387755102041,1.257142857,0.240384615,0.423076923,0.336538461,0.057142857,0.171428571,206,345,551,0.36538462,0.34615385,0.28846154,0.14423077,0.49038462,0.36538462,"Mike Wright Jr.",12586,605541
"Bailey Ober","MIN",0.2778457772337821,0.689976689,0.164746543,0.341013824,0.494239631,0.118881118,0.137529137,1611,3326,4937,0.42465753,0.3413242,0.23401826,0.14954338,0.48515982,0.3652968,"Bailey Ober",21224,641927
"Glenn Sparkman","KCR",0.32083333333333336,1.12087912,0.234126984,0.404761904,0.361111111,0.076923076,0.131868131,377,723,1100,0.32142857,0.3452381,0.33333333,0.13888889,0.49603175,0.36507937,"Glenn Sparkman",15200,642098
"Mike Fiers","OAK",0.2601010101010101,0.993975903,0.210023866,0.393794749,0.396181384,0.168674698,0.156626506,721,1340,2061,0.46445498,0.30094787,0.23459716,0.17061611,0.46445498,0.36492891,"Mike Fiers",7754,571666
"Brandon Waddell","- - -",0.23076923076923078,0.860465116,0.157894736,0.389473684,0.452631578,0.069767441,0.116279069,203,275,478,0.5,0.26041667,0.23958333,0.125,0.51041667,0.36458333,"Brandon Waddell",18347,663399
"Ashton Goudeau","- - -",0.31,1.277777777,0.211538461,0.442307692,0.346153846,0.111111111,0.194444444,222,352,574,0.48598131,0.28037383,0.23364486,0.12149533,0.51401869,0.36448598,"Ashton Goudeau",15139,623485
"Taylor Clarke","- - -",0.2876984126984127,0.815450643,0.20338983,0.357815442,0.438794726,0.098712446,0.137339055,1077,1935,3012,0.41869159,0.32336449,0.25794393,0.15140187,0.48411215,0.36448598,"Taylor Clarke",17611,664199
"Jonathan Holder","NYY",0.25688073394495414,0.796296296,0.177966101,0.364406779,0.457627118,0.148148148,0.166666666,202,407,609,0.49152542,0.33050847,0.1779661,0.18644068,0.44915254,0.36440678,"Jonathan Holder",16588,656547
"Scott Alexander","- - -",0.310580204778157,3.083333333,0.177852348,0.620805369,0.201342281,0.016666666,0.15,529,827,1356,0.49337748,0.33112583,0.17549669,0.12582781,0.50993377,0.36423841,"Scott Alexander",10591,518397
"Riley Smith","ARI",0.35195530726256985,1.49122807,0.228260869,0.461956521,0.309782608,0.105263157,0.087719298,278,545,823,0.35326087,0.36956522,0.27717391,0.14130435,0.49456522,0.36413043,"Riley Smith",19826,642092
"Wes Parsons","- - -",0.3253012048192771,1.52,0.26744186,0.441860465,0.290697674,0.08,0.2,214,324,538,0.38636364,0.375,0.23863636,0.19318182,0.44318182,0.36363636,"Wes Parsons",14764,641149
"Justin Shafer","- - -",0.2972972972972973,0.866666666,0.272727272,0.337662337,0.389610389,0.2,0.1,189,277,466,0.41558442,0.31168831,0.27272727,0.18181818,0.45454545,0.36363636,"Justin Shafer",16132,596101
"Peter Lambert","COL",0.30823529411764705,1.17791411,0.20045045,0.432432432,0.367117117,0.098159509,0.159509202,829,1420,2249,0.37028825,0.32815965,0.30155211,0.16629712,0.47006652,0.36363636,"Peter Lambert",17969,663567
"Seth Elledge","STL",0.35294117647058826,0.857142857,0.212121212,0.363636363,0.424242424,0,0,109,141,250,0.33333333,0.33333333,0.33333333,0.06060606,0.57575758,0.36363636,"Seth Elledge",19766,676220
"Anthony Castro","- - -",0.3050847457627119,1.24,0.151515151,0.469696969,0.378787878,0.08,0.28,185,293,478,0.48484848,0.33333333,0.18181818,0.15151515,0.48484848,0.36363636,"Anthony Castro",19789,621593
"Brent Headrick","- - -",0.2903225806451613,0.351351351,0.21875,0.203125,0.578125,0.054054054,0.108108108,186,380,566,0.39393939,0.28787879,0.31818182,0.12121212,0.51515152,0.36363636,"Brent Headrick",27702,687396
"Matt Strahm","- - -",0.2794759825327511,0.622478386,0.204802259,0.305084745,0.490112994,0.121037463,0.106628242,1462,3032,4494,0.40331492,0.34254144,0.25414365,0.16850829,0.46823204,0.36325967,"Matt Strahm",13799,621381
"Jake Arrieta","- - -",0.3218390804597701,2.116071428,0.222717149,0.527839643,0.249443207,0.107142857,0.196428571,813,1500,2313,0.42231947,0.33479212,0.2428884,0.16411379,0.4726477,0.36323851,"Jake Arrieta",4153,453562
"Pierce Johnson","- - -",0.32642487046632124,0.932098765,0.2175,0.3775,0.405,0.141975308,0.098765432,885,1681,2566,0.36567164,0.3880597,0.24626866,0.15920398,0.47761194,0.36318408,"Pierce Johnson",13435,572955
"Mike Mayers","- - -",0.2931596091205212,1.023622047,0.204334365,0.40247678,0.393188854,0.086614173,0.141732283,666,1126,1792,0.36,0.37230769,0.26769231,0.10769231,0.52923077,0.36307692,"Mike Mayers",15451,594577
"Joey Wentz","- - -",0.3194888178913738,0.791245791,0.192716236,0.35660091,0.450682852,0.09090909,0.127946127,1463,2499,3962,0.43524096,0.31626506,0.24849398,0.13403614,0.50301205,0.36295181,"Joey Wentz",19962,666214
"Giovanny Gallegos","STL",0.2595419847328244,0.803278688,0.193154034,0.359413202,0.447432762,0.136612021,0.114754098,884,1788,2672,0.39613527,0.35024155,0.25362319,0.18115942,0.45652174,0.36231884,"Giovanny Gallegos",14986,606149
"Emilio Pagán","- - -",0.2549728752260398,0.745454545,0.178082191,0.351027397,0.47089041,0.149090909,0.13090909,1134,2421,3555,0.40646259,0.29421769,0.29931973,0.16326531,0.4744898,0.3622449,"Emilio Pagan",14771,641941
"Colton Gordon","HOU",0.29577464788732394,0.518181818,0.273913043,0.247826086,0.478260869,0.109090909,0.172727272,385,778,1163,0.44827586,0.30172414,0.25,0.15086207,0.48706897,0.36206897,"Colton Gordon",31312,676467
"Mike Morin","- - -",0.2222222222222222,1.081081081,0.245098039,0.392156862,0.362745098,0.189189189,0.162162162,124,307,431,0.44761905,0.35238095,0.2,0.16190476,0.47619048,0.36190476,"Mike Morin",13442,573046
"Aaron Sanchez","- - -",0.3378016085790885,1.940594059,0.22454308,0.511749347,0.263707571,0.08910891,0.138613861,772,1271,2043,0.37726098,0.39793282,0.2248062,0.17829457,0.45994832,0.36175711,"Aaron Sanchez",11490,592717
"Janson Junk","- - -",0.3056768558951965,0.897959183,0.201716738,0.377682403,0.420600858,0.132653061,0.061224489,339,771,1110,0.37446809,0.38297872,0.24255319,0.14893617,0.4893617,0.36170213,"Janson Junk",23301,676083
"Chad Bettis","COL",0.32,3.24,0.178294573,0.627906976,0.193798449,0.16,0.2,215,386,601,0.4,0.4,0.2,0.18461538,0.45384615,0.36153846,"Chad Bettis",10587,518452
"Kyle Harrison","- - -",0.2962962962962963,0.81081081,0.206161137,0.355450236,0.438388625,0.064864864,0.113513513,917,1595,2512,0.33333333,0.3685446,0.29812207,0.14084507,0.49765258,0.36150235,"Kyle Harrison",27758,690986
"Jackson Jobe","DET",0.30864197530864196,1.692307692,0.156626506,0.530120481,0.313253012,0.076923076,0.115384615,194,295,489,0.53012048,0.25301205,0.21686747,0.14457831,0.4939759,0.36144578,"Jackson Jobe",30203,695549
"Robbie Ray","- - -",0.28900592495062544,0.778859527,0.208049535,0.346749226,0.445201238,0.100139082,0.157162726,4160,7048,11208,0.42366646,0.33169834,0.24463519,0.14776211,0.49110975,0.36112814,"Robbie Ray",11486,592662
"Antonio Santos","COL",0.38235294117647056,0.8125,0.194444444,0.361111111,0.444444444,0.125,0.125,66,105,171,0.33333333,0.44444444,0.22222222,0.16666667,0.47222222,0.36111111,"Antonio Santos",20383,665733
"Patrick Corbin","- - -",0.3257747543461829,1.263655462,0.218069666,0.436502177,0.345428156,0.069327731,0.164915966,5312,8988,14300,0.39636104,0.35925794,0.24438102,0.13592579,0.50303247,0.36104174,"Patrick Corbin",9323,571578
"Austin Gomber","- - -",0.3041982105987612,1.011725293,0.208827404,0.397891963,0.393280632,0.08040201,0.137353433,2763,5009,7772,0.44560261,0.32899023,0.22540717,0.13941368,0.49967427,0.36091205,"Austin Gomber",16561,596295
"Xzavion Curry","- - -",0.2727272727272727,0.529850746,0.223484848,0.268939393,0.507575757,0.097014925,0.097014925,393,811,1204,0.32330827,0.40977444,0.26691729,0.15037594,0.4887218,0.36090226,"Xzavion Curry",25595,675540
"Anthony Banda","- - -",0.328125,0.847682119,0.179411764,0.376470588,0.444117647,0.059602649,0.139072847,760,1270,2030,0.38416422,0.35190616,0.26392962,0.15542522,0.48387097,0.36070381,"Anthony Banda",14706,607455
"Andrew Heaney","- - -",0.28465346534653463,0.758085381,0.207117852,0.341890315,0.450991831,0.086675291,0.150064683,3653,6919,10572,0.41363374,0.32986713,0.25649913,0.13113807,0.50837666,0.36048527,"Andrew Heaney",15423,571760
"Ryan Rolison","COL",0.34615384615384615,1.392857142,0.202380952,0.464285714,0.333333333,0.071428571,0.285714285,136,240,376,0.46511628,0.40697674,0.12790698,0.19767442,0.44186047,0.36046512,"Ryan Rolison",22200,669020
"Carl Edwards Jr.","- - -",0.22162162162162163,0.788888888,0.182741116,0.360406091,0.456852791,0.122222222,0.133333333,455,810,1265,0.2893401,0.40609137,0.30456853,0.15228426,0.48730964,0.36040609,"Carl Edwards Jr.",13607,605218
"Jordan Weems","- - -",0.23715415019762845,0.830508474,0.202952029,0.361623616,0.435424354,0.110169491,0.161016949,628,1060,1688,0.36029412,0.375,0.26470588,0.15073529,0.48897059,0.36029412,"Jordan Weems",13190,607179
"J.B. Wendelken","- - -",0.27450980392156865,1.011904761,0.195238095,0.404761904,0.4,0.13095238,0.095238095,491,835,1326,0.33175355,0.38388626,0.28436019,0.20853081,0.43127962,0.36018957,"J.B. Wendelken",14506,605525
"Julio Teheran","- - -",0.29333333333333333,1.168674698,0.225806451,0.417204301,0.356989247,0.084337349,0.138554216,908,1719,2627,0.38559322,0.36228814,0.25211864,0.16525424,0.47457627,0.36016949,"Julio Teheran",6797,527054
"Caleb Smith","- - -",0.23987034035656402,0.450402144,0.186466165,0.252631578,0.560902255,0.139410187,0.155495978,1749,2898,4647,0.42222222,0.31851852,0.25925926,0.17925926,0.46074074,0.36,"Caleb Smith",14875,592761
"James Karinchak","CLE",0.24848484848484848,0.708860759,0.224137931,0.32183908,0.454022988,0.101265822,0.126582278,619,923,1542,0.36571429,0.35428571,0.28,0.17714286,0.46285714,0.36,"James Karinchak",20151,675916
"Juan Mejia","COL",0.2916666666666667,0.526315789,0.226666666,0.266666666,0.506666666,0.105263157,0.078947368,203,376,579,0.33333333,0.37333333,0.29333333,0.14666667,0.49333333,0.36,"Juan Mejia",23237,675848
"Jeff Brigham","- - -",0.29411764705882354,0.702702702,0.226993865,0.319018404,0.45398773,0.094594594,0.148648648,382,645,1027,0.37195122,0.35365854,0.27439024,0.15853659,0.48170732,0.3597561,"Jeff Brigham",16631,656257
"Tyler Webb","STL",0.2727272727272727,0.98076923,0.237037037,0.377777777,0.385185185,0.173076923,0.134615384,295,492,787,0.38129496,0.36690647,0.25179856,0.18705036,0.45323741,0.35971223,"Tyler Webb",14974,643778
"Luis Medina","OAK",0.3056768558951965,1.0625,0.181818181,0.421487603,0.396694214,0.083333333,0.135416666,550,896,1446,0.40909091,0.25619835,0.33471074,0.14876033,0.49173554,0.35950413,"Luis Medina",21649,665622
"Nick Ramirez","- - -",0.2921686746987952,1.213114754,0.215116279,0.430232558,0.354651162,0.081967213,0.106557377,640,1051,1691,0.49565217,0.33333333,0.17101449,0.14782609,0.49275362,0.35942029,"Nick Ramirez",12575,598286
"Ryne Harper","- - -",0.2459016393442623,0.780487804,0.231578947,0.336842105,0.431578947,0.170731707,0.121951219,307,672,979,0.51041667,0.30729167,0.18229167,0.23958333,0.40104167,0.359375,"Ryne Harper",12680,607560
"Juan Nicasio","- - -",0.38,1.884615384,0.264705882,0.480392156,0.25490196,0.153846153,0.115384615,194,344,538,0.30097087,0.37864078,0.32038835,0.19417476,0.44660194,0.3592233,"Juan Nicasio",7731,504379
"Zack Weiss","- - -",0.1388888888888889,0.65,0.131578947,0.342105263,0.526315789,0.1,0.15,99,182,281,0.33333333,0.46153846,0.20512821,0.1025641,0.53846154,0.35897436,"Zack Weiss",15444,592848
"Ben Bowden","- - -",0.2988505747126437,0.531914893,0.191011235,0.280898876,0.528089887,0.14893617,0.106382978,185,306,491,0.45652174,0.32608696,0.2173913,0.16304348,0.47826087,0.35869565,"Ben Bowden",20198,641386
"Shaun Anderson","- - -",0.3493150684931507,1.008620689,0.225913621,0.388704318,0.385382059,0.146551724,0.129310344,581,980,1561,0.38762215,0.36482085,0.247557,0.17263844,0.46905537,0.35830619,"Shaun Anderson",19453,641312
"Slade Cecconi","- - -",0.32386363636363635,0.967105263,0.196236559,0.39516129,0.40860215,0.09868421,0.144736842,645,1217,1862,0.36898396,0.32620321,0.30481283,0.12566845,0.51604278,0.35828877,"Slade Cecconi",27500,677944
"Joe Mantiply","- - -",0.3324468085106383,1.610169491,0.197916666,0.494791666,0.307291666,0.025423728,0.101694915,605,1229,1834,0.42783505,0.36597938,0.20618557,0.12886598,0.5128866,0.35824742,"Joe Mantiply",14857,573009
"Michael Wacha","- - -",0.3015075376884422,1.189292543,0.213058419,0.427491408,0.359450171,0.120458891,0.145315487,2694,4966,7660,0.43012952,0.32992502,0.23994547,0.16291752,0.47920927,0.35787321,"Michael Wacha",14078,608379
"Merrill Kelly","- - -",0.29508196721311475,1.233269598,0.193926846,0.445134575,0.360938578,0.110898661,0.126195028,2694,5420,8114,0.45776567,0.30449591,0.23773842,0.14441417,0.4979564,0.35762943,"Merrill Kelly",11156,518876
"José Suarez","- - -",0.3108747044917258,1.096385542,0.216216216,0.409909909,0.373873873,0.105421686,0.156626506,1850,3220,5070,0.4532294,0.33184855,0.21492205,0.14476615,0.49777283,0.35746102,"Jose Suarez",19911,660761
"Chris Paddack","- - -",0.3103448275862069,1.064814814,0.205463182,0.409738717,0.384798099,0.104938271,0.145061728,1567,3159,4726,0.40745052,0.31315483,0.27939464,0.14901048,0.49359721,0.35739232,"Chris Paddack",20099,663978
"José Ureña","- - -",0.27832512315270935,1.63076923,0.18668252,0.504161712,0.309155766,0.119230769,0.138461538,1587,2784,4371,0.48584906,0.3254717,0.18867925,0.16273585,0.47995283,0.35731132,"Jose Urena",11589,570632
"Jacob Webb","- - -",0.25,0.954285714,0.195294117,0.392941176,0.411764705,0.131428571,0.131428571,849,1612,2461,0.43387471,0.31786543,0.24825986,0.16705336,0.47563805,0.35730858,"Jacob Webb",19274,657097
"Carlos Estévez","- - -",0.29158878504672897,0.858369098,0.218411552,0.36101083,0.420577617,0.111587982,0.0944206,1163,2267,3430,0.33213645,0.36983842,0.29802513,0.13644524,0.50628366,0.3572711,"Carlos Estevez",14542,608032
"Drew Rucinski","OAK",0.25,1.615384615,0.19047619,0.5,0.309523809,0,0.153846153,70,109,179,0.52380952,0.35714286,0.11904762,0.16666667,0.47619048,0.35714286,"Drew Rucinski",12499,607968
"Nick Goody","- - -",0.2597402597402597,0.6,0.142857142,0.321428571,0.535714285,0.2,0.155555555,220,407,627,0.38095238,0.32142857,0.29761905,0.21428571,0.42857143,0.35714286,"Nick Goody",13685,580792
"Jace Fry","CHW",0.2956521739130435,2.028571428,0.152,0.568,0.28,0.028571428,0.314285714,429,515,944,0.42857143,0.41269841,0.15873016,0.15079365,0.49206349,0.35714286,"Jace Fry",16159,605240
"Phoenix Sanders","TBR",0.2857142857142857,0.916666666,0.178571428,0.392857142,0.428571428,0.083333333,0,29,85,114,0.42857143,0.35714286,0.21428571,0.03571429,0.60714286,0.35714286,"Phoenix Sanders",20541,676637
"Grant Wolfram","BAL",0.3333333333333333,1.238095238,0.160714285,0.464285714,0.375,0.142857142,0.095238095,116,179,295,0.35714286,0.375,0.26785714,0.125,0.51785714,0.35714286,"Grant Wolfram",21623,664991
"Tobias Myers","MIL",0.2775800711743772,0.751937984,0.226027397,0.33219178,0.441780821,0.093023255,0.100775193,491,1040,1531,0.37755102,0.36394558,0.2585034,0.1292517,0.51360544,0.35714286,"Tobias Myers",22191,668964
"Matt Manning","DET",0.285,0.885714285,0.189189189,0.38083538,0.429975429,0.137142857,0.062857142,649,1358,2007,0.40342298,0.32762836,0.26894866,0.16136919,0.48166259,0.35696822,"Matt Manning",20369,666159
"David Festa","MIN",0.3081761006289308,0.898550724,0.224852071,0.366863905,0.408284023,0.159420289,0.173913043,366,674,1040,0.45614035,0.35672515,0.1871345,0.15789474,0.48538012,0.35672515,"David Festa",30056,701581
"Brandon Pfaadt","ARI",0.31761006289308175,1.053846153,0.199400299,0.410794602,0.389805097,0.088461538,0.134615384,1173,2419,3592,0.44328358,0.32985075,0.22686567,0.12835821,0.51492537,0.35671642,"Brandon Pfaadt",27782,694297
"David Price","- - -",0.3119266055045872,1.28125,0.20131291,0.44857768,0.350109409,0.0875,0.15625,927,1772,2699,0.38913043,0.36086957,0.25,0.17173913,0.47173913,0.35652174,"David Price",3184,456034
"Cole Irvin","- - -",0.297780959198282,0.840390879,0.222833562,0.354883081,0.422283356,0.076547231,0.115635179,2264,4707,6971,0.37218814,0.35582822,0.27198364,0.13701431,0.5064758,0.35650988,"Cole Irvin",19244,608344
"Blaine Hardy","- - -",0.25510204081632654,1.677419354,0.153061224,0.530612244,0.31632653,0.096774193,0.096774193,158,311,469,0.43564356,0.38613861,0.17821782,0.21782178,0.42574257,0.35643564,"Blaine Hardy",6499,543278
"Nate Pearson","- - -",0.27346938775510204,0.952830188,0.206896551,0.38697318,0.406130268,0.188679245,0.150943396,548,935,1483,0.42145594,0.32950192,0.24904215,0.16091954,0.48275862,0.35632184,"Nate Pearson",20160,663878
"Nick Pivetta","- - -",0.28990963855421686,0.847176079,0.205146533,0.364546104,0.430307362,0.111295681,0.134551495,2852,5511,8363,0.41163946,0.34279631,0.24556423,0.14549326,0.49822569,0.35628105,"Nick Pivetta",15454,601713
"Miguel Sánchez","MIL",0.3275862068965517,1.173913043,0.152542372,0.457627118,0.389830508,0.217391304,0.04347826,158,242,400,0.33898305,0.40677966,0.25423729,0.23728814,0.40677966,0.3559322,"Miguel Sanchez",20074,667376
"Tayler Scott","- - -",0.3584070796460177,1.2,0.214285714,0.428571428,0.357142857,0.070588235,0.152941176,601,961,1562,0.43933054,0.30962343,0.25104603,0.17154812,0.47280335,0.35564854,"Tayler Scott",13652,605463
"DJ Johnson","- - -",0.22727272727272727,1.4,0.181818181,0.477272727,0.34090909,0.133333333,0.066666666,118,187,305,0.44444444,0.28888889,0.26666667,0.17777778,0.46666667,0.35555556,"DJ Johnson",12578,597113
"Travis Lakins","- - -",0.3037974683544304,0.953846153,0.225609756,0.37804878,0.396341463,0.076923076,0.123076923,394,590,984,0.31927711,0.38554217,0.29518072,0.15060241,0.4939759,0.35542169,"Travis Lakins",18600,664042
"Grant Holmes","ATL",0.2920353982300885,1.131868131,0.191666666,0.429166666,0.379166666,0.087912087,0.175824175,524,1003,1527,0.34297521,0.42561983,0.23140496,0.1446281,0.5,0.3553719,"Grant Holmes",16944,656550
"Jake Diekman","- - -",0.26430517711171664,0.832335329,0.213367609,0.357326478,0.429305912,0.107784431,0.161676646,1256,2054,3310,0.38832487,0.32994924,0.28172589,0.13959391,0.50507614,0.35532995,"Jake Diekman",5003,518617
"Héctor Rondón","- - -",0.2986111111111111,1.5,0.17218543,0.496688741,0.331125827,0.04,0.16,294,496,790,0.32236842,0.36184211,0.31578947,0.19078947,0.45394737,0.35526316,"Hector Rondon",2391,444468
"John Brebbia","- - -",0.3162217659137577,0.691983122,0.199600798,0.327345309,0.473053892,0.122362869,0.075949367,922,1889,2811,0.36507937,0.34126984,0.29365079,0.18849206,0.45634921,0.35515873,"John Brebbia",12777,605154
"Felipe Vázquez","PIT",0.2912621359223301,1.4,0.214953271,0.457943925,0.327102803,0.028571428,0.114285714,242,515,757,0.38317757,0.3364486,0.28037383,0.17757009,0.46728972,0.35514019,"Felipe Vazquez",12076,553878
"Cy Sneed","HOU",0.3508771929824561,0.6,0.213114754,0.295081967,0.491803278,0.1,0.166666666,114,246,360,0.37096774,0.33870968,0.29032258,0.16129032,0.48387097,0.35483871,"Cy Sneed",16106,605482
"Carlos Hernández","- - -",0.3305439330543933,0.948979591,0.226720647,0.376518218,0.396761133,0.086734693,0.091836734,1000,1733,2733,0.41330645,0.33669355,0.25,0.12298387,0.52217742,0.35483871,"Carlos Hernandez",22713,672578
"Carson Palmquist","COL",0.27906976744186046,0.565217391,0.208791208,0.285714285,0.505494505,0.086956521,0.152173913,206,297,503,0.32258065,0.39784946,0.27956989,0.16129032,0.48387097,0.35483871,"Carson Palmquist",31612,687223
"Mike Burrows","PIT",0.3082706766917293,1.018518518,0.226950354,0.390070921,0.382978723,0.111111111,0.148148148,269,543,812,0.37588652,0.31914894,0.30496454,0.12765957,0.5177305,0.35460993,"Mike Burrows",24728,681347
"Robert Stephenson","- - -",0.26605504587155965,0.802721088,0.229651162,0.343023255,0.427325581,0.095238095,0.142857142,678,1450,2128,0.46685879,0.29971182,0.23342939,0.14121037,0.50432277,0.35446686,"Robert Stephenson",13594,596112
"Jesse Scholtens","- - -",0.33125,1.058823529,0.195402298,0.413793103,0.390804597,0.029411764,0.220588235,338,541,879,0.42857143,0.28571429,0.28571429,0.13714286,0.50857143,0.35428571,"Jesse Scholtens",19205,669947
"Bobby Miller","LAD",0.32421875,1.794871794,0.189591078,0.520446096,0.289962825,0.051282051,0.192307692,552,954,1506,0.39114391,0.33210332,0.27675277,0.16236162,0.48339483,0.35424354,"Bobby Miller",27483,676272
"Peter Solomon","- - -",0.2708333333333333,1.235294117,0.208333333,0.4375,0.354166666,0.176470588,0,99,140,239,0.39583333,0.29166667,0.3125,0.125,0.52083333,0.35416667,"Peter Solomon",20476,656981
"Nick Margevicius","- - -",0.2987012987012987,1.294871794,0.241525423,0.427966101,0.330508474,0.115384615,0.153846153,509,812,1321,0.44444444,0.28806584,0.26748971,0.1563786,0.48971193,0.35390947,"Nick Margevicius",20395,676606
"James Sherfy","- - -",0.3387096774193548,0.88,0.253968253,0.349206349,0.396825396,0.12,0.12,99,207,306,0.46153846,0.32307692,0.21538462,0.2,0.44615385,0.35384615,"James Sherfy",15118,642073
"Mark Melancon","- - -",0.3232876712328767,2.142857142,0.229110512,0.525606469,0.245283018,0.065934065,0.12087912,693,1221,1914,0.36968085,0.39893617,0.23138298,0.1462766,0.5,0.3537234,"Mark Melancon",4264,453343
"Jose E. Hernandez","PIT",0.3010752688172043,0.785714285,0.234693877,0.336734693,0.428571428,0.142857142,0.142857142,193,391,584,0.42424242,0.31313131,0.26262626,0.14141414,0.50505051,0.35353535,"Jose E. Hernandez",22318,669796
"Jon Lester","- - -",0.312157721796276,1.235119047,0.212788259,0.435010482,0.352201257,0.071428571,0.163690476,1961,3143,5104,0.45041322,0.34090909,0.20867769,0.16632231,0.4803719,0.35330579,"Jon Lester",4930,452657
"Matt Koch","- - -",0.21621621621621623,1.266666666,0.142857142,0.478991596,0.37815126,0.111111111,0.177777777,194,342,536,0.33613445,0.43697479,0.22689076,0.19327731,0.45378151,0.35294118,"Matt Koch",13420,571863
"Hunter Wood","- - -",0.27848101265822783,0.634146341,0.202380952,0.309523809,0.488095238,0.097560975,0.146341463,157,312,469,0.38823529,0.31764706,0.29411765,0.18823529,0.45882353,0.35294118,"Hunter Wood",15091,621056
"Domingo Germán","- - -",0.26833631484794274,1.235023041,0.18624161,0.449664429,0.364093959,0.124423963,0.184331797,1112,2229,3341,0.51337793,0.34113712,0.14548495,0.15886288,0.48829431,0.35284281,"Domingo German",17149,593334
"Tommy Milone","- - -",0.28705882352941176,0.808290155,0.219239373,0.348993288,0.431767337,0.088082901,0.134715025,767,1456,2223,0.45011086,0.36807095,0.18181818,0.17960089,0.46784922,0.35254989,"Tommy Milone",7608,543548
"Trevor Rogers","- - -",0.2925531914893617,1.128146453,0.201716738,0.423175965,0.375107296,0.068649885,0.102974828,2296,4409,6705,0.42235495,0.34641638,0.23122867,0.15443686,0.49317406,0.35238908,"Trevor Rogers",22286,669432
"Ervin Santana","- - -",0.3,0.948275862,0.209790209,0.384615384,0.405594405,0.068965517,0.086206896,264,479,743,0.39310345,0.35172414,0.25517241,0.16551724,0.48275862,0.35172414,"Ervin Santana",3200,429722
"Carlos Martinez","STL",0.2863849765258216,1.68115942,0.147465437,0.534562211,0.31797235,0.057971014,0.130434782,440,791,1231,0.37387387,0.36036036,0.26576577,0.16216216,0.48648649,0.35135135,"Carlos Martinez",11682,593372
"Sam Dyson","- - -",0.2777777777777778,1.931034482,0.182692307,0.538461538,0.278846153,0.137931034,0.103448275,164,336,500,0.36036036,0.37837838,0.26126126,0.18918919,0.45945946,0.35135135,"Sam Dyson",11710,473879
"Bryse Wilson","- - -",0.2813299232736573,1.114006514,0.201722017,0.420664206,0.377613776,0.091205211,0.133550488,1270,2601,3871,0.40947752,0.35236938,0.2381531,0.14580802,0.50303767,0.35115431,"Bryse Wilson",19990,669060
"Matthew Liberatore","STL",0.30993377483443707,0.888888888,0.232258064,0.361290322,0.406451612,0.066666666,0.107936507,1450,2619,4069,0.39036755,0.34980989,0.25982256,0.10773131,0.54119138,0.35107731,"Matthew Liberatore",22294,669461
"Shota Imanaga","CHC",0.23873873873873874,0.695156695,0.165497896,0.342215988,0.492286115,0.128205128,0.139601139,1170,2533,3703,0.45874126,0.32587413,0.21538462,0.16083916,0.48811189,0.35104895,"Shota Imanaga",33829,684007
"Mitch White","- - -",0.3220338983050847,1.103448275,0.183946488,0.428093645,0.387959866,0.129310344,0.060344827,548,1052,1600,0.35430464,0.37417219,0.27152318,0.16556291,0.48344371,0.35099338,"Mitch White",19225,669952
"Nick Robertson","- - -",0.3018867924528302,1,0.157894736,0.421052631,0.421052631,0.125,0.166666666,112,206,318,0.43859649,0.35087719,0.21052632,0.1754386,0.47368421,0.35087719,"Nick Robertson",26226,687798
"Spenser Watkins","- - -",0.30293159609120524,0.792857142,0.225308641,0.342592592,0.432098765,0.107142857,0.128571428,555,940,1495,0.44923077,0.29230769,0.25846154,0.12,0.52923077,0.35076923,"Spenser Watkins",17489,657093
"Joan Adon","WSN",0.3300970873786408,1.578125,0.221698113,0.476415094,0.301886792,0.078125,0.125,455,760,1215,0.46728972,0.29439252,0.23831776,0.18224299,0.46728972,0.35046729,"Joan Adon",22925,672851
"Kyle Muller","- - -",0.33078880407124683,1.136054421,0.226600985,0.411330049,0.362068965,0.074829931,0.122448979,883,1437,2320,0.44038929,0.32846715,0.23114355,0.11678832,0.53284672,0.35036496,"Kyle Muller",20167,666205
"Zebby Matthews","MIN",0.3508771929824561,0.930555555,0.210227272,0.380681818,0.409090909,0.097222222,0.083333333,316,634,950,0.3220339,0.38418079,0.29378531,0.20903955,0.44067797,0.35028249,"Zebby Matthews",31827,805673
"Bryan Shaw","- - -",0.28501228501228504,1.076023391,0.185779816,0.422018348,0.392201834,0.070175438,0.175438596,1002,1526,2528,0.30663616,0.41418764,0.2791762,0.14874142,0.50114416,0.35011442,"Bryan Shaw",8110,543766
"Dominic Leone","- - -",0.2916666666666667,1.164179104,0.22459893,0.417112299,0.35828877,0.059701492,0.149253731,797,1384,2181,0.34473684,0.36842105,0.28684211,0.12105263,0.52894737,0.35,"Dominic Leone",13763,608678
"Walker Buehler","- - -",0.261271676300578,1.12979351,0.199556541,0.424611973,0.375831485,0.097345132,0.15339233,1746,3376,5122,0.35846995,0.36612022,0.27540984,0.15191257,0.49836066,0.34972678,"Walker Buehler",19374,621111
"Noé Ramirez","- - -",0.26394052044609667,0.776923076,0.183745583,0.356890459,0.459363957,0.123076923,0.13076923,658,1237,1895,0.43356643,0.32167832,0.24475524,0.18181818,0.46853147,0.34965035,"Noe Ramirez",12800,598287
"Sean Doolittle","- - -",0.3142857142857143,0.408333333,0.242152466,0.219730941,0.538116591,0.175,0.133333333,461,876,1337,0.41150442,0.34513274,0.24336283,0.19469027,0.45575221,0.34955752,"Sean Doolittle",1581,448281
"Garrett Crochet","- - -",0.30038022813688214,1.169381107,0.189781021,0.436739659,0.373479318,0.110749185,0.133550488,1830,3599,5429,0.40722892,0.3313253,0.26144578,0.16987952,0.48072289,0.34939759,"Garrett Crochet",27463,676979
"Chris Murphy","BOS",0.26618705035971224,1.630434782,0.159722222,0.520833333,0.319444444,0.108695652,0.152173913,330,547,877,0.50684932,0.24657534,0.24657534,0.1369863,0.51369863,0.34931507,"Chris Murphy",26214,669684
"Matt Harvey","- - -",0.3333333333333333,1.694444444,0.224,0.488,0.288,0.064814814,0.194444444,658,1149,1807,0.38359788,0.35714286,0.25925926,0.14021164,0.51058201,0.34920635,"Matt Harvey",11713,518774
"Luke Jackson","- - -",0.3304535637149028,2.1328125,0.161087866,0.571129707,0.267782426,0.125,0.1640625,1112,1921,3033,0.47520661,0.35330579,0.1714876,0.15289256,0.49793388,0.34917355,"Luke Jackson",11752,592426
"Keider Montero","DET",0.3046594982078853,1.09009009,0.213559322,0.410169491,0.376271186,0.135135135,0.144144144,476,1017,1493,0.45423729,0.30847458,0.23728814,0.16271186,0.48813559,0.34915254,"Keider Montero",22630,672456
"Cory Gearrin","- - -",0.3076923076923077,1.285714285,0.245283018,0.424528301,0.330188679,0.028571428,0.057142857,221,373,594,0.4245283,0.30188679,0.27358491,0.20754717,0.44339623,0.3490566,"Cory Gearrin",7947,518715
"José Cisnero","- - -",0.27906976744186046,1.161073825,0.188916876,0.435768261,0.375314861,0.154362416,0.114093959,837,1437,2274,0.32920792,0.37623762,0.29455446,0.17326733,0.47772277,0.3490099,"Jose Cisnero",6399,542585
"Nik Turley","PIT",0.18604651162790697,0.888888888,0.19047619,0.38095238,0.428571428,0.055555555,0,83,147,230,0.51162791,0.20930233,0.27906977,0.09302326,0.55813953,0.34883721,"Nik Turley",5530,543867
"Juan Minaya","- - -",0.27049180327868855,1.222222222,0.21875,0.4296875,0.3515625,0.177777777,0.155555555,287,510,797,0.41860465,0.33333333,0.24806202,0.15503876,0.49612403,0.34883721,"Juan Minaya",10341,573668
"Reymin Guduan","- - -",0.475,0.8,0.372093023,0.279069767,0.348837209,0.133333333,0.2,83,148,231,0.44186047,0.23255814,0.3255814,0.1627907,0.48837209,0.34883721,"Reymin Guduan",13058,594056
"Justin Anderson","- - -",0.2972972972972973,1,0.226666666,0.386666666,0.386666666,0.103448275,0.068965517,424,651,1075,0.36184211,0.36184211,0.27631579,0.15131579,0.5,0.34868421,"Justin Anderson",16201,605121
"Jhonathan Díaz","- - -",0.3523809523809524,1.307692307,0.174311926,0.467889908,0.357798165,0.076923076,0.102564102,228,354,582,0.4587156,0.30275229,0.23853211,0.13761468,0.51376147,0.34862385,"Jhonathan Diaz",20298,646242
"Matt Hall","- - -",0.3548387096774194,1.217391304,0.227272727,0.424242424,0.348484848,0.130434782,0.173913043,175,267,442,0.42424242,0.28787879,0.28787879,0.15151515,0.5,0.34848485,"Matt Hall",18076,664180
"Jaime Barria","LAA",0.27304347826086955,0.872180451,0.186274509,0.379084967,0.434640522,0.09774436,0.157894736,1038,1938,2976,0.46353323,0.33225284,0.20421394,0.16207455,0.48946515,0.34846029,"Jaime Barria",18356,642545
"Bryce Miller","SEA",0.26475849731663686,1.133640552,0.19337979,0.428571428,0.37804878,0.101382488,0.087557603,1057,2162,3219,0.39514731,0.3830156,0.22183709,0.14558059,0.50606586,0.34835355,"Bryce Miller",29837,682243
"Joey Lucchesi","- - -",0.2834890965732087,0.988929889,0.182094081,0.406676783,0.411229135,0.088560885,0.110701107,1379,2281,3660,0.3125,0.39583333,0.29166667,0.13541667,0.51636905,0.34821429,"Joey Lucchesi",19320,664192
"Bowden Francis","TOR",0.24803149606299213,0.776,0.171641791,0.361940298,0.46641791,0.12,0.128,518,1041,1559,0.45925926,0.26666667,0.27407407,0.14444444,0.50740741,0.34814815,"Bowden Francis",20548,670102
"Chris Flexen","- - -",0.3156934306569343,0.914529914,0.214035087,0.375438596,0.410526315,0.102564102,0.111111111,2119,3590,5709,0.37369338,0.3684669,0.25783972,0.13228895,0.51958225,0.34812881,"Chris Flexen",13896,623167
"Jesús Luzardo","- - -",0.3007784854918613,0.936560934,0.212491513,0.380855397,0.406653088,0.093489148,0.125208681,3350,5752,9102,0.42271505,0.3219086,0.25537634,0.15793011,0.49395161,0.34811828,"Jesus Luzardo",19959,666200
"Clayton Kershaw","LAD",0.275390625,1.433206106,0.194058154,0.474715549,0.331226295,0.129770992,0.146946564,3081,6024,9105,0.51460534,0.29397141,0.19142324,0.17153511,0.48042262,0.34804226,"Clayton Kershaw",2036,477132
"Jack Leiter","TEX",0.3282442748091603,0.887931034,0.191881918,0.3800738,0.42804428,0.137931034,0.103448275,580,1010,1590,0.41025641,0.37362637,0.21611722,0.19047619,0.46153846,0.34798535,"Jack Leiter",30146,683004
"Dan Otero","CLE",0.375,2.8,0.173913043,0.608695652,0.217391304,0,0.333333333,87,173,260,0.39130435,0.42028986,0.1884058,0.24637681,0.4057971,0.34782609,"Dan Otero",7385,519096
"Jake Reed","- - -",0.3181818181818182,1.111111111,0.161764705,0.44117647,0.397058823,0.185185185,0.111111111,125,252,377,0.28985507,0.36231884,0.34782609,0.15942029,0.49275362,0.34782609,"Jake Reed",16209,596082
"Trevor Megill","- - -",0.3286219081272085,0.837209302,0.202020202,0.363636363,0.434343434,0.100775193,0.124031007,571,1154,1725,0.29765886,0.37792642,0.32441472,0.14046823,0.51170569,0.34782609,"Trevor Megill",17722,656730
"Tyler Wells","BAL",0.2217741935483871,0.538194444,0.168855534,0.290806754,0.540337711,0.125,0.135416666,989,1919,2908,0.38878505,0.34953271,0.26168224,0.14953271,0.50280374,0.34766355,"Tyler Wells",20000,669330
"Framber Valdez","HOU",0.2849740932642487,3.104700854,0.186706181,0.615156646,0.198137171,0.044871794,0.143162393,4626,8010,12636,0.41921947,0.36466639,0.21611414,0.12882921,0.52370961,0.34746118,"Framber Valdez",17295,664285
"Kyle Gibson","- - -",0.2988252569750367,1.85,0.19377652,0.523338048,0.282885431,0.1,0.1525,2894,4935,7829,0.44655415,0.36638537,0.18706048,0.14345992,0.50914205,0.34739803,"Kyle Gibson",10123,502043
"Jon Gray","- - -",0.2985971943887776,1.305084745,0.205452775,0.449853943,0.344693281,0.118644067,0.132768361,1776,3807,5583,0.37511962,0.35215311,0.27272727,0.17320574,0.47942584,0.34736842,"Jon Gray",14916,592351
"Shelby Miller","- - -",0.29559748427672955,0.878571428,0.21021021,0.369369369,0.42042042,0.107142857,0.114285714,665,1171,1836,0.38622754,0.34431138,0.26946108,0.15568862,0.49700599,0.34730539,"Shelby Miller",10197,571946
"David Peterson","NYM",0.3126865671641791,1.825396825,0.223272727,0.501818181,0.27490909,0.066137566,0.121693121,3119,4917,8036,0.39422383,0.35595668,0.24981949,0.12129964,0.53140794,0.34729242,"David Peterson",20302,656849
"Grant Holman","OAK",0.3188405797101449,1.068965517,0.166666666,0.430555555,0.402777777,0.137931034,0.103448275,155,221,376,0.36111111,0.30555556,0.33333333,0.22222222,0.43055556,0.34722222,"Grant Holman",30002,680880
"Génesis Cabrera","- - -",0.2808349146110057,0.896551724,0.20289855,0.376811594,0.420289855,0.103448275,0.129310344,1288,2055,3343,0.41007194,0.3381295,0.25179856,0.16906475,0.48381295,0.3471223,"Genesis Cabrera",17490,650893
"Jairo Díaz","COL",0.4051724137931034,1.219512195,0.247933884,0.41322314,0.338842975,0.073170731,0.121951219,232,424,656,0.43801653,0.36363636,0.19834711,0.18181818,0.47107438,0.34710744,"Jairo Diaz",12774,545064
"Jake Odorizzi","- - -",0.26785714285714285,0.791338582,0.21955403,0.344768439,0.43567753,0.11023622,0.114173228,1271,2204,3475,0.34693878,0.36904762,0.28401361,0.16156463,0.4914966,0.34693878,"Jake Odorizzi",6397,543606
"Josh Walker","- - -",0.3958333333333333,0.714285714,0.265306122,0.306122448,0.428571428,0.142857142,0.047619047,108,196,304,0.3877551,0.32653061,0.28571429,0.18367347,0.46938776,0.34693878,"Josh Walker",23617,677020
"José Fermin","LAA",0.2553191489361702,0.64,0.163265306,0.326530612,0.510204081,0.12,0.08,130,220,350,0.3877551,0.3877551,0.2244898,0.08163265,0.57142857,0.34693878,"Jose Fermin",33908,820862
"Chad Green","- - -",0.2700228832951945,0.846889952,0.169892473,0.380645161,0.449462365,0.153110047,0.143540669,984,1828,2812,0.37901499,0.33618844,0.28479657,0.19914347,0.45396146,0.34689507,"Chad Green",15552,643338
"Burch Smith","- - -",0.29389312977099236,0.905172413,0.175373134,0.391791044,0.43283582,0.103448275,0.077586206,422,915,1337,0.36531365,0.36162362,0.27306273,0.1402214,0.51291513,0.34686347,"Burch Smith",12784,572143
"Josh Sborz","- - -",0.28517110266159695,1.214285714,0.205128205,0.435897435,0.358974358,0.142857142,0.122448979,631,1099,1730,0.37226277,0.33576642,0.2919708,0.1459854,0.50729927,0.34671533,"Josh Sborz",18323,622250
"Jarlín García","- - -",0.2597402597402597,0.821192052,0.148606811,0.383900928,0.46749226,0.046357615,0.119205298,618,1182,1800,0.44478528,0.30981595,0.24539877,0.14110429,0.51226994,0.34662577,"Jarlin Garcia",18282,606424
"Reid Detmers","LAA",0.3167420814479638,0.858247422,0.21885157,0.360780065,0.420368364,0.095360824,0.115979381,2145,3886,6031,0.44025834,0.32185145,0.2378902,0.14854682,0.50484392,0.34660926,"Reid Detmers",27468,672282
"Taylor Hearn","- - -",0.3134920634920635,0.895238095,0.240458015,0.358778625,0.400763358,0.09047619,0.119047619,1092,1933,3025,0.40530303,0.34090909,0.25378788,0.16287879,0.4905303,0.34659091,"Taylor Hearn",18325,621368
"Anthony Gose","CLE",0.2653061224489796,0.791666666,0.173076923,0.365384615,0.461538461,0.083333333,0.125,150,243,393,0.5,0.34615385,0.15384615,0.17307692,0.48076923,0.34615385,"Anthony Gose",5097,543238
"Tejay Antone","CIN",0.19736842105263158,1.03030303,0.141025641,0.435897435,0.423076923,0.181818181,0.06060606,207,380,587,0.30769231,0.42307692,0.26923077,0.24358974,0.41025641,0.34615385,"Tejay Antone",16233,622088
"Caleb Baragar","SFG",0.24,0.326086956,0.217948717,0.192307692,0.589743589,0.195652173,0.065217391,155,288,443,0.29487179,0.32051282,0.38461538,0.23076923,0.42307692,0.34615385,"Caleb Baragar",19231,670056
"Connor Gillispie","- - -",0.3333333333333333,0.75,0.192307692,0.346153846,0.461538461,0.291666666,0.041666666,102,173,275,0.40384615,0.30769231,0.28846154,0.23076923,0.42307692,0.34615385,"Connor Gillispie",26171,687362
"Sam Bachman","LAA",0.3076923076923077,3.615384615,0.22077922,0.61038961,0.168831168,0.076923076,0,132,251,383,0.5,0.3974359,0.1025641,0.16666667,0.48717949,0.34615385,"Sam Bachman",29754,696147
"Kumar Rocker","TEX",0.2871287128712871,1.766666666,0.209523809,0.504761904,0.285714285,0.066666666,0.2,181,391,572,0.43925234,0.38317757,0.17757009,0.13084112,0.52336449,0.34579439,"Kumar Rocker",31843,677958
"José Soriano","LAA",0.34271099744245526,3.050632911,0.197994987,0.604010025,0.197994987,0.063291139,0.164556962,883,1485,2368,0.41791045,0.35820896,0.2238806,0.14925373,0.50497512,0.34577114,"Jose Soriano",22100,667755
"Tyler Clippard","- - -",0.2727272727272727,0.641975308,0.158227848,0.329113924,0.512658227,0.061728395,0.098765432,354,609,963,0.49382716,0.2654321,0.24074074,0.14814815,0.50617284,0.34567901,"Tyler Clippard",5640,461325
"Cade Cavalli","WSN",0.4358974358974359,2.19047619,0.172839506,0.567901234,0.259259259,0.047619047,0.142857142,152,265,417,0.37037037,0.35802469,0.27160494,0.14814815,0.50617284,0.34567901,"Cade Cavalli",27473,676917
"Alex Cobb","- - -",0.3185840707964602,2.61038961,0.211347517,0.570212765,0.218439716,0.025974025,0.207792207,1356,2609,3965,0.48519041,0.30747532,0.20733427,0.16784203,0.48660085,0.34555712,"Alex Cobb",6562,502171
"Justin Verlander","- - -",0.2698268003646308,0.837573385,0.182767624,0.372497824,0.444734551,0.152641878,0.107632093,2061,4222,6283,0.41319444,0.33854167,0.24826389,0.18229167,0.47222222,0.34548611,"Justin Verlander",8700,434378
"Elvin Rodríguez","- - -",0.30927835051546393,0.618181818,0.19090909,0.309090909,0.5,0.145454545,0.236363636,215,337,552,0.44545455,0.36363636,0.19090909,0.2,0.45454545,0.34545455,"Elvin Rodriguez",20962,660730
"Brock Burke","- - -",0.27655310621242485,0.971698113,0.191489361,0.398452611,0.410058027,0.103773584,0.132075471,1034,1978,3012,0.36053131,0.35483871,0.28462998,0.15939279,0.49525617,0.34535104,"Brock Burke",17968,656271
"Adam Kolarek","- - -",0.33125,2.136363636,0.173652694,0.562874251,0.263473053,0.113636363,0.181818181,360,534,894,0.35714286,0.36904762,0.27380952,0.14880952,0.50595238,0.3452381,"Adam Kolarek",10843,592473
"Mason Montgomery","TBR",0.4430379746835443,1.407407407,0.197530864,0.469135802,0.333333333,0.074074074,0.185185185,211,412,623,0.41666667,0.36904762,0.21428571,0.13095238,0.52380952,0.3452381,"Mason Montgomery",29770,682254
"Chris Martin","- - -",0.3173913043478261,1.58041958,0.224789915,0.474789915,0.300420168,0.069930069,0.125874125,672,1783,2455,0.31380753,0.37029289,0.31589958,0.13598326,0.51882845,0.34518828,"Chris Martin",11847,455119
"Gabriel Ynoa","BAL",0.2918918918918919,2,0.162436548,0.558375634,0.279187817,0.018181818,0.218181818,304,586,890,0.47715736,0.2893401,0.23350254,0.16751269,0.48730964,0.34517766,"Gabriel Ynoa",12938,593679
"Brandon Kintzler","- - -",0.31382978723404253,2.211538461,0.16080402,0.577889447,0.261306532,0.038461538,0.23076923,389,663,1052,0.385,0.425,0.19,0.17,0.485,0.345,"Brandon Kintzler",9939,445213
"Jesse Chavez","- - -",0.30603448275862066,1.123595505,0.234817813,0.404858299,0.360323886,0.08988764,0.17977528,1028,1901,2929,0.3125,0.37298387,0.31451613,0.16532258,0.48991935,0.34475806,"Jesse Chavez",5448,445926
"Mike Baumann","- - -",0.288961038961039,1.161290322,0.165109034,0.44859813,0.386292834,0.056451612,0.112903225,648,1063,1711,0.31987578,0.39440994,0.28571429,0.11490683,0.54037267,0.3447205,"Mike Baumann",20206,657508
"Drew Smyly","- - -",0.2960069444444444,0.802259887,0.21557377,0.349180327,0.435245901,0.126177024,0.154425612,2621,4712,7333,0.4622871,0.31143552,0.22627737,0.17274939,0.48256285,0.34468775,"Drew Smyly",11760,592767
"Joe Barlow","TEX",0.21929824561403508,0.763636363,0.184873949,0.352941176,0.462184873,0.09090909,0.09090909,228,437,665,0.38655462,0.34453782,0.26890756,0.19327731,0.46218487,0.34453782,"Joe Barlow",22296,669618
"Reiss Knehr","SDP",0.2727272727272727,0.6,0.191011235,0.303370786,0.505617977,0.111111111,0.044444444,230,336,566,0.3,0.41111111,0.28888889,0.14444444,0.51111111,0.34444444,"Reiss Knehr",21541,663753
"Brent Honeywell","- - -",0.28104575163398693,1.186440677,0.19375,0.4375,0.36875,0.084745762,0.118644067,292,548,840,0.38125,0.3375,0.28125,0.15625,0.5,0.34375,"Brent Honeywell",16466,641703
"Guillo Zuñiga","- - -",0.25806451612903225,1.4,0.25,0.4375,0.3125,0.1,0.1,69,106,175,0.4375,0.4375,0.125,0.125,0.53125,0.34375,"Guillo Zuniga",19588,670871
"Max Kranick","- - -",0.2903225806451613,0.781818181,0.222222222,0.341269841,0.436507936,0.127272727,0.072727272,207,391,598,0.40625,0.2890625,0.3046875,0.140625,0.515625,0.34375,"Max Kranick",22175,668820
"Tim Hill","- - -",0.31115107913669066,2.238410596,0.146596858,0.589877835,0.263525305,0.059602649,0.178807947,1006,1853,2859,0.35738832,0.36769759,0.27491409,0.16151203,0.49484536,0.34364261,"Tim Hill",16814,657612
"Kyle Nelson","- - -",0.2717391304347826,1.112676056,0.226804123,0.407216494,0.365979381,0.14084507,0.154929577,345,693,1038,0.48205128,0.33846154,0.17948718,0.16410256,0.49230769,0.34358974,"Kyle Nelson",20515,669459
"Tony Gonsolin","LAD",0.22626262626262628,0.838297872,0.169230769,0.378846153,0.451923076,0.080851063,0.136170212,1083,1988,3071,0.37950664,0.38140417,0.23908918,0.13662239,0.5199241,0.34345351,"Tony Gonsolin",19388,664062
"Wes Benjamin","TEX",0.31521739130434784,0.75,0.222222222,0.333333333,0.444444444,0.09090909,0.159090909,210,382,592,0.37373737,0.41414141,0.21212121,0.11111111,0.54545455,0.34343434,"Wes Benjamin",19243,605138
"Rowan Wick","CHC",0.29533678756476683,1.025,0.185929648,0.412060301,0.40201005,0.1,0.1,455,803,1258,0.34825871,0.38308458,0.26865672,0.13930348,0.51741294,0.34328358,"Rowan Wick",14646,592858
"Jeremiah Estrada","- - -",0.35135135135135137,0.572815533,0.19,0.295,0.515,0.106796116,0.155339805,518,1027,1545,0.37810945,0.35820896,0.26368159,0.16915423,0.48756219,0.34328358,"Jeremiah Estrada",22210,669093
"Taylor Rogers","- - -",0.31239669421487604,1.188034188,0.184713375,0.442675159,0.372611464,0.098290598,0.141025641,1285,2573,3858,0.41065831,0.35736677,0.23197492,0.17241379,0.48432602,0.34326019,"Taylor Rogers",13449,573124
"Chris Stratton","- - -",0.3031988873435327,0.939297124,0.188502673,0.393048128,0.418449197,0.099041533,0.108626198,1427,2664,4091,0.33909574,0.36569149,0.29521277,0.16223404,0.49468085,0.34308511,"Chris Stratton",13761,608717
"Cory Abbott","- - -",0.2654320987654321,0.765432098,0.182857142,0.354285714,0.462857142,0.098765432,0.160493827,374,622,996,0.44,0.35428571,0.20571429,0.14857143,0.50857143,0.34285714,"Cory Abbott",20277,676265
"Kolby Allard","- - -",0.28825136612021857,0.885448916,0.20703125,0.372395833,0.420572916,0.105263157,0.126934984,1404,2595,3999,0.40362225,0.35705045,0.2393273,0.14747736,0.50970246,0.34282018,"Kolby Allard",18694,663465
"Aaron Brooks","- - -",0.28870292887029286,1.091836734,0.173387096,0.431451612,0.39516129,0.081632653,0.122448979,413,800,1213,0.41434263,0.35856574,0.22709163,0.1752988,0.48207171,0.34262948,"Aaron Brooks",12272,605156
"Luis Cessa","- - -",0.2806236080178174,1.533783783,0.193548387,0.488172043,0.318279569,0.121621621,0.141891891,885,1549,2434,0.43283582,0.34754797,0.2196162,0.18723404,0.47021277,0.34255319,"Luis Cessa",13345,570666
"Sean Manaea","- - -",0.2931701030927835,0.921013412,0.207257072,0.3800738,0.412669126,0.09090909,0.129657228,3221,6360,9581,0.3974359,0.36202686,0.24053724,0.14285714,0.51465201,0.34249084,"Sean Manaea",15873,640455
"Shane Bieber","- - -",0.2885714285714286,1.353260869,0.204775022,0.457300275,0.337924701,0.111413043,0.116847826,2025,3970,5995,0.39835165,0.35989011,0.24175824,0.15934066,0.4981685,0.34249084,"Shane Bieber",19427,669456
"Patrick Murphy","- - -",0.36619718309859156,2.4,0.301369863,0.493150684,0.205479452,0.133333333,0.133333333,141,238,379,0.36986301,0.36986301,0.26027397,0.21917808,0.43835616,0.34246575,"Patrick Murphy",19712,641907
"Jeurys Familia","- - -",0.30745341614906835,1.840425531,0.202985074,0.51641791,0.280597014,0.085106382,0.191489361,803,1297,2100,0.47787611,0.33923304,0.18289086,0.15929204,0.49852507,0.34218289,"Jeurys Familia",5114,544727
"Neil Ramírez","- - -",0.2857142857142857,0.478260869,0.105263157,0.289473684,0.605263157,0.086956521,0.130434782,96,156,252,0.42105263,0.28947368,0.28947368,0.21052632,0.44736842,0.34210526,"Neil Ramirez",7677,519166
"Jeremy Beasley","- - -",0.2727272727272727,0.478260869,0.105263157,0.289473684,0.605263157,0.086956521,0.217391304,114,176,290,0.34210526,0.34210526,0.31578947,0.10526316,0.55263158,0.34210526,"Jeremy Beasley",20205,676886
"Victor Mederos","LAA",0.43243243243243246,1.23076923,0.236842105,0.421052631,0.342105263,0.23076923,0.076923076,89,139,228,0.5,0.36842105,0.13157895,0.23684211,0.42105263,0.34210526,"Victor Mederos",31533,682989
"Tyler Glasnow","- - -",0.2540192926045016,1.154150197,0.165390505,0.447166921,0.387442572,0.079051383,0.134387351,1676,2922,4598,0.36030534,0.37557252,0.26412214,0.15419847,0.50381679,0.34198473,"Tyler Glasnow",14374,607192
"Keegan Akin","BAL",0.2931854199683043,0.857142857,0.19849624,0.369924812,0.431578947,0.094076655,0.135888501,1368,2649,4017,0.40149254,0.3238806,0.27462687,0.14179104,0.51641791,0.34179104,"Keegan Akin",19362,669211
"Brady Basso","OAK",0.34210526315789475,1.285714285,0.189873417,0.455696202,0.354430379,0.142857142,0.107142857,146,243,389,0.46835443,0.27848101,0.25316456,0.16455696,0.49367089,0.34177215,"Brady Basso",25582,669620
"Aníbal Sánchez","WSN",0.26269315673289184,0.787439613,0.217758985,0.344608879,0.437632135,0.091787439,0.130434782,966,1645,2611,0.37708333,0.34166667,0.28125,0.14791667,0.51041667,0.34166667,"Anibal Sanchez",3284,434671
"Bryan Baker","- - -",0.31493506493506496,1.140495867,0.193146417,0.429906542,0.37694704,0.165289256,0.115702479,719,1312,2031,0.41614907,0.33229814,0.2515528,0.15217391,0.50621118,0.34161491,"Bryan Baker",19804,641329
"Colten Brewer","- - -",0.375,1.220588235,0.24120603,0.417085427,0.341708542,0.088235294,0.147058823,468,702,1170,0.39108911,0.38613861,0.22277228,0.16831683,0.49009901,0.34158416,"Colten Brewer",12997,605155
"J.P. France","HOU",0.2851851851851852,0.681818181,0.215547703,0.318021201,0.466431095,0.098484848,0.106060606,492,813,1305,0.35915493,0.3556338,0.28521127,0.14788732,0.51056338,0.3415493,"J.P. France",21212,641585
"Alex Wells","BAL",0.2920353982300885,0.777777777,0.219512195,0.341463414,0.43902439,0.129629629,0.185185185,214,379,593,0.43089431,0.32520325,0.24390244,0.17886179,0.4796748,0.34146341,"Alex Wells",19845,649144
"Ben Brown","CHC",0.30962343096234307,1.253012048,0.227272727,0.429752066,0.342975206,0.120481927,0.084337349,450,886,1336,0.43902439,0.33739837,0.22357724,0.1097561,0.54878049,0.34146341,"Ben Brown",23590,676962
"Andrew Saalfrank","ARI",0.2345679012345679,1.666666666,0.121951219,0.548780487,0.329268292,0.111111111,0.037037037,138,261,399,0.45121951,0.40243902,0.14634146,0.09756098,0.56097561,0.34146341,"Andrew Saalfrank",26203,685314
"Ryan Pepiot","- - -",0.27292110874200426,0.739130434,0.191919191,0.343434343,0.464646464,0.117391304,0.130434782,993,1890,2883,0.40361446,0.34337349,0.25301205,0.17068273,0.48795181,0.34136546,"Ryan Pepiot",26221,686752
"Luis Perdomo","- - -",0.265,2.188679245,0.175609756,0.565853658,0.258536585,0.075471698,0.150943396,305,653,958,0.45673077,0.375,0.16826923,0.14423077,0.51442308,0.34134615,"Luis Perdomo",14682,606131
"Brad Hand","- - -",0.3076923076923077,0.869565217,0.240618101,0.353200883,0.406181015,0.081521739,0.108695652,1010,1840,2850,0.45217391,0.30434783,0.24347826,0.14782609,0.51086957,0.34130435,"Brad Hand",9111,543272
"Robert Suarez","SDP",0.2332155477031802,1.231481481,0.180272108,0.452380952,0.367346938,0.083333333,0.12037037,519,1087,1606,0.33445946,0.33783784,0.3277027,0.15202703,0.50675676,0.34121622,"Robert Suarez",30115,663158
"Steven Brault","- - -",0.3022222222222222,1.376623376,0.199124726,0.463894967,0.336980306,0.077922077,0.11038961,1076,1643,2719,0.36051502,0.3776824,0.26180258,0.16738197,0.49141631,0.34120172,"Steven Brault",15291,643230
"Joey Cantillo","CLE",0.2661290322580645,1.195652173,0.2109375,0.4296875,0.359375,0.086956521,0.108695652,633,1063,1696,0.46511628,0.29457364,0.24031008,0.13565891,0.52325581,0.34108527,"Joey Cantillo",23335,676282
"Sam Hentges","CLE",0.34574468085106386,1.906542056,0.198453608,0.525773195,0.275773195,0.056074766,0.130841121,870,1463,2333,0.42307692,0.35641026,0.22051282,0.16410256,0.49487179,0.34102564,"Sam Hentges",18548,656529
"Caleb Boushley","- - -",0.2988505747126437,1.264705882,0.114942528,0.494252873,0.390804597,0.117647058,0.029411764,166,289,455,0.31818182,0.375,0.30681818,0.14772727,0.51136364,0.34090909,"Caleb Boushley",19736,676961
"Luke Little","CHC",0.27906976744186046,2.25,0.093023255,0.627906976,0.279069767,0.083333333,0.083333333,161,205,366,0.36363636,0.40909091,0.22727273,0.13636364,0.52272727,0.34090909,"Luke Little",28036,681432
"Geoff Hartlieb","- - -",0.36363636363636365,1.14,0.189393939,0.431818181,0.378787878,0.12,0.06,363,547,910,0.42222222,0.34074074,0.23703704,0.2,0.45925926,0.34074074,"Geoff Hartlieb",19558,664129
"Luis Patiño","- - -",0.26540284360189575,0.773584905,0.164444444,0.364444444,0.471111111,0.188679245,0.141509433,504,862,1366,0.34955752,0.34513274,0.30530973,0.19911504,0.46017699,0.34070796,"Luis Patino",22815,672715
"Tanner Rainey","- - -",0.26666666666666666,0.717557251,0.160447761,0.350746268,0.48880597,0.13740458,0.13740458,786,1249,2035,0.33699634,0.41025641,0.25274725,0.15018315,0.50915751,0.34065934,"Tanner Rainey",17610,663432
"Casey Lawrence","- - -",0.3181818181818182,0.85,0.201438848,0.366906474,0.431654676,0.166666666,0.15,237,418,655,0.5035461,0.30496454,0.19148936,0.17730496,0.4822695,0.34042553,"Casey Lawrence",11121,596271
"Daulton Jefferies","- - -",0.32592592592592595,1.105263157,0.142857142,0.45,0.407142857,0.017543859,0.105263157,216,410,626,0.38297872,0.35460993,0.26241135,0.12765957,0.53191489,0.34042553,"Daulton Jefferies",19345,641726
"Chad Smith","- - -",0.2727272727272727,2.416666666,0.127659574,0.617021276,0.255319148,0,0.25,145,196,341,0.44680851,0.40425532,0.14893617,0.14893617,0.5106383,0.34042553,"Chad Smith",20190,663385
"Demarcus Evans","TEX",0.23255813953488372,0.3,0.152173913,0.195652173,0.652173913,0.1,0.133333333,131,222,353,0.38297872,0.34042553,0.27659574,0.08510638,0.57446809,0.34042553,"Demarcus Evans",21087,663770
"Tommy Henry","ARI",0.2781954887218045,0.898876404,0.197149643,0.380047505,0.42280285,0.084269662,0.13483146,855,1423,2278,0.40425532,0.31678487,0.27895981,0.12293144,0.53664303,0.34042553,"Tommy Henry",26285,674072
"Héctor Neris","- - -",0.2774451097804391,0.953488372,0.182879377,0.398832684,0.418287937,0.130232558,0.125581395,1089,2178,3267,0.48098859,0.3269962,0.19201521,0.18631179,0.47338403,0.34030418,"Hector Neris",11804,593576
"Danny Duffy","KCR",0.283363802559415,0.808163265,0.225524475,0.346153846,0.428321678,0.126530612,0.118367346,1180,2088,3268,0.37152778,0.37673611,0.25173611,0.18576389,0.47395833,0.34027778,"Danny Duffy",3542,518633
"Albert Suárez","BAL",0.27350427350427353,0.858585858,0.220338983,0.360169491,0.419491525,0.131313131,0.07070707,449,804,1253,0.38589212,0.36929461,0.24481328,0.13278008,0.52697095,0.34024896,"Albert Suarez",6175,544150
"Erik Swanson","- - -",0.26795580110497236,0.790960451,0.172323759,0.365535248,0.462140992,0.146892655,0.146892655,788,1479,2267,0.39175258,0.32731959,0.28092784,0.17010309,0.48969072,0.34020619,"Erik Swanson",16587,657024
"Hunter Gaddis","CLE",0.27402135231316727,0.783582089,0.181506849,0.359589041,0.458904109,0.111940298,0.097014925,498,1058,1556,0.41156463,0.34013605,0.24829932,0.15306122,0.50680272,0.34013605,"Hunter Gaddis",25636,683769
"Ryan Weathers","- - -",0.2917341977309562,1.141700404,0.181114551,0.436532507,0.382352941,0.105263157,0.157894736,1387,2258,3645,0.4070122,0.3445122,0.24847561,0.17530488,0.4847561,0.33993902,"Ryan Weathers",23796,677960
"Cristopher Sánchez","PHI",0.30475382003395585,2.105431309,0.196694214,0.544628099,0.258677685,0.038338658,0.130990415,2094,4202,6296,0.41954023,0.35714286,0.22331691,0.14367816,0.51642036,0.33990148,"Cristopher Sanchez",20778,650911
"Matt Andriese","- - -",0.3603238866396761,1.648648648,0.225296442,0.482213438,0.292490118,0.081081081,0.135135135,547,1021,1568,0.390625,0.37109375,0.23828125,0.15625,0.50390625,0.33984375,"Matt Andriese",12022,542882
"Tim Mayza","- - -",0.32908163265306123,1.355555555,0.216748768,0.450738916,0.332512315,0.066666666,0.155555555,963,1487,2450,0.34708738,0.38349515,0.26941748,0.14563107,0.51456311,0.33980583,"Tim Mayza",15042,641835
"Kyle Zimmer","KCR",0.3422818791946309,1.321428571,0.166666666,0.474358974,0.358974358,0.089285714,0.125,368,571,939,0.36538462,0.34615385,0.28846154,0.13461538,0.52564103,0.33974359,"Kyle Zimmer",14169,622092
"Adrian Morejon","SDP",0.3074712643678161,1.027777777,0.186629526,0.412256267,0.401114206,0.097222222,0.118055555,715,1316,2031,0.36438356,0.32876712,0.30684932,0.14520548,0.51506849,0.33972603,"Adrian Morejon",20039,670970
"Jordan Lyles","- - -",0.2890688259109312,0.967863894,0.194895591,0.395978344,0.409126063,0.115311909,0.139886578,2271,4349,6620,0.45830145,0.3289977,0.21270084,0.16220352,0.49808722,0.33970926,"Jordan Lyles",7593,543475
"Kodai Senga","NYM",0.27635327635327633,1.048611111,0.193989071,0.412568306,0.393442622,0.131944444,0.118055555,882,1427,2309,0.42119565,0.32065217,0.25815217,0.17391304,0.48641304,0.33967391,"Kodai Senga",31838,673540
"Thaddeus Ward","WSN",0.3076923076923077,1.263157894,0.173076923,0.461538461,0.365384615,0.157894736,0.052631578,166,220,386,0.26415094,0.37735849,0.35849057,0.1509434,0.50943396,0.33962264,"Thaddeus Ward",21513,663658
"Dakota Hudson","- - -",0.2838479809976247,2.124444444,0.183507549,0.555168408,0.261324041,0.071111111,0.12,1635,2678,4313,0.42347526,0.37629459,0.20023015,0.18642117,0.47410817,0.33947066,"Dakota Hudson",19206,641712
"César Valdez","- - -",0.3942307692307692,1.814814814,0.302752293,0.449541284,0.247706422,0.037037037,0.185185185,181,388,569,0.52293578,0.28440367,0.19266055,0.13761468,0.52293578,0.33944954,"Cesar Valdez",9013,491624
"Jose Quintana","- - -",0.30299727520435965,1.267175572,0.2126193,0.440084835,0.347295864,0.07480916,0.103816793,4068,6309,10377,0.37348764,0.38137822,0.24513414,0.15991583,0.50078906,0.33929511,"Jose Quintana",11423,500779
"Carson Seymour","SFG",0.2,1.611111111,0.145454545,0.527272727,0.327272727,0.111111111,0.333333333,134,202,336,0.44642857,0.30357143,0.25,0.17857143,0.48214286,0.33928571,"Carson Seymour",30084,693313
"Rony García","DET",0.2761904761904762,0.75,0.288135593,0.305084745,0.406779661,0.104166666,0.270833333,269,416,685,0.38983051,0.3559322,0.25423729,0.1440678,0.51694915,0.33898305,"Rony Garcia",20430,665621
"Matt Bush","- - -",0.22727272727272727,0.903846153,0.175,0.391666666,0.433333333,0.096153846,0.211538461,223,453,676,0.32231405,0.33057851,0.34710744,0.1322314,0.52892562,0.33884298,"Matt Bush",1246,456713
"Trevor May","- - -",0.2773972602739726,0.796992481,0.213815789,0.34868421,0.4375,0.157894736,0.112781954,848,1341,2189,0.39413681,0.33876221,0.26710098,0.15635179,0.50488599,0.33876221,"Trevor May",6398,543507
"Graham Ashcraft","CIN",0.333843797856049,1.5,0.198813056,0.480712166,0.320474777,0.087962962,0.12037037,1227,2194,3421,0.32842415,0.37113402,0.30044183,0.15316642,0.50810015,0.33873343,"Graham Ashcraft",27552,668933
"Carlos Carrasco","- - -",0.3427601809954751,1.162650602,0.232085561,0.412834224,0.355080213,0.105421686,0.168674698,1638,3311,4949,0.45047923,0.33546326,0.21405751,0.16826411,0.49307774,0.33865815,"Carlos Carrasco",6632,471911
"Jared Koenig","- - -",0.30132450331125826,1.173913043,0.188311688,0.438311688,0.373376623,0.086956521,0.095652173,666,1160,1826,0.44408946,0.34185304,0.21405751,0.12140575,0.5399361,0.33865815,"Jared Koenig",27517,657649
"Héctor Santiago","- - -",0.33884297520661155,0.689655172,0.222222222,0.317460317,0.46031746,0.137931034,0.103448275,309,534,843,0.4015748,0.33070866,0.26771654,0.1496063,0.51181102,0.33858268,"Hector Santiago",4026,502327
"Kyle Cody","TEX",0.31746031746031744,1.75,0.153846153,0.538461538,0.307692307,0.2,0.1,137,233,370,0.50769231,0.32307692,0.16923077,0.12307692,0.53846154,0.33846154,"Kyle Cody",19686,621129
"Allan Winans","- - -",0.2698412698412698,1.894736842,0.140625,0.5625,0.296875,0.105263157,0.105263157,115,213,328,0.44615385,0.43076923,0.12307692,0.12307692,0.53846154,0.33846154,"Allan Winans",21238,642216
"Colin Rea","- - -",0.2683982683982684,1.078853046,0.193324061,0.418636995,0.388038942,0.118279569,0.111111111,1271,2467,3738,0.40883978,0.33839779,0.25276243,0.1519337,0.50966851,0.33839779,"Colin Rea",12317,607067
"Danny Coulombe","- - -",0.2559055118110236,1,0.178707224,0.410646387,0.410646387,0.111111111,0.111111111,637,1099,1736,0.45864662,0.29323308,0.2481203,0.17669173,0.48496241,0.33834586,"Danny Coulombe",13293,543056
"A.J. Puk","- - -",0.31202046035805625,0.957575757,0.200495049,0.391089108,0.408415841,0.127272727,0.109090909,900,1696,2596,0.38480392,0.33333333,0.28186275,0.19607843,0.46568627,0.33823529,"A.J. Puk",19343,640462
"Josh Winder","MIN",0.31443298969072164,0.876404494,0.181372549,0.382352941,0.436274509,0.101123595,0.11235955,364,672,1036,0.47058824,0.35784314,0.17156863,0.16176471,0.5,0.33823529,"Josh Winder",24606,680739
"Jack Dreyer","LAD",0.2706766917293233,0.833333333,0.179104477,0.373134328,0.447761194,0.15,0.05,260,513,773,0.39705882,0.32352941,0.27941176,0.17647059,0.48529412,0.33823529,"Jack Dreyer",30249,676263
"Trevor Bauer","- - -",0.2553648068669528,1.010416666,0.199170124,0.402489626,0.398340248,0.135416666,0.114583333,1247,2208,3455,0.40983607,0.34631148,0.24385246,0.19877049,0.46311475,0.33811475,"Trevor Bauer",12703,545333
"Chase Silseth","LAA",0.2785714285714286,1.809523809,0.191780821,0.520547945,0.287671232,0.071428571,0.19047619,327,568,895,0.47297297,0.31081081,0.21621622,0.12837838,0.53378378,0.33783784,"Chase Silseth",30074,681217
"Adam Wainwright","STL",0.3008695652173913,1.376657824,0.240677966,0.439830508,0.319491525,0.071618037,0.114058355,1964,3883,5847,0.4124057,0.36295054,0.22464376,0.15004191,0.51215423,0.33780386,"Adam Wainwright",2233,425794
"Reynaldo López","- - -",0.28416779431664413,0.952830188,0.194552529,0.392996108,0.412451361,0.113207547,0.125786163,1451,3004,4455,0.3465982,0.36713736,0.28626444,0.1732991,0.48908858,0.33761232,"Reynaldo Lopez",16400,625643
"Jalen Beeks","- - -",0.30354609929078014,1.289682539,0.200831024,0.450138504,0.34903047,0.091269841,0.099206349,1463,2486,3949,0.41289438,0.33196159,0.25514403,0.17283951,0.48971193,0.33744856,"Jalen Beeks",17192,656222
"Simeon Woods Richardson","MIN",0.27461139896373055,0.616161616,0.205955334,0.302729528,0.491315136,0.126262626,0.101010101,852,1555,2407,0.39901478,0.29802956,0.30295567,0.15024631,0.51231527,0.33743842,"Simeon Woods Richardson",24494,680573
"Jared Hughes","- - -",0.2611464968152866,2.136363636,0.168674698,0.56626506,0.26506024,0.09090909,0.272727272,407,636,1043,0.5443787,0.31360947,0.14201183,0.18934911,0.47337278,0.33727811,"Jared Hughes",9325,453172
"Art Warren","- - -",0.3125,0.657894736,0.25,0.297619047,0.452380952,0.078947368,0.157894736,248,368,616,0.34883721,0.30232558,0.34883721,0.13953488,0.52325581,0.3372093,"Art Warren",18251,605521
"Dauri Moreta","- - -",0.2754491017964072,0.694117647,0.172413793,0.339080459,0.488505747,0.152941176,0.094117647,410,753,1163,0.50285714,0.31428571,0.18285714,0.19428571,0.46857143,0.33714286,"Dauri Moreta",21101,664294
"Jared Jones","PIT",0.26666666666666666,1.089552238,0.2,0.417142857,0.382857142,0.089552238,0.149253731,300,633,933,0.41142857,0.36,0.22857143,0.14285714,0.52,0.33714286,"Jared Jones",27863,683003
"Connor Brogdon","- - -",0.28112449799196787,0.745762711,0.219696969,0.333333333,0.446969696,0.110169491,0.152542372,645,1129,1774,0.41198502,0.32958801,0.25842697,0.15355805,0.5093633,0.33707865,"Connor Brogdon",21205,641401
"Lucas Giolito","- - -",0.30300632911392406,1.017475728,0.226358897,0.390171258,0.383469843,0.116504854,0.163106796,2896,5257,8153,0.41202673,0.34595397,0.2420193,0.16332591,0.4996288,0.33704529,"Lucas Giolito",15474,608337
"Alex Colomé","- - -",0.2627118644067797,1.74074074,0.177777777,0.522222222,0.3,0.037037037,0.101851851,670,1132,1802,0.46849315,0.3369863,0.19452055,0.1260274,0.5369863,0.3369863,"Alex Colome",6661,517008
"Josh Taylor","- - -",0.384180790960452,1.134328358,0.235294117,0.406417112,0.35828877,0.119402985,0.149253731,513,778,1291,0.46524064,0.34224599,0.19251337,0.14973262,0.51336898,0.3368984,"Josh Taylor",17359,657031
"Matt Magill","- - -",0.3076923076923077,0.947368421,0.229166666,0.375,0.395833333,0.157894736,0.184210526,221,408,629,0.43877551,0.3877551,0.17346939,0.16326531,0.5,0.33673469,"Matt Magill",3950,543483
"Oliver Ortega","- - -",0.30434782608695654,1.821428571,0.177083333,0.53125,0.291666666,0.071428571,0.214285714,217,343,560,0.52040816,0.32653061,0.15306122,0.15306122,0.51020408,0.33673469,"Oliver Ortega",21025,661383
"Dylan Bundy","- - -",0.2961240310077519,0.879725085,0.206095791,0.371552975,0.422351233,0.113402061,0.164948453,1296,2651,3947,0.49421965,0.28323699,0.22254335,0.17052023,0.49277457,0.3367052,"Dylan Bundy",12917,605164
"Cole Sands","MIN",0.2901023890784983,1.057851239,0.17,0.426666666,0.403333333,0.107438016,0.082644628,583,1151,1734,0.42574257,0.3630363,0.21122112,0.14191419,0.52145215,0.33663366,"Cole Sands",21461,663485
"Cionel Pérez","- - -",0.32575757575757575,1.903508771,0.176616915,0.539800995,0.283582089,0.078947368,0.096491228,886,1371,2257,0.36855037,0.34152334,0.28992629,0.13513514,0.52825553,0.33660934,"Cionel Perez",19614,672335
"Daniel Hudson","- - -",0.26421404682274247,0.893617021,0.157728706,0.39747634,0.444794952,0.113475177,0.134751773,734,1354,2088,0.38050314,0.37106918,0.24842767,0.13522013,0.52830189,0.33647799,"Daniel Hudson",7146,543339
"Thomas Eshelman","BAL",0.29797979797979796,0.741935483,0.235849056,0.325471698,0.438679245,0.096774193,0.17204301,309,615,924,0.5,0.29906542,0.20093458,0.13551402,0.52803738,0.3364486,"Thomas Eshelman",18361,664045
"Craig Kimbrel","- - -",0.27672955974842767,0.766666666,0.201807228,0.346385542,0.451807228,0.1,0.12,1055,1668,2723,0.32738095,0.35714286,0.31547619,0.12202381,0.54166667,0.33630952,"Craig Kimbrel",6655,518886
"Keegan Thompson","CHC",0.24375,1.036764705,0.170658682,0.422155688,0.407185628,0.080882352,0.125,768,1287,2055,0.37797619,0.32440476,0.29761905,0.17261905,0.49107143,0.33630952,"Keegan Thompson",19795,624522
"Braxton Ashcraft","PIT",0.2982456140350877,1.84375,0.208695652,0.513043478,0.278260869,0.0625,0.0625,193,396,589,0.38793103,0.42241379,0.18965517,0.1637931,0.5,0.3362069,"Braxton Ashcraft",23793,677952
"Jake Brentz","KCR",0.34513274336283184,1.459459459,0.215517241,0.465517241,0.318965517,0.054054054,0.162162162,344,513,857,0.44537815,0.33613445,0.21848739,0.11764706,0.54621849,0.33613445,"Jake Brentz",17783,641394
"Pedro Avila","- - -",0.3247863247863248,1.575342465,0.216666666,0.479166666,0.304166666,0.06849315,0.136986301,542,928,1470,0.37295082,0.38934426,0.23770492,0.12295082,0.54098361,0.33606557,"Pedro Avila",18864,658648
"Kyle Funkhouser","DET",0.2727272727272727,2.314285714,0.205479452,0.55479452,0.239726027,0.085714285,0.171428571,317,507,824,0.38926174,0.29530201,0.31543624,0.17449664,0.48993289,0.33557047,"Kyle Funkhouser",19456,608335
"Dane Dunning","- - -",0.2973893303064699,1.988095238,0.181521739,0.544565217,0.273913043,0.111111111,0.174603174,1799,3301,5100,0.46212121,0.33441558,0.2034632,0.15800866,0.50649351,0.33549784,"Dane Dunning",19409,641540
"Zach Plesac","- - -",0.26897470039946736,1.2,0.185185185,0.444444444,0.37037037,0.110344827,0.137931034,1285,2665,3950,0.42911392,0.34050633,0.23037975,0.15189873,0.51265823,0.33544304,"Zach Plesac",19979,668676
"Kody Funderburk","MIN",0.3227848101265823,1.673469387,0.196319018,0.503067484,0.300613496,0.102040816,0.122448979,309,582,891,0.33536585,0.3597561,0.30487805,0.1097561,0.55487805,0.33536585,"Kody Funderburk",24993,681892
"Matthew Boyd","- - -",0.29877112135176653,0.710485133,0.197503671,0.333333333,0.469162995,0.115805946,0.126760563,2819,5334,8153,0.38243832,0.34760522,0.26995646,0.17053701,0.49419448,0.33526851,"Matthew Boyd",15440,571510
"Humberto Castellanos","- - -",0.34972677595628415,1.283333333,0.26344086,0.413978494,0.322580645,0.116666666,0.1,351,634,985,0.45212766,0.31914894,0.2287234,0.16489362,0.5,0.33510638,"Humberto Castellanos",21183,528748
"José Quijada","- - -",0.3010752688172043,0.792682926,0.234375,0.338541666,0.427083333,0.121951219,0.097560975,614,891,1505,0.36082474,0.43814433,0.20103093,0.22164948,0.44329897,0.33505155,"Jose Quijada",19200,650671
"Bruce Zimmermann","- - -",0.29832935560859186,0.961538461,0.199551569,0.392376681,0.408071748,0.087912087,0.175824175,721,1346,2067,0.48337029,0.32594235,0.19068736,0.14190687,0.5232816,0.33481153,"Bruce Zimmermann",20370,669145
"Spencer Turnbull","- - -",0.3,1.591836734,0.16993464,0.509803921,0.320261437,0.081632653,0.088435374,1128,1824,2952,0.36285097,0.39740821,0.23974082,0.13390929,0.53131749,0.33477322,"Spencer Turnbull",16207,605513
"Glenn Otto Jr.","TEX",0.2947761194029851,1.171428571,0.202797202,0.43006993,0.367132867,0.18095238,0.19047619,579,1015,1594,0.46689895,0.30662021,0.22648084,0.19512195,0.47038328,0.33449477,"Glenn Otto Jr.",21366,657248
"Rich Hill","- - -",0.2960199004975124,0.94,0.227707006,0.374203821,0.398089171,0.098,0.14,2309,4731,7040,0.45368917,0.34458399,0.20172684,0.1389325,0.5266876,0.33437991,"Rich Hill",4806,448179
"Ryan Pressly","- - -",0.3076923076923077,1.605633802,0.209401709,0.487179487,0.303418803,0.070422535,0.119718309,879,1801,2680,0.41914894,0.36170213,0.21914894,0.12765957,0.53829787,0.33404255,"Ryan Pressly",7005,519151
"Enyel De Los Santos","- - -",0.29515418502202645,1.109826589,0.215053763,0.412903225,0.37204301,0.104046242,0.12716763,962,2028,2990,0.43067227,0.34033613,0.2289916,0.15336134,0.51260504,0.33403361,"Enyel De Los Santos",18403,660853
"Lance Lynn","- - -",0.2811918063314711,0.986842105,0.198230088,0.398230088,0.403539823,0.133771929,0.142543859,2477,4704,7181,0.39630931,0.35676626,0.24692443,0.17135325,0.49472759,0.33391916,"Lance Lynn",2520,458681
"Jakob Junis","- - -",0.2937062937062937,1.011331444,0.208472686,0.397993311,0.393534002,0.110481586,0.121813031,1628,3219,4847,0.42491657,0.32703003,0.24805339,0.15684093,0.50945495,0.33370412,"Jakob Junis",13619,596001
"Zack Greinke","- - -",0.29707112970711297,0.935742971,0.225080385,0.37459807,0.400321543,0.086345381,0.118473895,2164,4039,6203,0.37559809,0.33891547,0.28548644,0.16507177,0.5015949,0.33333333,"Zack Greinke",1943,425844
"Aaron Loup","- - -",0.294478527607362,1.339285714,0.213213213,0.45045045,0.336336336,0.053571428,0.098214285,664,1280,1944,0.39583333,0.33928571,0.26488095,0.13988095,0.52678571,0.33333333,"Aaron Loup",10343,571901
"Drew Hutchison","DET",0.2809917355371901,1.475,0.185185185,0.485596707,0.329218106,0.1125,0.05,427,718,1145,0.44308943,0.32520325,0.23170732,0.11382114,0.55284553,0.33333333,"Drew Hutchison",10732,571800
"Chasen Shreve","- - -",0.27983539094650206,1.04040404,0.207843137,0.403921568,0.388235294,0.121212121,0.121212121,572,925,1497,0.47058824,0.30980392,0.21960784,0.15294118,0.51372549,0.33333333,"Chasen Shreve",10855,592741
"Grant Dayton","ATL",0.32608695652173914,0.5,0.226804123,0.257731958,0.515463917,0.14,0.14,229,416,645,0.35353535,0.33333333,0.31313131,0.21212121,0.45454545,0.33333333,"Grant Dayton",11203,594795
"Marcus Stroman","- - -",0.28668941979522183,1.621253405,0.196324143,0.497076023,0.306599832,0.062670299,0.103542234,2393,4136,6529,0.38047974,0.3655914,0.25392887,0.15384615,0.51282051,0.33333333,"Marcus Stroman",13431,573186
"Brandon Brennan","- - -",0.21348314606741572,2.038461538,0.150537634,0.569892473,0.279569892,0.076923076,0.153846153,203,328,531,0.46236559,0.32258065,0.21505376,0.19354839,0.47311828,0.33333333,"Brandon Brennan",13527,592165
"Thyago Vieira","- - -",0.3291139240506329,0.833333333,0.204819277,0.361445783,0.433734939,0.083333333,0.138888888,201,334,535,0.39285714,0.35714286,0.25,0.19047619,0.47619048,0.33333333,"Thyago Vieira",14510,600986
"Drew Anderson","- - -",0.2777777777777778,0.88,0.175438596,0.385964912,0.438596491,0.24,0.12,98,181,279,0.29824561,0.47368421,0.22807018,0.28070175,0.38596491,0.33333333,"Drew Anderson",15130,623454
"Dusten Knight","- - -",0.3170731707317073,0.789473684,0.227272727,0.34090909,0.431818181,0.315789473,0.210526315,107,167,274,0.46666667,0.33333333,0.2,0.17777778,0.48888889,0.33333333,"Dusten Knight",16537,643400
"Tyler Cyr","- - -",0.34615384615384615,2.8,0.296296296,0.518518518,0.185185185,0.2,0.2,54,109,163,0.59259259,0.22222222,0.18518519,0.11111111,0.55555556,0.33333333,"Tyler Cyr",18421,664202
"Brandon Bielak","- - -",0.3065015479876161,1.129770992,0.188953488,0.430232558,0.380813953,0.038167938,0.190839694,741,1151,1892,0.46264368,0.32471264,0.21264368,0.1408046,0.52586207,0.33333333,"Brandon Bielak",19866,656232
"Michael Petersen","- - -",0.3283582089552239,0.74074074,0.308823529,0.294117647,0.397058823,0.074074074,0.074074074,132,240,372,0.36231884,0.34782609,0.28985507,0.11594203,0.55072464,0.33333333,"Michael Petersen",20827,656848
"Jacob Latz","TEX",0.28270042194092826,0.761061946,0.197580645,0.346774193,0.455645161,0.14159292,0.10619469,596,949,1545,0.38554217,0.35742972,0.25702811,0.18875502,0.47791165,0.33333333,"Jacob Latz",21306,656641
"Max Castillo","- - -",0.2967032967032967,1.419354838,0.210526315,0.463157894,0.326315789,0.193548387,0.161290322,192,332,524,0.51041667,0.34375,0.14583333,0.125,0.54166667,0.33333333,"Max Castillo",21956,666721
"Grayson Rodriguez","BAL",0.3314121037463977,1.175572519,0.214876033,0.424242424,0.360881542,0.083969465,0.122137404,692,1400,2092,0.39393939,0.35261708,0.25344353,0.16528926,0.50137741,0.33333333,"Grayson Rodriguez",24492,680570
"Colin Selby","- - -",0.2714285714285714,2,0.154929577,0.563380281,0.28169014,0.05,0.1,161,255,416,0.5,0.29166667,0.20833333,0.25,0.41666667,0.33333333,"Colin Selby",24986,681882
"Luis Contreras","HOU",0.25,0.5625,0.166666666,0.3,0.533333333,0.125,0.125,72,120,192,0.6,0.23333333,0.16666667,0.16666667,0.5,0.33333333,"Luis Contreras",25839,664351
"Juan Burgos","- - -",0.32,1.09090909,0.148148148,0.444444444,0.407407407,0.09090909,0.181818181,56,92,148,0.22222222,0.55555556,0.22222222,0.25925926,0.40740741,0.33333333,"Juan Burgos",27271,686228
"Chase Lee","DET",0.29411764705882354,0.73076923,0.210526315,0.333333333,0.45614035,0.038461538,0.23076923,123,221,344,0.31578947,0.49122807,0.19298246,0.19298246,0.47368421,0.33333333,"Chase Lee",29574,695445
"Hunter Dobbins","BOS",0.2903225806451613,1.6,0.1875,0.5,0.3125,0.1,0.1,174,304,478,0.34375,0.32291667,0.33333333,0.13541667,0.53125,0.33333333,"Hunter Dobbins",30240,690928
"Adam Mazur","- - -",0.28888888888888886,0.825,0.215053763,0.354838709,0.430107526,0.075,0.075,164,300,464,0.31182796,0.4516129,0.23655914,0.13978495,0.52688172,0.33333333,"Adam Mazur",31900,800049
"Luis Morales","ATH",0.2,0.657142857,0.121212121,0.348484848,0.53030303,0.142857142,0.171428571,169,261,430,0.46969697,0.31818182,0.21212121,0.25757576,0.40909091,0.33333333,"Luis Morales",32227,806960
"Logan Gilbert","SEA",0.27047781569965873,1.018329938,0.191020408,0.408163265,0.400816326,0.112016293,0.136456211,2357,4610,6967,0.44632768,0.33414044,0.21953188,0.14366425,0.52380952,0.33252623,"Logan Gilbert",22250,669302
"Drew Pomeranz","- - -",0.31329113924050633,1.208333333,0.204204204,0.435435435,0.36036036,0.1,0.2,893,1518,2411,0.38235294,0.32058824,0.29705882,0.15882353,0.50882353,0.33235294,"Drew Pomeranz",11426,519141
"Alex Wood","- - -",0.3145833333333333,1.252873563,0.213640922,0.437311935,0.349047141,0.06321839,0.146551724,2087,3794,5881,0.40850643,0.34421365,0.24727992,0.1355094,0.53214639,0.33234421,"Alex Wood",13781,622072
"Carson Fulmer","- - -",0.27181208053691275,1.186440677,0.15960912,0.456026058,0.38436482,0.144067796,0.101694915,693,1118,1811,0.43225806,0.3483871,0.21935484,0.14516129,0.52258065,0.33225806,"Carson Fulmer",18311,608334
"Junior Guerra","- - -",0.2597864768683274,1.422680412,0.178321678,0.482517482,0.339160839,0.164948453,0.113402061,595,1027,1622,0.42123288,0.3390411,0.23972603,0.20890411,0.45890411,0.33219178,"Junior Guerra",5702,448855
"Brad Boxberger","- - -",0.2890625,0.953703703,0.200757575,0.390151515,0.409090909,0.12037037,0.148148148,658,1118,1776,0.39483395,0.34317343,0.26199262,0.1697417,0.49815498,0.33210332,"Brad Boxberger",10133,502202
"Mike Minor","- - -",0.2922134733158355,0.831417624,0.211221122,0.358085808,0.430693069,0.122605363,0.147509578,2468,4378,6846,0.49180328,0.30245902,0.2057377,0.16885246,0.49918033,0.33196721,"Mike Minor",10021,501985
"Spencer Strider","ATL",0.30869565217391304,0.919597989,0.210743801,0.378099173,0.411157024,0.100502512,0.12562814,1187,2356,3543,0.31752577,0.36082474,0.32164948,0.15876289,0.50927835,0.33195876,"Spencer Strider",27498,675911
"Garrett Whitlock","BOS",0.3244444444444444,1.428571428,0.233905579,0.450643776,0.315450643,0.102040816,0.115646258,905,1895,2800,0.36830835,0.27408994,0.35760171,0.15203426,0.51605996,0.33190578,"Garrett Whitlock",20191,676477
"Joe Jiménez","- - -",0.28537735849056606,0.795,0.189616252,0.358916478,0.451467268,0.095,0.11,984,1988,2972,0.46636771,0.32735426,0.20627803,0.17040359,0.49775785,0.33183857,"Joe Jimenez",15761,641729
"Triston McKenzie","CLE",0.24319727891156462,0.649681528,0.169871794,0.326923076,0.503205128,0.127388535,0.133757961,1348,2457,3805,0.37142857,0.35396825,0.27460317,0.15714286,0.51111111,0.33174603,"Triston McKenzie",18000,663474
"Yuki Matsui","SDP",0.22959183673469388,0.806451612,0.180487804,0.365853658,0.453658536,0.086021505,0.096774193,501,775,1276,0.48292683,0.25853659,0.25853659,0.1804878,0.48780488,0.33170732,"Yuki Matsui",33826,673513
"Matt Shoemaker","- - -",0.22727272727272727,1.593220338,0.16847826,0.510869565,0.320652173,0.13559322,0.20338983,332,625,957,0.48128342,0.32620321,0.19251337,0.1657754,0.5026738,0.3315508,"Matt Shoemaker",4776,533167
"DJ Herz","WSN",0.28823529411764703,0.716049382,0.201149425,0.333333333,0.465517241,0.12345679,0.098765432,420,771,1191,0.4494382,0.28089888,0.26966292,0.13483146,0.53370787,0.33146067,"DJ Herz",26389,687792
"Jackson Kowar","- - -",0.38,1.224137931,0.188679245,0.44654088,0.364779874,0.103448275,0.172413793,377,611,988,0.41875,0.3375,0.24375,0.15625,0.5125,0.33125,"Jackson Kowar",21549,663804
"Ryan Brasier","- - -",0.271889400921659,1.226415094,0.209821428,0.435267857,0.354910714,0.125786163,0.10062893,809,1720,2529,0.36,0.39111111,0.24888889,0.15777778,0.51111111,0.33111111,"Ryan Brasier",5615,518489
"Jandel Gustave","- - -",0.24822695035460993,1.522727272,0.223776223,0.468531468,0.307692307,0.09090909,0.09090909,255,481,736,0.4,0.32413793,0.27586207,0.13103448,0.53793103,0.33103448,"Jandel Gustave",14665,594311
"Bryan Hoeing","- - -",0.29818181818181816,1.674418604,0.192982456,0.505263157,0.301754385,0.023255813,0.139534883,520,947,1467,0.40418118,0.36933798,0.22648084,0.12891986,0.54006969,0.33101045,"Bryan Hoeing",26304,663773
"Michael Soroka","- - -",0.26256983240223464,1.464088397,0.183150183,0.485347985,0.331501831,0.138121546,0.110497237,1168,2078,3246,0.44244604,0.33273381,0.22482014,0.20143885,0.4676259,0.33093525,"Michael Soroka",18383,647336
"Brandon Eisert","- - -",0.32407407407407407,1.170731707,0.226086956,0.417391304,0.356521739,0.097560975,0.170731707,320,437,757,0.46956522,0.35652174,0.17391304,0.15652174,0.51304348,0.33043478,"Brandon Eisert",27668,685126
"Zach Thompson","- - -",0.29393939393939394,1.509090909,0.185840707,0.489675516,0.324483775,0.063636363,0.109090909,585,1079,1664,0.42690058,0.31578947,0.25730994,0.18128655,0.48830409,0.33040936,"Zach Thompson",16094,605507
"Beau Brieske","DET",0.279874213836478,0.863309352,0.226865671,0.358208955,0.414925373,0.122302158,0.151079136,673,1174,1847,0.4159292,0.36873156,0.21533923,0.17109145,0.49852507,0.33038348,"Beau Brieske",26079,689225
"Matt Albers","MIL",0.28703703703703703,2.666666666,0.19266055,0.587155963,0.220183486,0.125,0.166666666,272,417,689,0.44642857,0.36607143,0.1875,0.24107143,0.42857143,0.33035714,"Matt Albers",4300,458006
"Kyle Finnegan","- - -",0.31688804554079697,1.476744186,0.215469613,0.467771639,0.316758747,0.122093023,0.15116279,1021,1989,3010,0.35208711,0.34845735,0.29945554,0.1615245,0.50816697,0.33030853,"Kyle Finnegan",15009,640448
"Justin Dunn","- - -",0.20218579234972678,0.66,0.139896373,0.341968911,0.518134715,0.18,0.11,381,685,1066,0.43298969,0.31958763,0.24742268,0.22680412,0.44329897,0.32989691,"Justin Dunn",19268,643290
"Nathan Eovaldi","- - -",0.30637254901960786,1.776566757,0.198269079,0.512981904,0.288749016,0.092643051,0.152588555,2355,4744,7099,0.40078125,0.34375,0.25546875,0.146875,0.5234375,0.3296875,"Nathan Eovaldi",9132,543135
"Edward Cabrera","MIA",0.29577464788732394,1.453488372,0.183752417,0.483558994,0.332688588,0.087209302,0.162790697,1350,2223,3573,0.53714286,0.2952381,0.16761905,0.15809524,0.51238095,0.32952381,"Edward Cabrera",21690,665795
"MacKenzie Gore","- - -",0.3176691729323308,0.93438914,0.22833935,0.372743682,0.398916967,0.081447963,0.122171945,2579,4540,7119,0.38764548,0.34198747,0.27036705,0.15219338,0.51835273,0.32945389,"MacKenzie Gore",22201,669022
"Mitch Spence","OAK",0.2839506172839506,1.291390728,0.176190476,0.464285714,0.359523809,0.066225165,0.119205298,746,1312,2058,0.42890995,0.3957346,0.17535545,0.13507109,0.53554502,0.32938389,"Mitch Spence",27707,687765
"Thomas Hatch","- - -",0.30864197530864196,1.140625,0.174698795,0.439759036,0.385542168,0.140625,0.09375,375,569,944,0.36526946,0.41317365,0.22155689,0.1257485,0.54491018,0.32934132,"Thomas Hatch",19264,641672
"Reed Garrett","- - -",0.35564853556485354,1.175824175,0.204819277,0.429718875,0.365461847,0.164835164,0.109890109,588,993,1581,0.3935743,0.34538153,0.26104418,0.18473896,0.48594378,0.32931727,"Reed Garrett",16866,657585
"Josh Lindblom","MIL",0.35443037974683544,0.735294117,0.280487804,0.304878048,0.414634146,0.176470588,0.088235294,209,352,561,0.43902439,0.32926829,0.23170732,0.19512195,0.47560976,0.32926829,"Josh Lindblom",7882,458676
"Erik Miller","SFG",0.2857142857142857,1.576923076,0.157232704,0.51572327,0.327044025,0.115384615,0.134615384,456,639,1095,0.47204969,0.37267081,0.1552795,0.16149068,0.50931677,0.32919255,"Erik Miller",26252,669062
"Alex Vesia","- - -",0.2479108635097493,0.592783505,0.182539682,0.304232804,0.513227513,0.154639175,0.128865979,1091,1827,2918,0.39947781,0.33681462,0.26370757,0.20104439,0.46997389,0.32898172,"Alex Vesia",25007,681911
"Cody Bradford","TEX",0.25757575757575757,0.679104477,0.196428571,0.325,0.478571428,0.082089552,0.141791044,527,1101,1628,0.38162544,0.34982332,0.26855124,0.13074205,0.54063604,0.32862191,"Cody Bradford",27597,674003
"Ron Marinaccio","- - -",0.2518518518518518,0.861538461,0.110294117,0.411764705,0.477941176,0.138461538,0.092307692,403,675,1078,0.52142857,0.36428571,0.11428571,0.17857143,0.49285714,0.32857143,"Ron Marinaccio",23488,676760
"Keynan Middleton","- - -",0.28205128205128205,0.821428571,0.253658536,0.336585365,0.409756097,0.083333333,0.142857142,460,810,1270,0.46859903,0.26570048,0.26570048,0.15458937,0.51690821,0.32850242,"Keynan Middleton",15264,641871
"José Berríos","- - -",0.2885326757090012,1.261824324,0.20439691,0.443850267,0.351752822,0.10304054,0.121621621,2837,5862,8699,0.42173656,0.33549911,0.24276432,0.1777909,0.49379799,0.3284111,"Jose Berrios",14168,621244
"Max Meyer","MIA",0.33513513513513515,1.38028169,0.150753768,0.492462311,0.356783919,0.154929577,0.225352112,370,654,1024,0.39303483,0.37313433,0.23383085,0.17910448,0.49253731,0.32835821,"Max Meyer",27474,676974
"Jordan Montgomery","- - -",0.30550514216575925,1.175986842,0.224501758,0.419109026,0.356389214,0.070723684,0.120065789,3238,5844,9082,0.40139211,0.35788863,0.24071926,0.14617169,0.52552204,0.32830626,"Jordan Montgomery",16511,656756
"Alex Lange","DET",0.28346456692913385,1.688311688,0.197674418,0.503875968,0.298449612,0.051948051,0.103896103,695,1054,1749,0.46946565,0.35496183,0.17557252,0.13358779,0.53816794,0.32824427,"Alex Lange",19883,656638
"JT Chargois","- - -",0.26582278481012656,1.882978723,0.168711656,0.542944785,0.288343558,0.085106382,0.127659574,604,1118,1722,0.4202454,0.38343558,0.19631902,0.18711656,0.48466258,0.32822086,"JT Chargois",13767,608638
"Paolo Espino","- - -",0.28969359331476324,0.686813186,0.19843342,0.326370757,0.475195822,0.093406593,0.17032967,718,1351,2069,0.43589744,0.32564103,0.23846154,0.16923077,0.5025641,0.32820513,"Paolo Espino",8246,502179
"Fernando Rodney","- - -",0.3225806451612903,2.125,0.21875,0.53125,0.25,0.1875,0.125,183,266,449,0.453125,0.328125,0.21875,0.21875,0.453125,0.328125,"Fernando Rodney",494,407845
"Zack Littell","- - -",0.28776185226019846,1.099730458,0.182581322,0.42812172,0.389296956,0.105121293,0.148247978,1527,3197,4724,0.396875,0.37291667,0.23020833,0.14895833,0.52291667,0.328125,"Zack Littell",15823,641793
"Carson Spiers","CIN",0.2958579881656805,0.804878048,0.182320441,0.364640883,0.453038674,0.109756097,0.170731707,346,663,1009,0.42076503,0.36065574,0.21857923,0.21311475,0.45901639,0.32786885,"Carson Spiers",27685,686730
"Zach Brzykcy","WSN",0.34545454545454546,0.44117647,0.196721311,0.245901639,0.557377049,0.029411764,0.176470588,103,187,290,0.42622951,0.3442623,0.2295082,0.14754098,0.52459016,0.32786885,"Zach Brzykcy",27783,694350
"JoJo Romero","- - -",0.2985507246376812,1.989361702,0.203966005,0.529745042,0.266288951,0.063829787,0.159574468,694,1188,1882,0.45833333,0.33333333,0.20833333,0.15277778,0.51944444,0.32777778,"JoJo Romero",19574,668941
"Aroldis Chapman","- - -",0.2745490981963928,1.110552763,0.196940726,0.422562141,0.380497131,0.110552763,0.135678391,1620,2881,4501,0.42205323,0.30228137,0.2756654,0.16,0.51238095,0.32761905,"Aroldis Chapman",10233,547973
"Matt Barnes","- - -",0.3293051359516616,1.314049586,0.186046511,0.462209302,0.351744186,0.140495867,0.14876033,893,1486,2379,0.35632184,0.36781609,0.27586207,0.17241379,0.5,0.32758621,"Matt Barnes",12863,598264
"Tyler Olson","CLE",0.34545454545454546,1.35,0.175438596,0.47368421,0.350877192,0.05,0.15,119,198,317,0.55172414,0.18965517,0.25862069,0.15517241,0.51724138,0.32758621,"Tyler Olson",14741,621397
"A.J. Minter","- - -",0.3009049773755656,1.183431952,0.185430463,0.441501103,0.373068432,0.106508875,0.094674556,1093,1999,3092,0.40611354,0.34061135,0.25327511,0.17467249,0.49781659,0.32751092,"A.J. Minter",18655,621345
"Brad Keller","- - -",0.2907801418439716,1.717532467,0.178606476,0.519136408,0.302257114,0.077922077,0.116883116,2030,3394,5424,0.40957967,0.3431085,0.24731183,0.15835777,0.514174,0.32746823,"Brad Keller",15734,641745
"Dylan Cease","- - -",0.28989139515455303,0.928433268,0.19466882,0.387722132,0.417609046,0.102514506,0.104448742,3379,5640,9019,0.38430745,0.34507606,0.27061649,0.16333066,0.50920737,0.32746197,"Dylan Cease",18525,656302
"Miles Mikolas","STL",0.2891089108910891,1.373333333,0.207379134,0.458651399,0.333969465,0.085714285,0.139047619,2502,5170,7672,0.39305994,0.36845426,0.2384858,0.16782334,0.50473186,0.32744479,"Miles Mikolas",9803,571945
"Cooper Criswell","- - -",0.3143939393939394,1.56321839,0.192028985,0.492753623,0.315217391,0.114942528,0.16091954,503,947,1450,0.44964029,0.3381295,0.21223022,0.15827338,0.51438849,0.32733813,"Cooper Criswell",24975,681867
"Wade LeBlanc","- - -",0.3091684434968017,1.026737967,0.232793522,0.388663967,0.37854251,0.101604278,0.155080213,853,1513,2366,0.43975904,0.30321285,0.25702811,0.15662651,0.51606426,0.32730924,"Wade LeBlanc",5221,453281
"Conner Greene","- - -",0.3888888888888889,1.095238095,0.2,0.418181818,0.381818181,0.095238095,0.047619047,102,198,300,0.41818182,0.4,0.18181818,0.18181818,0.49090909,0.32727273,"Conner Greene",16455,641632
"Reggie McClain","- - -",0.3076923076923077,4.75,0.163636363,0.69090909,0.145454545,0.125,0.375,112,169,281,0.56363636,0.25454545,0.18181818,0.21818182,0.45454545,0.32727273,"Reggie McClain",19311,596035
"Austin Warren","- - -",0.29245283018867924,1.275,0.14953271,0.476635514,0.373831775,0.15,0.1,213,352,565,0.31818182,0.41818182,0.26363636,0.11818182,0.55454545,0.32727273,"Austin Warren",24937,681810
"Kyle Backhus","ARI",0.39622641509433965,1.214285714,0.415094339,0.320754716,0.264150943,0,0.142857142,100,177,277,0.45454545,0.27272727,0.27272727,0.12727273,0.54545455,0.32727273,"Kyle Backhus",29615,679775
"Alec Marsh","KCR",0.2948207171314741,0.943925233,0.218045112,0.379699248,0.402255639,0.084112149,0.177570093,585,1015,1600,0.40148699,0.39033457,0.20817844,0.14869888,0.52416357,0.32713755,"Alec Marsh",27451,679525
"Brad Brach","- - -",0.30666666666666664,1,0.207792207,0.396103896,0.396103896,0.098360655,0.098360655,450,780,1230,0.38461538,0.33333333,0.28205128,0.18589744,0.48717949,0.32692308,"Brad Brach",6627,542960
"Drew Gagnon","NYM",0.22916666666666666,1.2,0.153846153,0.461538461,0.384615384,0.25,0.2,80,167,247,0.53846154,0.26923077,0.19230769,0.34615385,0.32692308,0.32692308,"Drew Gagnon",12545,543193
"Freddy Peralta","MIL",0.27983539094650206,0.875,0.195121951,0.375609756,0.429268292,0.175,0.156818181,2714,4657,7371,0.41442308,0.31923077,0.26634615,0.1875,0.48557692,0.32692308,"Freddy Peralta",18679,642547
"Deivi García","- - -",0.29591836734693877,0.714285714,0.192307692,0.336538461,0.471153846,0.122448979,0.122448979,243,403,646,0.39423077,0.31730769,0.28846154,0.125,0.54807692,0.32692308,"Deivi Garcia",20276,665620
"Duane Underwood Jr.","- - -",0.3211920529801324,1.821428571,0.228013029,0.498371335,0.273615635,0.035714285,0.083333333,631,1087,1718,0.41423948,0.34304207,0.24271845,0.18770227,0.48543689,0.32686084,"Duane Underwood Jr.",14677,621249
"Cristian Javier","HOU",0.2006980802792321,0.383152173,0.162828947,0.231907894,0.605263157,0.122282608,0.10597826,1685,2814,4499,0.41898527,0.34533552,0.23567921,0.16176471,0.51143791,0.32679739,"Cristian Javier",17606,664299
"Luis García","- - -",0.2826855123674912,1.714285714,0.188034188,0.512820512,0.299145299,0.102857142,0.125714285,1130,1983,3113,0.41156463,0.36054422,0.22789116,0.20068027,0.47278912,0.32653061,"Luis Garcia",6984,472610
"Logan Gillaspie","- - -",0.32967032967032966,1.161290322,0.294736842,0.378947368,0.326315789,0.064516129,0.129032258,152,290,442,0.29473684,0.47368421,0.23157895,0.12631579,0.54736842,0.32631579,"Logan Gillaspie",22461,670810
"Davis Martin","CHW",0.287292817679558,1.032894736,0.178191489,0.417553191,0.404255319,0.09868421,0.09868421,736,1312,2048,0.44297082,0.33156499,0.22546419,0.14323607,0.53050398,0.32625995,"Davis Martin",21448,663436
"Trevor Rosenthal","- - -",0.2727272727272727,1.117647058,0.2,0.422222222,0.377777777,0.058823529,0.117647058,158,242,400,0.34782609,0.39130435,0.26086957,0.15217391,0.52173913,0.32608696,"Trevor Rosenthal",10745,572096
"Gio Gonzalez","- - -",0.3229571984435798,1.45,0.260377358,0.437735849,0.301886792,0.075,0.1625,687,953,1640,0.42222222,0.36666667,0.21111111,0.14814815,0.52592593,0.32592593,"Gio Gonzalez",7448,461829
"Reiver Sanmartin","CIN",0.35714285714285715,1.725490196,0.201149425,0.505747126,0.293103448,0.019607843,0.137254901,360,542,902,0.38285714,0.36571429,0.25142857,0.14857143,0.52571429,0.32571429,"Reiver Sanmartin",19754,665665
"Elieser Hernández","- - -",0.2786377708978328,0.618497109,0.188405797,0.310144927,0.501449275,0.196531791,0.138728323,623,1365,1988,0.43227666,0.31988473,0.24783862,0.21902017,0.45533141,0.32564841,"Elieser Hernandez",16933,622694
"Anthony DeSclafani","- - -",0.2726045883940621,1.381322957,0.205194805,0.461038961,0.333766233,0.120622568,0.151750972,1411,2672,4083,0.37307692,0.36666667,0.26025641,0.19230769,0.48205128,0.32564103,"Anthony DeSclafani",13050,543101
"Hyun Jin Ryu","- - -",0.29375,1.575581395,0.22755013,0.472537053,0.299912816,0.078488372,0.145348837,2061,3937,5998,0.45213675,0.32051282,0.22735043,0.16324786,0.51111111,0.32564103,"Hyun Jin Ryu",14444,547943
"Drew VerHagen","- - -",0.30416666666666664,1.058252427,0.16535433,0.429133858,0.405511811,0.126213592,0.145631067,564,955,1519,0.47058824,0.32941176,0.2,0.21568627,0.45882353,0.3254902,"Drew VerHagen",13424,572403
"Iván Nova","- - -",0.33641975308641975,1.852272727,0.248502994,0.488023952,0.263473053,0.09090909,0.170454545,530,1029,1559,0.47633136,0.36982249,0.15384615,0.18639053,0.48816568,0.32544379,"Ivan Nova",1994,467100
"Jack Flaherty","- - -",0.29891304347826086,1.042016806,0.242203742,0.386694386,0.371101871,0.086834733,0.142857142,2366,4310,6676,0.43357364,0.3130793,0.25334706,0.16683831,0.507724,0.32543769,"Jack Flaherty",17479,656427
"Evan Marshall","CHW",0.3202614379084967,1.808510638,0.185185185,0.524691358,0.290123456,0.106382978,0.212765957,351,614,965,0.49693252,0.3190184,0.18404908,0.15337423,0.52147239,0.32515337,"Evan Marshall",12297,605359
"Ian Krol","DET",0.3684210526315789,1.076923076,0.307692307,0.358974358,0.333333333,0,0.153846153,88,157,245,0.35,0.3,0.35,0.125,0.55,0.325,"Ian Krol",10066,571871
"Daniel Mengden","- - -",0.24347826086956523,0.897959183,0.225,0.366666666,0.408333333,0.040816326,0.102040816,189,394,583,0.46666667,0.34166667,0.19166667,0.15833333,0.51666667,0.325,"Daniel Mengden",16980,596043
"Ty Madden","DET",0.25,0.7,0.128205128,0.358974358,0.512820512,0.25,0,66,119,185,0.4,0.275,0.325,0.125,0.55,0.325,"Ty Madden",30140,680744
"Rick Porcello","- - -",0.327027027027027,1.145833333,0.207692307,0.423076923,0.369230769,0.097222222,0.152777777,623,1325,1948,0.37948718,0.39487179,0.22564103,0.22250639,0.45268542,0.32480818,"Rick Porcello",2717,519144
"Yency Almonte","- - -",0.253125,1.16,0.201183431,0.428994082,0.369822485,0.136,0.152,784,1281,2065,0.41297935,0.32743363,0.25958702,0.22123894,0.45427729,0.32448378,"Yency Almonte",15068,622075
"Josh Tomlin","ATL",0.31645569620253167,0.787671232,0.209090909,0.348484848,0.442424242,0.075342465,0.136986301,449,997,1446,0.42261905,0.33035714,0.24702381,0.16071429,0.51488095,0.32440476,"Josh Tomlin",9388,458708
"Raisel Iglesias","- - -",0.2813765182186235,0.850220264,0.181286549,0.376218323,0.442495126,0.127753303,0.105726872,1095,2264,3359,0.37837838,0.38223938,0.23938224,0.20656371,0.46911197,0.32432432,"Raisel Iglesias",17130,628452
"George Soriano","MIA",0.2777777777777778,0.985507246,0.25136612,0.371584699,0.37704918,0.101449275,0.086956521,422,714,1136,0.41621622,0.37837838,0.20540541,0.16216216,0.51351351,0.32432432,"George Soriano",21863,666277
"Luis Guerrero","BOS",0.13513513513513514,0.684210526,0.135135135,0.351351351,0.513513513,0.105263157,0,105,150,255,0.40540541,0.32432432,0.27027027,0.13513514,0.54054054,0.32432432,"Luis Guerrero",31184,692285
"Brayan Bello","BOS",0.3116531165311653,2.388888888,0.197368421,0.565789473,0.236842105,0.072222222,0.133333333,1504,2760,4264,0.4343832,0.36745407,0.19816273,0.16404199,0.51181102,0.32414698,"Brayan Bello",23920,678394
"Craig Stammen","SDP",0.31382978723404253,2.242424242,0.185279187,0.563451776,0.251269035,0.01010101,0.232323232,755,1354,2109,0.47236181,0.33668342,0.19095477,0.15075377,0.52512563,0.3241206,"Craig Stammen",7274,489334
"Junior Fernández","- - -",0.29411764705882354,2,0.29906542,0.467289719,0.233644859,0.16,0.28,207,342,549,0.42592593,0.35185185,0.22222222,0.12037037,0.55555556,0.32407407,"Junior Fernandez",18496,658551
"Blake Snell","- - -",0.28898426323319026,1.144761904,0.220761245,0.415916955,0.363321799,0.087619047,0.118095238,4216,6635,10851,0.4109589,0.32671233,0.26232877,0.16917808,0.50684932,0.3239726,"Blake Snell",13543,605483
"Darwinzon Hernández","BOS",0.3560606060606061,1.217391304,0.255474452,0.408759124,0.335766423,0.04347826,0.152173913,442,658,1100,0.4028777,0.3381295,0.25899281,0.1942446,0.48201439,0.32374101,"Darwinzon Hernandez",19848,650382
"Trent Thornton","- - -",0.2914653784219002,0.874074074,0.225114854,0.361408882,0.413476263,0.144444444,0.137037037,1262,2297,3559,0.37537994,0.36474164,0.25987842,0.17781155,0.49848024,0.32370821,"Trent Thornton",17948,663423
"Andrew Chafin","- - -",0.2982456140350877,0.873737373,0.212314225,0.367303609,0.420382165,0.09090909,0.101010101,1130,1843,2973,0.33613445,0.36554622,0.29831933,0.1512605,0.52521008,0.32352941,"Andrew Chafin",12988,605177
"Sean Newcomb","- - -",0.3183673469387755,1.317647058,0.218253968,0.444444444,0.337301587,0.135294117,0.123529411,1261,1967,3228,0.38627451,0.31176471,0.30196078,0.1745098,0.50196078,0.32352941,"Sean Newcomb",16943,656794
"Rico Garcia","- - -",0.352,1.276595744,0.207407407,0.444444444,0.348148148,0.106382978,0.234042553,269,436,705,0.44852941,0.31617647,0.23529412,0.14705882,0.52941176,0.32352941,"Rico Garcia",20023,670329
"Jake Eder","- - -",0.36363636363636365,0.666666666,0.264705882,0.294117647,0.44117647,0.066666666,0.066666666,98,149,247,0.35294118,0.41176471,0.23529412,0.17647059,0.5,0.32352941,"Jake Eder",27590,671109
"José Buttó","- - -",0.29844961240310075,1.188118811,0.159695817,0.456273764,0.384030418,0.148514851,0.08910891,568,976,1544,0.4924812,0.28571429,0.22180451,0.15413534,0.52255639,0.32330827,"Jose Butto",23313,676130
"Carlos Rodón","- - -",0.27249190938511325,0.787175989,0.186335403,0.358385093,0.455279503,0.099590723,0.114597544,3888,7014,10902,0.39582053,0.34787953,0.25629994,0.15673018,0.51997541,0.32329441,"Carlos Rodon",16137,607074
"Emmet Sheehan","LAD",0.25925925925925924,0.774193548,0.166666666,0.363636363,0.469696969,0.107526881,0.096774193,398,776,1174,0.3989899,0.35353535,0.24747475,0.14141414,0.53535354,0.32323232,"Emmet Sheehan",29839,686218
"Cade Povich","BAL",0.32673267326732675,0.889502762,0.191489361,0.380614657,0.427895981,0.110497237,0.127071823,915,1599,2514,0.43559719,0.34192037,0.22248244,0.18032787,0.49648712,0.32318501,"Cade Povich",30055,700249
"Ross Stripling","- - -",0.2914349276974416,1.186781609,0.194708994,0.437037037,0.368253968,0.123563218,0.146551724,1575,3084,4659,0.41473684,0.35263158,0.23263158,0.15684211,0.52,0.32315789,"Ross Stripling",13273,548389
"Taijuan Walker","- - -",0.2846283783783784,1.254545454,0.19611021,0.447325769,0.356564019,0.136363636,0.136363636,2301,4087,6388,0.43086817,0.33762058,0.23151125,0.18006431,0.49678457,0.32315113,"Taijuan Walker",11836,592836
"Chad Kuhl","- - -",0.3118712273641851,1.204419889,0.229729729,0.42084942,0.349420849,0.082872928,0.14917127,1207,1807,3014,0.43403442,0.32887189,0.23709369,0.16826004,0.50860421,0.32313576,"Chad Kuhl",14975,641771
"Jonathan Cannon","CHW",0.27794561933534745,0.904761904,0.193083573,0.383285302,0.423631123,0.122448979,0.108843537,703,1167,1870,0.36887608,0.39481268,0.23631124,0.1556196,0.52161383,0.32276657,"Jonathan Cannon",31730,686563
"Richard Bleier","- - -",0.33249370277078083,2.406593406,0.23076923,0.543424317,0.225806451,0.098901098,0.131868131,534,1154,1688,0.46699267,0.30317848,0.22982885,0.1809291,0.49633252,0.32273839,"Richard Bleier",7803,542947
"Yonny Chirinos","- - -",0.29975429975429974,1.331034482,0.221198156,0.44470046,0.334101382,0.158620689,0.193103448,741,1421,2162,0.41935484,0.359447,0.22119816,0.17741935,0.5,0.32258065,"Yonny Chirinos",16401,630023
"Brennan Bernardino","- - -",0.3278008298755187,1.546666666,0.213991769,0.477366255,0.308641975,0.106666666,0.066666666,612,907,1519,0.34693878,0.40408163,0.24897959,0.15918367,0.51836735,0.32244898,"Brennan Bernardino",16835,657514
"Steven Matz","- - -",0.3125,1.135658914,0.216773276,0.416488983,0.366737739,0.100775193,0.15116279,2839,5264,8103,0.39268121,0.34412386,0.26319493,0.16396904,0.51372273,0.32230823,"Steven Matz",13361,571927
"Adam Oller","- - -",0.2890625,0.669117647,0.156133828,0.338289962,0.505576208,0.139705882,0.110294117,519,817,1336,0.37777778,0.34444444,0.27777778,0.14814815,0.52962963,0.32222222,"Adam Oller",20132,670124
"Dylan Lee","ATL",0.2861736334405145,0.744827586,0.216718266,0.334365325,0.448916408,0.089655172,0.117241379,639,1314,1953,0.47256098,0.33841463,0.18902439,0.16413374,0.51367781,0.32218845,"Dylan Lee",19996,669276
"Francisco Liriano","PIT",0.27972027972027974,1.5625,0.151724137,0.517241379,0.331034482,0.125,0.125,304,501,805,0.47651007,0.30872483,0.2147651,0.2147651,0.46308725,0.32214765,"Francisco Liriano",3201,434538
"Drew Smith","NYM",0.2749003984063745,0.517006802,0.161654135,0.285714285,0.552631578,0.156462585,0.108843537,644,1119,1763,0.26966292,0.35955056,0.37078652,0.16479401,0.51310861,0.32209738,"Drew Smith",17755,622098
"Jose Cuas","- - -",0.3146551724137931,1.873015873,0.229787234,0.502127659,0.268085106,0.095238095,0.079365079,481,836,1317,0.41525424,0.36440678,0.22033898,0.18220339,0.49576271,0.3220339,"Jose Cuas",17701,621016
"Brooks Kriske","- - -",0.2641509433962264,0.586206896,0.206896551,0.293103448,0.5,0.137931034,0.206896551,181,259,440,0.37288136,0.27118644,0.3559322,0.23728814,0.44067797,0.3220339,"Brooks Kriske",21189,621139
"Aaron Nola","PHI",0.30805056553559546,1.467065868,0.212237093,0.468451242,0.319311663,0.087824351,0.155688622,2879,6251,9130,0.45604048,0.33333333,0.21062619,0.17267552,0.50537634,0.32194813,"Aaron Nola",16149,605400
"Tyler Duffey","- - -",0.27402135231316727,1.69047619,0.215277777,0.493055555,0.291666666,0.13095238,0.142857142,728,1240,1968,0.40753425,0.3869863,0.20547945,0.14726027,0.53082192,0.32191781,"Tyler Duffey",13758,608648
"Parker Messick","CLE",0.38095238095238093,1.592592592,0.195402298,0.494252873,0.310344827,0,0.111111111,165,305,470,0.47126437,0.26436782,0.26436782,0.05747126,0.62068966,0.32183908,"Parker Messick",31986,800048
"Tyler Mahle","- - -",0.30932703659976385,1.111111111,0.227118644,0.406779661,0.366101694,0.086419753,0.148148148,1841,3440,5281,0.34413408,0.37541899,0.28044693,0.15865922,0.51955307,0.32178771,"Tyler Mahle",16358,641816
"Griffin Jax","- - -",0.27307692307692305,1.176190476,0.15992647,0.454044117,0.386029411,0.09047619,0.133333333,1062,2197,3259,0.40402194,0.36014625,0.23583181,0.16819013,0.51005484,0.32175503,"Griffin Jax",20253,643377
"Wade Miley","- - -",0.2912937347436941,1.552429667,0.204780876,0.483665338,0.311553784,0.084398976,0.132992327,2576,4156,6732,0.44992175,0.33802817,0.21205008,0.16588419,0.51251956,0.32159624,"Wade Miley",8779,489119
"Marcos Diplán","BAL",0.21568627450980393,0.714285714,0.142857142,0.357142857,0.5,0.071428571,0.178571428,159,224,383,0.28571429,0.42857143,0.28571429,0.19642857,0.48214286,0.32142857,"Marcos Diplan",17583,650959
"Jacob Barnes","- - -",0.33424657534246577,1.048275862,0.2265625,0.395833333,0.377604166,0.096551724,0.144827586,772,1327,2099,0.31088083,0.43005181,0.25906736,0.15544041,0.52331606,0.32124352,"Jacob Barnes",12323,606930
"Jake Bird","- - -",0.3413333333333333,1.619469026,0.227154046,0.477806788,0.295039164,0.088495575,0.097345132,752,1337,2089,0.39637306,0.36528497,0.23834197,0.14507772,0.53367876,0.32124352,"Jake Bird",21267,656234
"Martín Pérez","- - -",0.3088163662932294,1.269021739,0.212635549,0.440358321,0.347006129,0.076086956,0.130434782,4206,7098,11304,0.4264432,0.35148976,0.22206704,0.13733706,0.54143389,0.32122905,"Martin Perez",6902,527048
"Aaron Civale","- - -",0.2784243509400179,1.047826086,0.19349315,0.412671232,0.393835616,0.108695652,0.126086956,2127,3809,5936,0.42078365,0.32964225,0.24957411,0.16013629,0.51873935,0.32112436,"Aaron Civale",19479,650644
"Huascar Ynoa","ATL",0.3202247191011236,1.96,0.208556149,0.524064171,0.267379679,0.02,0.24,368,733,1101,0.37368421,0.41578947,0.21052632,0.15263158,0.52631579,0.32105263,"Huascar Ynoa",20468,660623
"Tommy Nance","- - -",0.3397129186602871,1.842105263,0.235849056,0.495283018,0.268867924,0.070175438,0.105263157,418,751,1169,0.38604651,0.38139535,0.23255814,0.20930233,0.46976744,0.32093023,"Tommy Nance",19178,667297
"Jeremy Jeffress","- - -",0.2912621359223301,1.40625,0.259615384,0.432692307,0.307692307,0.125,0.09375,240,416,656,0.33962264,0.4245283,0.23584906,0.23584906,0.44339623,0.32075472,"Jeremy Jeffress",9490,502026
"Bryan Abreu","HOU",0.27486910994764396,1.046357615,0.21573604,0.401015228,0.38324873,0.105960264,0.092715231,1109,1847,2956,0.32070707,0.40909091,0.27020202,0.1540404,0.52525253,0.32070707,"Bryan Abreu",16609,650556
"Josh Staumont","- - -",0.2518248175182482,0.940677966,0.187943262,0.393617021,0.418439716,0.161016949,0.093220338,735,1189,1924,0.30985915,0.38028169,0.30985915,0.1443662,0.53521127,0.32042254,"Josh Staumont",18335,622251
"John Gant","- - -",0.28213166144200624,2.302631578,0.222910216,0.541795665,0.235294117,0.118421052,0.078947368,717,1183,1900,0.42461538,0.32923077,0.24615385,0.16307692,0.51692308,0.32,"John Gant",13684,607231
"Pete Fairbanks","- - -",0.258160237388724,1.100719424,0.153623188,0.44347826,0.40289855,0.17266187,0.100719424,799,1548,2347,0.34,0.38,0.28,0.20857143,0.47142857,0.32,"Pete Fairbanks",17998,664126
"Miguel Díaz","- - -",0.24468085106382978,1.333333333,0.222222222,0.444444444,0.333333333,0.121212121,0.181818181,230,389,619,0.37,0.41,0.22,0.16,0.52,0.32,"Miguel Diaz",18815,622766
"Miguel Yajure","- - -",0.21428571428571427,1,0.173333333,0.413333333,0.413333333,0.096774193,0.161290322,166,269,435,0.48,0.24,0.28,0.13333333,0.54666667,0.32,"Miguel Yajure",21111,664337
"Ryan Zeferjahn","LAA",0.25806451612903225,0.75,0.222222222,0.333333333,0.444444444,0.09090909,0.159090909,282,433,715,0.36,0.4,0.24,0.18,0.5,0.32,"Ryan Zeferjahn",25420,666171
"Hoby Milner","- - -",0.321353065539112,1.135869565,0.194672131,0.428278688,0.37704918,0.070652173,0.114130434,1077,1826,2903,0.39068826,0.33805668,0.27125506,0.15991903,0.52024291,0.31983806,"Hoby Milner",13346,571948
"Logan Allen","CLE",0.31808278867102396,1.129834254,0.191823899,0.428721174,0.379454926,0.104972375,0.127071823,1976,3305,5281,0.41433022,0.35202492,0.23364486,0.14537902,0.53478712,0.31983385,"Logan Allen",27589,671106
"J.T. Ginn","OAK",0.2621951219512195,1.629629629,0.174418604,0.511627906,0.313953488,0.166666666,0.148148148,424,686,1110,0.52325581,0.27325581,0.20348837,0.20930233,0.47093023,0.31976744,"J.T. Ginn",27889,669372
"Ronny Henriquez","- - -",0.2571428571428571,0.934426229,0.163120567,0.404255319,0.432624113,0.13114754,0.06557377,287,571,858,0.40277778,0.40972222,0.1875,0.19444444,0.48611111,0.31944444,"Ronny Henriquez",24094,678692
"Jacob Lopez","- - -",0.2747747747747748,0.444444444,0.225531914,0.238297872,0.536170212,0.111111111,0.126984126,604,953,1557,0.38655462,0.33193277,0.28151261,0.15966387,0.5210084,0.31932773,"Jacob Lopez",25098,682052
"JP Sears","- - -",0.27202472952086554,0.649045521,0.177891654,0.323572474,0.498535871,0.110132158,0.124816446,2602,4815,7417,0.41944848,0.33962264,0.24092888,0.16110305,0.51959361,0.31930334,"JP Sears",23429,676664
"Trevor Kelley","- - -",0.3055555555555556,0.722222222,0.198275862,0.336206896,0.465517241,0.111111111,0.148148148,257,399,656,0.39655172,0.31034483,0.29310345,0.25862069,0.42241379,0.31896552,"Trevor Kelley",18454,665001
"Enoli Paredes","- - -",0.3235294117647059,1.478260869,0.173913043,0.492753623,0.333333333,0.217391304,0.04347826,236,322,558,0.36231884,0.34782609,0.28985507,0.2173913,0.46376812,0.31884058,"Enoli Paredes",20447,660600
"Dany Jiménez","- - -",0.1984732824427481,0.710144927,0.138686131,0.357664233,0.503649635,0.188405797,0.101449275,327,506,833,0.4057971,0.37681159,0.2173913,0.15217391,0.52898551,0.31884058,"Dany Jimenez",21170,666204
"Kevin Ginkel","ARI",0.3091334894613583,1.56617647,0.192129629,0.493055555,0.314814814,0.080882352,0.073529411,960,1586,2546,0.3646789,0.36697248,0.26834862,0.14449541,0.53669725,0.31880734,"Kevin Ginkel",19876,656464
"Victor González","- - -",0.2662337662337662,1.305084745,0.144654088,0.484276729,0.371069182,0.050847457,0.101694915,351,585,936,0.40625,0.31875,0.275,0.125,0.55625,0.31875,"Victor Gonzalez",16408,624647
"Tanner Houck","BOS",0.2982998454404946,1.803108808,0.17781155,0.528875379,0.293313069,0.103626943,0.077720207,1281,2470,3751,0.43202417,0.36706949,0.20090634,0.15407855,0.52719033,0.31873112,"Tanner Houck",19879,656557
"Reese Olson","DET",0.2684085510688836,1.777777777,0.187935034,0.519721577,0.292343387,0.134920634,0.095238095,856,1475,2331,0.45727483,0.32794457,0.2147806,0.14318707,0.53810624,0.3187067,"Reese Olson",24968,681857
"Ryan Weber","- - -",0.31797235023041476,2.137931034,0.183856502,0.556053811,0.260089686,0.137931034,0.155172413,298,640,938,0.5,0.30530973,0.19469027,0.19469027,0.48672566,0.31858407,"Ryan Weber",10160,543901
"Alex Reyes","STL",0.2897196261682243,0.803921568,0.178571428,0.366071428,0.455357142,0.137254901,0.117647058,336,530,866,0.40707965,0.33628319,0.25663717,0.22123894,0.46017699,0.31858407,"Alex Reyes",15015,621052
"Luis Garcia","HOU",0.23628691983122363,0.768888888,0.195959595,0.349494949,0.454545454,0.151111111,0.097777777,1124,1967,3091,0.36491935,0.34677419,0.28830645,0.20362903,0.47782258,0.31854839,"Luis Garcia",23735,677651
"Hirokazu Sawamura","BOS",0.2916666666666667,1.538461538,0.170854271,0.502512562,0.326633165,0.138461538,0.138461538,463,724,1187,0.47761194,0.33830846,0.1840796,0.17412935,0.50746269,0.31840796,"Hirokazu Sawamura",27515,617228
"Joely Rodríguez","- - -",0.32905982905982906,1.952380952,0.218487394,0.516806722,0.264705882,0.095238095,0.158730158,512,893,1405,0.43801653,0.33471074,0.22727273,0.14049587,0.54132231,0.31818182,"Joely Rodriguez",11487,570257
"Rob Zastryzny","- - -",0.26744186046511625,1.147058823,0.15116279,0.453488372,0.395348837,0.264705882,0.088235294,177,288,465,0.35227273,0.30681818,0.34090909,0.19318182,0.48863636,0.31818182,"Rob Zastryzny",15094,642239
"Dario Agrazal","PIT",0.31451612903225806,1.512195121,0.1953125,0.484375,0.3203125,0.097560975,0.195121951,181,363,544,0.43939394,0.31060606,0.25,0.18181818,0.5,0.31818182,"Dario Agrazal",15821,642607
"Nabil Crismatt","- - -",0.3264094955489614,1.574074074,0.191860465,0.494186046,0.313953488,0.055555555,0.129629629,668,1316,1984,0.53409091,0.29261364,0.17329545,0.10227273,0.57954545,0.31818182,"Nabil Crismatt",17732,622503
"Ken Waldichuk","OAK",0.3181818181818182,0.959064327,0.194711538,0.394230769,0.411057692,0.087719298,0.12865497,936,1535,2471,0.42105263,0.34210526,0.23684211,0.14832536,0.53349282,0.31818182,"Ken Waldichuk",27681,686610
"Wandy Peralta","- - -",0.2699490662139219,1.827586206,0.189456342,0.523887973,0.286655683,0.06321839,0.137931034,1263,1958,3221,0.44045677,0.33115824,0.22838499,0.16639478,0.51549755,0.31810767,"Wandy Peralta",14295,593974
"Buck Farmer","- - -",0.25903614457831325,0.966981132,0.198076923,0.394230769,0.407692307,0.16981132,0.12735849,1144,2033,3177,0.45714286,0.33714286,0.20571429,0.19428571,0.48761905,0.31809524,"Buck Farmer",14814,571656
"Osvaldo Bido","- - -",0.31210191082802546,0.875,0.210526315,0.368421052,0.421052631,0.213235294,0.073529411,666,1124,1790,0.40740741,0.33950617,0.25308642,0.22222222,0.45987654,0.31790123,"Osvaldo Bido",23150,674370
"Kwang Hyun Kim","STL",0.26285714285714284,1.580357142,0.199445983,0.490304709,0.310249307,0.116071428,0.133928571,682,1122,1804,0.45205479,0.34520548,0.20273973,0.17808219,0.50410959,0.31780822,"Kwang Hyun Kim",27458,547942
"Corbin Burnes","- - -",0.26807760141093473,1.04496788,0.196127946,0.41077441,0.393097643,0.132762312,0.132762312,2469,4754,7223,0.39799331,0.36538462,0.23662207,0.18227425,0.5,0.31772575,"Corbin Burnes",19361,669203
"Tarik Skubal","DET",0.279838165879973,0.987281399,0.195624195,0.399613899,0.404761904,0.104928457,0.135135135,3219,6729,9948,0.3934949,0.35267857,0.25382653,0.16454082,0.51785714,0.31760204,"Tarik Skubal",22267,669373
"Pablo López","- - -",0.27706422018348625,1.283251231,0.181095406,0.460247349,0.358657243,0.093596059,0.130541871,2364,4743,7107,0.42432196,0.33245844,0.2432196,0.17672791,0.50568679,0.3175853,"Pablo Lopez",17085,641154
"Sonny Gray","- - -",0.29148311306901614,1.329875518,0.197857142,0.457857142,0.344285714,0.105809128,0.12033195,2980,5235,8215,0.38673253,0.35285815,0.26040932,0.17360621,0.50882145,0.31757234,"Sonny Gray",12768,543243
"Trevor Williams","- - -",0.29721362229102166,0.995133819,0.193706981,0.402163225,0.404129793,0.09489051,0.155717761,2095,3743,5838,0.40077444,0.34075508,0.25847047,0.15876089,0.52371733,0.31752178,"Trevor Williams",16977,592866
"Scott Blewett","- - -",0.31451612903225806,1.536585365,0.154471544,0.512195121,0.333333333,0.073170731,0.048780487,234,398,632,0.37301587,0.41269841,0.21428571,0.07936508,0.6031746,0.31746032,"Scott Blewett",16427,656240
"Connor Phillips","CIN",0.15517241379310345,0.527777777,0.126984126,0.301587301,0.571428571,0.083333333,0.138888888,141,218,359,0.28571429,0.3968254,0.31746032,0.20634921,0.47619048,0.31746032,"Connor Phillips",27649,683175
"Dan Altavilla","- - -",0.297029702970297,1.793103448,0.205882352,0.509803921,0.284313725,0.103448275,0.103448275,321,452,773,0.39423077,0.32692308,0.27884615,0.16346154,0.51923077,0.31730769,"Dan Altavilla",16507,656186
"Clay Holmes","- - -",0.2925764192139738,3.027586206,0.162123385,0.62984218,0.208034433,0.096551724,0.103448275,1491,2747,4238,0.47428571,0.33285714,0.19285714,0.20142857,0.48142857,0.31714286,"Clay Holmes",13649,605280
"Erik Sabrowski","CLE",0.3,0.260869565,0.275,0.15,0.575,0.130434782,0.04347826,181,279,460,0.51219512,0.2195122,0.26829268,0.12195122,0.56097561,0.31707317,"Erik Sabrowski",24978,681870
"Edgardo Henriquez","LAD",0.3170731707317073,2.777777777,0.128205128,0.641025641,0.23076923,0.222222222,0,77,137,214,0.41463415,0.36585366,0.2195122,0.19512195,0.48780488,0.31707317,"Edgardo Henriquez",26944,683618
"Shun Yamaguchi","TOR",0.39473684210526316,0.777777777,0.219512195,0.341463414,0.43902439,0.055555555,0.166666666,119,179,298,0.46341463,0.2195122,0.31707317,0.17073171,0.51219512,0.31707317,"Shun Yamaguchi",27460,685493
"Max Scherzer","- - -",0.2845691382765531,0.824675324,0.190201729,0.365994236,0.443804034,0.103896103,0.116883116,2078,4584,6662,0.39391056,0.33777355,0.26831589,0.20456708,0.47859182,0.3168411,"Max Scherzer",3137,453286
"Marcus Walden","BOS",0.2838709677419355,1.519230769,0.186335403,0.490683229,0.322981366,0.115384615,0.115384615,371,570,941,0.37267081,0.37267081,0.25465839,0.1863354,0.49689441,0.31677019,"Marcus Walden",8004,519393
"Roenis Elías","- - -",0.21739130434782608,1.139534883,0.233333333,0.408333333,0.358333333,0.139534883,0.116279069,233,431,664,0.45,0.31666667,0.23333333,0.15833333,0.525,0.31666667,"Roenis Elias",12673,606273
"Brandon Williamson","CIN",0.2591362126245847,0.818840579,0.208201892,0.356466876,0.43533123,0.108695652,0.130434782,657,1141,1798,0.39184953,0.31347962,0.29467085,0.13166144,0.55172414,0.31661442,"Brandon Williamson",25463,682227
"Will Vest","- - -",0.31196581196581197,1.751879699,0.222929936,0.494692144,0.282377919,0.09774436,0.075187969,879,1743,2622,0.28930818,0.39412998,0.31656184,0.14465409,0.53878407,0.31656184,"Will Vest",19769,676684
"Andrew Bellatti","- - -",0.3208955223880597,0.597014925,0.218978102,0.291970802,0.489051094,0.134328358,0.074626865,344,584,928,0.42446043,0.33093525,0.24460432,0.20863309,0.47482014,0.31654676,"Andrew Bellatti",10657,571479
"Charlie Morton","- - -",0.30386740331491713,1.562363238,0.217768871,0.476953907,0.305277221,0.089715536,0.124726477,3123,5574,8697,0.41117764,0.35329341,0.23552894,0.16489362,0.51861702,0.31648936,"Charlie Morton",4676,450203
"Reyes Moronta","- - -",0.2635135135135135,0.588235294,0.134615384,0.32051282,0.544871794,0.152941176,0.117647058,439,712,1151,0.35443038,0.3164557,0.32911392,0.22151899,0.46202532,0.3164557,"Reyes Moronta",14966,606625
"Ian Anderson","- - -",0.32367149758454106,1.606299212,0.224824355,0.477751756,0.297423887,0.078740157,0.149606299,990,1552,2542,0.44803695,0.32332564,0.22863741,0.16859122,0.51501155,0.31639723,"Ian Anderson",19951,666120
"Fernando Cruz","- - -",0.28888888888888886,0.777777777,0.238095238,0.333333333,0.428571428,0.121212121,0.101010101,691,1119,1810,0.44017094,0.35042735,0.20940171,0.17521368,0.50854701,0.31623932,"Fernando Cruz",7048,518585
"Shane McClanahan","TBR",0.27116564417177913,1.377224199,0.21319199,0.455830388,0.33097762,0.053380782,0.153024911,1719,3442,5161,0.42123687,0.31505251,0.26371062,0.13068845,0.55309218,0.31621937,"Shane McClanahan",21483,663556
"Asher Wojciechowski","- - -",0.292817679558011,0.48076923,0.197916666,0.260416666,0.541666666,0.163461538,0.134615384,420,712,1132,0.33160622,0.3626943,0.30569948,0.19689119,0.48704663,0.31606218,"Asher Wojciechowski",10836,592879
"Edgar Santana","ATL",0.2753623188405797,1.222222222,0.2,0.44,0.36,0.222222222,0.259259259,112,241,353,0.5,0.34210526,0.15789474,0.27631579,0.40789474,0.31578947,"Edgar Santana",17355,650828
"Eric Orze","- - -",0.3333333333333333,0.516129032,0.175438596,0.280701754,0.543859649,0.161290322,0.096774193,124,228,352,0.45614035,0.36842105,0.1754386,0.15789474,0.52631579,0.31578947,"Eric Orze",27626,679358
"Zach Eflin","- - -",0.3166397415185784,1.645833333,0.19873817,0.498422712,0.302839116,0.109375,0.125,1968,4286,6254,0.45178849,0.33437014,0.21384137,0.19673406,0.48755832,0.31570762,"Zach Eflin",13774,621107
"José Ruiz","- - -",0.3105590062111801,1.193370165,0.209163346,0.430278884,0.360557768,0.121546961,0.132596685,1118,1886,3004,0.41025641,0.33333333,0.25641026,0.15384615,0.53057199,0.31558185,"Jose Ruiz",14552,614179
"Dallas Keuchel","- - -",0.31118587047939444,2.206557377,0.206812652,0.545823195,0.247364152,0.06557377,0.173770491,2375,3674,6049,0.46370968,0.34919355,0.18709677,0.18145161,0.50322581,0.31532258,"Dallas Keuchel",9434,572971
"Louis Head","- - -",0.28703703703703703,0.568965517,0.172727272,0.3,0.527272727,0.120689655,0.068965517,257,425,682,0.3963964,0.28828829,0.31531532,0.14414414,0.54054054,0.31531532,"Louis Head",13259,545343
"Jordan Romano","- - -",0.28350515463917525,1.167741935,0.166253101,0.449131513,0.384615384,0.116129032,0.122580645,870,1535,2405,0.4137931,0.34482759,0.24137931,0.16995074,0.51477833,0.31527094,"Jordan Romano",16122,605447
"Josh A. Smith","- - -",0.31,0.729166666,0.231481481,0.324074074,0.444444444,0.083333333,0.166666666,195,373,568,0.39814815,0.37962963,0.22222222,0.15740741,0.52777778,0.31481481,"Josh A. Smith",10946,595001
"Rhett Lowder","CIN",0.2962962962962963,1.277777777,0.24074074,0.425925925,0.333333333,0.166666666,0,81,167,248,0.5,0.27777778,0.22222222,0.12962963,0.55555556,0.31481481,"Rhett Lowder",33876,695076
"Daniel Palencia","CHC",0.29285714285714287,1.488888888,0.211267605,0.471830985,0.316901408,0.111111111,0.066666666,278,535,813,0.40559441,0.37062937,0.22377622,0.18881119,0.4965035,0.31468531,"Daniel Palencia",27914,694037
"Johan Oviedo","- - -",0.284,1.148717948,0.186407766,0.434951456,0.378640776,0.097435897,0.097435897,1099,1937,3036,0.45366795,0.31660232,0.22972973,0.18339768,0.5019305,0.31467181,"Johan Oviedo",22487,670912
"J.P. Feyereisen","- - -",0.17647058823529413,0.573033707,0.11392405,0.32278481,0.563291139,0.168539325,0.06741573,378,663,1041,0.33333333,0.34591195,0.32075472,0.19496855,0.49056604,0.31446541,"J.P. Feyereisen",16610,656420
"Bennett Sousa","- - -",0.2835820895522388,1.089285714,0.158273381,0.43884892,0.402877697,0.107142857,0.107142857,261,490,751,0.43571429,0.34285714,0.22142857,0.16428571,0.52142857,0.31428571,"Bennett Sousa",21345,656986
"Tomoyuki Sugano","BAL",0.2974137931034483,0.941747572,0.173553719,0.400826446,0.425619834,0.165048543,0.126213592,416,753,1169,0.33469388,0.39591837,0.26938776,0.14285714,0.54285714,0.31428571,"Tomoyuki Sugano",35321,608372
"Tanner Banks","- - -",0.28507795100222716,1.107954545,0.205567451,0.417558886,0.376873661,0.096590909,0.125,939,1699,2638,0.36305732,0.37791932,0.25902335,0.13800425,0.5477707,0.31422505,"Tanner Banks",16990,621383
"Sam Long","- - -",0.26631853785900783,0.863636363,0.173803526,0.382871536,0.443324937,0.079545454,0.107954545,843,1456,2299,0.39650873,0.34164589,0.26184539,0.17955112,0.50623441,0.31421446,"Sam Long",25379,669674
"Erick Fedde","- - -",0.2870722433460076,1.181818181,0.197771587,0.434540389,0.367688022,0.106060606,0.118686868,2332,3727,6059,0.36703097,0.36065574,0.2723133,0.16848816,0.51730419,0.31420765,"Erick Fedde",17425,607200
"Jhony Brito","- - -",0.3087557603686636,1.428571428,0.172566371,0.486725663,0.340707964,0.103896103,0.116883116,366,738,1104,0.38495575,0.3539823,0.26106195,0.1460177,0.53982301,0.31415929,"Jhony Brito",25386,666745
"Andrew Wantz","LAA",0.18435754189944134,0.574257425,0.167539267,0.303664921,0.528795811,0.108910891,0.118811881,418,759,1177,0.36649215,0.34031414,0.29319372,0.17801047,0.5078534,0.31413613,"Andrew Wantz",24933,681806
"Eli Morgan","- - -",0.29484029484029484,0.835106382,0.195804195,0.365967365,0.438228438,0.085106382,0.143617021,863,1673,2536,0.35334873,0.39953811,0.24711316,0.16166282,0.52424942,0.31408776,"Eli Morgan",20203,669212
"Gavin Hollowell","- - -",0.25609756097560976,1,0.223529411,0.388235294,0.388235294,0.03030303,0.121212121,239,357,596,0.37209302,0.3372093,0.29069767,0.23255814,0.45348837,0.31395349,"Gavin Hollowell",25427,668970
"Josiah Gray","- - -",0.2768166089965398,0.951612903,0.202635914,0.388797364,0.408566721,0.116935483,0.141129032,1267,2249,3516,0.46895425,0.29901961,0.23202614,0.21568627,0.47058824,0.31372549,"Josiah Gray",24580,680686
"Joel Kuhnel","- - -",0.3333333333333333,1.807692307,0.13095238,0.559523809,0.309523809,0.192307692,0.134615384,289,567,856,0.40236686,0.34911243,0.24852071,0.17751479,0.50887574,0.31360947,"Joel Kuhnel",19995,669270
"Cole Sulser","- - -",0.34080717488789236,1.066666666,0.194805194,0.415584415,0.389610389,0.133333333,0.144444444,607,999,1606,0.36016949,0.35169492,0.28813559,0.18220339,0.50423729,0.31355932,"Cole Sulser",15256,642121
"Javy Guerra","- - -",0.3103448275862069,1.583333333,0.198275862,0.49137931,0.310344827,0.194444444,0.055555555,272,384,656,0.3559322,0.3220339,0.3220339,0.16949153,0.51694915,0.31355932,"Javy Guerra",17292,642770
"Seth Lugo","- - -",0.2808641975308642,1.158311345,0.183632734,0.438123752,0.378243512,0.092348284,0.102902374,1900,3666,5566,0.40652819,0.37586548,0.21760633,0.14441147,0.54203759,0.31355094,"Seth Lugo",12447,607625
"Michel Otañez","OAK",0.375,1,0.19402985,0.402985074,0.402985074,0.148148148,0.111111111,179,288,467,0.40298507,0.37313433,0.2238806,0.14925373,0.53731343,0.31343284,"Michel Otanez",22533,671305
"Michael Lorenzen","- - -",0.2894461859979101,1.162601626,0.200400801,0.429859719,0.369739478,0.121951219,0.124661246,1923,3398,5321,0.4001996,0.33632735,0.26347305,0.1756487,0.51097804,0.31337325,"Michael Lorenzen",14843,547179
"Hogan Harris","OAK",0.27951807228915665,0.81081081,0.211764705,0.352941176,0.435294117,0.102702702,0.091891891,882,1606,2488,0.41067285,0.33178654,0.2575406,0.14385151,0.54292343,0.31322506,"Hogan Harris",21520,663687
"Bailey Falter","- - -",0.2744539411206078,0.836909871,0.220400728,0.355191256,0.424408014,0.128755364,0.122317596,1892,3642,5534,0.40794224,0.33303249,0.25902527,0.16516245,0.52166065,0.3131769,"Bailey Falter",20070,663559
"Jeffrey Springs","- - -",0.2740492170022371,0.77184466,0.217577706,0.340836012,0.44158628,0.128640776,0.126213592,2059,3665,5724,0.42675159,0.32908705,0.24416136,0.17834395,0.50849257,0.31316348,"Jeffrey Springs",17677,605488
"Brad Lord","WSN",0.2714285714285714,1.929824561,0.21226415,0.518867924,0.268867924,0.157894736,0.070175438,331,658,989,0.3364486,0.38317757,0.28037383,0.20093458,0.48598131,0.31308411,"Brad Lord",31972,695418
"Jake Irvin","WSN",0.27575757575757576,1.533333333,0.173913043,0.5,0.326086956,0.093333333,0.133333333,1302,2410,3712,0.3884058,0.37681159,0.23478261,0.17536232,0.5115942,0.31304348,"Jake Irvin",21504,663623
"Joe Ross","- - -",0.2982832618025751,1.546052631,0.190376569,0.491631799,0.317991631,0.138157894,0.111842105,820,1666,2486,0.38923395,0.34575569,0.26501035,0.19047619,0.49689441,0.3126294,"Joe Ross",12972,605452
"John King","- - -",0.33073929961089493,2.981308411,0.193181818,0.604166666,0.202651515,0.028037383,0.158878504,864,1571,2435,0.41619586,0.35216573,0.23163842,0.13747646,0.54990584,0.3126177,"John King",22051,667463
"Zac Grotz","SEA",0.3333333333333333,1.857142857,0.166666666,0.541666666,0.291666666,0.142857142,0.214285714,155,208,363,0.4375,0.25,0.3125,0.20833333,0.47916667,0.3125,"Zac Grotz",18256,665093
"David McKay","- - -",0.22727272727272727,1,0.125,0.4375,0.4375,0.047619047,0.19047619,149,219,368,0.3125,0.39583333,0.29166667,0.125,0.5625,0.3125,"David McKay",19814,641853
"José Marte","LAA",0.2903225806451613,1.428571428,0.203125,0.46875,0.328125,0.142857142,0.095238095,212,273,485,0.53125,0.234375,0.234375,0.203125,0.484375,0.3125,"Jose Marte",21761,665896
"Jack Kochanowicz","LAA",0.30735930735930733,1.926470588,0.163865546,0.550420168,0.285714285,0.176470588,0.132352941,399,704,1103,0.46666667,0.32083333,0.2125,0.17083333,0.51666667,0.3125,"Jack Kochanowicz",27688,686799
"Gerrit Cole","- - -",0.2814755412991179,1.256465517,0.196469685,0.447429009,0.356101304,0.103448275,0.129310344,2591,5309,7900,0.37059724,0.356049,0.27335375,0.16845329,0.51914242,0.31240429,"Gerrit Cole",13125,543037
"Touki Toussaint","- - -",0.29971181556195964,1.695238095,0.205056179,0.5,0.29494382,0.085714285,0.171428571,994,1521,2515,0.51232877,0.31232877,0.17534247,0.11232877,0.57534247,0.31232877,"Touki Toussaint",16929,657053
"Ryan Helsley","- - -",0.2622549019607843,0.915730337,0.193853427,0.385342789,0.420803782,0.140449438,0.101123595,974,1900,2874,0.42018779,0.36384977,0.21596244,0.18779343,0.5,0.31220657,"Ryan Helsley",18138,664854
"Mychal Givens","- - -",0.2918149466192171,0.711111111,0.222222222,0.323232323,0.454545454,0.088888888,0.125925925,744,1378,2122,0.32214765,0.3590604,0.31879195,0.18120805,0.50671141,0.31208054,"Mychal Givens",10430,571710
"Brad Peacock","- - -",0.23703703703703705,1.203703703,0.15,0.464285714,0.385714285,0.092592592,0.111111111,312,541,853,0.5248227,0.30496454,0.17021277,0.21276596,0.4751773,0.31205674,"Brad Peacock",5401,502748
"Alex Faedo","DET",0.33617021276595743,0.938144329,0.238866396,0.368421052,0.39271255,0.134020618,0.154639175,544,941,1485,0.456,0.332,0.212,0.14,0.548,0.312,"Alex Faedo",19874,656412
"Kevin Kelly","TBR",0.2744479495268139,1.640776699,0.163076923,0.52,0.316923076,0.067961165,0.097087378,516,1068,1584,0.39143731,0.36085627,0.24770642,0.18042813,0.50764526,0.31192661,"Kevin Kelly",25679,687330
"Nate Jones","- - -",0.29069767441860467,1,0.161290322,0.419354838,0.419354838,0.076923076,0.179487179,225,335,560,0.34408602,0.39784946,0.25806452,0.11827957,0.56989247,0.31182796,"Nate Jones",4696,518858
"David Robertson","- - -",0.2925170068027211,0.896296296,0.163398692,0.395424836,0.44117647,0.133333333,0.111111111,773,1330,2103,0.37662338,0.36038961,0.26298701,0.17532468,0.51298701,0.31168831,"David Robertson",8241,502085
"Konnor Pilkington","- - -",0.26857142857142857,0.765432098,0.214285714,0.34065934,0.445054945,0.086419753,0.098765432,481,703,1184,0.35519126,0.36612022,0.27868852,0.18032787,0.50819672,0.31147541,"Konnor Pilkington",21453,663455
"Nick Nastrini","CHW",0.21428571428571427,0.666666666,0.098360655,0.360655737,0.540983606,0.151515151,0.151515151,144,208,352,0.47540984,0.32786885,0.19672131,0.2295082,0.45901639,0.31147541,"Nick Nastrini",29833,680897
"Gavin Williams","CLE",0.3129411764705882,1.194805194,0.230068337,0.419134396,0.350797266,0.11038961,0.097402597,998,1680,2678,0.35454545,0.35454545,0.29090909,0.16818182,0.52045455,0.31136364,"Gavin Williams",30122,668909
"Joe Ryan","MIN",0.2948885976408912,0.677664974,0.18995098,0.327205882,0.482843137,0.129441624,0.142131979,1752,3595,5347,0.39072039,0.36507937,0.24420024,0.16849817,0.52014652,0.31135531,"Joe Ryan",21390,657746
"Josh Fleming","- - -",0.2926829268292683,2.367741935,0.172741679,0.581616481,0.245641838,0.070967741,0.13548387,1167,1810,2977,0.38993711,0.38522013,0.22484277,0.14465409,0.54402516,0.31132075,"Josh Fleming",20418,676596
"Alec Mills","- - -",0.26878612716763006,1.884615384,0.164345403,0.545961002,0.289693593,0.10576923,0.163461538,624,1219,1843,0.52066116,0.28099174,0.19834711,0.17906336,0.50964187,0.31129477,"Alec Mills",13834,621219
"Joe Musgrove","- - -",0.2982107355864811,1.162371134,0.20095238,0.429523809,0.369523809,0.113402061,0.126288659,1946,3966,5912,0.40512334,0.35673624,0.23814042,0.18311195,0.5056926,0.31119545,"Joe Musgrove",12970,605397
"Luis Avilán","- - -",0.3855421686746988,1.137931034,0.311111111,0.366666666,0.322222222,0.137931034,0.24137931,232,280,512,0.48888889,0.33333333,0.17777778,0.15555556,0.53333333,0.31111111,"Luis Avilan",2882,501593
"Phil Bickford","- - -",0.28716216216216217,0.992,0.191558441,0.402597402,0.405844155,0.08,0.16,731,1368,2099,0.40634921,0.31111111,0.28253968,0.13333333,0.55555556,0.31111111,"Phil Bickford",18519,641360
"Brant Hurter","DET",0.2832369942196532,1.125,0.140449438,0.455056179,0.404494382,0.069444444,0.097222222,357,652,1009,0.37222222,0.4,0.22777778,0.14444444,0.54444444,0.31111111,"Brant Hurter",30133,676428
"Trevor Gott","- - -",0.26666666666666666,0.965217391,0.195729537,0.395017793,0.409252669,0.173913043,0.113043478,612,1123,1735,0.29681979,0.34628975,0.35689046,0.204947,0.48409894,0.31095406,"Trevor Gott",15046,641627
"Cody Poteet","- - -",0.2894736842105263,0.934782608,0.245762711,0.364406779,0.389830508,0.04347826,0.108695652,281,450,731,0.36134454,0.40336134,0.23529412,0.12605042,0.56302521,0.31092437,"Cody Poteet",18769,547001
"Peter Strzelecki","- - -",0.27350427350427353,0.716981132,0.222222222,0.324786324,0.452991452,0.037735849,0.037735849,278,520,798,0.29411765,0.47058824,0.23529412,0.16806723,0.5210084,0.31092437,"Peter Strzelecki",21367,657265
"David Bednar","- - -",0.31654676258992803,0.959302325,0.208920187,0.387323943,0.403755868,0.104651162,0.087209302,935,1883,2818,0.36890951,0.37354988,0.2575406,0.15545244,0.53364269,0.31090487,"David Bednar",19569,670280
"Nestor Cortes","- - -",0.2673583399840383,0.60692771,0.194108761,0.304380664,0.501510574,0.131024096,0.120481927,2797,5139,7936,0.38813814,0.36036036,0.2515015,0.17267267,0.51651652,0.31081081,"Nestor Cortes",17874,641482
"Robert Gsellman","- - -",0.2831858407079646,1.541666666,0.214592274,0.476394849,0.309012875,0.083333333,0.138888888,431,749,1180,0.40851064,0.35319149,0.23829787,0.21276596,0.47659574,0.3106383,"Robert Gsellman",13696,607229
"Ranger Suarez","PHI",0.31547260686333534,1.58633776,0.196344339,0.492924528,0.310731132,0.075901328,0.106261859,3588,5909,9497,0.3962704,0.36188811,0.24184149,0.15909091,0.53030303,0.31060606,"Ranger Suarez",17277,624133
"Frankie Montas","- - -",0.2838709677419355,1.400630914,0.205636743,0.463465553,0.330897703,0.138801261,0.116719242,1847,3542,5389,0.41821946,0.34679089,0.23498965,0.16873706,0.52070393,0.31055901,"Frankie Montas",14309,593423
"Josh Hader","- - -",0.2388888888888889,0.533112582,0.198961937,0.278546712,0.522491349,0.175496688,0.142384105,1754,3364,5118,0.36535163,0.34991424,0.28473413,0.21269297,0.47684391,0.31046312,"Josh Hader",14212,623352
"George Kirby","SEA",0.30620985010706636,1.257971014,0.191908713,0.450207468,0.357883817,0.089855072,0.107246376,1518,3400,4918,0.33195876,0.38556701,0.28247423,0.16597938,0.52371134,0.31030928,"George Kirby",25436,669923
"Jacob deGrom","- - -",0.26745718050065875,1.111864406,0.206369426,0.417834394,0.375796178,0.122033898,0.115254237,1529,3453,4982,0.33669609,0.33921816,0.32408575,0.18411097,0.50567465,0.31021438,"Jacob deGrom",10954,594798
"Brett de Geus","- - -",0.31496062992125984,2.481481481,0.265625,0.5234375,0.2109375,0.037037037,0.074074074,271,414,685,0.31007752,0.41085271,0.27906977,0.10077519,0.58914729,0.31007752,"Brett de Geus",23592,676969
"Austin Pruitt","- - -",0.2709030100334448,1.2,0.181229773,0.446601941,0.372168284,0.095652173,0.12173913,494,967,1461,0.33546326,0.41853035,0.24600639,0.17571885,0.514377,0.30990415,"Austin Pruitt",15290,643493
"Justin Miller","- - -",0.27692307692307694,0.65625,0.231884057,0.304347826,0.463768115,0.15625,0.1875,145,217,362,0.43661972,0.30985915,0.25352113,0.18309859,0.50704225,0.30985915,"Justin Miller",8580,502522
"James Kaprielian","OAK",0.2800925925925926,0.691244239,0.180803571,0.334821428,0.484375,0.082949308,0.092165898,946,1785,2731,0.39380531,0.34070796,0.26548673,0.15265487,0.53761062,0.30973451,"James Kaprielian",18331,621076
"Devin Williams","- - -",0.3065134099616858,2,0.213483146,0.524344569,0.262172284,0.071428571,0.1,970,1716,2686,0.5,0.32835821,0.17164179,0.17164179,0.51865672,0.30970149,"Devin Williams",15816,642207
"Jose A. Ferrer","WSN",0.3702290076335878,2.086956521,0.193181818,0.545454545,0.261363636,0.072463768,0.086956521,517,951,1468,0.38059701,0.33208955,0.28731343,0.13059701,0.55970149,0.30970149,"Jose A. Ferrer",24017,678606
"Drew Rasmussen","- - -",0.25844346549192365,1.623853211,0.184022824,0.504992867,0.310984308,0.091743119,0.110091743,1310,2526,3836,0.38068182,0.35227273,0.26704545,0.14630682,0.54403409,0.30965909,"Drew Rasmussen",25385,656876
"Chaz Roe","TBR",0.3709677419354839,0.979166666,0.24,0.376,0.384,0.125,0.041666666,322,529,851,0.3015873,0.41269841,0.28571429,0.22222222,0.46825397,0.30952381,"Chaz Roe",9866,475054
"Taylor Guerrieri","TEX",0.2682926829268293,2.454545454,0.095238095,0.642857142,0.261904761,0.181818181,0.09090909,107,138,245,0.66666667,0.16666667,0.16666667,0.16666667,0.52380952,0.30952381,"Taylor Guerrieri",13616,605260
"Declan Cronin","- - -",0.32608695652173914,2.454545454,0.173913043,0.586956521,0.239130434,0.03030303,0.03030303,302,527,829,0.36690647,0.36690647,0.26618705,0.11510791,0.57553957,0.30935252,"Declan Cronin",25645,686539
"Yusmeiro Petit","OAK",0.2413793103448276,0.705128205,0.184049079,0.337423312,0.478527607,0.16025641,0.089743589,497,1005,1502,0.34834835,0.4024024,0.24924925,0.1981982,0.49249249,0.30930931,"Yusmeiro Petit",4020,433589
"Gabe Speier","- - -",0.3225806451612903,0.924528301,0.2,0.384313725,0.415686274,0.075471698,0.103773584,532,988,1520,0.35521236,0.36293436,0.28185328,0.13513514,0.55598456,0.30888031,"Gabe Speier",17170,642100
"Sam Gaviglio","TOR",0.2214765100671141,1.421052631,0.148148148,0.5,0.351851851,0.070175438,0.228070175,283,567,850,0.42592593,0.36419753,0.20987654,0.16666667,0.52469136,0.30864198,"Sam Gaviglio",12778,543208
"Scott Oberg","COL",0.21518987341772153,1.321428571,0.1875,0.4625,0.35,0.071428571,0.071428571,152,306,458,0.38271605,0.2962963,0.32098765,0.19753086,0.49382716,0.30864198,"Scott Oberg",13911,623184
"Kris Bubic","KCR",0.31100478468899523,1.433908045,0.217913204,0.460757156,0.321329639,0.089080459,0.126436781,2281,3989,6270,0.41505969,0.35445363,0.23048669,0.17447199,0.51698806,0.30853994,"Kris Bubic",21455,663460
"Jake Woodford","- - -",0.2955032119914347,1.526666666,0.205450733,0.480083857,0.314465408,0.106666666,0.106666666,945,1538,2483,0.44720497,0.3436853,0.20910973,0.1573499,0.53416149,0.30848861,"Jake Woodford",18674,663765
"Patrick Sandoval","LAA",0.32453151618398635,1.536986301,0.227689741,0.467889908,0.30442035,0.071232876,0.112328767,2754,4579,7333,0.43446002,0.34542457,0.22011542,0.16158285,0.53009068,0.30832646,"Patrick Sandoval",19447,663776
"Andrew Abbott","CIN",0.27210103329506313,0.625820568,0.187089715,0.312910284,0.5,0.124726477,0.118161925,1966,3432,5398,0.36,0.37621622,0.26378378,0.15351351,0.53837838,0.30810811,"Andrew Abbott",29911,671096
"Tyler Holton","- - -",0.23167848699763594,1.111764705,0.193258426,0.424719101,0.382022471,0.064705882,0.147058823,817,1531,2348,0.44642857,0.36830357,0.18526786,0.16294643,0.52901786,0.30803571,"Tyler Holton",26231,663947
"Joakim Soria","- - -",0.27807486631016043,0.692307692,0.206185567,0.324742268,0.469072164,0.098901098,0.087912087,458,834,1292,0.38461538,0.38461538,0.23076923,0.17948718,0.51282051,0.30769231,"Joakim Soria",6941,465657
"Dan Winkler","- - -",0.2184873949579832,0.89090909,0.193798449,0.379844961,0.426356589,0.127272727,0.2,338,517,855,0.26923077,0.43846154,0.29230769,0.19230769,0.5,0.30769231,"Dan Winkler",12237,595465
"Paxton Schultz","TOR",0.3055555555555556,0.722222222,0.205128205,0.333333333,0.461538461,0.111111111,0.166666666,66,126,192,0.38461538,0.23076923,0.38461538,0.15384615,0.53846154,0.30769231,"Paxton Schultz",25501,687606
"Luis Ortiz","- - -",0.28346456692913385,1.491329479,0.171153846,0.496153846,0.332692307,0.075144508,0.069364161,992,1819,2811,0.40384615,0.35769231,0.23846154,0.175,0.51730769,0.30769231,"Luis Ortiz",27646,682847
"Marco Gonzales","- - -",0.2765416401780038,0.869440459,0.203545232,0.370415647,0.426039119,0.13055954,0.107604017,2819,5398,8217,0.4368932,0.33009709,0.23300971,0.18507282,0.50728155,0.30764563,"Marco Gonzales",15467,594835
"Carmen Mlodzinski","PIT",0.31272727272727274,1.686746987,0.209219858,0.4964539,0.294326241,0.096385542,0.096385542,634,1028,1662,0.3639576,0.3180212,0.3180212,0.1590106,0.5335689,0.30742049,"Carmen Mlodzinski",27572,669387
"Spencer Arrighetti","HOU",0.28820960698689957,0.89,0.222222222,0.366255144,0.411522633,0.12,0.15,472,892,1364,0.46311475,0.31967213,0.21721311,0.15163934,0.54098361,0.30737705,"Spencer Arrighetti",29921,681293
"Tucker Davidson","- - -",0.31189710610932475,1.308411214,0.213375796,0.445859872,0.340764331,0.06542056,0.093457943,571,1027,1598,0.4137931,0.31661442,0.26959248,0.14420063,0.54858934,0.30721003,"Tucker Davidson",19871,656353
"Lance McCullers Jr.","HOU",0.28805620608899296,1.647887323,0.151241534,0.528216704,0.32054176,0.077464788,0.14084507,1056,1745,2801,0.40807175,0.33632287,0.25560538,0.15022422,0.5426009,0.30717489,"Lance McCullers Jr.",14120,621121
"Vladimir Gutierrez","- - -",0.30603448275862066,1.181818181,0.182978723,0.442553191,0.374468085,0.079545454,0.113636363,443,789,1232,0.44813278,0.3153527,0.23651452,0.18257261,0.51037344,0.30705394,"Vladimir Gutierrez",19278,661269
"Mitch Keller","PIT",0.3117505995203837,1.355813953,0.21105919,0.454049844,0.334890965,0.093023255,0.104651162,2464,4635,7099,0.34957463,0.37741686,0.27300851,0.15545244,0.53750967,0.3070379,"Mitch Keller",17594,656605
"Josh Winckowski","BOS",0.3164251207729469,1.865546218,0.199530516,0.52112676,0.279342723,0.134453781,0.134453781,757,1383,2140,0.3744186,0.35348837,0.27209302,0.16046512,0.53255814,0.30697674,"Josh Winckowski",22387,670174
"Matt Foster","CHW",0.24431818181818182,0.591397849,0.208556149,0.294117647,0.497326203,0.107526881,0.139784946,420,742,1162,0.2962963,0.3015873,0.4021164,0.17460317,0.51851852,0.30687831,"Matt Foster",19647,641582
"Matt Sauer","- - -",0.2804878048780488,1.028571428,0.183908045,0.413793103,0.40229885,0.142857142,0.171428571,157,281,438,0.40909091,0.43181818,0.15909091,0.15909091,0.53409091,0.30681818,"Matt Sauer",22284,669422
"Fernando Abad","- - -",0.2916666666666667,1.458333333,0.213333333,0.466666666,0.32,0,0.125,152,215,367,0.34666667,0.4,0.25333333,0.14666667,0.54666667,0.30666667,"Fernando Abad",4994,472551
"Ryan Feltner","COL",0.310838445807771,1.280898876,0.205479452,0.446183953,0.348336594,0.08988764,0.13483146,964,1727,2691,0.3828125,0.34765625,0.26953125,0.171875,0.52148438,0.30664063,"Ryan Feltner",21446,663372
"JT Brubaker","- - -",0.30181086519114686,1.68,0.225433526,0.485549132,0.289017341,0.1,0.166666666,990,1865,2855,0.43678161,0.39463602,0.16858238,0.16283525,0.53065134,0.30651341,"JT Brubaker",17578,664141
"James Naile","STL",0.3442622950819672,2.066666666,0.245901639,0.508196721,0.245901639,0,0.066666666,88,177,265,0.38709677,0.37096774,0.24193548,0.11290323,0.58064516,0.30645161,"James Naile",18186,664942
"Sean Poppen","- - -",0.3445378151260504,1.447368421,0.25,0.443548387,0.306451612,0.078947368,0.131578947,227,433,660,0.27419355,0.36290323,0.36290323,0.15322581,0.54032258,0.30645161,"Sean Poppen",19583,664092
"Luis Severino","- - -",0.27330779054916987,1.231788079,0.167901234,0.459259259,0.372839506,0.119205298,0.112582781,1663,3106,4769,0.37867647,0.37254902,0.24877451,0.20710784,0.48651961,0.30637255,"Luis Severino",15890,622663
"Joe La Sorsa","- - -",0.27184466019417475,1,0.236363636,0.381818181,0.381818181,0.023809523,0.19047619,159,348,507,0.48648649,0.28828829,0.22522523,0.16216216,0.53153153,0.30630631,"Joe La Sorsa",25481,686747
"Justin Wilson","- - -",0.3256578947368421,1.263157894,0.173076923,0.461538461,0.365384615,0.131578947,0.122807017,686,1303,1989,0.38170347,0.32176656,0.29652997,0.20504732,0.48895899,0.30599369,"Justin Wilson",4301,458677
"J.C. Mejía","- - -",0.3333333333333333,1.5,0.235294117,0.458823529,0.305882352,0.115384615,0.153846153,210,344,554,0.48235294,0.37647059,0.14117647,0.16470588,0.52941176,0.30588235,"J.C. Mejia",20617,650496
"John Means","BAL",0.2409778812572759,0.624724061,0.190319031,0.311331133,0.498349834,0.145695364,0.132450331,1803,3216,5019,0.43960827,0.32208923,0.2383025,0.1882481,0.50598477,0.30576714,"John Means",16269,607644
"Kenny Rosenberg","LAA",0.304635761589404,0.84057971,0.191082802,0.369426751,0.439490445,0.028985507,0.086956521,288,486,774,0.46496815,0.3566879,0.17834395,0.15286624,0.54140127,0.30573248,"Kenny Rosenberg",20009,670046
"Jimmy Herget","- - -",0.29219143576826195,1.012578616,0.207920792,0.398514851,0.393564356,0.150943396,0.075471698,688,1399,2087,0.38386308,0.35696822,0.2591687,0.19070905,0.50366748,0.30562347,"Jimmy Herget",17556,623474
"Angel Perdomo","- - -",0.3484848484848485,0.8125,0.171428571,0.371428571,0.457142857,0.0625,0.1875,242,371,613,0.36111111,0.33333333,0.30555556,0.11111111,0.58333333,0.30555556,"Angel Perdomo",17759,622780
"Taylor Guilbeau","SEA",0.2,2.75,0.166666666,0.611111111,0.222222222,0.125,0.125,63,102,165,0.38888889,0.44444444,0.16666667,0.13888889,0.55555556,0.30555556,"Taylor Guilbeau",18306,607555
"Kodi Whitley","STL",0.17857142857142858,0.689655172,0.169491525,0.33898305,0.491525423,0.034482758,0.103448275,172,262,434,0.40677966,0.3559322,0.23728814,0.20338983,0.49152542,0.30508475,"Kodi Whitley",19731,676831
"Wil Crowe","- - -",0.3151862464183381,1.20610687,0.221024258,0.42587601,0.35309973,0.06870229,0.190839694,907,1379,2286,0.45721925,0.31283422,0.22994652,0.14973262,0.54545455,0.30481283,"Wil Crowe",19800,640444
"Jorge López","- - -",0.29914529914529914,1.865546218,0.195754716,0.523584905,0.280660377,0.079831932,0.142857142,1627,2908,4535,0.4056272,0.34114889,0.25322392,0.17116061,0.52403283,0.30480657,"Jorge Lopez",14527,605347
"Miguel Castro","- - -",0.27828054298642535,1.543624161,0.183189655,0.495689655,0.321120689,0.114093959,0.167785234,1094,1828,2922,0.44206009,0.34549356,0.21244635,0.19742489,0.49785408,0.30472103,"Miguel Castro",15684,612434
"Adam Cimber","- - -",0.29080675422138835,2.780701754,0.195895522,0.59141791,0.212686567,0.157894736,0.105263157,744,1609,2353,0.36697248,0.40183486,0.23119266,0.19082569,0.50458716,0.30458716,"Adam Cimber",15288,643256
"Andrés Machado","WSN",0.25,1.235294117,0.208333333,0.4375,0.354166666,0.058823529,0.176470588,447,850,1297,0.43621399,0.33744856,0.22633745,0.17283951,0.52263374,0.30452675,"Andres Machado",14681,600921
"Travis Adams","MIN",0.20454545454545456,1.058823529,0.239130434,0.391304347,0.369565217,0.117647058,0.176470588,108,175,283,0.32608696,0.41304348,0.26086957,0.15217391,0.54347826,0.30434783,"Travis Adams",30180,701519
"Matt Bowman","- - -",0.24539877300613497,1.396551724,0.187134502,0.47368421,0.339181286,0.103448275,0.137931034,342,590,932,0.38596491,0.3625731,0.25146199,0.1754386,0.52046784,0.30409357,"Matt Bowman",13528,621199
"Anthony Kay","- - -",0.3132530120481928,1.571428571,0.263157894,0.450292397,0.286549707,0.081632653,0.102040816,411,614,1025,0.43859649,0.32163743,0.23976608,0.19883041,0.49707602,0.30409357,"Anthony Kay",20387,641743
"Yoendrys Gómez","- - -",0.32,0.829787234,0.156862745,0.382352941,0.460784313,0.042553191,0.063829787,228,387,615,0.40196078,0.3627451,0.23529412,0.17647059,0.51960784,0.30392157,"Yoendrys Gomez",22872,672782
"Michael Tonkin","- - -",0.25,1.333333333,0.205673758,0.453900709,0.340425531,0.083333333,0.114583333,606,1148,1754,0.48763251,0.34275618,0.16961131,0.16961131,0.52650177,0.30388693,"Michael Tonkin",10315,543859
"Drew Thorpe","CHW",0.1780821917808219,0.789473684,0.139240506,0.379746835,0.481012658,0.078947368,0.157894736,140,215,355,0.34177215,0.4556962,0.20253165,0.24050633,0.4556962,0.30379747,"Drew Thorpe",31967,689672
"Nick Lodolo","CIN",0.2982456140350877,1.080229226,0.189732142,0.420758928,0.389508928,0.088825214,0.154727793,1968,3572,5540,0.39383938,0.34873487,0.25742574,0.13751375,0.55885589,0.30363036,"Nick Lodolo",26378,666157
"Sam Moll","- - -",0.288,1.326086956,0.167315175,0.474708171,0.357976653,0.076086956,0.076086956,680,970,1650,0.42023346,0.3463035,0.23346304,0.13229572,0.56420233,0.30350195,"Sam Moll",14874,594580
"José Leclerc","- - -",0.256797583081571,0.585227272,0.186588921,0.300291545,0.513119533,0.193181818,0.09090909,1011,1667,2678,0.44956772,0.34005764,0.21037464,0.19942197,0.49710983,0.30346821,"Jose Leclerc",14524,600917
"Ben Lively","- - -",0.28169014084507044,1.085227272,0.171557562,0.431151241,0.397291196,0.119318181,0.107954545,752,1482,2234,0.3752809,0.34831461,0.27640449,0.17977528,0.51685393,0.30337079,"Ben Lively",14932,594902
"Isaac Mattson","- - -",0.1839080459770115,0.444444444,0.113636363,0.272727272,0.613636363,0.185185185,0.037037037,160,329,489,0.24719101,0.40449438,0.34831461,0.29213483,0.40449438,0.30337079,"Isaac Mattson",20385,676755
"Aaron Ashby","MIL",0.2984749455337691,2.3,0.164556962,0.582278481,0.253164556,0.025,0.166666666,1025,1881,2906,0.40167364,0.36820084,0.23012552,0.14644351,0.55020921,0.30334728,"Aaron Ashby",23550,676879
"Spencer Patton","- - -",0.22340425531914893,0.829787234,0.131313131,0.393939393,0.474747474,0.085106382,0.106382978,201,370,571,0.36363636,0.32323232,0.31313131,0.14141414,0.55555556,0.3030303,"Spencer Patton",12361,607359
"Jason Foley","DET",0.2982005141388175,3,0.183673469,0.612244897,0.204081632,0.025,0.05,592,1262,1854,0.32824427,0.42748092,0.24427481,0.14503817,0.55216285,0.30279898,"Jason Foley",19531,671345
"Collin McHugh","- - -",0.3181818181818182,1.05732484,0.243559718,0.388758782,0.367681498,0.114649681,0.095541401,823,1548,2371,0.36027714,0.37875289,0.26096998,0.15704388,0.5404157,0.30254042,"Collin McHugh",7531,543521
"Caleb Thielbar","- - -",0.30071599045346065,0.8125,0.205479452,0.356164383,0.438356164,0.114583333,0.125,953,1905,2858,0.4785553,0.27539503,0.24604966,0.19638826,0.50112867,0.30248307,"Caleb Thielbar",10078,573204
"Caleb Ferguson","- - -",0.32603938730853393,1.418918918,0.226781857,0.453563714,0.319654427,0.128378378,0.108108108,1046,2009,3055,0.3551797,0.3615222,0.2832981,0.18816068,0.50951374,0.30232558,"Caleb Ferguson",19349,657571
"Trevor Stephan","CLE",0.2846975088967972,0.772058823,0.183050847,0.355932203,0.461016949,0.095588235,0.125,672,1223,1895,0.37919463,0.36241611,0.25838926,0.14765101,0.55033557,0.30201342,"Trevor Stephan",19932,663986
"Justin Sterner","- - -",0.3069306930693069,0.717391304,0.254716981,0.311320754,0.433962264,0.173913043,0.130434782,247,410,657,0.32075472,0.44339623,0.23584906,0.17924528,0.51886792,0.30188679,"Justin Sterner",27694,686993
"Chase Burns","CIN",0.34615384615384615,1,0.23076923,0.384615384,0.384615384,0.15,0.05,116,236,352,0.35849057,0.37735849,0.26415094,0.18867925,0.50943396,0.30188679,"Chase Burns",35333,695505
"Alex Claudio","- - -",0.3076923076923077,2.288888888,0.212765957,0.54787234,0.239361702,0.044444444,0.155555555,397,608,1005,0.45502646,0.32804233,0.21693122,0.24867725,0.44973545,0.3015873,"Alex Claudio",12890,592222
"Dennis Santana","- - -",0.2845691382765531,1.244444444,0.206286836,0.440078585,0.353634577,0.105555555,0.083333333,980,1869,2849,0.42607004,0.39299611,0.18093385,0.17509728,0.5233463,0.30155642,"Dennis Santana",17878,642701
"Edwin Uceta","- - -",0.24867724867724866,0.730337078,0.214285714,0.331632653,0.454081632,0.123595505,0.11235955,476,895,1371,0.44723618,0.30653266,0.24623116,0.14572864,0.55276382,0.30150754,"Edwin Uceta",20539,670955
"Packy Naughton","- - -",0.36363636363636365,1.777777777,0.259259259,0.474074074,0.266666666,0.027777777,0.111111111,266,417,683,0.41176471,0.40441176,0.18382353,0.09558824,0.60294118,0.30147059,"Packy Naughton",23292,676050
"Hunter Strickland","- - -",0.24561403508771928,0.66826923,0.161835748,0.335748792,0.502415458,0.1875,0.091346153,885,1556,2441,0.42344498,0.31578947,0.26076555,0.22248804,0.47607656,0.30143541,"Hunter Strickland",7836,519326
"Spencer Bivens","SFG",0.29064039408866993,1.8125,0.134615384,0.557692307,0.307692307,0.140625,0.09375,340,736,1076,0.37320574,0.36842105,0.25837321,0.215311,0.48325359,0.30143541,"Spencer Bivens",30226,702352
"David Morgan","SDP",0.2608695652173913,1.178571428,0.164383561,0.452054794,0.383561643,0.071428571,0.142857142,156,313,469,0.42465753,0.36986301,0.20547945,0.20547945,0.49315068,0.30136986,"David Morgan",31616,688158
"Noah Syndergaard","- - -",0.3093415007656968,1.3,0.184638109,0.46085672,0.354505169,0.129166666,0.141666666,1140,2384,3524,0.42649199,0.35080058,0.22270742,0.19650655,0.50218341,0.30131004,"Noah Syndergaard",11762,592789
"Aaron Bummer","- - -",0.3206831119544592,4,0.179104477,0.656716417,0.164179104,0.034090909,0.159090909,1371,2218,3589,0.38817006,0.34935305,0.26247689,0.17005545,0.52865065,0.3012939,"Aaron Bummer",16258,607481
"Cal Quantrill","- - -",0.29545454545454547,1.213709677,0.218505338,0.42846975,0.353024911,0.141129032,0.12298387,2307,4260,6567,0.44101124,0.34058989,0.21839888,0.19030899,0.50842697,0.30126404,"Cal Quantrill",19312,615698
"Luis Castillo","- - -",0.2803234501347709,1.747807017,0.174571805,0.525032938,0.300395256,0.129385964,0.11622807,3063,6035,9098,0.41509434,0.34092388,0.24398178,0.18802863,0.5107352,0.30123617,"Luis Castillo",15689,622491
"Chad Patrick","MIL",0.28313253012048195,0.769230769,0.206896551,0.344827586,0.448275862,0.179487179,0.128205128,371,694,1065,0.34090909,0.375,0.28409091,0.20454545,0.49431818,0.30113636,"Chad Patrick",30113,694477
"Steven Okert","- - -",0.25135135135135134,0.535353535,0.208333333,0.276041666,0.515625,0.151515151,0.111111111,956,1658,2614,0.39030612,0.34693878,0.2627551,0.17602041,0.52295918,0.30102041,"Steven Okert",13580,595345
"Mauricio Llovera","- - -",0.2727272727272727,1.457142857,0.232142857,0.455357142,0.3125,0.142857142,0.085714285,231,439,670,0.34513274,0.36283186,0.2920354,0.24778761,0.45132743,0.30088496,"Mauricio Llovera",20080,661440
"Shawn Dubin","- - -",0.33070866141732286,1.1,0.204545454,0.416666666,0.378787878,0.14,0.12,283,467,750,0.38345865,0.30827068,0.30827068,0.19548872,0.5037594,0.30075188,"Shawn Dubin",24977,681869
"Bryan Garcia","DET",0.2808219178082192,1.06557377,0.16,0.433333333,0.406666666,0.081967213,0.114754098,297,496,793,0.4379085,0.32026144,0.24183007,0.14379085,0.55555556,0.30065359,"Bryan Garcia",19457,650530
"Andrew Nardi","MIA",0.3507853403141361,0.772727272,0.223880597,0.338308457,0.437810945,0.102272727,0.136363636,501,942,1443,0.38916256,0.31034483,0.30049261,0.22167488,0.47783251,0.30049261,"Andrew Nardi",25942,677053
"Julian Merryweather","- - -",0.3333333333333333,1.344444444,0.194656488,0.461832061,0.34351145,0.155555555,0.088888888,531,1046,1577,0.36501901,0.39543726,0.23954373,0.17110266,0.52851711,0.30038023,"Julian Merryweather",16703,657240
"Kirby Yates","- - -",0.2813688212927757,0.981818181,0.189591078,0.401486988,0.408921933,0.072727272,0.1,805,1403,2208,0.38095238,0.35531136,0.26373626,0.17216117,0.52747253,0.3003663,"Kirby Yates",9073,489446
"Clarke Schmidt","NYY",0.2570921985815603,0.991769547,0.16981132,0.413379073,0.416809605,0.139917695,0.090534979,1142,2153,3295,0.36860068,0.34982935,0.28156997,0.17576792,0.52389078,0.3003413,"Clarke Schmidt",19899,657376
"Casey Sadler","- - -",0.23353293413173654,2.088888888,0.172619047,0.559523809,0.267857142,0.177777777,0.066666666,330,574,904,0.50588235,0.32941176,0.16470588,0.19411765,0.50588235,0.3,"Casey Sadler",11209,594987
"Ryan Burr","- - -",0.23684210526315788,1.6,0.171974522,0.50955414,0.318471337,0.08,0.16,344,637,981,0.475,0.29375,0.23125,0.10625,0.59375,0.3,"Ryan Burr",17536,621114
"Ronel Blanco","HOU",0.26345609065155806,0.993377483,0.179836512,0.408719346,0.411444141,0.125827814,0.112582781,811,1506,2317,0.48108108,0.32702703,0.19189189,0.18648649,0.51351351,0.3,"Ronel Blanco",19407,669854
"Adonis Medina","- - -",0.32857142857142857,2.052631578,0.171428571,0.557142857,0.271428571,0.210526315,0.105263157,166,274,440,0.42857143,0.38571429,0.18571429,0.24285714,0.45714286,0.3,"Adonis Medina",19903,658431
"Nick Sandlin","- - -",0.2408026755852843,1.085271317,0.146031746,0.444444444,0.409523809,0.178294573,0.162790697,891,1435,2326,0.465625,0.30625,0.228125,0.2125,0.4875,0.3,"Nick Sandlin",20517,680704
"Juan Morillo","ARI",0.3793103448275862,1.823529411,0.172413793,0.534482758,0.293103448,0.058823529,0.117647058,113,205,318,0.41666667,0.21666667,0.36666667,0.2,0.5,0.3,"Juan Morillo",21924,666661
"Hyeon-Jong Yang","TEX",0.3150684931506849,1.346153846,0.227848101,0.443037974,0.329113924,0.153846153,0.269230769,159,276,435,0.425,0.3875,0.1875,0.125,0.575,0.3,"Hyeon-Jong Yang",27513,660365
"Kyle Wright","ATL",0.2924281984334204,2.629213483,0.182278481,0.592405063,0.225316455,0.101123595,0.168539325,726,1407,2133,0.43828715,0.38287154,0.17884131,0.16624685,0.53400504,0.29974811,"Kyle Wright",19665,657140
"Chris Sale","- - -",0.3169491525423729,1.05485232,0.206193969,0.407497962,0.386308068,0.084388185,0.120253164,2785,5536,8321,0.4017785,0.33872272,0.25949879,0.16248989,0.53839935,0.29911075,"Chris Sale",10603,519242
"Dylan Covey","- - -",0.28431372549019607,1.981818181,0.219047619,0.519047619,0.261904761,0.09090909,0.181818181,405,695,1100,0.42056075,0.3271028,0.25233645,0.17757009,0.52336449,0.29906542,"Dylan Covey",14825,592229
"Kutter Crawford","BOS",0.29856115107913667,0.817829457,0.19137931,0.363793103,0.444827586,0.131782945,0.100775193,984,2141,3125,0.40206186,0.37457045,0.2233677,0.16838488,0.53264605,0.29896907,"Kutter Crawford",20531,676710
"Phil Maton","- - -",0.2948207171314741,1.177083333,0.191489361,0.43713733,0.371373307,0.067708333,0.104166666,1202,2222,3424,0.39846743,0.33716475,0.26436782,0.15900383,0.54214559,0.29885057,"Phil Maton",18064,664208
"Andre Pallante","STL",0.3273972602739726,2.373626373,0.175838926,0.579865771,0.244295302,0.076923076,0.131868131,1583,2402,3985,0.39442231,0.33067729,0.2749004,0.16467463,0.53652058,0.29880478,"Andre Pallante",26108,669467
"Kyle Tyler","- - -",0.24,1.357142857,0.142857142,0.493506493,0.363636363,0.071428571,0.071428571,162,246,408,0.37662338,0.31168831,0.31168831,0.15584416,0.54545455,0.2987013,"Kyle Tyler",22092,667725
"Ben Casparius","LAD",0.2972972972972973,0.635135135,0.203947368,0.309210526,0.486842105,0.094594594,0.081081081,281,532,813,0.37012987,0.27922078,0.35064935,0.16883117,0.53246753,0.2987013,"Ben Casparius",30085,676508
"Austin Davis","- - -",0.3484848484848485,1.050632911,0.228571428,0.395238095,0.376190476,0.101265822,0.164556962,561,906,1467,0.37914692,0.36018957,0.26066351,0.19905213,0.50236967,0.2985782,"Austin Davis",17117,656354
"Mark Leiter Jr.","- - -",0.31153846153846154,1.207920792,0.186131386,0.445255474,0.368613138,0.168316831,0.178217821,642,1018,1660,0.55755396,0.26978417,0.17266187,0.17266187,0.52877698,0.29856115,"Mark Leiter Jr.",15551,643410
"José Urquidy","- - -",0.2848297213622291,0.767213114,0.214285714,0.341107871,0.444606413,0.144262295,0.144262295,1170,2379,3549,0.40144928,0.36231884,0.23623188,0.17101449,0.53043478,0.29855072,"Jose Urquidy",18413,664353
"Austin Voth","- - -",0.2920168067226891,0.712446351,0.214566929,0.326771653,0.458661417,0.111587982,0.158798283,1155,2069,3224,0.37231969,0.35087719,0.27680312,0.19883041,0.50292398,0.29824561,"Austin Voth",15047,608723
"Pat Neshek","PHI",0.2727272727272727,1.176470588,0.212765957,0.425531914,0.361702127,0.117647058,0.176470588,48,126,174,0.34042553,0.36170213,0.29787234,0.21276596,0.4893617,0.29787234,"Pat Neshek",4682,450212
"Michael Kopech","- - -",0.24381625441696114,0.915708812,0.163879598,0.399665551,0.436454849,0.091954022,0.137931034,1356,2244,3600,0.40266223,0.35440932,0.24292845,0.16805324,0.53410982,0.29783694,"Michael Kopech",17282,656629
"Yu Darvish","- - -",0.27246653919694075,1.011337868,0.192167577,0.406193078,0.401639344,0.077097505,0.140589569,2225,4427,6652,0.4232852,0.34927798,0.22743682,0.19314079,0.50902527,0.29783394,"Yu Darvish",13074,506433
"Tylor Megill","NYM",0.29307282415630553,1.401041666,0.209262435,0.461406518,0.329331046,0.072916666,0.135416666,1297,2241,3538,0.42517007,0.32993197,0.24489796,0.1547619,0.54761905,0.29761905,"Tylor Megill",21318,656731
"Justin Lawrence","- - -",0.3496932515337423,1.728260869,0.237082066,0.483282674,0.279635258,0.097826086,0.076086956,795,1297,2092,0.40540541,0.33633634,0.25825826,0.17417417,0.52852853,0.2972973,"Justin Lawrence",17639,664875
"Jimmy Lambert","CHW",0.32608695652173914,0.815384615,0.197278911,0.360544217,0.44217687,0.061538461,0.153846153,320,573,893,0.50675676,0.30405405,0.18918919,0.14864865,0.55405405,0.2972973,"Jimmy Lambert",19541,669424
"Liam Hendriks","- - -",0.2602739726027397,0.759124087,0.188552188,0.35016835,0.461279461,0.116788321,0.08759124,788,1408,2196,0.32013201,0.35313531,0.32673267,0.17161716,0.53135314,0.2970297,"Liam Hendriks",3548,521230
"Tyler Matzek","- - -",0.25892857142857145,0.864583333,0.207964601,0.367256637,0.424778761,0.052083333,0.052083333,617,1010,1627,0.37991266,0.3580786,0.26200873,0.18340611,0.51965066,0.29694323,"Tyler Matzek",10058,554431
"Kirk McCarty","CLE",0.2839506172839506,0.923076923,0.15730337,0.404494382,0.438202247,0.153846153,0.256410256,153,302,455,0.45054945,0.27472527,0.27472527,0.13186813,0.57142857,0.2967033,"Kirk McCarty",20555,668948
"Lyon Richardson","CIN",0.26666666666666666,2.363636363,0.186813186,0.571428571,0.241758241,0.045454545,0.045454545,231,340,571,0.47252747,0.32967033,0.1978022,0.16483516,0.53846154,0.2967033,"Lyon Richardson",24581,680689
"Eduardo Salazar","- - -",0.3597122302158273,2.342857142,0.193103448,0.565517241,0.24137931,0.142857142,0.171428571,285,450,735,0.44827586,0.31034483,0.24137931,0.22068966,0.48275862,0.29655172,"Eduardo Salazar",23135,674285
"Julio Urías","LAD",0.27228525121555913,1.007843137,0.192429022,0.405362776,0.402208201,0.115686274,0.103921568,2307,4805,7112,0.41912908,0.34681182,0.2340591,0.20451011,0.4992224,0.2962675,"Julio Urias",14765,628711
"Tommy Kahnle","- - -",0.250996015936255,1.646341463,0.162162162,0.521235521,0.316602316,0.109756097,0.109756097,658,1097,1755,0.46153846,0.35,0.18846154,0.18076923,0.52307692,0.29615385,"Tommy Kahnle",11384,592454
"Colin Holderman","- - -",0.3018867924528302,1.40625,0.153846153,0.494505494,0.351648351,0.125,0.09375,551,957,1508,0.39416058,0.3540146,0.25182482,0.19343066,0.51094891,0.29562044,"Colin Holderman",22361,670059
"Calvin Faucher","- - -",0.3058823529411765,1.404761904,0.229007633,0.450381679,0.320610687,0.047619047,0.107142857,637,1033,1670,0.31439394,0.39772727,0.28787879,0.17045455,0.53409091,0.29545455,"Calvin Faucher",20116,676534
"Kyle Hendricks","- - -",0.2916666666666667,1.411877394,0.204171934,0.465865992,0.329962073,0.139846743,0.126436781,2300,4997,7297,0.42446941,0.34769039,0.2278402,0.22659176,0.47815231,0.29525593,"Kyle Hendricks",12049,543294
"Tim Herrin","CLE",0.3103448275862069,1.315068493,0.191387559,0.459330143,0.349282296,0.02739726,0.09589041,491,846,1337,0.34761905,0.44285714,0.20952381,0.15714286,0.54761905,0.2952381,"Tim Herrin",25139,682120
"Drew Carlton","- - -",0.2711864406779661,1.04347826,0.20338983,0.406779661,0.389830508,0.04347826,0.130434782,102,213,315,0.32786885,0.36065574,0.31147541,0.08196721,0.62295082,0.29508197,"Drew Carlton",19868,656290
"Adrian Houser","- - -",0.27137870855148344,2.558490566,0.188468158,0.583476764,0.228055077,0.094339622,0.113207547,2082,3893,5975,0.43877551,0.3664966,0.19472789,0.18877551,0.51615646,0.29506803,"Adrian Houser",12718,605288
"Joe Smith","- - -",0.31313131313131315,2.659090909,0.210784313,0.573529411,0.215686274,0.159090909,0.204545454,293,647,940,0.4057971,0.33816425,0.25603865,0.19323671,0.51207729,0.29468599,"Joe Smith",3281,501925
"Chris Roycroft","STL",0.26605504587155965,2.133333333,0.145454545,0.581818181,0.272727272,0.066666666,0.1,205,385,590,0.34821429,0.34821429,0.30357143,0.1875,0.51785714,0.29464286,"Chris Roycroft",31261,688297
"Jason Alexander","- - -",0.3138075313807531,2.75,0.213709677,0.576612903,0.209677419,0.057692307,0.173076923,428,762,1190,0.45564516,0.33870968,0.20564516,0.22580645,0.47983871,0.29435484,"Jason Alexander",19666,669920
"Zach Pop","- - -",0.3047945205479452,2.175675675,0.200680272,0.547619047,0.25170068,0.094594594,0.094594594,506,1003,1509,0.46488294,0.34448161,0.19063545,0.20401338,0.50167224,0.29431438,"Zach Pop",20185,647315
"Michael Feliz","- - -",0.358695652173913,0.54,0.222222222,0.272727272,0.505050505,0.14,0.2,275,512,787,0.38235294,0.31372549,0.30392157,0.21568627,0.49019608,0.29411765,"Michael Feliz",11903,593140
"Kendall Graveman","- - -",0.2865853658536585,1.673267326,0.203539823,0.498525073,0.297935103,0.148514851,0.128712871,761,1257,2018,0.45294118,0.32352941,0.22352941,0.17058824,0.53529412,0.29411765,"Kendall Graveman",15514,608665
"Ty Adcock","- - -",0.0967741935483871,0.705882352,0.121212121,0.363636363,0.515151515,0.117647058,0.176470588,47,118,165,0.44117647,0.29411765,0.26470588,0.23529412,0.47058824,0.29411765,"Ty Adcock",25651,686654
"Randy Vásquez","- - -",0.2678983833718245,0.989189189,0.174887892,0.410313901,0.414798206,0.162162162,0.086486486,805,1535,2340,0.37861915,0.41202673,0.20935412,0.18262806,0.5233853,0.29398664,"Randy Vasquez",24719,681190
"Camilo Doval","- - -",0.2986666666666667,2.315217391,0.193121693,0.563492063,0.243386243,0.130434782,0.065217391,925,1617,2542,0.44356955,0.31496063,0.24146982,0.22047244,0.4855643,0.29396325,"Camilo Doval",21992,666808
"Shane Smith","CHW",0.26011560693641617,1.465517241,0.182857142,0.485714285,0.331428571,0.068965517,0.068965517,371,702,1073,0.36723164,0.29943503,0.33333333,0.16384181,0.54237288,0.29378531,"Shane Smith",31687,681343
"Cole Ragans","- - -",0.28407460545193686,0.910299003,0.203601108,0.379501385,0.416897506,0.119601328,0.106312292,1820,3289,5109,0.42249657,0.30178326,0.27572016,0.18655693,0.51989026,0.29355281,"Cole Ragans",21846,666142
"Hayden Wesneski","- - -",0.24550898203592814,0.972222222,0.193181818,0.397727272,0.409090909,0.111111111,0.166666666,746,1344,2090,0.42458101,0.33240223,0.24301676,0.18435754,0.52234637,0.29329609,"Hayden Wesneski",27581,669713
"Gavin Stone","LAD",0.3137931034482759,1.301886792,0.2,0.452459016,0.347540983,0.094339622,0.160377358,460,942,1402,0.43973941,0.29967427,0.26058632,0.16938111,0.53745928,0.29315961,"Gavin Stone",27792,694813
"Emmanuel Clase","- - -",0.26153846153846155,1.964788732,0.199619771,0.53041825,0.269961977,0.049295774,0.063380281,858,1903,2761,0.28166352,0.41776938,0.30056711,0.11531191,0.59168242,0.29300567,"Emmanuel Clase",21032,661403
"Paul Blackburn","- - -",0.31605351170568563,1.52,0.197452229,0.484076433,0.318471337,0.075,0.175,1263,2019,3282,0.40822785,0.37025316,0.22151899,0.16613924,0.54113924,0.29272152,"Paul Blackburn",14739,621112
"Ralph Garza Jr.","- - -",0.24369747899159663,1.555555555,0.245901639,0.459016393,0.295081967,0.138888888,0.111111111,221,395,616,0.47154472,0.30081301,0.22764228,0.18699187,0.5203252,0.29268293,"Ralph Garza Jr.",17682,621248
"Brandon Young","BAL",0.27631578947368424,1,0.160493827,0.419753086,0.419753086,0,0.176470588,136,267,403,0.46341463,0.31707317,0.2195122,0.1097561,0.59756098,0.29268293,"Brandon Young",27819,687064
"Carlos Rodriguez","MIL",0.3157894736842105,0.65,0.195121951,0.31707317,0.487804878,0.2,0.15,101,143,244,0.58536585,0.19512195,0.2195122,0.26829268,0.43902439,0.29268293,"Carlos Rodriguez",30161,692230
"Jordan Leasure","CHW",0.2907801418439716,0.786885245,0.243055555,0.333333333,0.423611111,0.245901639,0.098360655,368,583,951,0.40816327,0.36054422,0.23129252,0.21088435,0.49659864,0.29251701,"Jordan Leasure",29950,673929
"Spencer Schwellenbach","ATL",0.2736842105263158,1.571428571,0.204081632,0.486394557,0.309523809,0.109890109,0.098901098,459,1160,1619,0.43537415,0.34013605,0.2244898,0.22108844,0.48639456,0.29251701,"Spencer Schwellenbach",31846,680885
"Colin Poche","- - -",0.23421052631578948,0.634517766,0.188916876,0.31486146,0.496221662,0.162436548,0.101522842,824,1497,2321,0.425,0.34,0.235,0.19,0.5175,0.2925,"Colin Poche",19403,621363
"Stephen Kolek","- - -",0.31048387096774194,1.833333333,0.19047619,0.523809523,0.285714285,0.055555555,0.083333333,404,786,1190,0.30434783,0.41897233,0.27667984,0.17391304,0.53359684,0.29249012,"Stephen Kolek",21487,663568
"Michael Fulmer","- - -",0.32492997198879553,1.148148148,0.220430107,0.416666666,0.362903225,0.177777777,0.118518518,818,1271,2089,0.32707775,0.40214477,0.27077748,0.20375335,0.50402145,0.2922252,"Michael Fulmer",13218,605242
"Johnny Cueto","- - -",0.28503937007874014,1.21888412,0.20338983,0.437596302,0.359013867,0.103004291,0.124463519,1135,2188,3323,0.39307229,0.36445783,0.24246988,0.18373494,0.52409639,0.29216867,"Johnny Cueto",6893,456501
"Paul Sewald","- - -",0.2421875,0.55940594,0.21446384,0.281795511,0.503740648,0.178217821,0.103960396,798,1698,2496,0.37871287,0.32673267,0.29455446,0.24009901,0.46782178,0.29207921,"Paul Sewald",13892,623149
"Joey Krehbiel","- - -",0.2558139534883721,1.188679245,0.153284671,0.459854014,0.386861313,0.113207547,0.150943396,301,470,771,0.40875912,0.3649635,0.22627737,0.21167883,0.49635036,0.2919708,"Joey Krehbiel",13707,607216
"Noah Cameron","KCR",0.26666666666666666,1.192307692,0.229729729,0.418918918,0.351351351,0.10576923,0.125,626,1016,1642,0.4295302,0.34899329,0.22147651,0.2114094,0.4966443,0.29194631,"Noah Cameron",30184,702070
"Ryan Fernandez","STL",0.3374233128834356,1.653061224,0.216867469,0.487951807,0.295180722,0.040816326,0.102040816,392,636,1028,0.45833333,0.33333333,0.20833333,0.13690476,0.57142857,0.29166667,"Ryan Fernandez",24862,681676
"Tanner Scott","- - -",0.3073170731707317,1.76744186,0.232258064,0.49032258,0.277419354,0.110465116,0.122093023,1503,2787,4290,0.42047244,0.32913386,0.2503937,0.18267717,0.52598425,0.29133858,"Tanner Scott",17586,656945
"Tyler Kinley","- - -",0.2936170212765957,0.723502304,0.227272727,0.324380165,0.448347107,0.096774193,0.096774193,1022,1864,2886,0.40325866,0.37881874,0.21792261,0.17922607,0.52953157,0.29124236,"Tyler Kinley",18297,641755
"Greg Weissert","- - -",0.2971014492753623,1.140186915,0.187943262,0.432624113,0.379432624,0.074766355,0.084112149,515,1002,1517,0.35087719,0.41403509,0.23508772,0.15438596,0.55438596,0.29122807,"Greg Weissert",20375,669711
"Corey Kluber","- - -",0.3140794223826715,0.987068965,0.203799654,0.395509499,0.400690846,0.137931034,0.129310344,955,1947,2902,0.37671233,0.35445205,0.26883562,0.17123288,0.53767123,0.29109589,"Corey Kluber",2429,446372
"Porter Hodge","CHC",0.23300970873786409,0.770833333,0.227272727,0.336363636,0.436363636,0.125,0.145833333,306,477,783,0.36363636,0.40909091,0.22727273,0.19090909,0.51818182,0.29090909,"Porter Hodge",26413,687863
"Austin Brice","- - -",0.2537313432835821,1.226415094,0.163120567,0.460992907,0.375886524,0.150943396,0.132075471,323,594,917,0.34042553,0.34042553,0.31914894,0.24113475,0.46808511,0.29078014,"Austin Brice",17237,592169
"Brandon Woodruff","MIL",0.2770012706480305,1.209459459,0.197546012,0.439263803,0.363190184,0.097972972,0.128378378,1586,3460,5046,0.3783455,0.35158151,0.27007299,0.18126521,0.52798054,0.29075426,"Brandon Woodruff",16162,605540
"Jackson Rutledge","WSN",0.29878048780487804,1.29032258,0.164705882,0.470588235,0.364705882,0.193548387,0.129032258,361,643,1004,0.37209302,0.40116279,0.22674419,0.1744186,0.53488372,0.29069767,"Jackson Rutledge",26215,671131
"Dustin May","- - -",0.2533039647577093,1.643356643,0.187096774,0.505376344,0.307526881,0.097902097,0.097902097,742,1512,2254,0.37179487,0.36965812,0.25854701,0.19871795,0.51068376,0.29059829,"Dustin May",19716,669160
"Sergio Romo","- - -",0.2612244897959184,0.643939393,0.181132075,0.320754716,0.498113207,0.136363636,0.151515151,548,1030,1578,0.51698113,0.29433962,0.18867925,0.20377358,0.50566038,0.29056604,"Sergio Romo",9817,489265
"Jason Adam","- - -",0.2717678100263852,0.897590361,0.190231362,0.383033419,0.426735218,0.144578313,0.06626506,1009,1760,2769,0.3933162,0.38303342,0.22365039,0.18251928,0.52699229,0.29048843,"Jason Adam",11861,592094
"Rafael Montero","- - -",0.3303964757709251,1.380368098,0.17094017,0.48076923,0.348290598,0.110429447,0.110429447,1095,1937,3032,0.41737288,0.34322034,0.23940678,0.20338983,0.50635593,0.29025424,"Rafael Montero",12760,606160
"Seth Martinez","- - -",0.24782608695652175,0.958762886,0.188034188,0.397435897,0.414529914,0.18556701,0.082474226,468,908,1376,0.42857143,0.35294118,0.21848739,0.21008403,0.5,0.28991597,"Seth Martinez",21045,661527
"James McArthur","KCR",0.3283582089552239,2.176470588,0.211678832,0.540145985,0.248175182,0.117647058,0.117647058,215,435,650,0.47101449,0.2826087,0.24637681,0.1884058,0.52173913,0.28985507,"James McArthur",21527,663704
"Matt Brash","SEA",0.35096153846153844,1.806451612,0.167464114,0.535885167,0.296650717,0.064516129,0.096774193,635,1022,1657,0.36915888,0.35514019,0.27570093,0.1728972,0.53738318,0.28971963,"Matt Brash",25756,666374
"Seth Frankoff","- - -",0.3055555555555556,1.384615384,0.114285714,0.514285714,0.371428571,0.153846153,0.153846153,70,108,178,0.44736842,0.42105263,0.13157895,0.21052632,0.5,0.28947368,"Seth Frankoff",11346,571676
"Yacksel Ríos","- - -",0.2777777777777778,1.1,0.16,0.44,0.4,0.233333333,0.133333333,184,284,468,0.40789474,0.34210526,0.25,0.28947368,0.42105263,0.28947368,"Yacksel Rios",15007,605441
"Erasmo Ramírez","- - -",0.2512690355329949,1.074534161,0.185365853,0.421951219,0.392682926,0.068322981,0.130434782,574,1237,1811,0.36385542,0.37108434,0.26506024,0.15421687,0.55662651,0.28915663,"Erasmo Ramirez",10314,541640
"Kyle McGowin","WSN",0.25301204819277107,1.142857142,0.15730337,0.449438202,0.393258426,0.085714285,0.2,207,348,555,0.46666667,0.36666667,0.16666667,0.14444444,0.56666667,0.28888889,"Kyle McGowin",15071,641851
"Nick Burdi","- - -",0.27906976744186046,0.7,0.244444444,0.311111111,0.444444444,0.15,0.1,132,219,351,0.26666667,0.44444444,0.28888889,0.22222222,0.48888889,0.28888889,"Nick Burdi",16074,595897
"Huascar Brazobán","- - -",0.28525641025641024,1.84090909,0.203821656,0.515923566,0.280254777,0.102272727,0.079545454,800,1405,2205,0.51410658,0.31347962,0.17241379,0.19435737,0.51724138,0.28840125,"Huascar Brazoban",6107,623211
"Hunter Stratton","- - -",0.21929824561403508,0.735849056,0.213675213,0.333333333,0.452991452,0.226415094,0.075471698,214,420,634,0.36440678,0.33050847,0.30508475,0.22033898,0.49152542,0.28813559,"Hunter Stratton",23455,676702
"Tyler Chatwood","- - -",0.23626373626373626,2.020833333,0.232804232,0.513227513,0.253968253,0.104166666,0.1875,486,700,1186,0.39267016,0.34031414,0.26701571,0.18848168,0.52356021,0.28795812,"Tyler Chatwood",4338,543022
"Joey Estes","OAK",0.3064516129032258,0.446666666,0.174904942,0.254752851,0.570342205,0.16,0.106666666,360,864,1224,0.43560606,0.3219697,0.24242424,0.18939394,0.52272727,0.28787879,"Joey Estes",26257,683155
"Collin Snider","- - -",0.2968036529680365,1.430555555,0.208144796,0.466063348,0.325791855,0.166666666,0.097222222,450,827,1277,0.41150442,0.32743363,0.26106195,0.18141593,0.53097345,0.28761062,"Collin Snider",23307,676092
"Sandy Alcantara","MIA",0.2888402625820569,1.935897435,0.180386542,0.540443808,0.279169649,0.107692307,0.11025641,2207,5086,7293,0.4398017,0.33852691,0.22167139,0.19617564,0.51628895,0.28753541,"Sandy Alcantara",18684,645261
"Quinn Priester","- - -",0.27543424317617865,2.23853211,0.153477218,0.585131894,0.261390887,0.100917431,0.165137614,773,1433,2206,0.44655582,0.36342043,0.19002375,0.16152019,0.55106888,0.28741093,"Quinn Priester",25977,682990
"Mike Clevinger","- - -",0.296229802513465,0.872427983,0.205933682,0.369982547,0.424083769,0.102880658,0.090534979,1195,2203,3398,0.46366782,0.3200692,0.21626298,0.16782007,0.5449827,0.28719723,"Mike Clevinger",12808,605182
"Kaleb Ort","- - -",0.30978260869565216,0.694736842,0.161458333,0.34375,0.494791666,0.126315789,0.126315789,443,788,1231,0.38461538,0.36410256,0.25128205,0.16410256,0.54871795,0.28717949,"Kaleb Ort",20061,672391
"Jameson Taillon","- - -",0.2796474358974359,0.960893854,0.1875,0.398148148,0.414351851,0.117318435,0.111731843,1919,4315,6234,0.44299923,0.32746748,0.22953328,0.18745218,0.52563122,0.2869166,"Jameson Taillon",11674,592791
"Mike Vasil","CHW",0.24822695035460993,1.4,0.16083916,0.489510489,0.349650349,0.1,0.06,347,520,867,0.32167832,0.39160839,0.28671329,0.13286713,0.58041958,0.28671329,"Mike Vasil",30105,678024
"Ryan Tepera","- - -",0.2724014336917563,1.458333333,0.180555555,0.486111111,0.333333333,0.135416666,0.114583333,668,1037,1705,0.44482759,0.35862069,0.19655172,0.17241379,0.54137931,0.2862069,"Ryan Tepera",10291,572193
"Matt Waldron","SDP",0.28205128205128205,1.105263157,0.172413793,0.434482758,0.393103448,0.157894736,0.149122807,534,1021,1555,0.41034483,0.40344828,0.1862069,0.17931034,0.53448276,0.2862069,"Matt Waldron",25550,663362
"Eduardo Rodriguez","- - -",0.3162297824874512,1.079022988,0.214867064,0.407487791,0.377645143,0.112068965,0.112068965,3863,6795,10658,0.38502674,0.34973262,0.26524064,0.18074866,0.53315508,0.28609626,"Eduardo Rodriguez",13164,593958
"Blake Treinen","- - -",0.2811594202898551,2.09574468,0.182584269,0.553370786,0.264044943,0.074468085,0.127659574,713,1346,2059,0.45098039,0.30812325,0.24089636,0.21008403,0.50420168,0.28571429,"Blake Treinen",12572,595014
"Félix Bautista","BAL",0.24861878453038674,1,0.180851063,0.409574468,0.409574468,0.207792207,0.103896103,528,947,1475,0.35978836,0.37037037,0.26984127,0.21693122,0.4973545,0.28571429,"Felix Bautista",20666,642585
"Joel Peguero","SFG",0.14285714285714285,1.909090909,0.058823529,0.617647058,0.323529411,0,0,73,126,199,0.34285714,0.45714286,0.2,0.08571429,0.62857143,0.28571429,"Joel Peguero",21951,666711
"Ryan Bergert","- - -",0.2413793103448276,0.944444444,0.222222222,0.377777777,0.4,0.027777777,0.111111111,225,353,578,0.43956044,0.32967033,0.23076923,0.08791209,0.62637363,0.28571429,"Ryan Bergert",29863,686701
"Christian Scott","NYM",0.1791044776119403,0.512820512,0.144927536,0.289855072,0.565217391,0.153846153,0.076923076,134,258,392,0.34285714,0.42857143,0.22857143,0.21428571,0.5,0.28571429,"Christian Scott",30107,681035
"Mitch Farris","LAA",0.3125,0.478260869,0.306122448,0.224489795,0.469387755,0.04347826,0.04347826,109,175,284,0.32653061,0.44897959,0.2244898,0.16326531,0.55102041,0.28571429,"Mitch Farris",33628,815083
"Brandon Sproat","NYM",0.25,1.75,0.214285714,0.5,0.285714285,0.25,0,52,92,144,0.60714286,0.28571429,0.10714286,0.25,0.46428571,0.28571429,"Brandon Sproat",33850,687075
"Scott Barlow","- - -",0.28363047001620745,1.147186147,0.213946117,0.419968304,0.366085578,0.121212121,0.082251082,1617,2687,4304,0.4488189,0.32755906,0.22362205,0.19527559,0.51968504,0.28503937,"Scott Barlow",14993,605130
"John Schreiber","- - -",0.2935323383084577,1.390070921,0.176039119,0.479217603,0.344743276,0.127659574,0.085106382,963,1671,2634,0.31884058,0.37439614,0.30676329,0.20772947,0.50724638,0.28502415,"John Schreiber",20020,670167
"David Phelps","- - -",0.3081081081081081,0.948717948,0.204188481,0.387434554,0.408376963,0.102564102,0.102564102,569,847,1416,0.24352332,0.42487047,0.33160622,0.17098446,0.54404145,0.28497409,"David Phelps",6316,475479
"Dean Kremer","BAL",0.28666035950804164,1.082352941,0.190301921,0.420860018,0.38883806,0.103529411,0.103529411,1967,3726,5693,0.38580528,0.3466788,0.26751592,0.155596,0.55959964,0.28480437,"Dean Kremer",19350,665152
"Chris Bassitt","- - -",0.2821497120921305,1.601626016,0.193446754,0.496534341,0.310018903,0.121951219,0.083333333,2884,5660,8544,0.38802246,0.3518403,0.26013724,0.1996257,0.51590767,0.28446663,"Chris Bassitt",12304,605135
"Brenan Hanifee","DET",0.28837209302325584,3.333333333,0.165137614,0.642201834,0.19266055,0.095238095,0.071428571,311,677,988,0.44036697,0.31651376,0.24311927,0.22018349,0.49541284,0.28440367,"Brenan Hanifee",22304,669724
"Kenta Maeda","- - -",0.26580459770114945,0.832817337,0.19346049,0.366485013,0.440054495,0.148606811,0.148606811,1470,2971,4441,0.4245283,0.3490566,0.22641509,0.22506739,0.49056604,0.28436658,"Kenta Maeda",18498,628317
"Bryan King","HOU",0.24404761904761904,1.107692307,0.212643678,0.413793103,0.373563218,0.138461538,0.123076923,297,673,970,0.38068182,0.32386364,0.29545455,0.17045455,0.54545455,0.28409091,"Bryan King",25890,687911
"Abner Uribe","MIL",0.2909090909090909,1.808510638,0.2,0.515151515,0.284848484,0.191489361,0.085106382,426,706,1132,0.38461538,0.40236686,0.21301775,0.20710059,0.50887574,0.28402367,"Abner Uribe",25327,682842
"Walker Lockett","- - -",0.29850746268656714,0.93548387,0.178082191,0.397260273,0.424657534,0.096774193,0.225806451,106,222,328,0.40540541,0.33783784,0.25675676,0.21621622,0.5,0.28378378,"Walker Lockett",13804,621141
"Ben Joyce","LAA",0.3333333333333333,2.333333333,0.189189189,0.567567567,0.243243243,0.111111111,0.111111111,152,283,435,0.36486486,0.31081081,0.32432432,0.18918919,0.52702703,0.28378378,"Ben Joyce",31461,690829
"Anthony Bass","- - -",0.2398843930635838,1.614678899,0.19263456,0.498583569,0.308781869,0.14678899,0.091743119,744,1295,2039,0.43258427,0.34269663,0.2247191,0.20224719,0.51404494,0.28370787,"Anthony Bass",7982,542914
"Chris Ellis","- - -",0.2878787878787879,0.846153846,0.283582089,0.328358208,0.388059701,0.115384615,0.038461538,139,224,363,0.35820896,0.35820896,0.28358209,0.14925373,0.56716418,0.28358209,"Chris Ellis",16125,595939
"Jesus Tinoco","- - -",0.266304347826087,1.138888888,0.197916666,0.427083333,0.375,0.111111111,0.138888888,410,726,1136,0.43814433,0.33505155,0.22680412,0.22680412,0.48969072,0.28350515,"Jesus Tinoco",16300,622786
"Matt Moore","- - -",0.2608695652173913,0.791666666,0.171306209,0.366167023,0.462526766,0.138888888,0.111111111,1112,1973,3085,0.35743802,0.38636364,0.25619835,0.19008264,0.5268595,0.28305785,"Matt Moore",1890,519043
"José Rodríguez","- - -",0.24,1.045454545,0.150943396,0.433962264,0.415094339,0.136363636,0.136363636,87,159,246,0.50943396,0.26415094,0.22641509,0.1509434,0.56603774,0.28301887,"Jose Rodriguez",17860,642578
"Casey Mize","DET",0.2887537993920973,1.516129032,0.199413489,0.482404692,0.318181818,0.124423963,0.129032258,1216,2251,3467,0.38921283,0.35568513,0.25510204,0.16618076,0.55102041,0.28279883,"Casey Mize",20492,663554
"Tristan Beck","SFG",0.2873134328358209,0.96491228,0.185454545,0.4,0.414545454,0.140350877,0.070175438,448,894,1342,0.37681159,0.36231884,0.26086957,0.18478261,0.5326087,0.2826087,"Tristan Beck",21584,663941
"PJ Poulin","WSN",0.30434782608695654,1.466666666,0.195652173,0.478260869,0.326086956,0,0,87,149,236,0.30434783,0.39130435,0.30434783,0.10869565,0.60869565,0.2826087,"PJ Poulin",23394,676571
"Sean Guenther","- - -",0.25,1.518518518,0.180722891,0.493975903,0.325301204,0.111111111,0.037037037,164,286,450,0.51764706,0.27058824,0.21176471,0.10588235,0.61176471,0.28235294,"Sean Guenther",20045,674944
"Isaiah Campbell","- - -",0.3170731707317073,1.333333333,0.176470588,0.470588235,0.352941176,0.1,0.1,139,253,392,0.35294118,0.35294118,0.29411765,0.17647059,0.54117647,0.28235294,"Isaiah Campbell",25551,663462
"Justin Grimm","- - -",0.3055555555555556,0.55,0.205128205,0.282051282,0.512820512,0.1,0.15,81,128,209,0.43589744,0.41025641,0.15384615,0.20512821,0.51282051,0.28205128,"Justin Grimm",11720,518748
"Luis Frías","- - -",0.30973451327433627,1.394736842,0.222222222,0.452991452,0.324786324,0.052631578,0.105263157,272,411,683,0.4017094,0.36752137,0.23076923,0.12820513,0.58974359,0.28205128,"Luis Frias",21997,666818
"Hurston Waldrep","ATL",0.2597402597402597,1.52,0.192307692,0.487179487,0.32051282,0.04,0.04,157,263,420,0.44871795,0.38461538,0.16666667,0.14102564,0.57692308,0.28205128,"Hurston Waldrep",33527,694462
"Stephen Strasburg","WSN",0.28353658536585363,1.831578947,0.206489675,0.513274336,0.280235988,0.115789473,0.168421052,731,1402,2133,0.4127907,0.36337209,0.22383721,0.19767442,0.52034884,0.28197674,"Stephen Strasburg",10131,544931
"Garrett Hill","DET",0.28169014084507044,0.791044776,0.194630872,0.355704697,0.449664429,0.029850746,0.104477611,263,457,720,0.38926174,0.3557047,0.25503356,0.12080537,0.59731544,0.28187919,"Garrett Hill",25097,682051
"Darren McCaughan","- - -",0.3106796116504854,0.979166666,0.136363636,0.427272727,0.436363636,0.125,0.145833333,207,386,593,0.51818182,0.26363636,0.21818182,0.19090909,0.52727273,0.28181818,"Darren McCaughan",20038,670766
"Hunter Brown","HOU",0.3182481751824818,1.979381443,0.189340813,0.538569424,0.272089761,0.12371134,0.170103092,1519,2643,4162,0.38022284,0.37604457,0.24373259,0.19916435,0.51949861,0.28133705,"Hunter Brown",25880,686613
"Tanner Bibee","CLE",0.278125,1.007380073,0.184407796,0.409295352,0.406296851,0.129151291,0.11808118,1322,2518,3840,0.40922619,0.34077381,0.25,0.16666667,0.55208333,0.28125,"Tanner Bibee",30134,676440
"Yimi García","- - -",0.2630480167014614,1.107526881,0.2,0.420408163,0.379591836,0.150537634,0.102150537,1026,2038,3064,0.35742972,0.36746988,0.2751004,0.20080321,0.51807229,0.2811245,"Yimi Garcia",12095,554340
"Andrew Kittredge","- - -",0.2791666666666667,1.823943661,0.189898989,0.523232323,0.286868686,0.091549295,0.133802816,815,1847,2662,0.45783133,0.32931727,0.21285141,0.17670683,0.54216867,0.2811245,"Andrew Kittredge",12828,552640
"Cade Smith","CLE",0.3315508021390374,1.253731343,0.192513368,0.44919786,0.35828877,0.134328358,0.029850746,385,827,1212,0.37566138,0.32804233,0.2962963,0.16402116,0.55555556,0.28042328,"Cade Smith",27867,671922
"Michael King","- - -",0.30402384500745155,1.410714285,0.216255442,0.458635703,0.325108853,0.147321428,0.111607142,1501,2792,4293,0.44252874,0.31465517,0.24281609,0.21264368,0.50718391,0.28017241,"Michael King",19853,650633
"Chris Mazza","- - -",0.3586206896551724,0.947368421,0.26,0.36,0.38,0.087719298,0.087719298,310,498,808,0.34666667,0.34,0.31333333,0.20666667,0.51333333,0.28,"Chris Mazza",14151,607391
"James Hoyt","- - -",0.30612244897959184,0.772727272,0.22,0.34,0.44,0.181818181,0.045454545,139,230,369,0.38,0.38,0.24,0.2,0.52,0.28,"James Hoyt",14605,624586
"Matt Festa","- - -",0.2708333333333333,0.75,0.193415637,0.345679012,0.460905349,0.098214285,0.098214285,542,1073,1615,0.368,0.324,0.308,0.156,0.564,0.28,"Matt Festa",19330,670036
"Noah Davis","- - -",0.4336283185840708,1.8125,0.237288135,0.491525423,0.27118644,0.15625,0.15625,228,414,642,0.34745763,0.40677966,0.24576271,0.15254237,0.56779661,0.27966102,"Noah Davis",25862,663562
"Tony Watson","- - -",0.22633744855967078,0.943396226,0.182539682,0.396825396,0.42063492,0.113207547,0.103773584,405,822,1227,0.33464567,0.40551181,0.25984252,0.21653543,0.50393701,0.27952756,"Tony Watson",3132,453265
"Max Fried","- - -",0.28759654702407994,2,0.198565665,0.534289556,0.267144778,0.068791946,0.098993288,4450,8040,12490,0.42471213,0.33658105,0.23870682,0.19663419,0.52391497,0.27945084,"Max Fried",13743,608331
"Daniel Bard","COL",0.2546816479400749,1.25,0.2,0.444444444,0.355555555,0.125,0.052083333,615,1111,1726,0.39705882,0.37132353,0.23161765,0.20955882,0.51102941,0.27941176,"Daniel Bard",7115,453268
"Lou Trivino","- - -",0.2878411910669975,1.273972602,0.17617866,0.461538461,0.362282878,0.150684931,0.06849315,933,1604,2537,0.40291262,0.31553398,0.2815534,0.23300971,0.48786408,0.27912621,"Lou Trivino",15043,642152
"Emerson Hancock","SEA",0.28627450980392155,1.265306122,0.174721189,0.460966542,0.364312267,0.081632653,0.142857142,406,829,1235,0.37174721,0.36802974,0.26022305,0.16356877,0.55762082,0.27881041,"Emerson Hancock",27470,676106
"Javier Assad","CHC",0.2729124236252546,1.234375,0.162109375,0.462890625,0.375,0.15625,0.114583333,1054,1659,2713,0.37621832,0.34892788,0.2748538,0.20272904,0.51851852,0.27875244,"Javier Assad",21741,665871
"Jose Alvarez","- - -",0.3203463203463203,1.272727272,0.255319148,0.417021276,0.327659574,0.129870129,0.09090909,469,829,1298,0.36708861,0.4092827,0.22362869,0.1814346,0.54008439,0.27848101,"Jose Alvarez",5358,501625
"Mason Miller","- - -",0.27485380116959063,0.833333333,0.1875,0.369318181,0.443181818,0.141025641,0.064102564,496,965,1461,0.29545455,0.36931818,0.33522727,0.18181818,0.53977273,0.27840909,"Mason Miller",31757,695243
"Yosver Zulueta","CIN",0.2571428571428571,2.75,0.142857142,0.628571428,0.228571428,0,0.125,113,168,281,0.27777778,0.44444444,0.27777778,0.13888889,0.58333333,0.27777778,"Yosver Zulueta",27765,691172
"Shawn Armstrong","- - -",0.2813008130081301,1.048192771,0.191759112,0.41362916,0.394611727,0.112449799,0.07630522,1271,2503,3774,0.3044164,0.38328076,0.31230284,0.19085174,0.53154574,0.27760252,"Shawn Armstrong",12857,542888
"Ryan Yarbrough","- - -",0.28751660026560427,0.962601626,0.222794591,0.381197681,0.396007726,0.134959349,0.118699186,2658,5178,7836,0.38719899,0.35678074,0.25602028,0.20152091,0.52091255,0.27756654,"Ryan Yarbrough",16502,642232
"Randy Dobnak","MIN",0.3153526970954357,3.34090909,0.217213114,0.602459016,0.180327868,0.159090909,0.159090909,421,755,1176,0.4,0.38367347,0.21632653,0.19591837,0.52653061,0.27755102,"Randy Dobnak",23798,677976
"Casey Legumina","- - -",0.3157894736842105,1.375,0.194915254,0.466101694,0.33898305,0.05,0.125,214,445,659,0.3697479,0.31092437,0.31932773,0.14285714,0.57983193,0.27731092,"Casey Legumina",25921,668984
"Shane Greene","- - -",0.20967741935483872,0.894117647,0.170103092,0.391752577,0.438144329,0.14117647,0.105882352,412,718,1130,0.34871795,0.38974359,0.26153846,0.19487179,0.52820513,0.27692308,"Shane Greene",10756,572888
"Kyle Crick","- - -",0.2764227642276423,0.821428571,0.19047619,0.365079365,0.444444444,0.089285714,0.125,407,618,1025,0.36153846,0.33846154,0.3,0.22307692,0.5,0.27692308,"Kyle Crick",13182,605195
"Gerardo Reyes","- - -",0.34375,0.724137931,0.21875,0.328125,0.453125,0.137931034,0.034482758,162,294,456,0.33846154,0.35384615,0.30769231,0.18461538,0.53846154,0.27692308,"Gerardo Reyes",16306,622103
"Andre Scrubb","HOU",0.25806451612903225,0.677419354,0.2,0.323076923,0.476923076,0.129032258,0.096774193,206,260,466,0.23076923,0.43076923,0.33846154,0.13846154,0.58461538,0.27692308,"Andre Scrubb",20329,668687
"Eric Yardley","- - -",0.24299065420560748,3.19047619,0.19266055,0.614678899,0.19266055,0.19047619,0.238095238,198,368,566,0.41071429,0.33928571,0.25,0.28571429,0.4375,0.27678571,"Eric Yardley",15538,642233
"Jake Newberry","KCR",0.25287356321839083,0.652173913,0.191489361,0.319148936,0.489361702,0.152173913,0.152173913,224,386,610,0.39361702,0.37234043,0.23404255,0.22340426,0.5,0.27659574,"Jake Newberry",15136,623470
"Tom Cosgrove","- - -",0.24793388429752067,0.944444444,0.139344262,0.418032786,0.44262295,0.129629629,0.037037037,272,485,757,0.43902439,0.34146341,0.2195122,0.19512195,0.52845528,0.27642276,"Tom Cosgrove",23443,676680
"Lucas Luetge","- - -",0.34701492537313433,1.13592233,0.2,0.425454545,0.374545454,0.145631067,0.077669902,655,1028,1683,0.50545455,0.31272727,0.18181818,0.19272727,0.53090909,0.27636364,"Lucas Luetge",8337,476595
"Darren O'Day","- - -",0.28431372549019607,0.777777777,0.238095238,0.333333333,0.428571428,0.133333333,0.066666666,223,414,637,0.4,0.35238095,0.24761905,0.23809524,0.48571429,0.27619048,"Darren O'Day",3321,503285
"Lucas Erceg","- - -",0.32575757575757575,1.73076923,0.20522388,0.503731343,0.291044776,0.089743589,0.051282051,576,980,1556,0.38059701,0.3358209,0.28358209,0.22761194,0.49626866,0.2761194,"Lucas Erceg",19360,668674
"Josh Lucas","BAL",0.32142857142857145,1.6,0.103448275,0.551724137,0.344827586,0,0.1,61,107,168,0.44827586,0.34482759,0.20689655,0.13793103,0.5862069,0.27586207,"Josh Lucas",11686,572998
"Evan Sisk","- - -",0.35714285714285715,1.181818181,0.172413793,0.448275862,0.379310344,0.09090909,0.09090909,60,104,164,0.24137931,0.5862069,0.17241379,0.10344828,0.62068966,0.27586207,"Evan Sisk",24995,681895
"Jorge Alcala","- - -",0.26426426426426425,0.986206896,0.172413793,0.41091954,0.416666666,0.186206896,0.131034482,717,1343,2060,0.41761364,0.36079545,0.22159091,0.21022727,0.51420455,0.27556818,"Jorge Alcala",19459,660896
"Jeremy Hellickson","WSN",0.30303030303030304,1.333333333,0.176470588,0.470588235,0.352941176,0.208333333,0.125,146,229,375,0.47826087,0.15942029,0.36231884,0.31884058,0.4057971,0.27536232,"Jeremy Hellickson",4371,476451
"Michael Grove","LAD",0.3008474576271186,1.104166666,0.182186234,0.429149797,0.388663967,0.104166666,0.125,448,838,1286,0.4048583,0.38461538,0.21052632,0.19838057,0.52631579,0.27530364,"Michael Grove",23221,675627
"Tommy Hunter","- - -",0.2876712328767123,1.339622641,0.162162162,0.479729729,0.358108108,0.113207547,0.056603773,257,522,779,0.3557047,0.34899329,0.29530201,0.19463087,0.53020134,0.27516779,"Tommy Hunter",1157,488984
"Brandon Walter","- - -",0.2994350282485876,1.109589041,0.180851063,0.430851063,0.388297872,0.136986301,0.164383561,332,632,964,0.46031746,0.25925926,0.28042328,0.21164021,0.51322751,0.27513228,"Brandon Walter",26056,687888
"Easton McGee","- - -",0.25,2,0.175,0.55,0.275,0,0,50,124,174,0.5,0.3,0.2,0.1,0.625,0.275,"Easton McGee",22176,668834
"Evan Phillips","- - -",0.29042904290429045,1.194690265,0.2,0.43548387,0.364516129,0.10619469,0.088495575,751,1462,2213,0.36421725,0.35463259,0.28115016,0.1884984,0.53674121,0.27476038,"Evan Phillips",17734,623465
"Chase Shugart","- - -",0.22988505747126436,0.714285714,0.208791208,0.329670329,0.461538461,0.119047619,0.095238095,187,313,500,0.36263736,0.36263736,0.27472527,0.15384615,0.57142857,0.27472527,"Chase Shugart",21544,663767
"Yariel Rodríguez","TOR",0.2575107296137339,0.711711711,0.208333333,0.329166666,0.4625,0.144144144,0.099099099,534,926,1460,0.3647541,0.3647541,0.2704918,0.18852459,0.53688525,0.27459016,"Yariel Rodriguez",33838,684320
"Ryan Gusto","- - -",0.2866666666666667,0.77027027,0.143790849,0.372549019,0.48366013,0.216216216,0.04054054,260,524,784,0.37254902,0.38562092,0.24183007,0.25490196,0.47058824,0.2745098,"Ryan Gusto",26440,687473
"Jared Shuster","- - -",0.30618892508143325,0.744827586,0.194267515,0.343949044,0.461783439,0.089655172,0.068965517,683,1028,1711,0.40063091,0.31230284,0.28706625,0.16088328,0.56466877,0.27444795,"Jared Shuster",27472,694363
"Sam Selman","- - -",0.24369747899159663,0.642857142,0.245901639,0.295081967,0.459016393,0.125,0.089285714,263,466,729,0.35483871,0.2983871,0.34677419,0.23387097,0.49193548,0.27419355,"Sam Selman",13397,572125
"Gerson Garabito","TEX",0.3050847457627119,1.238095238,0.229508196,0.426229508,0.344262295,0.095238095,0.142857142,104,204,308,0.51612903,0.29032258,0.19354839,0.16129032,0.56451613,0.27419355,"Gerson Garabito",19835,642520
"Matt Wisler","- - -",0.2792452830188679,0.607407407,0.213768115,0.297101449,0.489130434,0.17037037,0.118518518,603,1128,1731,0.42704626,0.33451957,0.23843416,0.21708185,0.5088968,0.27402135,"Matt Wisler",12804,605538
"Sawyer Gipson-Long","DET",0.2923076923076923,1.033333333,0.164383561,0.424657534,0.410958904,0.033333333,0.266666666,128,271,399,0.45205479,0.32876712,0.21917808,0.12328767,0.60273973,0.2739726,"Sawyer Gipson-Long",26048,687830
"Shohei Ohtani","- - -",0.2737226277372263,1.048672566,0.181978798,0.418727915,0.399293286,0.110619469,0.084070796,1352,2520,3872,0.42857143,0.31216931,0.25925926,0.19223986,0.53439153,0.27336861,"Shohei Ohtani",19755,660271
"Domingo Acevedo","OAK",0.2565789473684211,1.116666666,0.196202531,0.424050632,0.379746835,0.116666666,0.15,294,606,900,0.49689441,0.26708075,0.23602484,0.2173913,0.50931677,0.27329193,"Domingo Acevedo",17092,642758
"Tyler Ferguson","OAK",0.23529411764705882,1,0.154761904,0.422619047,0.422619047,0.112676056,0.028169014,378,750,1128,0.43023256,0.34883721,0.22093023,0.20348837,0.52325581,0.27325581,"Tyler Ferguson",19481,621053
"Tyler Anderson","- - -",0.2719959778783308,0.732905982,0.209936678,0.334145153,0.455918168,0.117521367,0.096153846,3708,7214,10922,0.43771044,0.33189033,0.23039923,0.18133718,0.54545455,0.27320827,"Tyler Anderson",12880,542881
"Derek Law","- - -",0.29683698296836986,1.928571428,0.224586288,0.510638297,0.264775413,0.098214285,0.160714285,861,1492,2353,0.3986014,0.36363636,0.23776224,0.16317016,0.56410256,0.27272727,"Derek Law",13133,571882
"Zach Jackson","OAK",0.3448275862068966,0.416666666,0.2,0.235294117,0.564705882,0.145833333,0.020833333,311,450,761,0.31818182,0.375,0.30681818,0.26136364,0.46590909,0.27272727,"Zach Jackson",19493,667427
"Wyatt Mills","- - -",0.28735632183908044,1.909090909,0.272727272,0.477272727,0.25,0.136363636,0.045454545,201,310,511,0.32954545,0.40909091,0.26136364,0.22727273,0.5,0.27272727,"Wyatt Mills",20010,670090
"Nick Nelson","- - -",0.33540372670807456,1.172413793,0.231707317,0.414634146,0.353658536,0.137931034,0.068965517,447,660,1107,0.35757576,0.33939394,0.3030303,0.17575758,0.55151515,0.27272727,"Nick Nelson",20153,656793
"Jhoan Duran","- - -",0.3193548387096774,2.971014492,0.14375,0.640625,0.215625,0.086956521,0.188405797,657,1300,1957,0.35603715,0.41486068,0.22910217,0.18575851,0.54179567,0.27244582,"Jhoan Duran",21029,661395
"Kyle Bradish","BAL",0.2859778597785978,1.287179487,0.20214669,0.4490161,0.348837209,0.102564102,0.117948717,1161,2105,3266,0.34519573,0.40035587,0.2544484,0.14768683,0.58007117,0.27224199,"Kyle Bradish",24586,680694
"Gus Varland","- - -",0.35555555555555557,1.692307692,0.23076923,0.483516483,0.285714285,0.038461538,0.076923076,169,321,490,0.34782609,0.41304348,0.23913043,0.11956522,0.60869565,0.27173913,"Gus Varland",24737,681402
"Matt Svanson","STL",0.23595505617977527,1.25,0.208791208,0.439560439,0.351648351,0.0625,0.09375,194,374,568,0.31521739,0.35869565,0.32608696,0.19565217,0.5326087,0.27173913,"Matt Svanson",29629,694335
"Tyler Danish","BOS",0.27631578947368424,1.818181818,0.234567901,0.49382716,0.271604938,0.09090909,0.227272727,168,288,456,0.39506173,0.37037037,0.2345679,0.18518519,0.54320988,0.27160494,"Tyler Danish",15126,641501
"Nick Neidert","MIA",0.21794871794871795,1.24137931,0.177215189,0.455696202,0.367088607,0.068965517,0.103448275,151,239,390,0.34567901,0.38271605,0.27160494,0.14814815,0.58024691,0.27160494,"Nick Neidert",18699,663734
"José De León","- - -",0.4117647058823529,0.92,0.314285714,0.328571428,0.357142857,0.16,0.08,168,340,508,0.37142857,0.32857143,0.3,0.22857143,0.5,0.27142857,"Jose De Leon",15463,592254
"Lucas Gilbreath","COL",0.2962962962962963,1.347826086,0.228571428,0.442857142,0.328571428,0.152173913,0.108695652,330,531,861,0.32142857,0.38571429,0.29285714,0.22142857,0.50714286,0.27142857,"Lucas Gilbreath",21290,656458
"Deolis Guerra","- - -",0.2644628099173554,0.65625,0.171875,0.328125,0.5,0.140625,0.125,261,449,710,0.47286822,0.26356589,0.26356589,0.20930233,0.51937984,0.27131783,"Deolis Guerra",8410,500610
"Logan Webb","SFG",0.3051420838971583,2.390934844,0.205706702,0.560053085,0.234240212,0.084985835,0.116147308,2757,5418,8175,0.37944664,0.38735178,0.23320158,0.1853562,0.54353562,0.27110818,"Logan Webb",17995,657277
"Luis Oviedo","PIT",0.3404255319148936,1.105263157,0.166666666,0.4375,0.395833333,0.105263157,0.052631578,120,178,298,0.39583333,0.35416667,0.25,0.1875,0.54166667,0.27083333,"Luis Oviedo",21728,665854
"Aaron Slegers","- - -",0.2966101694915254,2.888888888,0.139344262,0.639344262,0.221311475,0.074074074,0.148148148,229,416,645,0.59016393,0.31147541,0.09836066,0.18032787,0.54918033,0.2704918,"Aaron Slegers",15231,642083
"Beau Sulser","- - -",0.25,1.583333333,0.162162162,0.513513513,0.324324324,0.25,0.083333333,53,124,177,0.51351351,0.2972973,0.18918919,0.32432432,0.40540541,0.27027027,"Beau Sulser",23420,676641
"Dietrich Enns","- - -",0.27611940298507465,0.872727272,0.225563909,0.360902255,0.413533834,0.218181818,0.054545454,231,532,763,0.37226277,0.32116788,0.30656934,0.16058394,0.56934307,0.27007299,"Dietrich Enns",13932,608650
"Brock Stewart","- - -",0.2706766917293233,0.9,0.191489361,0.382978723,0.425531914,0.116666666,0.133333333,346,638,984,0.28368794,0.39007092,0.32624113,0.24822695,0.4822695,0.26950355,"Brock Stewart",16727,592779
"Steve Cishek","- - -",0.268733850129199,1.625,0.155778894,0.522613065,0.32160804,0.1328125,0.109375,871,1465,2336,0.41147132,0.37406484,0.21446384,0.2244389,0.50623441,0.26932668,"Steve Cishek",6483,518553
"Orlando Ribalta","WSN",0.3541666666666667,0.956521739,0.134615384,0.423076923,0.442307692,0.130434782,0.173913043,114,213,327,0.53846154,0.30769231,0.15384615,0.21153846,0.51923077,0.26923077,"Orlando Ribalta",26247,687377
"Carlos Vargas","- - -",0.35766423357664234,1.974358974,0.188811188,0.538461538,0.272727272,0.051282051,0.205128205,250,447,697,0.4,0.37241379,0.22758621,0.17241379,0.55862069,0.26896552,"Carlos Vargas",22915,672841
"Randy Rodríguez","SFG",0.3028169014084507,0.8,0.181818181,0.363636363,0.454545454,0.123076923,0.061538461,291,561,852,0.35862069,0.39310345,0.24827586,0.2,0.53103448,0.26896552,"Randy Rodriguez",23974,678495
"Daysbel Hernández","ATL",0.2967032967032967,1.081081081,0.163043478,0.434782608,0.402173913,0.108108108,0.054054054,233,374,607,0.30107527,0.40860215,0.29032258,0.17204301,0.55913978,0.2688172,"Daysbel Hernandez",20271,678226
"Yennier Cano","- - -",0.3005952380952381,2.763157894,0.16374269,0.614035087,0.222222222,0.078947368,0.144736842,749,1421,2170,0.38439306,0.38728324,0.2283237,0.20231214,0.52890173,0.26878613,"Yennier Cano",25911,666974
"Daniel Duarte","- - -",0.2222222222222222,1.565217391,0.119402985,0.537313432,0.343283582,0.217391304,0.173913043,139,240,379,0.32835821,0.34328358,0.32835821,0.23880597,0.49253731,0.26865672,"Daniel Duarte",17480,650960
"Phillips Valdez","- - -",0.3254437869822485,2.589743589,0.195402298,0.58045977,0.224137931,0.076923076,0.153846153,428,644,1072,0.47428571,0.31428571,0.21142857,0.2,0.53142857,0.26857143,"Phillips Valdez",15605,570488
"Justin Slaten","BOS",0.2896551724137931,1.352941176,0.194630872,0.463087248,0.342281879,0.156862745,0.078431372,219,457,676,0.42281879,0.36241611,0.2147651,0.1409396,0.59060403,0.26845638,"Justin Slaten",25648,686580
"Hans Crouse","- - -",0.20512820512820512,0.296296296,0.125,0.2,0.675,0.074074074,0.074074074,103,192,295,0.41463415,0.26829268,0.31707317,0.19512195,0.53658537,0.26829268,"Hans Crouse",22192,668968
"Brady Singer","- - -",0.30371009490940465,1.792284866,0.205236486,0.510135135,0.284628378,0.109792284,0.100890207,2162,3969,6131,0.38139145,0.37384744,0.24476111,0.17937972,0.55238894,0.26823135,"Brady Singer",25377,663903
"Grant Anderson","- - -",0.2967479674796748,1.512195121,0.176,0.496,0.328,0.085365853,0.097560975,490,884,1374,0.35826772,0.38976378,0.2519685,0.15748031,0.57480315,0.26771654,"Grant Anderson",20546,681982
"Steven Wilson","- - -",0.22727272727272727,0.41025641,0.151234567,0.24691358,0.601851851,0.184615384,0.087179487,743,1318,2061,0.41846154,0.32923077,0.25230769,0.22153846,0.51076923,0.26769231,"Steven Wilson",20353,621051
"Heath Hembree","- - -",0.2830188679245283,0.525,0.197368421,0.276315789,0.526315789,0.116666666,0.133333333,601,1028,1629,0.35964912,0.36842105,0.27192982,0.17105263,0.56140351,0.26754386,"Heath Hembree",11632,592390
"Justin Steele","CHC",0.297153024911032,1.533707865,0.214285714,0.475609756,0.310104529,0.08988764,0.115168539,2082,4209,6291,0.42010309,0.33333333,0.24656357,0.18213058,0.55068729,0.26718213,"Justin Steele",17312,657006
"Jimmy Cordero","- - -",0.24050632911392406,3.433333333,0.16875,0.64375,0.1875,0.1,0.1,272,541,813,0.45341615,0.39130435,0.1552795,0.2484472,0.48447205,0.26708075,"Jimmy Cordero",15690,622772
"Clayton Beeter","- - -",0.26666666666666666,1.222222222,0.310344827,0.379310344,0.310344827,0.222222222,0,88,162,250,0.36666667,0.3,0.33333333,0.16666667,0.56666667,0.26666667,"Clayton Beeter",27494,690925
"Ian Seymour","TBR",0.32038834951456313,0.921052631,0.277227722,0.346534653,0.376237623,0.026315789,0.052631578,236,424,660,0.43809524,0.36190476,0.2,0.13333333,0.6,0.26666667,"Ian Seymour",27932,693855
"Tayler Saucedo","- - -",0.32432432432432434,2.320754716,0.224669603,0.54185022,0.233480176,0.075471698,0.150943396,515,764,1279,0.47161572,0.34934498,0.1790393,0.18340611,0.55021834,0.26637555,"Tayler Saucedo",17888,642048
"Chase De Jong","- - -",0.2561576354679803,0.605504587,0.178403755,0.309859154,0.511737089,0.128440366,0.110091743,446,761,1207,0.39719626,0.39252336,0.21028037,0.18224299,0.55140187,0.26635514,"Chase De Jong",15036,608328
"Danny Young","- - -",0.3111111111111111,2,0.217391304,0.52173913,0.260869565,0.041666666,0.166666666,231,392,623,0.40425532,0.40425532,0.19148936,0.17021277,0.56382979,0.26595745,"Danny Young",18439,664849
"Steven Cruz","KCR",0.23148148148148148,0.979591836,0.14159292,0.424778761,0.433628318,0.102040816,0.102040816,178,339,517,0.36283186,0.36283186,0.27433628,0.16814159,0.56637168,0.26548673,"Steven Cruz",23165,674444
"A.J. Alexy","TEX",0.22727272727272727,0.423076923,0.244897959,0.224489795,0.530612244,0.153846153,0.192307692,143,196,339,0.40816327,0.30612245,0.28571429,0.18367347,0.55102041,0.26530612,"A.J. Alexy",22343,669935
"Jordan Wicks","CHC",0.3094170403587444,1.306666666,0.247826086,0.426086956,0.326086956,0.04,0.146666666,426,767,1193,0.44444444,0.35042735,0.20512821,0.10683761,0.62820513,0.26495726,"Jordan Wicks",30094,696136
"Jay Jackson","- - -",0.24528301886792453,0.898550724,0.210843373,0.373493975,0.41566265,0.101449275,0.159420289,405,726,1131,0.41176471,0.37647059,0.21176471,0.14705882,0.58823529,0.26470588,"Jay Jackson",7432,543351
"Matt Peacock","- - -",0.3273809523809524,2.585365853,0.145348837,0.616279069,0.238372093,0.073170731,0.146341463,299,518,817,0.40229885,0.36206897,0.23563218,0.16091954,0.57471264,0.26436782,"Matt Peacock",20339,676840
"Rafael Dolis","TOR",0.30337078651685395,1.21875,0.211111111,0.433333333,0.355555555,0.09375,0.0625,230,337,567,0.51648352,0.31868132,0.16483516,0.18681319,0.54945055,0.26373626,"Rafael Dolis",4185,503569
"Jake Cousins","- - -",0.24793388429752067,1.444444444,0.140625,0.5078125,0.3515625,0.155555555,0.177777777,376,640,1016,0.45736434,0.31782946,0.2248062,0.2248062,0.51162791,0.26356589,"Jake Cousins",21620,664776
"Landen Roupp","SFG",0.3456221198156682,1.388888888,0.218181818,0.454545454,0.327272727,0.125,0.097222222,450,826,1276,0.44642857,0.35267857,0.20089286,0.19196429,0.54464286,0.26339286,"Landen Roupp",30076,694738
"Daniel Castano","MIA",0.2968036529680365,1.59090909,0.236607142,0.46875,0.294642857,0.09090909,0.136363636,363,660,1023,0.45614035,0.35526316,0.18859649,0.1754386,0.56140351,0.26315789,"Daniel Castano",19805,641447
"Tony Santillan","CIN",0.25925925925925924,0.683673469,0.263392857,0.299107142,0.4375,0.122448979,0.122448979,550,1010,1560,0.27192982,0.41666667,0.31140351,0.14473684,0.59210526,0.26315789,"Tony Santillan",19926,663574
"Zack Kelly","BOS",0.2926829268292683,1.305084745,0.2,0.452941176,0.347058823,0.101694915,0.13559322,367,650,1017,0.39766082,0.36842105,0.23391813,0.16959064,0.56725146,0.26315789,"Zack Kelly",20349,677161
"Andrew Alvarez","WSN",0.19642857142857142,1.578947368,0.125,0.535714285,0.339285714,0.210526315,0.052631578,154,201,355,0.56140351,0.21052632,0.22807018,0.1754386,0.56140351,0.26315789,"Andrew Alvarez",29914,674841
"Hunter Greene","CIN",0.2820919175911252,0.80546075,0.198484848,0.357575757,0.443939393,0.143344709,0.119453924,1409,2722,4131,0.38438438,0.34534535,0.27027027,0.19219219,0.54504505,0.26276276,"Hunter Greene",22182,668881
"Cade Gibson","MIA",0.275,3.066666666,0.2375,0.575,0.1875,0,0,173,302,475,0.2875,0.425,0.2875,0.1375,0.6,0.2625,"Cade Gibson",31815,806188
"Michael McGreevy","STL",0.24271844660194175,2.52,0.153846153,0.60576923,0.240384615,0.08,0.08,299,595,894,0.3952381,0.36190476,0.24285714,0.1952381,0.54285714,0.26190476,"Michael McGreevy",29869,700241
"Bryan Woo","SEA",0.24055666003976142,1.387978142,0.162835249,0.486590038,0.350574712,0.163934426,0.13114754,806,1959,2765,0.36812144,0.36812144,0.26375712,0.21442125,0.52371917,0.26185958,"Bryan Woo",30279,693433
"Nick Martinez","- - -",0.2706155632984901,1.223974763,0.197952218,0.441410693,0.360637087,0.119873817,0.094637223,1470,2826,4296,0.41348315,0.36067416,0.2258427,0.19101124,0.54719101,0.26179775,"Nick Martinez",12730,607259
"Dedniel Núñez","NYM",0.2698412698412698,1.035714285,0.123076923,0.446153846,0.43076923,0.25,0.071428571,115,311,426,0.44615385,0.24615385,0.30769231,0.21538462,0.52307692,0.26153846,"Dedniel Nunez",23055,673380
"Dylan Floro","- - -",0.2911392405063291,2.134751773,0.202166064,0.543321299,0.254512635,0.09929078,0.070921985,958,2049,3007,0.34635879,0.34991119,0.30373002,0.1722913,0.56660746,0.26110124,"Dylan Floro",13394,571670
"Mason Thompson","- - -",0.3287671232876712,1.738461538,0.205357142,0.504464285,0.290178571,0.123076923,0.107692307,384,677,1061,0.41150442,0.31858407,0.2699115,0.24778761,0.49115044,0.26106195,"Mason Thompson",21850,666168
"Connor Overton","- - -",0.2808988764044944,1.242424242,0.195652173,0.445652173,0.358695652,0.151515151,0.09090909,151,322,473,0.45652174,0.31521739,0.22826087,0.13043478,0.60869565,0.26086957,"Connor Overton",18376,656818
"Lucas Sims","- - -",0.267515923566879,0.568862275,0.191358024,0.293209876,0.515432098,0.149700598,0.095808383,974,1547,2521,0.35454545,0.38787879,0.25757576,0.26363636,0.47575758,0.26060606,"Lucas Sims",13470,608371
"Andrew Vasquez","- - -",0.3118279569892473,1.8,0.263157894,0.47368421,0.263157894,0.12,0.12,217,393,610,0.38541667,0.34375,0.27083333,0.21875,0.52083333,0.26041667,"Andrew Vasquez",19482,607755
"Kenley Jansen","- - -",0.2550335570469799,0.429118773,0.185589519,0.244541484,0.569868995,0.17624521,0.061302681,943,2122,3065,0.32900433,0.33982684,0.33116883,0.21861472,0.52164502,0.25974026,"Kenley Jansen",3096,445276
"Eduard Bazardo","- - -",0.22110552763819097,1.121951219,0.159420289,0.444444444,0.396135265,0.121951219,0.109756097,413,819,1232,0.37019231,0.375,0.25480769,0.17307692,0.56730769,0.25961538,"Eduard Bazardo",20997,660825
"Anderson Espinoza","CHC",0.19230769230769232,1.2,0.185185185,0.444444444,0.37037037,0.2,0.1,105,110,215,0.59259259,0.25925926,0.14814815,0.18518519,0.55555556,0.25925926,"Anderson Espinoza",18593,659262
"Jonathan Bowlan","KCR",0.27631578947368424,1.538461538,0.164556962,0.506329113,0.329113924,0.115384615,0.192307692,161,292,453,0.41975309,0.30864198,0.27160494,0.27160494,0.4691358,0.25925926,"Jonathan Bowlan",24607,680742
"River Ryan","LAD",0.2692307692307692,1.5,0.074074074,0.555555555,0.37037037,0,0.1,54,95,149,0.37037037,0.2962963,0.33333333,0.22222222,0.51851852,0.25925926,"River Ryan",29514,689981
"Brent Suter","- - -",0.2965986394557823,1.43548387,0.190348525,0.477211796,0.332439678,0.084677419,0.100806451,1474,2613,4087,0.38026316,0.375,0.24473684,0.20263158,0.53815789,0.25921053,"Brent Suter",13942,608718
"Seranthony Domínguez","- - -",0.26176470588235295,1.2,0.15625,0.460227272,0.383522727,0.125925925,0.111111111,1008,1633,2641,0.43943662,0.32957746,0.23098592,0.1971831,0.54366197,0.25915493,"Seranthony Dominguez",19249,622554
"Pedro Strop","- - -",0.2777777777777778,1.882352941,0.155172413,0.551724137,0.293103448,0.058823529,0.235294117,172,265,437,0.46551724,0.34482759,0.18965517,0.15517241,0.5862069,0.25862069,"Pedro Strop",4070,467008
"Zack Britton","NYY",0.2403846153846154,5.344827586,0.132075471,0.731132075,0.136792452,0.103448275,0.172413793,472,620,1092,0.4084507,0.38497653,0.20657277,0.23004695,0.51173709,0.25821596,"Zack Britton",3240,502154
"Kelvin Herrera","CHW",0.3488372093023256,0.911764705,0.29347826,0.336956521,0.369565217,0.205882352,0.205882352,202,378,580,0.4516129,0.31182796,0.23655914,0.19354839,0.5483871,0.25806452,"Kelvin Herrera",6033,516969
"David Hale","- - -",0.36486486486486486,1.829268292,0.236842105,0.493421052,0.269736842,0.243902439,0.170731707,261,490,751,0.43225806,0.25806452,0.30967742,0.27096774,0.47096774,0.25806452,"David Hale",9756,571735
"Robert Garcia","- - -",0.31932773109243695,1.493506493,0.209876543,0.473251028,0.316872427,0.064935064,0.129870129,505,1025,1530,0.43548387,0.35080645,0.21370968,0.16129032,0.58064516,0.25806452,"Robert Garcia",23363,676395
"Luis Gil","NYY",0.25165562913907286,0.773972602,0.172523961,0.361022364,0.466453674,0.164383561,0.089041095,870,1367,2237,0.41082803,0.31847134,0.27070064,0.17197452,0.57006369,0.25796178,"Luis Gil",21052,661563
"Jonathan Hernández","- - -",0.2962962962962963,1.679012345,0.128514056,0.546184738,0.325301204,0.098765432,0.111111111,639,943,1582,0.46031746,0.34920635,0.19047619,0.21825397,0.52380952,0.25793651,"Jonathan Hernandez",17464,642546
"Joe Kelly","- - -",0.30612244897959184,3.05,0.198019801,0.603960396,0.198019801,0.133333333,0.166666666,732,1311,2043,0.35526316,0.41447368,0.23026316,0.25986842,0.48355263,0.25657895,"Joe Kelly",9761,523260
"Noah Murdock","ATH",0.48717948717948717,1.384615384,0.184210526,0.47368421,0.342105263,0.153846153,0,107,169,276,0.28205128,0.33333333,0.38461538,0.23076923,0.51282051,0.25641026,"Noah Murdock",27908,668716
"Cam Schlittler","NYY",0.25675675675675674,0.78125,0.269230769,0.32051282,0.41025641,0.125,0.125,166,349,515,0.33333333,0.34615385,0.32051282,0.17948718,0.56410256,0.25641026,"Cam Schlittler",32095,693645
"Diego Castillo","- - -",0.25217391304347825,1.834862385,0.12215909,0.568181818,0.30965909,0.128440366,0.128440366,803,1470,2273,0.44568245,0.32033426,0.23398329,0.2005571,0.54317549,0.25626741,"Diego Castillo",17496,650895
"Paul Campbell","MIA",0.35555555555555557,0.9,0.173913043,0.391304347,0.434782608,0.15,0.1,90,159,249,0.46808511,0.31914894,0.21276596,0.08510638,0.65957447,0.25531915,"Paul Campbell",22248,669294
"Ryan Thompson","- - -",0.2942583732057416,1.933884297,0.170560747,0.546728971,0.28271028,0.132231404,0.140495867,791,1574,2365,0.44367816,0.3816092,0.17471264,0.2183908,0.52643678,0.25517241,"Ryan Thompson",16647,657044
"Luis Ortiz","- - -",0.25925925925925924,1.555555555,0.148148148,0.518518518,0.333333333,0.111111111,0.055555555,88,180,268,0.30909091,0.41818182,0.27272727,0.14545455,0.6,0.25454545,"Luis Ortiz",16942,656814
"DL Hall","- - -",0.323943661971831,1.285714285,0.188940092,0.456221198,0.354838709,0.129870129,0.103896103,505,861,1366,0.47727273,0.29090909,0.23181818,0.17727273,0.56818182,0.25454545,"DL Hall",22207,669084
"Sixto Sánchez","MIA",0.32786885245901637,1.511627906,0.129032258,0.524193548,0.346774193,0.139534883,0.093023255,185,386,571,0.3968254,0.37301587,0.23015873,0.19047619,0.55555556,0.25396825,"Sixto Sanchez",19680,664350
"Adbert Alzolay","CHC",0.2564102564102564,1.513274336,0.2,0.48169014,0.318309859,0.123893805,0.10619469,743,1410,2153,0.41597796,0.3415978,0.24242424,0.17355372,0.57300275,0.25344353,"Adbert Alzolay",17859,640470
"Jordan Hicks","- - -",0.28832116788321166,2.38028169,0.144385026,0.602495543,0.253119429,0.084507042,0.126760563,1278,2123,3401,0.39292035,0.39469027,0.21238938,0.18761062,0.55929204,0.25309735,"Jordan Hicks",19618,663855
"Zack Wheeler","- - -",0.2781854569713142,1.698901098,0.19738562,0.505228758,0.29738562,0.14065934,0.105494505,2847,6001,8848,0.39844761,0.34282018,0.25873221,0.23415265,0.51293661,0.25291074,"Zack Wheeler",10310,554430
"A.J. Cole","- - -",0.34065934065934067,0.644444444,0.195652173,0.315217391,0.489130434,0.066666666,0.088888888,210,414,624,0.44210526,0.30526316,0.25263158,0.15789474,0.58947368,0.25263158,"A.J. Cole",11467,595918
"Edwin Díaz","NYM",0.3468208092485549,1.352459016,0.193820224,0.463483146,0.342696629,0.090163934,0.122950819,930,1846,2776,0.40443213,0.34903047,0.2465374,0.20775623,0.5401662,0.25207756,"Edwin Diaz",14710,621242
"Bryan Hudson","- - -",0.21212121212121213,1.306122448,0.18115942,0.463768115,0.355072463,0.142857142,0.142857142,302,606,908,0.37410072,0.38848921,0.23741007,0.20863309,0.53956835,0.25179856,"Bryan Hudson",19924,663542
"Dylan Coleman","- - -",0.22535211267605634,0.93548387,0.183673469,0.394557823,0.421768707,0.129032258,0.080645161,422,618,1040,0.34693878,0.28571429,0.36734694,0.19727891,0.55102041,0.25170068,"Dylan Coleman",22276,669395
"Sam Coonrod","- - -",0.3072289156626506,1.547169811,0.205882352,0.482352941,0.311764705,0.132075471,0.094339622,386,645,1031,0.38596491,0.35672515,0.25730994,0.25146199,0.49707602,0.25146199,"Sam Coonrod",17264,656322
"Albert Abreu","- - -",0.2669683257918552,1.833333333,0.19047619,0.523809523,0.285714285,0.121212121,0.151515151,561,861,1422,0.38528139,0.35064935,0.26406926,0.21212121,0.53679654,0.25108225,"Albert Abreu",17485,656061
"Dillon Maples","CHC",0.25,1.75,0.214285714,0.5,0.285714285,0.0625,0.25,193,268,461,0.30357143,0.41071429,0.28571429,0.21428571,0.53571429,0.25,"Dillon Maples",14672,596027
"Tyler Rogers","- - -",0.28973277074542897,1.758139534,0.179806362,0.522821576,0.29737206,0.106976744,0.079069767,1056,2303,3359,0.30631868,0.38186813,0.31181319,0.21840659,0.53159341,0.25,"Tyler Rogers",15541,643511
"Hobie Harris","WSN",0.2903225806451613,0.928571428,0.15625,0.40625,0.4375,0,0.071428571,52,99,151,0.3125,0.5,0.1875,0.125,0.625,0.25,"Hobie Harris",18615,665048
"Adrián Martinez","OAK",0.31521739130434784,1.660714285,0.239795918,0.474489795,0.285714285,0.053571428,0.214285714,416,675,1091,0.43877551,0.32653061,0.23469388,0.19387755,0.55612245,0.25,"Adrian Martinez",21023,661309
"Codi Heuer","- - -",0.25,1.813953488,0.171232876,0.534246575,0.294520547,0.162790697,0.093023255,299,523,822,0.41216216,0.33783784,0.25,0.22297297,0.52702703,0.25,"Codi Heuer",23293,676051
"Jack Perkins","ATH",0.2,0.629629629,0.153846153,0.326923076,0.519230769,0.148148148,0.074074074,111,185,296,0.28846154,0.38461538,0.32692308,0.30769231,0.44230769,0.25,"Jack Perkins",31468,678022
"Jacob Misiorowski","MIL",0.2682926829268293,0.789473684,0.19047619,0.357142857,0.452380952,0.105263157,0.052631578,183,366,549,0.3452381,0.39285714,0.26190476,0.16666667,0.58333333,0.25,"Jacob Misiorowski",31623,694819
"Orion Kerkering","PHI",0.29949238578680204,1.516129032,0.22,0.47,0.31,0.14516129,0.048387096,457,805,1262,0.44,0.295,0.265,0.15,0.6,0.25,"Orion Kerkering",31776,689147
"Elvis Peguero","- - -",0.3134920634920635,2.689655172,0.180076628,0.597701149,0.222222222,0.068965517,0.155172413,514,861,1375,0.42145594,0.37931034,0.19923372,0.17624521,0.57471264,0.24904215,"Elvis Peguero",21652,665625
"Yohan Ramírez","- - -",0.2809667673716012,1.305084745,0.19047619,0.458333333,0.351190476,0.194915254,0.093220338,825,1370,2195,0.4122807,0.35087719,0.23684211,0.21929825,0.53216374,0.24853801,"Yohan Ramirez",19444,670990
"Michael Kelly","- - -",0.25903614457831325,0.887323943,0.187878787,0.381818181,0.43030303,0.098591549,0.042253521,296,534,830,0.37869822,0.36686391,0.25443787,0.21301775,0.53846154,0.24852071,"Michael Kelly",12791,547184
"Joe Boyle","- - -",0.2446043165467626,0.916666666,0.201388888,0.381944444,0.416666666,0.133333333,0.1,411,620,1031,0.28965517,0.40689655,0.30344828,0.17931034,0.57241379,0.24827586,"Joe Boyle",29608,671212
"Chase Dollander","COL",0.30708661417322836,1.571428571,0.175572519,0.503816793,0.320610687,0.095238095,0.142857142,310,524,834,0.36842105,0.33082707,0.30075188,0.15037594,0.60150376,0.2481203,"Chase Dollander",33482,801403
"Joel Payamps","- - -",0.28540305010893247,1.366459627,0.184154175,0.471092077,0.344753747,0.173913043,0.086956521,1002,1652,2654,0.42584746,0.34533898,0.22881356,0.22033898,0.53177966,0.24788136,"Joel Payamps",14332,606303
"Justin Topa","- - -",0.3146853146853147,2.655737704,0.222996515,0.56445993,0.212543554,0.06557377,0.081967213,458,956,1414,0.38487973,0.39175258,0.2233677,0.20274914,0.54982818,0.24742268,"Justin Topa",15145,623437
"Jonathan Loáisiga","NYY",0.25906735751295334,2.463157894,0.169191919,0.59090909,0.239898989,0.168421052,0.168421052,705,1443,2148,0.41,0.3475,0.2425,0.245,0.51,0.245,"Jonathan Loaisiga",19753,642528
"Paul Skenes","PIT",0.26737967914438504,1.48031496,0.17539267,0.492146596,0.332460732,0.16535433,0.078740157,800,1609,2409,0.44791667,0.33072917,0.22135417,0.20052083,0.5546875,0.24479167,"Paul Skenes",33677,694973
"Domingo Tapia","- - -",0.27941176470588236,2.054054054,0.18115942,0.550724637,0.268115942,0.162162162,0.081081081,316,468,784,0.43884892,0.28057554,0.28057554,0.15107914,0.60431655,0.24460432,"Domingo Tapia",12178,593619
"Troy Taylor","SEA",0.30952380952380953,0.523809523,0.288888888,0.244444444,0.466666666,0.142857142,0.142857142,87,147,234,0.37777778,0.42222222,0.2,0.15555556,0.6,0.24444444,"Troy Taylor",31883,700187
"Andrés Muñoz","- - -",0.273972602739726,1.988372093,0.140468227,0.571906354,0.287625418,0.069767441,0.093023255,790,1422,2212,0.37123746,0.37458194,0.2541806,0.21404682,0.54180602,0.24414716,"Andres Munoz",20373,662253
"Brooks Raley","- - -",0.2668711656441718,1.184210526,0.252252252,0.405405405,0.342342342,0.114035087,0.087719298,813,1354,2167,0.49404762,0.30357143,0.20238095,0.18154762,0.57440476,0.24404762,"Brooks Raley",10061,548384
"Yefry Ramírez","- - -",0.35,2.555555555,0.219512195,0.560975609,0.219512195,0.222222222,0.111111111,103,145,248,0.56097561,0.24390244,0.19512195,0.09756098,0.65853659,0.24390244,"Yefry Ramirez",15655,606162
"Bailey Horn","- - -",0.2682926829268293,3.142857142,0.292682926,0.536585365,0.170731707,0.142857142,0,93,174,267,0.3902439,0.48780488,0.12195122,0.19512195,0.56097561,0.24390244,"Bailey Horn",27753,690544
"Scott Effross","- - -",0.33112582781456956,1.583333333,0.205128205,0.487179487,0.307692307,0.041666666,0.104166666,221,526,747,0.35897436,0.44230769,0.19871795,0.17948718,0.57692308,0.24358974,"Scott Effross",18384,664123
"Stephen Nogosek","NYM",0.3225806451612903,0.680851063,0.202020202,0.323232323,0.474747474,0.106382978,0.127659574,209,383,592,0.36363636,0.42424242,0.21212121,0.14141414,0.61616162,0.24242424,"Stephen Nogosek",19545,668665
"Yunior Marte","- - -",0.3285024154589372,2.458333333,0.227906976,0.548837209,0.223255813,0.1875,0.1875,440,750,1190,0.47222222,0.30555556,0.22222222,0.25,0.50925926,0.24074074,"Yunior Marte",14416,628708
"Roki Sasaki","LAD",0.2692307692307692,1.8,0.222222222,0.5,0.277777777,0.066666666,0.133333333,102,169,271,0.51851852,0.2037037,0.27777778,0.16666667,0.59259259,0.24074074,"Roki Sasaki",35323,808963
"Yerry De los Santos","- - -",0.28187919463087246,2.838709677,0.195945945,0.594594594,0.209459459,0.193548387,0.064516129,292,554,846,0.37333333,0.41333333,0.21333333,0.20666667,0.55333333,0.24,"Yerry De los Santos",21420,660787
"Bryan Sammons","DET",0.16666666666666666,0.310344827,0.155555555,0.2,0.644444444,0.103448275,0.137931034,81,174,255,0.47826087,0.2826087,0.23913043,0.2173913,0.54347826,0.23913043,"Bryan Sammons",20462,676614
"Austin Adams","- - -",0.3128205128205128,0.949367088,0.226130653,0.376884422,0.396984924,0.151898734,0.050632911,714,1034,1748,0.34170854,0.29648241,0.36180905,0.27135678,0.49246231,0.2361809,"Austin Adams",13801,613534
"Anthony Bender","MIA",0.2528301886792453,1.775,0.177777777,0.525925925,0.296296296,0.125,0.0875,624,1188,1812,0.34926471,0.38970588,0.26102941,0.20955882,0.55514706,0.23529412,"Anthony Bender",19742,669622
"Erich Uelmen","- - -",0.2857142857142857,1.588235294,0.137254901,0.529411764,0.333333333,0.117647058,0.117647058,119,177,296,0.41176471,0.25490196,0.33333333,0.19607843,0.56862745,0.23529412,"Erich Uelmen",20323,657272
"Alek Jacob","SDP",0.2875,0.717948717,0.211764705,0.329411764,0.458823529,0.102564102,0.128205128,187,324,511,0.45882353,0.29411765,0.24705882,0.24705882,0.51764706,0.23529412,"Alek Jacob",29628,689690
"Tyson Miller","- - -",0.2356687898089172,0.592105263,0.248447204,0.279503105,0.472049689,0.105263157,0.065789473,334,593,927,0.33950617,0.37654321,0.28395062,0.19753086,0.56790123,0.2345679,"Tyson Miller",19976,668338
"Alek Manoah","TOR",0.22355289421157684,0.98095238,0.192233009,0.4,0.40776699,0.138095238,0.071428571,1007,2046,3053,0.42635659,0.34302326,0.23062016,0.1879845,0.57751938,0.23449612,"Alek Manoah",26410,666201
"Manuel Rodríguez","- - -",0.25903614457831325,2.186046511,0.189349112,0.556213017,0.254437869,0.139534883,0.116279069,297,579,876,0.38596491,0.39181287,0.22222222,0.25730994,0.50877193,0.23391813,"Manuel Rodriguez",20794,655889
"Víctor Arano","- - -",0.3157894736842105,1.727272727,0.210526315,0.5,0.289473684,0.136363636,0.045454545,159,291,450,0.54545455,0.35064935,0.1038961,0.23376623,0.53246753,0.23376623,"Victor Arano",15915,644364
"Sean Reynolds","SDP",0.2542372881355932,1.04347826,0.20338983,0.406779661,0.389830508,0.086956521,0.04347826,159,246,405,0.31666667,0.33333333,0.35,0.15,0.61666667,0.23333333,"Sean Reynolds",22253,669308
"Gregory Santos","- - -",0.30434782608695654,2.647058823,0.243902439,0.548780487,0.207317073,0.117647058,0.117647058,277,510,787,0.36363636,0.34545455,0.29090909,0.15757576,0.61212121,0.23030303,"Gregory Santos",21894,666619
"Penn Murfee","- - -",0.23417721518987342,0.753246753,0.176829268,0.353658536,0.469512195,0.077922077,0.103896103,323,638,961,0.3313253,0.29518072,0.37349398,0.18674699,0.58433735,0.22891566,"Penn Murfee",25174,682171
"Sam Tuivailala","SEA",0.20588235294117646,0.666666666,0.142857142,0.342857142,0.514285714,0.111111111,0.055555555,74,138,212,0.34285714,0.4,0.25714286,0.17142857,0.6,0.22857143,"Sam Tuivailala",13485,592815
"Jharel Cotton","- - -",0.2540983606557377,0.53030303,0.192,0.28,0.528,0.166666666,0.075757575,269,474,743,0.4015748,0.2992126,0.2992126,0.18110236,0.59055118,0.22834646,"Jharel Cotton",13654,605194
"Dillon Tate","- - -",0.28837209302325584,2.25,0.191244239,0.559907834,0.248847926,0.064814814,0.064814814,760,1536,2296,0.47945205,0.30136986,0.21917808,0.21004566,0.56164384,0.2283105,"Dillon Tate",17796,622253
"Jovani Morán","- - -",0.2980132450331126,1.44,0.197368421,0.47368421,0.328947368,0.06,0.06,412,650,1062,0.41558442,0.35714286,0.22727273,0.24025974,0.53246753,0.22727273,"Jovani Moran",20422,663558
"Sean Hjelle","SFG",0.4,3.829268292,0.235521235,0.606177606,0.158301158,0.048780487,0.121951219,470,927,1397,0.33846154,0.39230769,0.26923077,0.22692308,0.54615385,0.22692308,"Sean Hjelle",21481,663546
"Paul Fry","- - -",0.3125,4.272727272,0.167464114,0.674641148,0.157894736,0.151515151,0.09090909,600,879,1479,0.34761905,0.35238095,0.3,0.17142857,0.6047619,0.22380952,"Paul Fry",15832,643316
"Braydon Fisher","TOR",0.2465753424657534,0.805555555,0.144736842,0.381578947,0.47368421,0.166666666,0.083333333,147,297,444,0.47368421,0.27631579,0.25,0.26315789,0.51315789,0.22368421,"Braydon Fisher",24609,680755
"Adam Ottavino","- - -",0.2673076923076923,1.357894736,0.159474671,0.484052532,0.356472795,0.121052631,0.089473684,1381,2354,3735,0.37757009,0.36074766,0.26168224,0.23738318,0.54205607,0.22056075,"Adam Ottavino",1247,493603
"Robert Gasser","MIL",0.3,1.333333333,0.213483146,0.449438202,0.337078651,0.2,0.033333333,125,268,393,0.34065934,0.41758242,0.24175824,0.1978022,0.58241758,0.21978022,"Robert Gasser",29812,688107
"Yennsy Díaz","- - -",0.3076923076923077,0.523809523,0.2,0.275,0.525,0.142857142,0.095238095,122,166,288,0.36585366,0.29268293,0.34146341,0.12195122,0.65853659,0.2195122,"Yennsy Diaz",20218,660546
"Matt Carasiti","- - -",0.28169014084507044,2.368421052,0.123287671,0.616438356,0.260273972,0.052631578,0.105263157,161,273,434,0.30136986,0.46575342,0.23287671,0.09589041,0.68493151,0.21917808,"Matt Carasiti",13276,571539
"Jackson Stephens","ATL",0.25925925925925924,1.8125,0.166666666,0.537037037,0.296296296,0.15625,0.0625,230,429,659,0.36363636,0.29090909,0.34545455,0.2,0.58181818,0.21818182,"Jackson Stephens",14420,623451
"Davis Daniel","- - -",0.33783783783783783,0.710526315,0.166666666,0.346153846,0.487179487,0.157894736,0.105263157,162,309,471,0.41025641,0.33333333,0.25641026,0.19230769,0.58974359,0.21794872,"Davis Daniel",27582,669721
"Nick Hernandez","- - -",0.23529411764705882,0.6,0.135135135,0.324324324,0.54054054,0.05,0.15,112,138,250,0.40540541,0.40540541,0.18918919,0.10810811,0.67567568,0.21621622,"Nick Hernandez",19281,663321
"Alexis Díaz","- - -",0.22709163346613545,0.879629629,0.213178294,0.368217054,0.418604651,0.157407407,0.092592592,670,1145,1815,0.37547893,0.37547893,0.24904215,0.21072797,0.57471264,0.21455939,"Alexis Diaz",21132,664747
"Brusdar Graterol","- - -",0.25449101796407186,3.672131147,0.146706586,0.670658682,0.18263473,0.147540983,0.06557377,465,1115,1580,0.28571429,0.42261905,0.29166667,0.24107143,0.54464286,0.21428571,"Brusdar Graterol",20367,660813
"Denyi Reyes","- - -",0.2777777777777778,1.421052631,0.163636363,0.49090909,0.345454545,0.157894736,0.105263157,83,172,255,0.51785714,0.32142857,0.16071429,0.26785714,0.51785714,0.21428571,"Denyi Reyes",20526,660593
"Lane Ramsey","CHW",0.42857142857142855,1.0625,0.195121951,0.414634146,0.390243902,0.1875,0,92,147,239,0.35714286,0.42857143,0.21428571,0.21428571,0.57142857,0.21428571,"Lane Ramsey",25071,682010
"Edubray Ramos","PHI",0.3,0.421052631,0.181818181,0.242424242,0.575757575,0.263157894,0.157894736,76,128,204,0.39393939,0.18181818,0.42424242,0.36363636,0.42424242,0.21212121,"Edubray Ramos",16086,591693
"Andre Granillo","STL",0.2,0.5,0.189189189,0.27027027,0.54054054,0.25,0.15,84,135,219,0.5,0.39473684,0.10526316,0.21052632,0.57894737,0.21052632,"Andre Granillo",29542,701552
"AJ Blubaugh","HOU",0.175,0.857142857,0.071428571,0.428571428,0.5,0.142857142,0.142857142,99,161,260,0.3255814,0.44186047,0.23255814,0.18604651,0.60465116,0.20930233,"AJ Blubaugh",31764,805123
"Cole Henry","WSN",0.26136363636363635,0.833333333,0.144444444,0.388888888,0.466666666,0.261904761,0.071428571,238,337,575,0.46153846,0.2967033,0.24175824,0.2967033,0.49450549,0.20879121,"Cole Henry",27570,669371
"Blake Taylor","HOU",0.2826086956521739,1.09090909,0.195804195,0.419580419,0.384615384,0.181818181,0.109090909,328,449,777,0.4375,0.33333333,0.22916667,0.23611111,0.55555556,0.20833333,"Blake Taylor",16418,642130
"Jordan Sheffield","COL",0.18181818181818182,1,0.058823529,0.470588235,0.470588235,0.1875,0.0625,84,120,204,0.17647059,0.52941176,0.29411765,0.26470588,0.52941176,0.20588235,"Jordan Sheffield",19682,642068
"Ian Hamilton","- - -",0.3073170731707317,1.65,0.228155339,0.480582524,0.291262135,0.133333333,0.05,482,853,1335,0.38164251,0.34299517,0.27536232,0.19806763,0.59903382,0.20289855,"Ian Hamilton",19261,641656
"Ryan Walker","SFG",0.314878892733564,1.768292682,0.217241379,0.5,0.28275862,0.109756097,0.085365853,653,1192,1845,0.37162162,0.39864865,0.22972973,0.22635135,0.57094595,0.2027027,"Ryan Walker",20423,676254
"Riley O'Brien","- - -",0.28421052631578947,2.208333333,0.214285714,0.540816326,0.244897959,0.166666666,0.166666666,235,330,565,0.36363636,0.38383838,0.25252525,0.29292929,0.50505051,0.2020202,"Riley O'Brien",20348,676617
"Keone Kela","- - -",0.2807017543859649,1.208333333,0.116666666,0.483333333,0.4,0.166666666,0.125,146,270,416,0.48333333,0.33333333,0.18333333,0.21666667,0.58333333,0.2,"Keone Kela",14696,605309
"Chris Rodriguez","LAA",0.36,2.454545454,0.24,0.54,0.22,0,0,110,181,291,0.56,0.28,0.16,0.06,0.74,0.2,"Chris Rodriguez",22310,669735
"Ryan Johnson","LAA",0.4482758620689655,1.888888888,0.133333333,0.566666666,0.3,0.222222222,0.111111111,62,116,178,0.33333333,0.23333333,0.43333333,0.2,0.6,0.2,"Ryan Johnson",35325,696270
"Justin Martinez","ARI",0.296551724137931,3.333333333,0.193103448,0.620689655,0.186206896,0.074074074,0.111111111,329,568,897,0.36486486,0.34459459,0.29054054,0.27702703,0.52702703,0.19594595,"Justin Martinez",24453,679885
"Luis Mey","CIN",0.24242424242424243,1.363636363,0.257142857,0.428571428,0.314285714,0.272727272,0.272727272,98,130,228,0.5,0.27777778,0.22222222,0.22222222,0.58333333,0.19444444,"Luis Mey",25620,682825
"Prelander Berroa","- - -",0.3333333333333333,1.2,0.153846153,0.461538461,0.384615384,0.2,0.2,85,128,213,0.5,0.26923077,0.23076923,0.15384615,0.65384615,0.19230769,"Prelander Berroa",22932,672860
"Yaramil Hiraldo","BAL",0.25,0.6875,0.15625,0.34375,0.5,0.3125,0,57,108,165,0.46875,0.3125,0.21875,0.25,0.5625,0.1875,"Yaramil Hiraldo",25215,682274
"Grant Hartwig","NYM",0.3373493975903614,1.6,0.235294117,0.470588235,0.294117647,0.08,0.12,182,292,474,0.44186047,0.3372093,0.22093023,0.23255814,0.58139535,0.18604651,"Grant Hartwig",29946,701643
"Jake Lemoine","OAK",0.15384615384615385,0.846153846,0.142857142,0.392857142,0.464285714,0,0.153846153,86,103,189,0.5,0.10714286,0.39285714,0.14285714,0.67857143,0.17857143,"Jake Lemoine",19785,621082
"Nic Enright","CLE",0.2222222222222222,0.583333333,0.155555555,0.311111111,0.533333333,0.166666666,0.041666666,120,189,309,0.39130435,0.2826087,0.32608696,0.19565217,0.63043478,0.17391304,"Nic Enright",25553,663671
"Julian Aguiar","CIN",0.24528301886792453,1.045454545,0.181818181,0.418181818,0.4,0.181818181,0.136363636,90,179,269,0.44642857,0.28571429,0.26785714,0.19642857,0.64285714,0.16071429,"Julian Aguiar",30031,687924
"Logan Henderson","MIL",0.36363636363636365,0.363636363,0.318181818,0.181818181,0.5,0.454545454,0,42,103,145,0.31818182,0.40909091,0.27272727,0.31818182,0.54545455,0.13636364,"Logan Henderson",31475,701656
"Kade Strowd","BAL",0.20454545454545456,2,0.2,0.533333333,0.266666666,0.083333333,0.083333333,97,153,250,0.33333333,0.46666667,0.2,0.22222222,0.64444444,0.13333333,"Kade Strowd",26191,669704